dataset,model,codec,res,color,manip,flags,budget,arm,cell_id,bytes_median,bytes_fixed_q,fit_rate,n,self_sim,all_sym_eer,all_sym_fnmr_0.001,all_sym_fnmr_0.0001,all_asym_eer,all_asym_fnmr_0.001,all_asym_fnmr_0.0001,frontal_sym_eer,frontal_sym_fnmr_0.001,frontal_sym_fnmr_0.0001,frontal_asym_eer,frontal_asym_fnmr_0.001,frontal_asym_fnmr_0.0001
colorferet,arcface_antelopev2,avif,112,color,mean,{},1024,grid,avif_r112_color_mean_def_b1024,1002.0,932.0,1.0,2000,0.8741020560264587,0.0017273148478152232,0.0023333333333333335,0.009,0.0004131798417563354,0.0003333333333333333,0.0023333333333333335,0.0,0.0,0.0,0.0,0.0,0.0
colorferet,cvlface_vit_b,avif,112,color,mean,{},1024,grid,avif_r112_color_mean_def_b1024,1002.0,932.0,1.0,2000,0.8948073387145996,0.0011623185306626756,0.0013333333333333333,0.006,0.00042902004577817954,0.0,0.002,0.0,0.0,0.0,0.0,0.0,0.0
colorferet,arcface_antelopev2,avif,112,color,none,{},1024,ours,avif_r112_color_none_def_b1024,995.0,1271.0,1.0,3976,0.8673786520957947,0.0006656785467406349,0.00033534540576794097,0.002012072434607646,0.0003483549209008404,0.0,0.001006036217303823,2.0022505295980153e-06,0.0,0.0,1.251406580971004e-06,0.0,0.0
colorferet,cvlface_vit_b,avif,112,color,none,{},1024,ours,avif_r112_color_none_def_b1024,995.0,1271.0,1.0,3976,0.8761948943138123,0.0010578294383594893,0.0011737089201877935,0.0030181086519114686,0.00017617947948661043,0.0,0.0006706908115358819,2.7530944781695155e-06,0.0,0.0,1.0011252647990077e-06,0.0,0.0
colorferet,edgeface_xs,avif,112,color,none,{},1024,ours,avif_r112_color_none_def_b1024,995.0,1271.0,1.0,3976,0.9270064234733582,0.0048987426539316035,0.009725016767270288,0.022132796780684104,0.004168997693731456,0.008383635144198525,0.018276324614352784,0.00013865584917449603,0.0,0.00044822949350067237,1.551744160438462e-05,0.0,0.0
colorferet,lvface_l,avif,112,color,none,{},1024,ours,avif_r112_color_none_def_b1024,995.0,1271.0,1.0,3976,0.7214739322662354,0.0019369750691359201,0.00335345405767941,0.01006036217303823,0.0012780515323412482,0.001676727028839705,0.00335345405767941,3.754219742968523e-06,0.0,0.0,1.5016878971985115e-06,0.0,0.0
colorferet,topofr_r100,avif,112,color,none,{},1024,ours,avif_r112_color_none_def_b1024,995.0,1271.0,1.0,3976,0.8544415831565857,0.0010405602198710585,0.0011737089201877935,0.0026827632461435278,0.00030706327827927446,0.0,0.0008383635144198525,4.755345007767531e-06,0.0,0.0,1.5016878971985115e-06,0.0,0.0
colorferet,arcface_antelopev2,avif,112,color,ofiq_landmarks,{},1024,grid,avif_r112_color_ofiq_landmarks_def_b1024,999.0,1009.0,1.0,2000,0.8736616969108582,0.0024715034729647263,0.005,0.011333333333333334,0.0004468402753027473,0.0003333333333333333,0.0033333333333333335,0.0,0.0,0.0,0.0,0.0,0.0
colorferet,cvlface_vit_b,avif,112,color,ofiq_landmarks,{},1024,grid,avif_r112_color_ofiq_landmarks_def_b1024,999.0,1009.0,1.0,2000,0.8850305676460266,0.0017342449370747835,0.0026666666666666666,0.007333333333333333,0.00031417856661993427,0.0,0.0016666666666666668,0.0,0.0,0.0,0.0,0.0,0.0
colorferet,arcface_antelopev2,avif,112,color,rectangle_mean,{},1024,grid,avif_r112_color_rectangle_mean_def_b1024,998.0,1083.0,1.0,2000,0.8801641464233398,0.0012662698695559134,0.0013333333333333333,0.006,0.0003369488599013387,0.0,0.0026666666666666666,1.0796431131887552e-06,0.0,0.0,0.0,0.0,0.0
colorferet,cvlface_vit_b,avif,112,color,rectangle_mean,{},1024,grid,avif_r112_color_rectangle_mean_def_b1024,998.0,1083.0,1.0,2000,0.8858393430709839,0.0013487854523566334,0.0023333333333333335,0.006,0.0002914082733385853,0.0003333333333333333,0.001,0.0,0.0,0.0,0.0,0.0,0.0
colorferet,arcface_antelopev2,avif,112,gray,mean,{},1024,grid,avif_r112_gray_mean_def_b1024,1005.0,842.0,1.0,2000,0.8744356632232666,0.0016570239424683973,0.0023333333333333335,0.012333333333333333,0.0007342884976358299,0.0006666666666666666,0.0023333333333333335,0.0,0.0,0.0,0.0,0.0,0.0
colorferet,cvlface_vit_b,avif,112,gray,mean,{},1024,grid,avif_r112_gray_mean_def_b1024,1005.0,842.0,1.0,2000,0.8756727576255798,0.003583030389431417,0.005,0.014666666666666666,0.0002963583370953665,0.0,0.0023333333333333335,0.0,0.0,0.0,0.0,0.0,0.0
colorferet,arcface_antelopev2,avif,112,gray,none,{},1024,grid,avif_r112_gray_none_def_b1024,998.0,1111.5,1.0,2000,0.864187479019165,0.0012844346235179782,0.0016666666666666668,0.008,0.0006620175667862804,0.0003333333333333333,0.003,0.0,0.0,0.0,0.0,0.0,0.0
colorferet,cvlface_vit_b,avif,112,gray,none,{},1024,grid,avif_r112_gray_none_def_b1024,998.0,1111.5,1.0,2000,0.8534239530563354,0.005129473867623411,0.008666666666666666,0.021666666666666667,0.0002567578270408394,0.0,0.001,0.0,0.0,0.0,0.0,0.0,0.0
colorferet,arcface_antelopev2,avif,112,gray,ofiq_landmarks,{},1024,grid,avif_r112_gray_ofiq_landmarks_def_b1024,1001.0,914.0,1.0,2000,0.8744027018547058,0.001948432215806927,0.0033333333333333335,0.012333333333333333,0.000686767885570353,0.0003333333333333333,0.0036666666666666666,0.0,0.0,0.0,0.0,0.0,0.0
colorferet,cvlface_vit_b,avif,112,gray,ofiq_landmarks,{},1024,grid,avif_r112_gray_ofiq_landmarks_def_b1024,1001.0,914.0,1.0,2000,0.8664703369140625,0.004333804579402983,0.008666666666666666,0.016,0.000319128630376771,0.0,0.002,1.0796431131887552e-06,0.0,0.0,0.0,0.0,0.0
colorferet,arcface_antelopev2,avif,112,gray,rectangle_mean,{},1024,grid,avif_r112_gray_rectangle_mean_def_b1024,1000.0,985.0,1.0,2000,0.8810222744941711,0.0011725631826137906,0.0016666666666666668,0.008666666666666666,0.0005244057943466307,0.0006666666666666666,0.0033333333333333335,0.0,0.0,0.0,0.0,0.0,0.0
colorferet,cvlface_vit_b,avif,112,gray,rectangle_mean,{},1024,grid,avif_r112_gray_rectangle_mean_def_b1024,1000.0,985.0,1.0,2000,0.8696810007095337,0.004211042998233844,0.007,0.015666666666666666,0.0003082384901117635,0.0,0.0023333333333333335,0.0,0.0,0.0,0.0,0.0,0.0
colorferet,arcface_antelopev2,avif,168,color,mean,{},1024,grid,avif_r168_color_mean_def_b1024,1003.0,1458.0,1.0,2000,0.8597564697265625,0.0018005757914162177,0.003,0.008,0.000663997592289004,0.0003333333333333333,0.0033333333333333335,0.0,0.0,0.0,0.0,0.0,0.0
colorferet,cvlface_vit_b,avif,168,color,mean,{},1024,grid,avif_r168_color_mean_def_b1024,1003.0,1458.0,1.0,2000,0.8752365708351135,0.0009375856361029662,0.0006666666666666666,0.007,0.00028249815857630145,0.0,0.0013333333333333333,0.0,0.0,0.0,0.0,0.0,0.0
colorferet,arcface_antelopev2,avif,168,color,none,{},1024,grid,avif_r168_color_none_def_b1024,1000.0,1908.5,1.0,2000,0.8377707600593567,0.0009227354448325116,0.001,0.007333333333333333,0.0004798552205352669,0.0003333333333333333,0.0033333333333333335,4.3185724526995095e-06,0.0,0.0,0.0,0.0,0.0
colorferet,cvlface_vit_b,avif,168,color,none,{},1024,grid,avif_r168_color_none_def_b1024,1000.0,1908.5,1.0,2000,0.8478107452392578,0.001954027767877656,0.0023333333333333335,0.006,0.00022903747000259825,0.0,0.0006666666666666666,0.0,0.0,0.0,0.0,0.0,0.0
colorferet,arcface_antelopev2,avif,168,color,ofiq_landmarks,{},1024,grid,avif_r168_color_ofiq_landmarks_def_b1024,1001.0,1563.0,1.0,2000,0.8583196401596069,0.0010959876763212968,0.0016666666666666668,0.009333333333333334,0.000506585564822063,0.0003333333333333333,0.0033333333333333335,0.0,0.0,0.0,0.0,0.0,0.0
colorferet,cvlface_vit_b,avif,168,color,ofiq_landmarks,{},1024,grid,avif_r168_color_ofiq_landmarks_def_b1024,1001.0,1563.0,1.0,2000,0.8694284558296204,0.001556042641829217,0.002,0.005666666666666667,0.000320118643128105,0.0,0.001,0.0,0.0,0.0,0.0,0.0,0.0
colorferet,arcface_antelopev2,avif,168,color,rectangle_mean,{},1024,grid,avif_r168_color_rectangle_mean_def_b1024,1001.0,1689.0,1.0,2000,0.8559232354164124,0.0008870949857834316,0.0006666666666666666,0.008,0.0005511361386334823,0.0006666666666666666,0.0026666666666666666,1.0796431131887552e-06,0.0,0.0,1.0796431131887552e-06,0.0,0.0
colorferet,cvlface_vit_b,avif,168,color,rectangle_mean,{},1024,grid,avif_r168_color_rectangle_mean_def_b1024,1001.0,1689.0,1.0,2000,0.8645815253257751,0.0009979764139362297,0.001,0.004333333333333333,0.00027259803106262804,0.0,0.0013333333333333333,0.0,0.0,0.0,0.0,0.0,0.0
colorferet,arcface_antelopev2,avif,168,color,rectangle_mean,"{""subsampling"": ""4:0:0"", ""speed"": 1}",1024,stageB,avif_r168_color_rectangle_mean_speed1-subsampling4:0:0_b1024,999.0,1364.5,1.0,2000,0.886728048324585,0.0009910463246766694,0.001,0.008,0.0004379301605404634,0.0,0.0023333333333333335,0.0,0.0,0.0,0.0,0.0,0.0
colorferet,cvlface_vit_b,avif,168,color,rectangle_mean,"{""subsampling"": ""4:0:0"", ""speed"": 1}",1024,stageB,avif_r168_color_rectangle_mean_speed1-subsampling4:0:0_b1024,999.0,1364.5,1.0,2000,0.8732761144638062,0.00265005029264779,0.004,0.013,0.00029437831159264294,0.0,0.002,0.0,0.0,0.0,0.0,0.0,0.0
colorferet,arcface_antelopev2,avif,168,color,rectangle_mean,"{""subsampling"": ""4:2:0"", ""speed"": 1}",1024,stageB,avif_r168_color_rectangle_mean_speed1-subsampling4:2:0_b1024,1001.0,1569.5,1.0,2000,0.8757200837135315,0.0008303197345181734,0.0006666666666666666,0.005,0.0004369401477891294,0.0003333333333333333,0.002,0.0,0.0,0.0,0.0,0.0,0.0
colorferet,cvlface_vit_b,avif,168,color,rectangle_mean,"{""subsampling"": ""4:2:0"", ""speed"": 1}",1024,stageB,avif_r168_color_rectangle_mean_speed1-subsampling4:2:0_b1024,1001.0,1569.5,1.0,2000,0.8810616731643677,0.0011874133738842452,0.0016666666666666668,0.005,0.0002815081458249119,0.0,0.0013333333333333333,0.0,0.0,0.0,0.0,0.0,0.0
colorferet,arcface_antelopev2,avif,168,color,rectangle_mean,"{""subsampling"": ""4:4:4"", ""speed"": 1}",1024,winner,avif_r168_color_rectangle_mean_speed1-subsampling4:4:4_b1024,1002.0,1744.0,1.0,3976,0.8757786154747009,0.0005342960474900919,0.0005030181086519115,0.0025150905432595573,0.0004872449915370621,0.00016767270288397049,0.001006036217303823,2.0022505295980153e-06,0.0,0.0,1.251406580971004e-06,0.0,0.0
colorferet,cvlface_vit_b,avif,168,color,rectangle_mean,"{""subsampling"": ""4:4:4"", ""speed"": 1}",1024,winner,avif_r168_color_rectangle_mean_speed1-subsampling4:4:4_b1024,1002.0,1744.0,1.0,3976,0.8892427086830139,0.00032082715915309276,0.00033534540576794097,0.0013413816230717639,0.00024474863147638283,0.0,0.0005030181086519115,1.251406580971004e-06,0.0,0.0,7.508439485715002e-07,0.0,0.0
colorferet,edgeface_xs,avif,168,color,rectangle_mean,"{""subsampling"": ""4:4:4"", ""speed"": 1}",1024,winner,avif_r168_color_rectangle_mean_speed1-subsampling4:4:4_b1024,1002.0,1744.0,1.0,3976,0.933811604976654,0.00485670025417147,0.009557344064386318,0.02028839704896043,0.0038934680195735127,0.00670690811535882,0.017605633802816902,6.006751588794046e-06,0.0,0.0,1.6518566869183626e-05,0.0,0.0
colorferet,lvface_l,avif,168,color,rectangle_mean,"{""subsampling"": ""4:4:4"", ""speed"": 1}",1024,winner,avif_r168_color_rectangle_mean_speed1-subsampling4:4:4_b1024,1002.0,1744.0,1.0,3976,0.7120071649551392,0.0015067858158292569,0.0025150905432595573,0.005533199195171026,0.0011183887099032975,0.0011737089201877935,0.00335345405767941,2.0022505295980153e-06,0.0,0.0,7.508439485715002e-07,0.0,0.0
colorferet,topofr_r100,avif,168,color,rectangle_mean,"{""subsampling"": ""4:4:4"", ""speed"": 1}",1024,winner,avif_r168_color_rectangle_mean_speed1-subsampling4:4:4_b1024,1002.0,1744.0,1.0,3976,0.8695340752601624,0.0007515169172187827,0.0008383635144198525,0.0021797451374916165,0.00031957589725549815,0.00016767270288397049,0.001006036217303823,3.003375794397023e-06,0.0,0.0,2.2525318457700116e-06,0.0,0.0
colorferet,arcface_antelopev2,avif,168,color,rectangle_mean,"{""subsampling"": ""4:0:0"", ""speed"": 6}",1024,stageB,avif_r168_color_rectangle_mean_speed6-subsampling4:0:0_b1024,999.0,1458.0,1.0,2000,0.8714152574539185,0.0007035981023435312,0.0006666666666666666,0.007333333333333333,0.000686767885570353,0.0006666666666666666,0.0033333333333333335,0.0,0.0,0.0,0.0,0.0,0.0
colorferet,cvlface_vit_b,avif,168,color,rectangle_mean,"{""subsampling"": ""4:0:0"", ""speed"": 6}",1024,stageB,avif_r168_color_rectangle_mean_speed6-subsampling4:0:0_b1024,999.0,1458.0,1.0,2000,0.8600900769233704,0.0033638930469424367,0.005666666666666667,0.013666666666666667,0.00029734834984675607,0.0,0.0016666666666666668,0.0,0.0,0.0,0.0,0.0,0.0
colorferet,arcface_antelopev2,avif,168,color,rectangle_mean,"{""subsampling"": ""4:2:0"", ""speed"": 6}",1024,stageB,avif_r168_color_rectangle_mean_speed6-subsampling4:2:0_b1024,1001.0,1689.0,1.0,2000,0.8559232354164124,0.0008870949857834316,0.0006666666666666666,0.008,0.0005511361386334823,0.0006666666666666666,0.0026666666666666666,1.0796431131887552e-06,0.0,0.0,1.0796431131887552e-06,0.0,0.0
colorferet,cvlface_vit_b,avif,168,color,rectangle_mean,"{""subsampling"": ""4:2:0"", ""speed"": 6}",1024,stageB,avif_r168_color_rectangle_mean_speed6-subsampling4:2:0_b1024,1001.0,1689.0,1.0,2000,0.8645815253257751,0.0009979764139362297,0.001,0.004333333333333333,0.00027259803106262804,0.0,0.0013333333333333333,0.0,0.0,0.0,0.0,0.0,0.0
colorferet,arcface_antelopev2,avif,168,color,rectangle_mean,"{""subsampling"": ""4:4:4"", ""speed"": 6}",1024,stageB,avif_r168_color_rectangle_mean_speed6-subsampling4:4:4_b1024,1001.0,1736.0,1.0,2000,0.8502177000045776,0.0009860962609198327,0.001,0.008333333333333333,0.0006451873500130467,0.0003333333333333333,0.0036666666666666666,1.0796431131887552e-06,0.0,0.0,0.0,0.0,0.0
colorferet,cvlface_vit_b,avif,168,color,rectangle_mean,"{""subsampling"": ""4:4:4"", ""speed"": 6}",1024,stageB,avif_r168_color_rectangle_mean_speed6-subsampling4:4:4_b1024,1001.0,1736.0,1.0,2000,0.8624179363250732,0.0009745606323409329,0.0013333333333333333,0.004666666666666667,0.00045080032630819445,0.0003333333333333333,0.0013333333333333333,0.0,0.0,0.0,0.0,0.0,0.0
colorferet,arcface_antelopev2,avif,168,gray,mean,{},1024,grid,avif_r168_gray_mean_def_b1024,1002.0,1276.0,1.0,2000,0.8698651790618896,0.0014477867274930345,0.002,0.008666666666666666,0.0007164682681113177,0.0003333333333333333,0.0033333333333333335,0.0,0.0,0.0,0.0,0.0,0.0
colorferet,cvlface_vit_b,avif,168,gray,mean,{},1024,grid,avif_r168_gray_mean_def_b1024,1002.0,1276.0,1.0,2000,0.8644593358039856,0.0033328581272126963,0.005,0.013,0.0004418902115459106,0.0,0.0016666666666666668,0.0,0.0,0.0,0.0,0.0,0.0
colorferet,arcface_antelopev2,avif,168,gray,none,{},1024,grid,avif_r168_gray_none_def_b1024,999.0,1708.0,1.0,2000,0.8465332984924316,0.001207859117225429,0.0013333333333333333,0.007,0.0006412272990075996,0.0003333333333333333,0.0033333333333333335,0.0,0.0,0.0,0.0,0.0,0.0
colorferet,cvlface_vit_b,avif,168,gray,none,{},1024,grid,avif_r168_gray_none_def_b1024,999.0,1708.0,1.0,2000,0.838135838508606,0.00359753605626443,0.007,0.015333333333333332,0.00032110865587949456,0.0,0.0013333333333333333,0.0,0.0,0.0,0.0,0.0,0.0
colorferet,arcface_antelopev2,avif,168,gray,ofiq_landmarks,{},1024,grid,avif_r168_gray_ofiq_landmarks_def_b1024,1002.0,1374.5,1.0,2000,0.8679530024528503,0.0008999651515511626,0.001,0.009,0.0006105369037153008,0.0003333333333333333,0.003,0.0,0.0,0.0,0.0,0.0,0.0
colorferet,cvlface_vit_b,avif,168,gray,ofiq_landmarks,{},1024,grid,avif_r168_gray_ofiq_landmarks_def_b1024,1002.0,1374.5,1.0,2000,0.8596031665802002,0.0032450915167787442,0.005333333333333333,0.011666666666666667,0.0003696192806963611,0.0,0.002,1.8353932923931282e-05,0.0,0.0,0.0,0.0,0.0
colorferet,arcface_antelopev2,avif,168,gray,rectangle_mean,{},1024,grid,avif_r168_gray_rectangle_mean_def_b1024,1001.0,1492.0,1.0,2000,0.8635008335113525,0.0010494570770071539,0.0013333333333333333,0.009,0.0005897466359366754,0.0006666666666666666,0.0036666666666666666,0.0,0.0,0.0,0.0,0.0,0.0
colorferet,cvlface_vit_b,avif,168,gray,rectangle_mean,{},1024,grid,avif_r168_gray_rectangle_mean_def_b1024,1001.0,1492.0,1.0,2000,0.8541442155838013,0.0042813339035806695,0.006,0.012666666666666666,0.0003409089109067859,0.0,0.0023333333333333335,5.398215565888265e-06,0.0,0.0,0.0,0.0,0.0
colorferet,arcface_antelopev2,avif,224,color,mean,{},1024,grid,avif_r224_color_mean_def_b1024,1006.0,2025.0,1.0,2000,0.8526797890663147,0.0013246806218863978,0.0013333333333333333,0.005333333333333333,0.0005768764701689444,0.0003333333333333333,0.0016666666666666668,4.3185724526995095e-06,0.0,0.0,0.0,0.0,0.0
colorferet,cvlface_vit_b,avif,224,color,mean,{},1024,grid,avif_r224_color_mean_def_b1024,1006.0,2025.0,1.0,2000,0.8654913306236267,0.0012022635651546998,0.0016666666666666668,0.004333333333333333,0.0003745693444531423,0.0,0.0016666666666666668,0.0,0.0,0.0,0.0,0.0,0.0
colorferet,arcface_antelopev2,avif,224,color,none,{},1024,grid,avif_r224_color_none_def_b1024,1001.0,2646.0,1.0,2000,0.8368143439292908,0.000920755419329788,0.001,0.007333333333333333,0.00042704002027545596,0.0003333333333333333,0.003,8.637144905399019e-06,0.0,0.0,0.0,0.0,0.0
colorferet,cvlface_vit_b,avif,224,color,none,{},1024,grid,avif_r224_color_none_def_b1024,1001.0,2646.0,1.0,2000,0.8456560373306274,0.0018589865437467021,0.0023333333333333335,0.006666666666666667,0.00029932837534947965,0.0,0.0016666666666666668,0.0,0.0,0.0,0.0,0.0,0.0
colorferet,arcface_antelopev2,avif,224,color,ofiq_landmarks,{},1024,grid,avif_r224_color_ofiq_landmarks_def_b1024,1004.0,2149.0,1.0,2000,0.8517280220985413,0.0010227267327203022,0.0013333333333333333,0.006666666666666667,0.00040030967598860435,0.0,0.0016666666666666668,2.159286226321999e-06,0.0,0.0,0.0,0.0,0.0
colorferet,cvlface_vit_b,avif,224,color,ofiq_landmarks,{},1024,grid,avif_r224_color_ofiq_landmarks_def_b1024,1004.0,2149.0,1.0,2000,0.862175464630127,0.0009870862736712223,0.001,0.004,0.0002478477122785555,0.0,0.001,0.0,0.0,0.0,0.0,0.0,0.0
colorferet,arcface_antelopev2,avif,224,color,rectangle_mean,{},1024,grid,avif_r224_color_rectangle_mean_def_b1024,1003.0,2309.0,1.0,2000,0.8485001921653748,0.0007728989949390786,0.0006666666666666666,0.007333333333333333,0.0005329713846714174,0.0,0.001,4.3185724526995095e-06,0.0,0.0,0.0,0.0,0.0
colorferet,cvlface_vit_b,avif,224,color,rectangle_mean,{},1024,grid,avif_r224_color_rectangle_mean_def_b1024,1003.0,2309.0,1.0,2000,0.8576098084449768,0.0009266954958379587,0.0006666666666666666,0.006,0.00030625846460903994,0.0,0.001,0.0,0.0,0.0,0.0,0.0,0.0
colorferet,arcface_antelopev2,avif,224,color,rectangle_mean,"{""subsampling"": ""4:0:0"", ""speed"": 1}",1024,stageB,avif_r224_color_rectangle_mean_speed1-subsampling4:0:0_b1024,1002.0,1836.0,1.0,2000,0.8831875324249268,0.0008088839784256559,0.001,0.008,0.000819429594253166,0.0006666666666666666,0.003,0.0,0.0,0.0,0.0,0.0,0.0
colorferet,cvlface_vit_b,avif,224,color,rectangle_mean,"{""subsampling"": ""4:0:0"", ""speed"": 1}",1024,stageB,avif_r224_color_rectangle_mean_speed1-subsampling4:0:0_b1024,1002.0,1836.0,1.0,2000,0.8689549565315247,0.0036509967448380776,0.006666666666666667,0.014666666666666666,0.00031813861762538143,0.0,0.0013333333333333333,0.0,0.0,0.0,0.0,0.0,0.0
colorferet,arcface_antelopev2,avif,224,color,rectangle_mean,"{""subsampling"": ""4:2:0"", ""speed"": 1}",1024,stageB,avif_r224_color_rectangle_mean_speed1-subsampling4:2:0_b1024,1004.0,2126.5,1.0,2000,0.8702298402786255,0.0009494657891193632,0.001,0.007666666666666666,0.00029932837534947965,0.0,0.0016666666666666668,0.0,0.0,0.0,0.0,0.0,0.0
colorferet,cvlface_vit_b,avif,224,color,rectangle_mean,"{""subsampling"": ""4:2:0"", ""speed"": 1}",1024,stageB,avif_r224_color_rectangle_mean_speed1-subsampling4:2:0_b1024,1004.0,2126.5,1.0,2000,0.8766408562660217,0.0008960051005457155,0.0006666666666666666,0.004666666666666667,0.00026764796730579133,0.0,0.0023333333333333335,0.0,0.0,0.0,0.0,0.0,0.0
colorferet,arcface_antelopev2,avif,224,color,rectangle_mean,"{""subsampling"": ""4:4:4"", ""speed"": 1}",1024,stageB,avif_r224_color_rectangle_mean_speed1-subsampling4:4:4_b1024,1004.0,2244.0,1.0,2000,0.8640099763870239,0.0010078765414498476,0.0013333333333333333,0.008333333333333333,0.000307248477360374,0.0,0.0026666666666666666,0.0,0.0,0.0,0.0,0.0,0.0
colorferet,cvlface_vit_b,avif,224,color,rectangle_mean,"{""subsampling"": ""4:4:4"", ""speed"": 1}",1024,stageB,avif_r224_color_rectangle_mean_speed1-subsampling4:4:4_b1024,1004.0,2244.0,1.0,2000,0.8776631951332092,0.0006811723334996795,0.001,0.004333333333333333,0.0003537790766745169,0.0,0.0013333333333333333,0.0,0.0,0.0,0.0,0.0,0.0
colorferet,arcface_antelopev2,avif,224,color,rectangle_mean,"{""subsampling"": ""4:0:0"", ""speed"": 6}",1024,stageB,avif_r224_color_rectangle_mean_speed6-subsampling4:0:0_b1024,1002.0,1982.0,1.0,2000,0.8674103021621704,0.000760028829171292,0.0006666666666666666,0.008,0.0006610275540348909,0.0,0.002,0.0,0.0,0.0,0.0,0.0,0.0
colorferet,cvlface_vit_b,avif,224,color,rectangle_mean,"{""subsampling"": ""4:0:0"", ""speed"": 6}",1024,stageB,avif_r224_color_rectangle_mean_speed6-subsampling4:0:0_b1024,1002.0,1982.0,1.0,2000,0.8551667928695679,0.0036856471911358235,0.005666666666666667,0.01633333333333333,0.0002735880438140176,0.0,0.0023333333333333335,0.0,0.0,0.0,0.0,0.0,0.0
colorferet,arcface_antelopev2,avif,224,color,rectangle_mean,"{""subsampling"": ""4:2:0"", ""speed"": 6}",1024,stageB,avif_r224_color_rectangle_mean_speed6-subsampling4:2:0_b1024,1003.0,2309.0,1.0,2000,0.8485001921653748,0.0007728989949390786,0.0006666666666666666,0.007333333333333333,0.0005329713846714174,0.0,0.001,4.3185724526995095e-06,0.0,0.0,0.0,0.0,0.0
colorferet,cvlface_vit_b,avif,224,color,rectangle_mean,"{""subsampling"": ""4:2:0"", ""speed"": 6}",1024,stageB,avif_r224_color_rectangle_mean_speed6-subsampling4:2:0_b1024,1003.0,2309.0,1.0,2000,0.8576098084449768,0.0009266954958379587,0.0006666666666666666,0.006,0.00030625846460903994,0.0,0.001,0.0,0.0,0.0,0.0,0.0,0.0
colorferet,arcface_antelopev2,avif,224,color,rectangle_mean,"{""subsampling"": ""4:4:4"", ""speed"": 6}",1024,stageB,avif_r224_color_rectangle_mean_speed6-subsampling4:4:4_b1024,1004.0,2387.0,1.0,2000,0.8417344689369202,0.0009365956233516322,0.001,0.005,0.00032110865587949456,0.0003333333333333333,0.0036666666666666666,2.051321915025328e-05,0.0,0.0,0.0,0.0,0.0
colorferet,cvlface_vit_b,avif,224,color,rectangle_mean,"{""subsampling"": ""4:4:4"", ""speed"": 6}",1024,stageB,avif_r224_color_rectangle_mean_speed6-subsampling4:4:4_b1024,1004.0,2387.0,1.0,2000,0.8543024659156799,0.0012953247637829302,0.0016666666666666668,0.006333333333333333,0.00039040954847498644,0.0,0.0016666666666666668,1.0796431131887552e-06,0.0,0.0,0.0,0.0,0.0
colorferet,arcface_antelopev2,avif,224,gray,mean,{},1024,grid,avif_r224_gray_mean_def_b1024,1004.0,1741.0,1.0,2000,0.8650929927825928,0.0015570326545806066,0.0026666666666666666,0.013666666666666667,0.0007610188419226816,0.0006666666666666666,0.005,0.0,0.0,0.0,0.0,0.0,0.0
colorferet,cvlface_vit_b,avif,224,gray,mean,{},1024,grid,avif_r224_gray_mean_def_b1024,1004.0,1741.0,1.0,2000,0.8568654656410217,0.003297217668163561,0.005666666666666667,0.012333333333333333,0.0006224170567316978,0.0,0.003,0.0,0.0,0.0,0.0,0.0,0.0
colorferet,arcface_antelopev2,avif,224,gray,none,{},1024,grid,avif_r224_gray_none_def_b1024,1000.0,2349.0,1.0,2000,0.8462344408035278,0.0011425182756353842,0.0013333333333333333,0.01,0.0006699376687971748,0.0006666666666666666,0.0026666666666666666,0.0,0.0,0.0,5.398215565888265e-06,0.0,0.0
colorferet,cvlface_vit_b,avif,224,gray,none,{},1024,grid,avif_r224_gray_none_def_b1024,1000.0,2349.0,1.0,2000,0.8359635472297668,0.003807117795677234,0.007,0.017,0.00027259803106262804,0.0,0.0023333333333333335,0.0,0.0,0.0,0.0,0.0,0.0
colorferet,arcface_antelopev2,avif,224,gray,ofiq_landmarks,{},1024,grid,avif_r224_gray_ofiq_landmarks_def_b1024,1003.0,1864.0,1.0,2000,0.8633307814598083,0.0013220551080697818,0.002,0.013,0.0007392385613926666,0.0006666666666666666,0.004,0.0,0.0,0.0,0.0,0.0,0.0
colorferet,cvlface_vit_b,avif,224,gray,ofiq_landmarks,{},1024,grid,avif_r224_gray_ofiq_landmarks_def_b1024,1003.0,1864.0,1.0,2000,0.8527641892433167,0.003875084151083839,0.006333333333333333,0.014,0.000271608018311294,0.0,0.002,0.0,0.0,0.0,0.0,0.0,0.0
colorferet,arcface_antelopev2,avif,224,gray,rectangle_mean,{},1024,grid,avif_r224_gray_rectangle_mean_def_b1024,1003.0,2023.0,1.0,2000,0.8591246604919434,0.0009613459421357602,0.001,0.01,0.0005719264064121077,0.0006666666666666666,0.0026666666666666666,5.398215565888265e-06,0.0,0.0,0.0,0.0,0.0
colorferet,cvlface_vit_b,avif,224,gray,rectangle_mean,{},1024,grid,avif_r224_gray_rectangle_mean_def_b1024,1003.0,2023.0,1.0,2000,0.8475432991981506,0.0030757993362954617,0.005,0.014,0.00038050942096136853,0.0,0.0016666666666666668,0.0,0.0,0.0,0.0,0.0,0.0
colorferet,arcface_antelopev2,avif,56,color,mean,{},1024,grid,avif_r56_color_mean_def_b1024,989.0,530.0,1.0,2000,0.7158474326133728,0.01338226768360776,0.03233333333333333,0.07166666666666667,0.0004917353735516084,0.0006666666666666666,0.0026666666666666666,0.00010904395443039894,0.0,0.00101010101010101,0.0005061301481636938,0.00101010101010101,0.00101010101010101
colorferet,cvlface_vit_b,avif,56,color,mean,{},1024,grid,avif_r56_color_mean_def_b1024,989.0,530.0,1.0,2000,0.8039941787719727,0.004688573668828834,0.009333333333333334,0.028,0.0003468489874149566,0.0,0.002,5.398215565888265e-06,0.0,0.0,0.0,0.0,0.0
colorferet,arcface_antelopev2,avif,56,color,none,{},1024,grid,avif_r56_color_none_def_b1024,999.0,636.0,1.0,2000,0.8396854400634766,0.0016441537767006662,0.0026666666666666666,0.016666666666666666,0.000591726661439399,0.0003333333333333333,0.0023333333333333335,1.0796431131887552e-06,0.0,0.0,0.0,0.0,0.0
colorferet,cvlface_vit_b,avif,56,color,none,{},1024,grid,avif_r56_color_none_def_b1024,999.0,636.0,1.0,2000,0.857931911945343,0.0024936282779322383,0.0036666666666666666,0.010666666666666666,0.000566976342655271,0.0003333333333333333,0.002,0.0,0.0,0.0,0.0,0.0,0.0
colorferet,arcface_antelopev2,avif,56,color,ofiq_landmarks,{},1024,grid,avif_r56_color_ofiq_landmarks_def_b1024,1001.0,564.0,1.0,2000,0.7651185989379883,0.0076267176721236,0.021,0.05533333333333333,0.0005580662278930426,0.0006666666666666666,0.005,2.159286226321999e-06,0.0,0.0,4.3185724526995095e-06,0.0,0.0
colorferet,cvlface_vit_b,avif,56,color,ofiq_landmarks,{},1024,grid,avif_r56_color_ofiq_landmarks_def_b1024,1001.0,564.0,1.0,2000,0.8001264333724976,0.005992808547374104,0.011333333333333334,0.03133333333333333,0.0006818178218135718,0.0003333333333333333,0.0026666666666666666,4.3185724526995095e-06,0.0,0.0,0.0,0.0,0.0
colorferet,arcface_antelopev2,avif,56,color,rectangle_mean,{},1024,grid,avif_r56_color_rectangle_mean_def_b1024,1002.0,591.0,1.0,2000,0.8369764685630798,0.002983684589857518,0.005666666666666667,0.024333333333333332,0.0004887653352974952,0.0003333333333333333,0.0033333333333333335,0.0,0.0,0.0,0.0,0.0,0.0
colorferet,cvlface_vit_b,avif,56,color,rectangle_mean,{},1024,grid,avif_r56_color_rectangle_mean_def_b1024,1002.0,591.0,1.0,2000,0.855742335319519,0.0027213312107460053,0.004333333333333333,0.015666666666666666,0.0006055868399585196,0.0003333333333333333,0.0026666666666666666,0.0,0.0,0.0,0.0,0.0,0.0
colorferet,arcface_antelopev2,avif,56,color,rectangle_mean,"{""subsampling"": ""4:2:0"", ""speed"": 1}",1024,annexE,avif_r56_color_rectangle_mean_speed1-subsampling4:2:0_b1024,1003.0,592.0,1.0,3976,0.8468307256698608,0.0015963761676991517,0.0021797451374916165,0.009557344064386318,0.00030931554969497807,0.0,0.0013413816230717639,1.251406580971004e-06,0.0,0.0,7.508439485715002e-07,0.0,0.0
colorferet,cvlface_vit_b,avif,56,color,rectangle_mean,"{""subsampling"": ""4:2:0"", ""speed"": 1}",1024,annexE,avif_r56_color_rectangle_mean_speed1-subsampling4:2:0_b1024,1003.0,592.0,1.0,3976,0.8651586174964905,0.0016063898714824818,0.002347417840375587,0.00670690811535882,0.0003073135306587601,0.00016767270288397049,0.0008383635144198525,1.7519692133705078e-06,0.0,0.0,7.508439485715002e-07,0.0,0.0
colorferet,edgeface_xs,avif,56,color,rectangle_mean,"{""subsampling"": ""4:2:0"", ""speed"": 1}",1024,annexE,avif_r56_color_rectangle_mean_speed1-subsampling4:2:0_b1024,1003.0,592.0,1.0,3976,0.9036896228790283,0.006326448717831083,0.014587525150905433,0.027833668678739102,0.004368202196435554,0.007209926224010731,0.017773306505700873,0.0003727818485727668,0.00044822949350067237,0.001344688480502017,7.433355091124305e-05,0.0,0.00044822949350067237
colorferet,lvface_l,avif,56,color,rectangle_mean,"{""subsampling"": ""4:2:0"", ""speed"": 1}",1024,annexE,avif_r56_color_rectangle_mean_speed1-subsampling4:2:0_b1024,1003.0,592.0,1.0,3976,0.7148074507713318,0.002940497936837334,0.005197853789403085,0.01341381623071764,0.0009900092392070815,0.001006036217303823,0.0035211267605633804,1.5016878971985115e-06,0.0,0.0,7.508439485715002e-07,0.0,0.0
colorferet,topofr_r100,avif,56,color,rectangle_mean,"{""subsampling"": ""4:2:0"", ""speed"": 1}",1024,annexE,avif_r56_color_rectangle_mean_speed1-subsampling4:2:0_b1024,1003.0,592.0,1.0,3976,0.8313247561454773,0.0016421741574533283,0.0021797451374916165,0.0077129443326626424,0.0003893963111429207,0.00016767270288397049,0.001006036217303823,3.5039384267965268e-06,0.0,0.0,1.0011252647990077e-06,0.0,0.0
colorferet,arcface_antelopev2,avif,56,gray,mean,{},1024,grid,avif_r56_gray_mean_def_b1024,973.0,500.0,1.0,2000,0.6909791231155396,0.01620096466842494,0.049666666666666665,0.09966666666666667,0.0009999564394389533,0.001,0.004666666666666667,0.0006983066223084056,0.0,0.0030303030303030303,0.0005309619397666466,0.00101010101010101,0.00101010101010101
colorferet,cvlface_vit_b,avif,56,gray,mean,{},1024,grid,avif_r56_gray_mean_def_b1024,973.0,500.0,1.0,2000,0.7595645785331726,0.01555741281947712,0.03666666666666667,0.074,0.0003003183881008137,0.0003333333333333333,0.0026666666666666666,1.4035360471231773e-05,0.0,0.0,0.0,0.0,0.0
colorferet,arcface_antelopev2,avif,56,gray,none,{},1024,grid,avif_r56_gray_none_def_b1024,1001.0,604.0,1.0,2000,0.8351209759712219,0.001879131323211435,0.0036666666666666666,0.022333333333333334,0.000968276031395265,0.001,0.003,0.0,0.0,0.0,0.0,0.0,0.0
colorferet,cvlface_vit_b,avif,56,gray,none,{},1024,grid,avif_r56_gray_none_def_b1024,1001.0,604.0,1.0,2000,0.83693528175354,0.004434140391728271,0.009666666666666667,0.02666666666666667,0.0003339788216472256,0.0,0.0026666666666666666,3.2389293395107543e-06,0.0,0.0,0.0,0.0,0.0
colorferet,arcface_antelopev2,avif,56,gray,none,"{""subsampling"": ""4:0:0"", ""speed"": 1}",1024,annexF,avif_r56_gray_none_speed1-subsampling4:0:0_b1024,1002.0,591.0,1.0,3976,0.8416740894317627,0.0013756517646571073,0.0018443997317236754,0.008886653252850436,0.0005475576193037357,0.0005030181086519115,0.0013413816230717639,1.5016878971985115e-06,0.0,0.0,7.508439485715002e-07,0.0,0.0
colorferet,cvlface_vit_b,avif,56,gray,none,"{""subsampling"": ""4:0:0"", ""speed"": 1}",1024,annexF,avif_r56_gray_none_speed1-subsampling4:0:0_b1024,1002.0,591.0,1.0,3976,0.8427836894989014,0.004089916137500474,0.0053655264922870555,0.011401743796109993,0.00029755368785732225,0.0,0.0008383635144198525,2.502813161997519e-06,0.0,0.0,1.0011252647990077e-06,0.0,0.0
colorferet,edgeface_xs,avif,56,gray,none,"{""subsampling"": ""4:0:0"", ""speed"": 1}",1024,annexF,avif_r56_gray_none_speed1-subsampling4:0:0_b1024,1002.0,591.0,1.0,3976,0.9011572599411011,0.006801683399452151,0.012407780013413815,0.028001341381623072,0.004319152730048713,0.007042253521126761,0.018108651911468814,0.0003720310046241953,0.00044822949350067237,0.0008964589870013447,0.0001083718099143538,0.0,0.00044822949350067237
colorferet,lvface_l,avif,56,gray,none,"{""subsampling"": ""4:0:0"", ""speed"": 1}",1024,annexF,avif_r56_gray_none_speed1-subsampling4:0:0_b1024,1002.0,591.0,1.0,3976,0.7009949088096619,0.004240571678576758,0.006203890006706908,0.012743125419181758,0.000513773548067904,0.00033534540576794097,0.002850435949027498,4.5050636915955344e-06,0.0,0.0,1.251406580971004e-06,0.0,0.0
colorferet,topofr_r100,avif,56,gray,none,"{""subsampling"": ""4:0:0"", ""speed"": 1}",1024,annexF,avif_r56_gray_none_speed1-subsampling4:0:0_b1024,1002.0,591.0,1.0,3976,0.8296322226524353,0.0013303560839631053,0.001676727028839705,0.008215962441314555,0.00028303904984488057,0.00016767270288397049,0.0013413816230717639,2.7530944781695155e-06,0.0,0.0,1.251406580971004e-06,0.0,0.0
colorferet,arcface_antelopev2,avif,56,gray,ofiq_landmarks,{},1024,grid,avif_r56_gray_ofiq_landmarks_def_b1024,994.0,534.0,1.0,2000,0.7514591217041016,0.009234585501461237,0.026,0.06933333333333333,0.0009009551643024967,0.001,0.005333333333333333,2.267250537663079e-05,0.0,0.0,8.637144905399019e-06,0.0,0.0
colorferet,cvlface_vit_b,avif,56,gray,ofiq_landmarks,{},1024,grid,avif_r56_gray_ofiq_landmarks_def_b1024,994.0,534.0,1.0,2000,0.7603177428245544,0.01688506347961763,0.03766666666666667,0.06433333333333334,0.0004250599947727324,0.0,0.0033333333333333335,4.3185724526995095e-06,0.0,0.0,0.0,0.0,0.0
colorferet,arcface_antelopev2,avif,56,gray,rectangle_mean,{},1024,grid,avif_r56_gray_rectangle_mean_def_b1024,999.0,560.0,1.0,2000,0.8252035975456238,0.004002795796009871,0.008333333333333333,0.027333333333333334,0.0007907192244635908,0.0003333333333333333,0.004,0.0,0.0,0.0,0.0,0.0,0.0
colorferet,cvlface_vit_b,avif,56,gray,rectangle_mean,{},1024,grid,avif_r56_gray_rectangle_mean_def_b1024,999.0,560.0,1.0,2000,0.8254150152206421,0.008990353315750687,0.017666666666666667,0.037333333333333336,0.0003389288854040623,0.0,0.003,0.0,0.0,0.0,0.0,0.0,0.0
colorferet,arcface_antelopev2,avif,64,color,mean,{},1024,grid,avif_r64_color_mean_def_b1024,998.0,567.0,1.0,2000,0.7680237889289856,0.0066766063946903445,0.018333333333333333,0.044333333333333336,0.0004141698545077249,0.0003333333333333333,0.0026666666666666666,1.7274289810742527e-05,0.0,0.0,2.483179160295279e-05,0.0,0.0
colorferet,cvlface_vit_b,avif,64,color,mean,{},1024,grid,avif_r64_color_mean_def_b1024,998.0,567.0,1.0,2000,0.8303198218345642,0.0038387982037208666,0.006333333333333333,0.016,0.00041911991826456163,0.0003333333333333333,0.002,3.2389293395107543e-06,0.0,0.0,0.0,0.0,0.0
colorferet,arcface_antelopev2,avif,64,color,none,{},1024,grid,avif_r64_color_none_def_b1024,998.0,692.0,1.0,2000,0.8446205258369446,0.0011814732973760744,0.0016666666666666668,0.01,0.00045278035181091803,0.0,0.0033333333333333335,0.0,0.0,0.0,0.0,0.0,0.0
colorferet,cvlface_vit_b,avif,64,color,none,{},1024,grid,avif_r64_color_none_def_b1024,998.0,692.0,1.0,2000,0.8584515452384949,0.0019325920117851383,0.003,0.008666666666666666,0.0003458589746635671,0.0003333333333333333,0.002,0.0,0.0,0.0,0.0,0.0,0.0
colorferet,arcface_antelopev2,avif,64,color,ofiq_landmarks,{},1024,grid,avif_r64_color_ofiq_landmarks_def_b1024,1002.0,607.0,1.0,2000,0.7962286472320557,0.005126503829369298,0.013333333333333334,0.037,0.0005481661003793692,0.0003333333333333333,0.004,0.0,0.0,0.0,0.0,0.0,0.0
colorferet,cvlface_vit_b,avif,64,color,ofiq_landmarks,{},1024,grid,avif_r64_color_ofiq_landmarks_def_b1024,1002.0,607.0,1.0,2000,0.8214088678359985,0.005663090740608721,0.008333333333333333,0.02033333333333333,0.0006293471459912581,0.0006666666666666666,0.002,1.0796431131887552e-06,0.0,0.0,0.0,0.0,0.0
colorferet,arcface_antelopev2,avif,64,color,rectangle_mean,{},1024,grid,avif_r64_color_rectangle_mean_def_b1024,1000.0,637.0,1.0,2000,0.8504413962364197,0.0019494222285583165,0.003,0.015666666666666666,0.0004022897014913279,0.0,0.002,0.0,0.0,0.0,0.0,0.0,0.0
colorferet,cvlface_vit_b,avif,64,color,rectangle_mean,{},1024,grid,avif_r64_color_rectangle_mean_def_b1024,1000.0,637.0,1.0,2000,0.8631356358528137,0.0021873698133231985,0.003,0.008333333333333333,0.0005303458708548015,0.0003333333333333333,0.0026666666666666666,0.0,0.0,0.0,0.0,0.0,0.0
colorferet,arcface_antelopev2,avif,64,gray,mean,{},1024,grid,avif_r64_gray_mean_def_b1024,985.0,533.0,1.0,2000,0.7491282820701599,0.008069296932544504,0.027666666666666666,0.06266666666666666,0.0006253870949858109,0.0003333333333333333,0.004,2.3752148489819547e-05,0.0,0.0,0.00010796431131726569,0.0,0.00101010101010101
colorferet,cvlface_vit_b,avif,64,gray,mean,{},1024,grid,avif_r64_gray_mean_def_b1024,985.0,533.0,1.0,2000,0.7930922508239746,0.010262262297938377,0.02,0.048666666666666664,0.0006402372862562655,0.0006666666666666666,0.0026666666666666666,3.2389293395107543e-06,0.0,0.0,2.159286226321999e-06,0.0,0.0
colorferet,arcface_antelopev2,avif,64,gray,none,{},1024,grid,avif_r64_gray_none_def_b1024,999.0,655.0,1.0,2000,0.8437598943710327,0.0016738541592415754,0.0036666666666666666,0.016,0.00035476908942585095,0.0003333333333333333,0.0023333333333333335,0.0,0.0,0.0,0.0,0.0,0.0
colorferet,cvlface_vit_b,avif,64,gray,none,{},1024,grid,avif_r64_gray_none_def_b1024,999.0,655.0,1.0,2000,0.8409318923950195,0.00450740133532921,0.008,0.019,0.0005758864574175549,0.0003333333333333333,0.0026666666666666666,0.0,0.0,0.0,0.0,0.0,0.0
colorferet,arcface_antelopev2,avif,64,gray,ofiq_landmarks,{},1024,grid,avif_r64_gray_ofiq_landmarks_def_b1024,1000.0,571.0,1.0,2000,0.7875323295593262,0.00538623169466425,0.02033333333333333,0.04933333333333333,0.0005649963171525474,0.0006666666666666666,0.005,3.2389293395107543e-06,0.0,0.0,0.0,0.0,0.0
colorferet,cvlface_vit_b,avif,64,gray,ofiq_landmarks,{},1024,grid,avif_r64_gray_ofiq_landmarks_def_b1024,1000.0,571.0,1.0,2000,0.7885613441467285,0.013338663561986683,0.023333333333333334,0.04833333333333333,0.0005273758326007438,0.0003333333333333333,0.003,2.159286226321999e-06,0.0,0.0,0.0,0.0,0.0
colorferet,arcface_antelopev2,avif,64,gray,rectangle_mean,{},1024,grid,avif_r64_gray_rectangle_mean_def_b1024,1001.0,601.0,1.0,2000,0.8433700799942017,0.0019672424580828842,0.004,0.022,0.00026566794180306775,0.0,0.0036666666666666666,0.0,0.0,0.0,0.0,0.0,0.0
colorferet,cvlface_vit_b,avif,64,gray,rectangle_mean,{},1024,grid,avif_r64_gray_rectangle_mean_def_b1024,1001.0,601.0,1.0,2000,0.839160144329071,0.005831436468901716,0.013,0.024666666666666667,0.0006135069419694139,0.0,0.0026666666666666666,0.0,0.0,0.0,0.0,0.0,0.0
colorferet,arcface_antelopev2,avif,80,color,mean,{},1024,grid,avif_r80_color_mean_def_b1024,1005.0,694.0,1.0,2000,0.8262611031532288,0.002998534781127973,0.006,0.023,0.0003587291404313536,0.0,0.0016666666666666668,0.0,0.0,0.0,0.0,0.0,0.0
colorferet,cvlface_vit_b,avif,80,color,mean,{},1024,grid,avif_r80_color_mean_def_b1024,1005.0,694.0,1.0,2000,0.8657082319259644,0.0019157617950119046,0.003,0.009666666666666667,0.00034981902566906975,0.0,0.0023333333333333335,0.0,0.0,0.0,0.0,0.0,0.0
colorferet,arcface_antelopev2,avif,80,color,none,{},1024,grid,avif_r80_color_none_def_b1024,998.0,883.5,1.0,2000,0.8482906222343445,0.0014791661716602724,0.002,0.007,0.0005382659728657513,0.0006666666666666666,0.0023333333333333335,0.0,0.0,0.0,0.0,0.0,0.0
colorferet,cvlface_vit_b,avif,80,color,none,{},1024,grid,avif_r80_color_none_def_b1024,998.0,883.5,1.0,2000,0.8577398657798767,0.0018411663142221344,0.0023333333333333335,0.004666666666666667,0.0004735706195895989,0.0003333333333333333,0.002,0.0,0.0,0.0,0.0,0.0,0.0
colorferet,arcface_antelopev2,avif,80,color,ofiq_landmarks,{},1024,grid,avif_r80_color_ofiq_landmarks_def_b1024,1000.0,749.0,1.0,2000,0.8371415734291077,0.0024526932306888245,0.004333333333333333,0.019666666666666666,0.0003151685793713238,0.0,0.0026666666666666666,0.0,0.0,0.0,0.0,0.0,0.0
colorferet,cvlface_vit_b,avif,80,color,ofiq_landmarks,{},1024,grid,avif_r80_color_ofiq_landmarks_def_b1024,1000.0,749.0,1.0,2000,0.8536601662635803,0.0020949541030088606,0.0033333333333333335,0.010666666666666666,0.00045575039006503116,0.0003333333333333333,0.002,0.0,0.0,0.0,0.0,0.0,0.0
colorferet,arcface_antelopev2,avif,80,color,rectangle_mean,{},1024,grid,avif_r80_color_rectangle_mean_def_b1024,1000.0,800.0,1.0,2000,0.8650950193405151,0.0012666143939934105,0.002,0.008666666666666666,0.0003696192806963611,0.0,0.0023333333333333335,0.0,0.0,0.0,0.0,0.0,0.0
colorferet,cvlface_vit_b,avif,80,color,rectangle_mean,{},1024,grid,avif_r80_color_rectangle_mean_def_b1024,1000.0,800.0,1.0,2000,0.873123049736023,0.0018319552355834554,0.0026666666666666666,0.005,0.0005451960621252561,0.0006666666666666666,0.002,0.0,0.0,0.0,0.0,0.0,0.0
colorferet,arcface_antelopev2,avif,80,gray,mean,{},1024,grid,avif_r80_gray_mean_def_b1024,1003.0,645.5,1.0,2000,0.8173222541809082,0.00473015420438614,0.008333333333333333,0.031,0.0005966767251962357,0.0,0.003,1.0796431131887552e-06,0.0,0.0,0.0,0.0,0.0
colorferet,cvlface_vit_b,avif,80,gray,mean,{},1024,grid,avif_r80_gray_mean_def_b1024,1003.0,645.5,1.0,2000,0.8355689644813538,0.007701958641227318,0.012666666666666666,0.033,0.0005451960621252561,0.0,0.003,1.0796431131887552e-06,0.0,0.0,0.0,0.0,0.0
colorferet,arcface_antelopev2,avif,80,gray,none,{},1024,grid,avif_r80_gray_none_def_b1024,999.0,825.0,1.0,2000,0.8530052304267883,0.0020068429681374114,0.0026666666666666666,0.010333333333333333,0.001053417128012601,0.0013333333333333333,0.0033333333333333335,1.0796431131887552e-06,0.0,0.0,0.0,0.0,0.0
colorferet,cvlface_vit_b,avif,80,gray,none,{},1024,grid,avif_r80_gray_none_def_b1024,999.0,825.0,1.0,2000,0.8454121351242065,0.004304104196862074,0.006666666666666667,0.016,0.0003636792041881348,0.0,0.0023333333333333335,0.0,0.0,0.0,0.0,0.0,0.0
colorferet,arcface_antelopev2,avif,80,gray,ofiq_landmarks,{},1024,grid,avif_r80_gray_ofiq_landmarks_def_b1024,1002.0,696.0,1.0,2000,0.8336994647979736,0.00269262084095643,0.008333333333333333,0.030333333333333334,0.0007035981023435312,0.0003333333333333333,0.0036666666666666666,0.0,0.0,0.0,0.0,0.0,0.0
colorferet,cvlface_vit_b,avif,80,gray,ofiq_landmarks,{},1024,grid,avif_r80_gray_ofiq_landmarks_def_b1024,1002.0,696.0,1.0,2000,0.8290536999702454,0.005876977055464469,0.013333333333333334,0.03233333333333333,0.00028744822233308265,0.0,0.002,0.0,0.0,0.0,0.0,0.0,0.0
colorferet,arcface_antelopev2,avif,80,gray,rectangle_mean,{},1024,grid,avif_r80_gray_rectangle_mean_def_b1024,1001.0,744.0,1.0,2000,0.8638709783554077,0.0015101575308290216,0.003,0.010333333333333333,0.0007431986123981138,0.0006666666666666666,0.0033333333333333335,0.0,0.0,0.0,0.0,0.0,0.0
colorferet,cvlface_vit_b,avif,80,gray,rectangle_mean,{},1024,grid,avif_r80_gray_rectangle_mean_def_b1024,1001.0,744.0,1.0,2000,0.8554490804672241,0.004400479958181859,0.006,0.018,0.0004022897014913279,0.0,0.002,0.0,0.0,0.0,0.0,0.0,0.0
colorferet,arcface_antelopev2,avif,96,color,mean,{},1024,grid,avif_r96_color_mean_def_b1024,1004.0,813.0,1.0,2000,0.8547936081886292,0.0022388504763941226,0.004333333333333333,0.014333333333333333,0.00045080032630819445,0.0,0.0016666666666666668,2.159286226321999e-06,0.0,0.0,0.0,0.0,0.0
colorferet,cvlface_vit_b,avif,96,color,mean,{},1024,grid,avif_r96_color_mean_def_b1024,1004.0,813.0,1.0,2000,0.8821783661842346,0.001220428319116765,0.0016666666666666668,0.006,0.00038545948471814973,0.0,0.002,0.0,0.0,0.0,0.0,0.0,0.0
colorferet,arcface_antelopev2,avif,96,color,none,{},1024,grid,avif_r96_color_none_def_b1024,996.0,1060.0,1.0,2000,0.8504154682159424,0.0010049065031957345,0.0013333333333333333,0.007,0.0004280300330268455,0.0,0.0026666666666666666,4.534501075326158e-05,0.0,0.0,0.0,0.0,0.0
colorferet,cvlface_vit_b,avif,96,color,none,{},1024,grid,avif_r96_color_none_def_b1024,996.0,1060.0,1.0,2000,0.8591697812080383,0.0013121549805561639,0.002,0.006666666666666667,0.0003151685793713238,0.0003333333333333333,0.0013333333333333333,0.0,0.0,0.0,0.0,0.0,0.0
colorferet,arcface_antelopev2,avif,96,color,ofiq_landmarks,{},1024,grid,avif_r96_color_ofiq_landmarks_def_b1024,1002.0,882.0,1.0,2000,0.8571135997772217,0.001268594419496134,0.002,0.013,0.0002834881713276355,0.0,0.0026666666666666666,0.0,0.0,0.0,0.0,0.0,0.0
colorferet,cvlface_vit_b,avif,96,color,ofiq_landmarks,{},1024,grid,avif_r96_color_ofiq_landmarks_def_b1024,1002.0,882.0,1.0,2000,0.8689471483230591,0.00224974061665913,0.0036666666666666666,0.008,0.0003993196632372703,0.0,0.0006666666666666666,0.0,0.0,0.0,0.0,0.0,0.0
colorferet,arcface_antelopev2,avif,96,color,rectangle_mean,{},1024,grid,avif_r96_color_rectangle_mean_def_b1024,999.0,951.0,1.0,2000,0.8694509863853455,0.0011048977910835252,0.0013333333333333333,0.004333333333333333,0.00033298880889583605,0.0003333333333333333,0.0023333333333333335,0.0,0.0,0.0,0.0,0.0,0.0
colorferet,cvlface_vit_b,avif,96,color,rectangle_mean,{},1024,grid,avif_r96_color_rectangle_mean_def_b1024,999.0,951.0,1.0,2000,0.8757836222648621,0.001732609436009557,0.0026666666666666666,0.005333333333333333,0.0003993196632372703,0.0,0.0016666666666666668,0.0,0.0,0.0,0.0,0.0,0.0
colorferet,arcface_antelopev2,avif,96,gray,mean,{},1024,grid,avif_r96_gray_mean_def_b1024,1006.0,745.0,1.0,2000,0.8506695628166199,0.002149404804333898,0.006666666666666667,0.021666666666666667,0.0005768764701689444,0.0,0.003,0.0,0.0,0.0,0.0,0.0,0.0
colorferet,cvlface_vit_b,avif,96,gray,mean,{},1024,grid,avif_r96_gray_mean_def_b1024,1006.0,745.0,1.0,2000,0.8568893671035767,0.0051644688383586535,0.009666666666666667,0.023,0.00038545948471814973,0.0,0.0036666666666666666,0.0,0.0,0.0,0.0,0.0,0.0
colorferet,arcface_antelopev2,avif,96,gray,none,{},1024,grid,avif_r96_gray_none_def_b1024,997.0,980.0,1.0,2000,0.8557184338569641,0.0012963147765343197,0.0016666666666666668,0.006666666666666667,0.0006006367762016829,0.0006666666666666666,0.003,0.0,0.0,0.0,0.0,0.0,0.0
colorferet,cvlface_vit_b,avif,96,gray,none,{},1024,grid,avif_r96_gray_none_def_b1024,997.0,980.0,1.0,2000,0.8471806645393372,0.003336473653780646,0.005666666666666667,0.012666666666666666,0.00022705744449987467,0.0,0.0013333333333333333,0.0,0.0,0.0,0.0,0.0,0.0
colorferet,arcface_antelopev2,avif,96,gray,ofiq_landmarks,{},1024,grid,avif_r96_gray_ofiq_landmarks_def_b1024,1002.0,806.0,1.0,2000,0.8575462698936462,0.0019375420755419195,0.004333333333333333,0.018,0.0005640063044012134,0.0,0.0036666666666666666,0.0,0.0,0.0,0.0,0.0,0.0
colorferet,cvlface_vit_b,avif,96,gray,ofiq_landmarks,{},1024,grid,avif_r96_gray_ofiq_landmarks_def_b1024,1002.0,806.0,1.0,2000,0.8498323559761047,0.004678673541315216,0.008333333333333333,0.02033333333333333,0.00033298880889583605,0.0,0.0023333333333333335,9.716788018532263e-06,0.0,0.0,0.0,0.0,0.0
colorferet,arcface_antelopev2,avif,96,gray,rectangle_mean,{},1024,grid,avif_r96_gray_rectangle_mean_def_b1024,1001.0,873.0,1.0,2000,0.8721795082092285,0.001100937740078078,0.0016666666666666668,0.006666666666666667,0.0003577391276799641,0.0,0.0023333333333333335,0.0,0.0,0.0,0.0,0.0,0.0
colorferet,cvlface_vit_b,avif,96,gray,rectangle_mean,{},1024,grid,avif_r96_gray_rectangle_mean_def_b1024,1001.0,873.0,1.0,2000,0.8615947365760803,0.00458660235543832,0.005333333333333333,0.013666666666666667,0.0004428802242973001,0.0,0.002,0.0,0.0,0.0,0.0,0.0,0.0
colorferet,arcface_antelopev2,heif,112,color,mean,{},1024,grid,heif_r112_color_mean_def_b1024,995.0,1217.0,1.0,2000,0.8575024008750916,0.0018441363524762475,0.0036666666666666666,0.014,0.00034783900016634617,0.0,0.0016666666666666668,0.0,0.0,0.0,0.0,0.0,0.0
colorferet,cvlface_vit_b,heif,112,color,mean,{},1024,grid,heif_r112_color_mean_def_b1024,995.0,1217.0,1.0,2000,0.8749521374702454,0.001859675592621641,0.0026666666666666666,0.007666666666666666,0.0005095556030761761,0.0006666666666666666,0.002,0.0,0.0,0.0,0.0,0.0,0.0
colorferet,arcface_antelopev2,heif,112,color,none,{},1024,grid,heif_r112_color_none_def_b1024,990.0,1844.5,1.0,2000,0.8258159160614014,0.0016015832283919704,0.0023333333333333335,0.012333333333333333,0.0006422173117589891,0.0003333333333333333,0.002,1.0796431131721018e-05,0.0,0.0,0.0,0.0,0.0
colorferet,cvlface_vit_b,heif,112,color,none,{},1024,grid,heif_r112_color_none_def_b1024,990.0,1844.5,1.0,2000,0.8278029561042786,0.0023715121850769356,0.0033333333333333335,0.011,0.0003003183881008137,0.0,0.0026666666666666666,1.0796431131887552e-06,0.0,0.0,0.0,0.0,0.0
colorferet,arcface_antelopev2,heif,112,color,ofiq_landmarks,{},1024,grid,heif_r112_color_ofiq_landmarks_def_b1024,994.0,1386.0,1.0,2000,0.8550081849098206,0.001281464585263865,0.002,0.012333333333333333,0.0003458589746635671,0.0,0.0023333333333333335,0.0,0.0,0.0,0.0,0.0,0.0
colorferet,cvlface_vit_b,heif,112,color,ofiq_landmarks,{},1024,grid,heif_r112_color_ofiq_landmarks_def_b1024,994.0,1386.0,1.0,2000,0.8590924143791199,0.0022662263089948667,0.0036666666666666666,0.008333333333333333,0.0002963583370953665,0.0003333333333333333,0.0013333333333333333,0.0,0.0,0.0,0.0,0.0,0.0
colorferet,arcface_antelopev2,heif,112,color,rectangle_mean,{},1024,grid,heif_r112_color_rectangle_mean_def_b1024,992.0,1539.0,1.0,2000,0.855947732925415,0.0013220551080697818,0.0023333333333333335,0.008666666666666666,0.000367639255193582,0.0,0.0026666666666666666,0.0,0.0,0.0,0.0,0.0,0.0
colorferet,cvlface_vit_b,heif,112,color,rectangle_mean,{},1024,grid,heif_r112_color_rectangle_mean_def_b1024,992.0,1539.0,1.0,2000,0.8532202243804932,0.0017048890789713158,0.0026666666666666666,0.010333333333333333,0.0004567404028163652,0.0,0.0013333333333333333,0.0,0.0,0.0,0.0,0.0,0.0
colorferet,arcface_antelopev2,heif,112,gray,mean,{},1024,grid,heif_r112_gray_mean_def_b1024,997.0,1072.0,1.0,2000,0.8658748865127563,0.001974172547342389,0.003,0.014333333333333333,0.0008946705633568286,0.001,0.0026666666666666666,0.0,0.0,0.0,0.0,0.0,0.0
colorferet,cvlface_vit_b,heif,112,gray,mean,{},1024,grid,heif_r112_gray_mean_def_b1024,997.0,1072.0,1.0,2000,0.867375910282135,0.0031137207847237156,0.007666666666666666,0.017333333333333333,0.00032308868138221814,0.0,0.0013333333333333333,0.0,0.0,0.0,0.0,0.0,0.0
colorferet,arcface_antelopev2,heif,112,gray,none,{},1024,grid,heif_r112_gray_none_def_b1024,989.0,1682.0,1.0,2000,0.8384764790534973,0.0010705918692232763,0.0013333333333333333,0.013,0.0007263683956249356,0.0006666666666666666,0.0026666666666666666,0.0,0.0,0.0,0.0,0.0,0.0
colorferet,cvlface_vit_b,heif,112,gray,none,{},1024,grid,heif_r112_gray_none_def_b1024,989.0,1682.0,1.0,2000,0.826714038848877,0.0047601991113645475,0.012,0.027,0.00033001877064177843,0.0003333333333333333,0.0016666666666666668,4.3185724526995095e-06,0.0,0.0,0.0,0.0,0.0
colorferet,arcface_antelopev2,heif,112,gray,ofiq_landmarks,{},1024,grid,heif_r112_gray_ofiq_landmarks_def_b1024,994.0,1231.0,1.0,2000,0.8650379776954651,0.0014398666254821402,0.0026666666666666666,0.014666666666666666,0.0006689476560457852,0.0003333333333333333,0.004,0.0,0.0,0.0,0.0,0.0,0.0
colorferet,cvlface_vit_b,heif,112,gray,ofiq_landmarks,{},1024,grid,heif_r112_gray_ofiq_landmarks_def_b1024,994.0,1231.0,1.0,2000,0.8538230061531067,0.00504101820831452,0.009333333333333334,0.019,0.00031417856661993427,0.0003333333333333333,0.002,0.0,0.0,0.0,0.0,0.0,0.0
colorferet,arcface_antelopev2,heif,112,gray,rectangle_mean,{},1024,grid,heif_r112_gray_rectangle_mean_def_b1024,993.0,1380.0,1.0,2000,0.8670951128005981,0.001325025146323895,0.0036666666666666666,0.012333333333333333,0.0007293384338790487,0.0003333333333333333,0.004333333333333333,0.0,0.0,0.0,0.0,0.0,0.0
colorferet,cvlface_vit_b,heif,112,gray,rectangle_mean,{},1024,grid,heif_r112_gray_rectangle_mean_def_b1024,993.0,1380.0,1.0,2000,0.8515573740005493,0.004420925701523043,0.007333333333333333,0.020666666666666667,0.0003003183881008137,0.0,0.0016666666666666668,0.0,0.0,0.0,0.0,0.0,0.0
colorferet,arcface_antelopev2,heif,168,color,mean,{},1024,grid,heif_r168_color_mean_def_b1024,996.0,1968.0,1.0,2000,0.8447244763374329,0.00240581810693724,0.003,0.011,0.0005389114611796436,0.0003333333333333333,0.0026666666666666666,0.0,0.0,0.0,0.0,0.0,0.0
colorferet,cvlface_vit_b,heif,168,color,mean,{},1024,grid,heif_r168_color_mean_def_b1024,996.0,1968.0,1.0,2000,0.8550662398338318,0.0013530900277995781,0.002,0.006333333333333333,0.00030625846460903994,0.0003333333333333333,0.0016666666666666668,3.2389293395107543e-06,0.0,0.0,0.0,0.0,0.0
colorferet,arcface_antelopev2,heif,168,color,none,{},1024,grid,heif_r168_color_none_def_b1024,990.0,3117.0,1.0,2000,0.8031194806098938,0.0018738367350171568,0.0033333333333333335,0.011,0.0010860875488076234,0.0013333333333333333,0.006,4.3185724526995095e-06,0.0,0.0,2.483179160295279e-05,0.0,0.0
colorferet,cvlface_vit_b,heif,168,color,none,{},1024,grid,heif_r168_color_none_def_b1024,990.0,3117.0,1.0,2000,0.8087382912635803,0.001929277449093528,0.002,0.012666666666666666,0.0005550961896389295,0.0006666666666666666,0.003,7.557501792210264e-06,0.0,0.0,0.0,0.0,0.0
colorferet,arcface_antelopev2,heif,168,color,ofiq_landmarks,{},1024,grid,heif_r168_color_ofiq_landmarks_def_b1024,995.0,2219.5,1.0,2000,0.8388094305992126,0.0016708841209874623,0.0023333333333333335,0.008333333333333333,0.0005927166741907886,0.0006666666666666666,0.003,2.159286226321999e-06,0.0,0.0,0.0,0.0,0.0
colorferet,cvlface_vit_b,heif,168,color,ofiq_landmarks,{},1024,grid,heif_r168_color_ofiq_landmarks_def_b1024,995.0,2219.5,1.0,2000,0.8450616598129272,0.0021593049318475157,0.003,0.007333333333333333,0.00040723976524816464,0.0003333333333333333,0.0023333333333333335,0.0,0.0,0.0,0.0,0.0,0.0
colorferet,arcface_antelopev2,heif,168,color,rectangle_mean,"{""chroma_downsampling"": ""average""}",1024,winner,heif_r168_color_rectangle_mean_chroma_downsamplingaverage_b1024,993.0,2866.0,1.0,3976,0.8387237191200256,0.0008043201692985189,0.0005030181086519115,0.004359490274983233,0.0003025587354478117,0.00016767270288397049,0.0013413816230717639,1.7519692133705078e-06,0.0,0.0,7.508439485715002e-07,0.0,0.0
colorferet,cvlface_vit_b,heif,168,color,rectangle_mean,"{""chroma_downsampling"": ""average""}",1024,winner,heif_r168_color_rectangle_mean_chroma_downsamplingaverage_b1024,993.0,2866.0,1.0,3976,0.8415829539299011,0.0008839022302885825,0.001006036217303823,0.0041918175720992625,0.0005057636676218842,0.00016767270288397049,0.0008383635144198525,1.5016878971985115e-06,0.0,0.0,7.508439485715002e-07,0.0,0.0
colorferet,edgeface_xs,heif,168,color,rectangle_mean,"{""chroma_downsampling"": ""average""}",1024,winner,heif_r168_color_rectangle_mean_chroma_downsamplingaverage_b1024,993.0,2866.0,1.0,3976,0.9057924151420593,0.006038905125154739,0.013078470824949699,0.029678068410462777,0.004589677356616167,0.008048289738430584,0.017437961099932932,0.00035325990590924164,0.00044822949350067237,0.0008964589870013447,2.577897556854669e-05,0.0,0.0
colorferet,lvface_l,heif,168,color,rectangle_mean,"{""chroma_downsampling"": ""average""}",1024,winner,heif_r168_color_rectangle_mean_chroma_downsamplingaverage_b1024,993.0,2866.0,1.0,3976,0.6694616675376892,0.002090630030164069,0.0025150905432595573,0.007880617035546614,0.000949216297043339,0.001006036217303823,0.0031857813547954395,7.508439485715002e-07,0.0,0.0,7.508439485715002e-07,0.0,0.0
colorferet,topofr_r100,heif,168,color,rectangle_mean,"{""chroma_downsampling"": ""average""}",1024,winner,heif_r168_color_rectangle_mean_chroma_downsamplingaverage_b1024,993.0,2866.0,1.0,3976,0.8315569162368774,0.0008273433882148038,0.0008383635144198525,0.0041918175720992625,0.0004682276149944165,0.00016767270288397049,0.001006036217303823,2.0022505295980153e-06,0.0,0.0,1.251406580971004e-06,0.0,0.0
colorferet,arcface_antelopev2,heif,168,color,rectangle_mean,"{""chroma_downsampling"": ""nearest-neighbor""}",1024,stageB,heif_r168_color_rectangle_mean_chroma_downsamplingnearest-neighbor_b1024,993.0,2522.0,1.0,2000,0.8294293284416199,0.001230973934944275,0.002,0.009666666666666667,0.00034981902566906975,0.0003333333333333333,0.0033333333333333335,0.0,0.0,0.0,0.0,0.0,0.0
colorferet,cvlface_vit_b,heif,168,color,rectangle_mean,"{""chroma_downsampling"": ""nearest-neighbor""}",1024,stageB,heif_r168_color_rectangle_mean_chroma_downsamplingnearest-neighbor_b1024,993.0,2522.0,1.0,2000,0.8318613171577454,0.0010907366486880097,0.0016666666666666668,0.008333333333333333,0.0005666318182178293,0.0003333333333333333,0.0016666666666666668,0.0,0.0,0.0,0.0,0.0,0.0
colorferet,arcface_antelopev2,heif,168,color,rectangle_mean,"{""chroma_downsampling"": ""sharp-yuv""}",1024,stageB,heif_r168_color_rectangle_mean_chroma_downsamplingsharp-yuv_b1024,993.0,2522.0,1.0,2000,0.8294293284416199,0.001230973934944275,0.002,0.009666666666666667,0.00034981902566906975,0.0003333333333333333,0.0033333333333333335,0.0,0.0,0.0,0.0,0.0,0.0
colorferet,cvlface_vit_b,heif,168,color,rectangle_mean,"{""chroma_downsampling"": ""sharp-yuv""}",1024,stageB,heif_r168_color_rectangle_mean_chroma_downsamplingsharp-yuv_b1024,993.0,2522.0,1.0,2000,0.8318613171577454,0.0010907366486880097,0.0016666666666666668,0.008333333333333333,0.0005666318182178293,0.0003333333333333333,0.0016666666666666668,0.0,0.0,0.0,0.0,0.0,0.0
colorferet,arcface_antelopev2,heif,168,color,rectangle_mean,{},1024,grid,heif_r168_color_rectangle_mean_def_b1024,993.0,2522.0,1.0,2000,0.8294293284416199,0.001230973934944275,0.002,0.009666666666666667,0.00034981902566906975,0.0003333333333333333,0.0033333333333333335,0.0,0.0,0.0,0.0,0.0,0.0
colorferet,cvlface_vit_b,heif,168,color,rectangle_mean,{},1024,grid,heif_r168_color_rectangle_mean_def_b1024,993.0,2522.0,1.0,2000,0.8318613171577454,0.0010907366486880097,0.0016666666666666668,0.008333333333333333,0.0005666318182178293,0.0003333333333333333,0.0016666666666666668,0.0,0.0,0.0,0.0,0.0,0.0
colorferet,arcface_antelopev2,heif,168,gray,mean,{},1024,grid,heif_r168_gray_mean_def_b1024,998.0,1700.0,1.0,2000,0.8577927947044373,0.0014665969697689918,0.0033333333333333335,0.013,0.0008880849985347656,0.0006666666666666666,0.004,0.0,0.0,0.0,0.0,0.0,0.0
colorferet,cvlface_vit_b,heif,168,gray,mean,{},1024,grid,heif_r168_gray_mean_def_b1024,998.0,1700.0,1.0,2000,0.8559139966964722,0.0028058268190494493,0.004666666666666667,0.013333333333333334,0.0006313271714939817,0.0003333333333333333,0.0026666666666666666,0.0,0.0,0.0,0.0,0.0,0.0
colorferet,arcface_antelopev2,heif,168,gray,none,{},1024,grid,heif_r168_gray_none_def_b1024,989.0,2831.5,1.0,2000,0.8156784772872925,0.002119704421792933,0.003,0.012333333333333333,0.001087077561559013,0.0016666666666666668,0.0036666666666666666,2.159286226321999e-06,0.0,0.0,1.0796431131887552e-06,0.0,0.0
colorferet,cvlface_vit_b,heif,168,gray,none,{},1024,grid,heif_r168_gray_none_def_b1024,989.0,2831.5,1.0,2000,0.8119015693664551,0.004266483712310215,0.009,0.024333333333333332,0.0002983383625980901,0.0,0.0023333333333333335,3.2389293395107543e-06,0.0,0.0,0.0,0.0,0.0
colorferet,arcface_antelopev2,heif,168,gray,ofiq_landmarks,{},1024,grid,heif_r168_gray_ofiq_landmarks_def_b1024,994.0,1949.0,1.0,2000,0.8525038361549377,0.0016748441719929095,0.0033333333333333335,0.013,0.0009722360824007677,0.001,0.004333333333333333,0.0,0.0,0.0,1.0796431131887552e-06,0.0,0.0
colorferet,cvlface_vit_b,heif,168,gray,ofiq_landmarks,{},1024,grid,heif_r168_gray_ofiq_landmarks_def_b1024,994.0,1949.0,1.0,2000,0.8463507294654846,0.0037301977649471874,0.005666666666666667,0.016666666666666666,0.0004022897014913279,0.0,0.0026666666666666666,0.0,0.0,0.0,0.0,0.0,0.0
colorferet,arcface_antelopev2,heif,168,gray,rectangle_mean,{},1024,grid,heif_r168_gray_rectangle_mean_def_b1024,991.0,2247.0,1.0,2000,0.842381477355957,0.001135588186375824,0.0016666666666666668,0.009333333333333334,0.0006135069419694139,0.0,0.004333333333333333,0.0,0.0,0.0,0.0,0.0,0.0
colorferet,cvlface_vit_b,heif,168,gray,rectangle_mean,{},1024,grid,heif_r168_gray_rectangle_mean_def_b1024,991.0,2247.0,1.0,2000,0.835296630859375,0.0036800516390650944,0.006333333333333333,0.018666666666666668,0.00026566794180306775,0.0,0.0023333333333333335,0.0,0.0,0.0,0.0,0.0,0.0
colorferet,arcface_antelopev2,heif,224,color,mean,"{""chroma_downsampling"": ""average""}",1024,stageB,heif_r224_color_mean_chroma_downsamplingaverage_b1024,995.0,2820.5,1.0,2000,0.837594211101532,0.0017461250900911805,0.0023333333333333335,0.010333333333333333,0.0007808190969499729,0.0006666666666666666,0.002,1.0796431131887552e-06,0.0,0.0,1.0796431131887552e-06,0.0,0.0
colorferet,cvlface_vit_b,heif,224,color,mean,"{""chroma_downsampling"": ""average""}",1024,stageB,heif_r224_color_mean_chroma_downsamplingaverage_b1024,995.0,2820.5,1.0,2000,0.8467128872871399,0.0010831175105535103,0.0016666666666666668,0.005666666666666667,0.0003369488599013387,0.0,0.0013333333333333333,0.0,0.0,0.0,0.0,0.0,0.0
colorferet,arcface_antelopev2,heif,224,color,mean,"{""chroma_downsampling"": ""nearest-neighbor""}",1024,stageB,heif_r224_color_mean_chroma_downsamplingnearest-neighbor_b1024,995.0,2820.5,1.0,2000,0.837594211101532,0.0017461250900911805,0.0023333333333333335,0.010333333333333333,0.0007808190969499729,0.0006666666666666666,0.002,1.0796431131887552e-06,0.0,0.0,1.0796431131887552e-06,0.0,0.0
colorferet,cvlface_vit_b,heif,224,color,mean,"{""chroma_downsampling"": ""nearest-neighbor""}",1024,stageB,heif_r224_color_mean_chroma_downsamplingnearest-neighbor_b1024,995.0,2820.5,1.0,2000,0.8467128872871399,0.0010831175105535103,0.0016666666666666668,0.005666666666666667,0.0003369488599013387,0.0,0.0013333333333333333,0.0,0.0,0.0,0.0,0.0,0.0
colorferet,arcface_antelopev2,heif,224,color,mean,"{""chroma_downsampling"": ""sharp-yuv""}",1024,stageB,heif_r224_color_mean_chroma_downsamplingsharp-yuv_b1024,995.0,2820.5,1.0,2000,0.837594211101532,0.0017461250900911805,0.0023333333333333335,0.010333333333333333,0.0007808190969499729,0.0006666666666666666,0.002,1.0796431131887552e-06,0.0,0.0,1.0796431131887552e-06,0.0,0.0
colorferet,cvlface_vit_b,heif,224,color,mean,"{""chroma_downsampling"": ""sharp-yuv""}",1024,stageB,heif_r224_color_mean_chroma_downsamplingsharp-yuv_b1024,995.0,2820.5,1.0,2000,0.8467128872871399,0.0010831175105535103,0.0016666666666666668,0.005666666666666667,0.0003369488599013387,0.0,0.0013333333333333333,0.0,0.0,0.0,0.0,0.0,0.0
colorferet,arcface_antelopev2,heif,224,color,mean,{},1024,grid,heif_r224_color_mean_def_b1024,995.0,2820.5,1.0,2000,0.837594211101532,0.0017461250900911805,0.0023333333333333335,0.010333333333333333,0.0007808190969499729,0.0006666666666666666,0.002,1.0796431131887552e-06,0.0,0.0,1.0796431131887552e-06,0.0,0.0
colorferet,cvlface_vit_b,heif,224,color,mean,{},1024,grid,heif_r224_color_mean_def_b1024,995.0,2820.5,1.0,2000,0.8467128872871399,0.0010831175105535103,0.0016666666666666668,0.005666666666666667,0.0003369488599013387,0.0,0.0013333333333333333,0.0,0.0,0.0,0.0,0.0,0.0
colorferet,arcface_antelopev2,heif,224,color,none,{},1024,grid,heif_r224_color_none_def_b1024,990.0,4485.5,1.0,2000,0.7998083233833313,0.0015877230498729054,0.0033333333333333335,0.012333333333333333,0.000603606814455796,0.0003333333333333333,0.004,7.557501792210264e-06,0.0,0.0,4.3185724526995095e-06,0.0,0.0
colorferet,cvlface_vit_b,heif,224,color,none,{},1024,grid,heif_r224_color_none_def_b1024,990.0,4485.5,1.0,2000,0.8047253489494324,0.0025163985712135873,0.0036666666666666666,0.013,0.0004293645702156768,0.0003333333333333333,0.0023333333333333335,0.0,0.0,0.0,2.159286226321999e-06,0.0,0.0
colorferet,arcface_antelopev2,heif,224,color,ofiq_landmarks,{},1024,grid,heif_r224_color_ofiq_landmarks_def_b1024,993.0,3151.0,1.0,2000,0.8320915102958679,0.001291364712777483,0.002,0.010333333333333333,0.0007392385613926666,0.0003333333333333333,0.0023333333333333335,0.0,0.0,0.0,0.0,0.0,0.0
colorferet,cvlface_vit_b,heif,224,color,ofiq_landmarks,{},1024,grid,heif_r224_color_ofiq_landmarks_def_b1024,993.0,3151.0,1.0,2000,0.8383547067642212,0.0021523748425879554,0.004,0.007666666666666666,0.00037654936995586586,0.0,0.002,0.0,0.0,0.0,0.0,0.0,0.0
colorferet,arcface_antelopev2,heif,224,color,rectangle_mean,{},1024,grid,heif_r224_color_rectangle_mean_def_b1024,992.0,3555.0,1.0,2000,0.8227442502975464,0.001530302310293755,0.0033333333333333335,0.011,0.0006808278090621822,0.0003333333333333333,0.0023333333333333335,1.0796431131887552e-06,0.0,0.0,0.0,0.0,0.0
colorferet,cvlface_vit_b,heif,224,color,rectangle_mean,{},1024,grid,heif_r224_color_rectangle_mean_def_b1024,992.0,3555.0,1.0,2000,0.8277774453163147,0.0019880327258615096,0.004,0.008666666666666666,0.0003993196632372703,0.0003333333333333333,0.0013333333333333333,0.0,0.0,0.0,0.0,0.0,0.0
colorferet,arcface_antelopev2,heif,224,gray,mean,{},1024,grid,heif_r224_gray_mean_def_b1024,994.0,2416.5,1.0,2000,0.8519140481948853,0.0012101836671656496,0.0016666666666666668,0.010333333333333333,0.00037159930619908466,0.0003333333333333333,0.0033333333333333335,0.0,0.0,0.0,7.557501792210264e-06,0.0,0.0
colorferet,cvlface_vit_b,heif,224,gray,mean,{},1024,grid,heif_r224_gray_mean_def_b1024,994.0,2416.5,1.0,2000,0.8467578887939453,0.0029833836259811237,0.005333333333333333,0.015666666666666666,0.00035179905117179334,0.0,0.0023333333333333335,0.0,0.0,0.0,0.0,0.0,0.0
colorferet,arcface_antelopev2,heif,224,gray,none,{},1024,grid,heif_r224_gray_none_def_b1024,989.0,4066.5,1.0,2000,0.8139290809631348,0.0013666056818812011,0.0016666666666666668,0.010666666666666666,0.0006936979748299133,0.0006666666666666666,0.002,2.159286226321999e-06,0.0,0.0,2.159286226321999e-06,0.0,0.0
colorferet,cvlface_vit_b,heif,224,gray,none,{},1024,grid,heif_r224_gray_none_def_b1024,989.0,4066.5,1.0,2000,0.8068880438804626,0.005330790980587823,0.009666666666666667,0.02266666666666667,0.0004131798417563354,0.0,0.0023333333333333335,3.2389293395107543e-06,0.0,0.0,0.0,0.0,0.0
colorferet,arcface_antelopev2,heif,224,gray,ofiq_landmarks,{},1024,grid,heif_r224_gray_ofiq_landmarks_def_b1024,993.0,2755.5,1.0,2000,0.8476912975311279,0.00121711375642521,0.002,0.011333333333333334,0.0005758864574175549,0.0006666666666666666,0.0016666666666666668,0.0,0.0,0.0,0.0,0.0,0.0
colorferet,cvlface_vit_b,heif,224,gray,ofiq_landmarks,{},1024,grid,heif_r224_gray_ofiq_landmarks_def_b1024,993.0,2755.5,1.0,2000,0.8402768969535828,0.005537359121185468,0.007,0.016666666666666666,0.0003290287578903889,0.0,0.002,0.0,0.0,0.0,0.0,0.0,0.0
colorferet,arcface_antelopev2,heif,224,gray,rectangle_mean,{},1024,grid,heif_r224_gray_rectangle_mean_def_b1024,990.0,3158.0,1.0,2000,0.8369895815849304,0.0010365869112394228,0.0016666666666666668,0.011,0.0006917179493271897,0.0003333333333333333,0.0033333333333333335,1.0796431131887552e-06,0.0,0.0,4.3185724526995095e-06,0.0,0.0
colorferet,cvlface_vit_b,heif,224,gray,rectangle_mean,{},1024,grid,heif_r224_gray_rectangle_mean_def_b1024,990.0,3158.0,1.0,2000,0.8285131454467773,0.003960225247701175,0.008,0.019333333333333334,0.000320118643128105,0.0003333333333333333,0.0023333333333333335,1.0796431131887552e-06,0.0,0.0,0.0,0.0,0.0
colorferet,arcface_antelopev2,heif,56,color,mean,{},1024,grid,heif_r56_color_mean_def_b1024,1001.0,773.5,1.0,2000,0.6893181204795837,0.012774055329832626,0.037333333333333336,0.083,0.0005758864574175549,0.0006666666666666666,0.0026666666666666666,0.0005817051660857409,0.00101010101010101,0.00404040404040404,0.0005298822966534578,0.00101010101010101,0.00101010101010101
colorferet,cvlface_vit_b,heif,56,color,mean,{},1024,grid,heif_r56_color_mean_def_b1024,1001.0,773.5,1.0,2000,0.7696244120597839,0.005676649955251446,0.012333333333333333,0.035,0.0006055868399585196,0.0006666666666666666,0.002,0.0007317755588167575,0.0,0.00202020202020202,2.159286226321999e-06,0.0,0.0
colorferet,arcface_antelopev2,heif,56,color,none,{},1024,grid,heif_r56_color_none_def_b1024,997.0,1026.5,1.0,2000,0.7957730889320374,0.001746469614528622,0.0033333333333333335,0.023333333333333334,0.0004511448507456917,0.0006666666666666666,0.0026666666666666666,6.477858679032611e-05,0.0,0.00101010101010101,0.0,0.0,0.0
colorferet,cvlface_vit_b,heif,56,color,none,{},1024,grid,heif_r56_color_none_def_b1024,997.0,1026.5,1.0,2000,0.8073040843009949,0.0021715296093013543,0.004666666666666667,0.014,0.00041020980350227776,0.0,0.002,2.159286226321999e-06,0.0,0.0,0.0,0.0,0.0
colorferet,arcface_antelopev2,heif,56,color,ofiq_landmarks,{},1024,grid,heif_r56_color_ofiq_landmarks_def_b1024,999.0,866.0,1.0,2000,0.7388070225715637,0.0077359635992111705,0.021666666666666667,0.061,0.0006689476560457852,0.0006666666666666666,0.004666666666666667,0.00014035360471242875,0.0,0.00404040404040404,0.00011876074244898671,0.0,0.00101010101010101
colorferet,cvlface_vit_b,heif,56,color,ofiq_landmarks,{},1024,grid,heif_r56_color_ofiq_landmarks_def_b1024,999.0,866.0,1.0,2000,0.766120970249176,0.006299067011983088,0.015,0.039,0.0004210999437672852,0.0,0.0023333333333333335,0.00013279610292021848,0.0,0.00101010101010101,0.0,0.0,0.0
colorferet,arcface_antelopev2,heif,56,color,rectangle_mean,{},1024,grid,heif_r56_color_rectangle_mean_def_b1024,998.0,926.5,1.0,2000,0.8065925240516663,0.002944428604240433,0.007,0.028,0.0003745693444531423,0.0003333333333333333,0.004333333333333333,1.0796431131887552e-06,0.0,0.0,0.0,0.0,0.0
colorferet,cvlface_vit_b,heif,56,color,rectangle_mean,{},1024,grid,heif_r56_color_rectangle_mean_def_b1024,998.0,926.5,1.0,2000,0.8181679844856262,0.002638170139631393,0.004666666666666667,0.018333333333333333,0.00027556806931674116,0.0003333333333333333,0.002,0.0,0.0,0.0,0.0,0.0,0.0
colorferet,arcface_antelopev2,heif,56,gray,mean,{},1024,grid,heif_r56_gray_mean_def_b1024,1003.0,712.0,1.0,2000,0.6802647709846497,0.017466244525229463,0.050333333333333334,0.099,0.0009603559293843707,0.001,0.005,0.0012921103345532837,0.0030303030303030303,0.0030303030303030303,0.0005342008691061574,0.00101010101010101,0.00101010101010101
colorferet,cvlface_vit_b,heif,56,gray,mean,{},1024,grid,heif_r56_gray_mean_def_b1024,1003.0,712.0,1.0,2000,0.7477676272392273,0.014816495196458125,0.035,0.076,0.00039733963773454673,0.0,0.0023333333333333335,8.637144905399019e-06,0.0,0.0,0.0,0.0,0.0
colorferet,arcface_antelopev2,heif,56,gray,none,{},1024,grid,heif_r56_gray_none_def_b1024,998.0,950.0,1.0,2000,0.8062326908111572,0.0019672424580828842,0.004666666666666667,0.024333333333333332,0.0005432160366225325,0.0006666666666666666,0.0033333333333333335,1.2955717358043017e-05,0.0,0.0,0.0,0.0,0.0
colorferet,cvlface_vit_b,heif,56,gray,none,{},1024,grid,heif_r56_gray_none_def_b1024,998.0,950.0,1.0,2000,0.8074808716773987,0.005146003120520194,0.010666666666666666,0.03,0.00032803874513905485,0.0,0.002,2.267250537663079e-05,0.0,0.0,0.0,0.0,0.0
colorferet,arcface_antelopev2,heif,56,gray,ofiq_landmarks,{},1024,grid,heif_r56_gray_ofiq_landmarks_def_b1024,1002.0,798.0,1.0,2000,0.7368118166923523,0.009134594213573446,0.031,0.076,0.0008049239274202087,0.001,0.005333333333333333,6.477858679032611e-05,0.0,0.00101010101010101,6.477858679021509e-06,0.0,0.0
colorferet,cvlface_vit_b,heif,56,gray,ofiq_landmarks,{},1024,grid,heif_r56_gray_ofiq_landmarks_def_b1024,1002.0,798.0,1.0,2000,0.745046854019165,0.017450059796770178,0.03833333333333333,0.071,0.0004349601222863503,0.0003333333333333333,0.0036666666666666666,1.7274289810742527e-05,0.0,0.0,0.0,0.0,0.0
colorferet,arcface_antelopev2,heif,56,gray,rectangle_mean,{},1024,grid,heif_r56_gray_rectangle_mean_def_b1024,1000.0,857.0,1.0,2000,0.8091017007827759,0.003983340065420021,0.009666666666666667,0.030666666666666665,0.0009524358273734763,0.001,0.004666666666666667,2.159286226321999e-06,0.0,0.0,0.0,0.0,0.0
colorferet,cvlface_vit_b,heif,56,gray,rectangle_mean,{},1024,grid,heif_r56_gray_rectangle_mean_def_b1024,1000.0,857.0,1.0,2000,0.8091152310371399,0.00878180514965032,0.019333333333333334,0.04,0.0004897553480488848,0.0,0.0026666666666666666,9.069002150646766e-05,0.0,0.00101010101010101,0.0,0.0,0.0
colorferet,arcface_antelopev2,heif,64,color,mean,{},1024,grid,heif_r64_color_mean_def_b1024,1000.0,755.0,1.0,2000,0.7517518401145935,0.006715561416431034,0.018,0.04833333333333333,0.00033100878339311246,0.0,0.0023333333333333335,0.00014899074961782777,0.0,0.00202020202020202,3.130965028202981e-05,0.0,0.0
colorferet,cvlface_vit_b,heif,64,color,mean,{},1024,grid,heif_r64_color_mean_def_b1024,1000.0,755.0,1.0,2000,0.8151146173477173,0.004494186645123982,0.007666666666666666,0.018666666666666668,0.0005204457433411836,0.0,0.0023333333333333335,1.1876074244909773e-05,0.0,0.0,0.0,0.0,0.0
colorferet,arcface_antelopev2,heif,64,color,none,{},1024,grid,heif_r64_color_none_def_b1024,992.0,1036.0,1.0,2000,0.8232930898666382,0.0015517380663862723,0.002,0.014333333333333333,0.00044783028805413683,0.0,0.0023333333333333335,2.159286226321999e-06,0.0,0.0,0.0,0.0,0.0
colorferet,cvlface_vit_b,heif,64,color,none,{},1024,grid,heif_r64_color_none_def_b1024,992.0,1036.0,1.0,2000,0.8297904133796692,0.002460613332699719,0.0036666666666666666,0.009666666666666667,0.0006927079620785792,0.0,0.0026666666666666666,3.2389293395107543e-06,0.0,0.0,0.0,0.0,0.0
colorferet,arcface_antelopev2,heif,64,color,ofiq_landmarks,{},1024,grid,heif_r64_color_ofiq_landmarks_def_b1024,995.0,852.0,1.0,2000,0.7831623554229736,0.005676649955251446,0.014666666666666666,0.03766666666666667,0.0006016267889530169,0.0003333333333333333,0.004333333333333333,4.642465386639483e-05,0.0,0.0,4.3185724526995095e-06,0.0,0.0
colorferet,cvlface_vit_b,heif,64,color,ofiq_landmarks,{},1024,grid,heif_r64_color_ofiq_landmarks_def_b1024,995.0,852.0,1.0,2000,0.8031125664710999,0.005152244160904816,0.010333333333333333,0.022,0.0005220812444064099,0.0003333333333333333,0.0023333333333333335,3.2389293395107543e-06,0.0,0.0,1.0796431131887552e-06,0.0,0.0
colorferet,arcface_antelopev2,heif,64,color,rectangle_mean,{},1024,grid,heif_r64_color_rectangle_mean_def_b1024,995.0,920.0,1.0,2000,0.836457371711731,0.0013616556181243644,0.0023333333333333335,0.016666666666666666,0.0002884382350844722,0.0,0.002,0.0,0.0,0.0,0.0,0.0,0.0
colorferet,cvlface_vit_b,heif,64,color,rectangle_mean,{},1024,grid,heif_r64_color_rectangle_mean_def_b1024,995.0,920.0,1.0,2000,0.8426651358604431,0.0023870514252223294,0.004333333333333333,0.011333333333333334,0.0004022897014913279,0.0,0.0013333333333333333,0.0,0.0,0.0,0.0,0.0,0.0
colorferet,arcface_antelopev2,heif,64,gray,mean,{},1024,grid,heif_r64_gray_mean_def_b1024,1000.0,692.0,1.0,2000,0.7431660294532776,0.008395011127743338,0.026,0.06166666666666667,0.0006342972097480393,0.0,0.0036666666666666666,4.642465386639483e-05,0.0,0.0,8.097323348793539e-05,0.0,0.00101010101010101
colorferet,cvlface_vit_b,heif,64,gray,mean,{},1024,grid,heif_r64_gray_mean_def_b1024,1000.0,692.0,1.0,2000,0.7898807525634766,0.010010153570777978,0.021666666666666667,0.048,0.0005085655903247866,0.0006666666666666666,0.0023333333333333335,3.2389293395107543e-06,0.0,0.0,0.0,0.0,0.0
colorferet,arcface_antelopev2,heif,64,gray,none,{},1024,grid,heif_r64_gray_none_def_b1024,995.0,961.0,1.0,2000,0.8306546807289124,0.002023673184910645,0.004333333333333333,0.015666666666666666,0.0008484844884802385,0.001,0.0033333333333333335,1.0796431131887552e-06,0.0,0.0,0.0,0.0,0.0
colorferet,cvlface_vit_b,heif,64,gray,none,{},1024,grid,heif_r64_gray_none_def_b1024,995.0,961.0,1.0,2000,0.8260358572006226,0.00411862728791945,0.007666666666666666,0.022333333333333334,0.0004161498800104485,0.0,0.0023333333333333335,4.3185724526995095e-06,0.0,0.0,0.0,0.0,0.0
colorferet,arcface_antelopev2,heif,64,gray,ofiq_landmarks,{},1024,grid,heif_r64_gray_ofiq_landmarks_def_b1024,998.0,785.0,1.0,2000,0.7808235883712769,0.0051189282517959,0.019,0.047,0.0008085394539881585,0.0006666666666666666,0.005,5.398215565888265e-06,0.0,0.0,1.0796431131887552e-06,0.0,0.0
colorferet,cvlface_vit_b,heif,64,gray,ofiq_landmarks,{},1024,grid,heif_r64_gray_ofiq_landmarks_def_b1024,998.0,785.0,1.0,2000,0.7814090847969055,0.013133730922454265,0.026,0.052,0.0005887566231852859,0.0003333333333333333,0.004,7.557501792210264e-06,0.0,0.0,0.0,0.0,0.0
colorferet,arcface_antelopev2,heif,64,gray,rectangle_mean,{},1024,grid,heif_r64_gray_rectangle_mean_def_b1024,997.0,848.0,1.0,2000,0.8371639251708984,0.001662964018976568,0.005,0.02,0.0003864494974695393,0.0,0.0036666666666666666,0.0,0.0,0.0,0.0,0.0,0.0
colorferet,cvlface_vit_b,heif,64,gray,rectangle_mean,{},1024,grid,heif_r64_gray_rectangle_mean_def_b1024,997.0,848.0,1.0,2000,0.8311777710914612,0.007349169577304134,0.014333333333333333,0.029666666666666668,0.0004181299055131721,0.0,0.0026666666666666666,0.0,0.0,0.0,0.0,0.0,0.0
colorferet,arcface_antelopev2,heif,80,color,mean,{},1024,grid,heif_r80_color_mean_def_b1024,997.0,896.0,1.0,2000,0.8142024874687195,0.0031091152454043765,0.007666666666666666,0.026333333333333334,0.00035971915318268766,0.0,0.0013333333333333333,0.0,0.0,0.0,0.0,0.0,0.0
colorferet,cvlface_vit_b,heif,80,color,mean,{},1024,grid,heif_r80_color_mean_def_b1024,997.0,896.0,1.0,2000,0.8525700569152832,0.00203060327417015,0.0026666666666666666,0.008333333333333333,0.00045080032630819445,0.0,0.002,0.0,0.0,0.0,0.0,0.0,0.0
colorferet,arcface_antelopev2,heif,80,color,none,{},1024,grid,heif_r80_color_none_def_b1024,990.0,1281.0,1.0,2000,0.8288952708244324,0.0013517554906107465,0.002,0.010333333333333333,0.0006016267889530169,0.0003333333333333333,0.0033333333333333335,1.4035360471231773e-05,0.0,0.0,0.0,0.0,0.0
colorferet,cvlface_vit_b,heif,80,color,none,{},1024,grid,heif_r80_color_none_def_b1024,990.0,1281.0,1.0,2000,0.8313544392585754,0.00206262820665128,0.003,0.008666666666666666,0.0002914082733385853,0.0003333333333333333,0.0016666666666666668,1.0796431131887552e-06,0.0,0.0,0.0,0.0,0.0
colorferet,arcface_antelopev2,heif,80,color,ofiq_landmarks,{},1024,grid,heif_r80_color_ofiq_landmarks_def_b1024,994.0,1019.0,1.0,2000,0.8232882022857666,0.003265537260119928,0.005666666666666667,0.023,0.0006125169292180244,0.0,0.0023333333333333335,1.0796431131887552e-06,0.0,0.0,0.0,0.0,0.0
colorferet,cvlface_vit_b,heif,80,color,ofiq_landmarks,{},1024,grid,heif_r80_color_ofiq_landmarks_def_b1024,994.0,1019.0,1.0,2000,0.8353481888771057,0.0024118017440064574,0.004666666666666667,0.012,0.0004418902115459106,0.0003333333333333333,0.002,1.0796431131887552e-06,0.0,0.0,0.0,0.0,0.0
colorferet,arcface_antelopev2,heif,80,color,rectangle_mean,{},1024,grid,heif_r80_color_rectangle_mean_def_b1024,992.0,1118.5,1.0,2000,0.8507071733474731,0.0017877056256484312,0.003,0.013333333333333334,0.00078477914795542,0.0003333333333333333,0.0026666666666666666,0.0,0.0,0.0,0.0,0.0,0.0
colorferet,cvlface_vit_b,heif,80,color,rectangle_mean,{},1024,grid,heif_r80_color_rectangle_mean_def_b1024,992.0,1118.5,1.0,2000,0.8509930372238159,0.0023734922105796592,0.0026666666666666666,0.007,0.00038545948471814973,0.0,0.0033333333333333335,0.0,0.0,0.0,0.0,0.0,0.0
colorferet,arcface_antelopev2,heif,80,gray,mean,{},1024,grid,heif_r80_gray_mean_def_b1024,999.0,808.0,1.0,2000,0.8116528987884521,0.004493885681247587,0.011,0.03333333333333333,0.0005432160366225325,0.0,0.0036666666666666666,4.3185724526995095e-06,0.0,0.0,4.3185724526995095e-06,0.0,0.0
colorferet,cvlface_vit_b,heif,80,gray,mean,{},1024,grid,heif_r80_gray_mean_def_b1024,999.0,808.0,1.0,2000,0.8325322270393372,0.006658786165165832,0.014666666666666666,0.034,0.00042902004577817954,0.0,0.0026666666666666666,0.0,0.0,0.0,0.0,0.0,0.0
colorferet,arcface_antelopev2,heif,80,gray,none,{},1024,grid,heif_r80_gray_none_def_b1024,990.0,1179.0,1.0,2000,0.8377672433853149,0.001742509563523175,0.003,0.017,0.0009662960058925414,0.001,0.0033333333333333335,3.2389293395107543e-06,0.0,0.0,0.0,0.0,0.0
colorferet,cvlface_vit_b,heif,80,gray,none,{},1024,grid,heif_r80_gray_none_def_b1024,990.0,1179.0,1.0,2000,0.8285630941390991,0.005315940789317368,0.009,0.019666666666666666,0.000320118643128105,0.0,0.003,0.0,0.0,0.0,0.0,0.0,0.0
colorferet,arcface_antelopev2,heif,80,gray,ofiq_landmarks,{},1024,grid,heif_r80_gray_ofiq_landmarks_def_b1024,996.0,922.0,1.0,2000,0.8255894184112549,0.0030157095223386486,0.008666666666666666,0.027666666666666666,0.0006402372862562655,0.0,0.0036666666666666666,0.0,0.0,0.0,0.0,0.0,0.0
colorferet,cvlface_vit_b,heif,80,gray,ofiq_landmarks,{},1024,grid,heif_r80_gray_ofiq_landmarks_def_b1024,996.0,922.0,1.0,2000,0.8194899559020996,0.007265018493438188,0.02,0.03933333333333333,0.000331998796144502,0.0,0.0026666666666666666,0.0,0.0,0.0,0.0,0.0,0.0
colorferet,arcface_antelopev2,heif,80,gray,rectangle_mean,{},1024,grid,heif_r80_gray_rectangle_mean_def_b1024,993.0,1017.5,1.0,2000,0.8565041422843933,0.0014269964597144092,0.0026666666666666666,0.014666666666666666,0.0005956867124448462,0.0003333333333333333,0.004333333333333333,0.0,0.0,0.0,0.0,0.0,0.0
colorferet,cvlface_vit_b,heif,80,gray,rectangle_mean,{},1024,grid,heif_r80_gray_rectangle_mean_def_b1024,993.0,1017.5,1.0,2000,0.8452450037002563,0.004323258963575473,0.010333333333333333,0.025,0.00034288893640950946,0.0,0.0023333333333333335,0.0,0.0,0.0,0.0,0.0,0.0
colorferet,arcface_antelopev2,heif,96,color,mean,{},1024,grid,heif_r96_color_mean_def_b1024,997.0,1058.5,1.0,2000,0.8380025625228882,0.0024470976786180954,0.0033333333333333335,0.015666666666666666,0.0005171311806496287,0.0,0.0016666666666666668,2.159286226321999e-06,0.0,0.0,0.0,0.0,0.0
colorferet,cvlface_vit_b,heif,96,color,mean,{},1024,grid,heif_r96_color_mean_def_b1024,997.0,1058.5,1.0,2000,0.8628194332122803,0.0018289851973293423,0.0036666666666666666,0.007666666666666666,0.0005857865849312283,0.0,0.0026666666666666666,0.0,0.0,0.0,0.0,0.0,0.0
colorferet,arcface_antelopev2,heif,96,color,none,{},1024,ours,heif_r96_color_none_def_b1024,987.0,1726.5,1.0,3976,0.827854335308075,0.0007672828171288745,0.0006706908115358819,0.005533199195171026,0.0003168231210807123,0.0,0.0015090543259557343,1.8270536082554134e-05,0.0,0.0,2.5278412936147188e-05,0.0,0.0
colorferet,cvlface_vit_b,heif,96,color,none,{},1024,ours,heif_r96_color_none_def_b1024,987.0,1726.5,1.0,3976,0.8299802541732788,0.0011581842511512819,0.0015090543259557343,0.0041918175720992625,0.00025951532616956893,0.0,0.0011737089201877935,5.005626323995038e-06,0.0,0.0,2.2525318457700116e-06,0.0,0.0
colorferet,edgeface_xs,heif,96,color,none,{},1024,ours,heif_r96_color_none_def_b1024,987.0,1726.5,1.0,3976,0.8956502676010132,0.006004368492479136,0.012575452716297788,0.03118712273641851,0.004468555204926199,0.008886653252850436,0.018108651911468814,0.00042459008102608767,0.00044822949350067237,0.002689376961004034,0.00024538865862728734,0.00044822949350067237,0.00044822949350067237
colorferet,lvface_l,heif,96,color,none,{},1024,ours,heif_r96_color_none_def_b1024,987.0,1726.5,1.0,3976,0.6934462189674377,0.0019564947547388513,0.0025150905432595573,0.009221998658618377,0.0009449638108926207,0.001006036217303823,0.003688799463447351,1.9772223979752646e-05,0.0,0.0,5.7564702725665384e-06,0.0,0.0
colorferet,topofr_r100,heif,96,color,none,{},1024,ours,heif_r96_color_none_def_b1024,987.0,1726.5,1.0,3976,0.8219913840293884,0.0009494701580252867,0.0011737089201877935,0.005197853789403085,0.00016166484147416875,0.0,0.0008383635144198525,5.005626323995038e-06,0.0,0.0,9.760971331762569e-06,0.0,0.0
colorferet,arcface_antelopev2,heif,96,color,ofiq_landmarks,{},1024,grid,heif_r96_color_ofiq_landmarks_def_b1024,993.0,1207.5,1.0,2000,0.8394378423690796,0.0024972438045001884,0.004666666666666667,0.01633333333333333,0.00031318855386860023,0.0003333333333333333,0.0023333333333333335,2.159286226321999e-06,0.0,0.0,0.0,0.0,0.0
colorferet,cvlface_vit_b,heif,96,color,ofiq_landmarks,{},1024,grid,heif_r96_color_ofiq_landmarks_def_b1024,993.0,1207.5,1.0,2000,0.8461809754371643,0.0020319378113590365,0.003,0.012333333333333333,0.00028249815857630145,0.0,0.0013333333333333333,0.0,0.0,0.0,0.0,0.0,0.0
colorferet,arcface_antelopev2,heif,96,color,rectangle_mean,"{""chroma_downsampling"": ""average""}",1024,annexE,heif_r96_color_rectangle_mean_chroma_downsamplingaverage_b1024,991.0,1440.5,1.0,3976,0.8542406558990479,0.0009589779441459801,0.0008383635144198525,0.0053655264922870555,0.00043844758183096526,0.0,0.0015090543259557343,1.5016878971985115e-06,0.0,0.0,1.251406580971004e-06,0.0,0.0
colorferet,cvlface_vit_b,heif,96,color,rectangle_mean,"{""chroma_downsampling"": ""average""}",1024,annexE,heif_r96_color_rectangle_mean_chroma_downsamplingaverage_b1024,991.0,1440.5,1.0,3976,0.8529602885246277,0.0013170927078483138,0.0015090543259557343,0.0030181086519114686,0.0002978039402368634,0.0,0.001006036217303823,1.7519692133705078e-06,0.0,0.0,1.0011252647990077e-06,0.0,0.0
colorferet,edgeface_xs,heif,96,color,rectangle_mean,"{""chroma_downsampling"": ""average""}",1024,annexE,heif_r96_color_rectangle_mean_chroma_downsamplingaverage_b1024,991.0,1440.5,1.0,3976,0.9138481020927429,0.005566923724467483,0.012072434607645875,0.02397719651240778,0.004221051992973827,0.008718980549966466,0.01626425217974514,0.0004150793910104971,0.0,0.001344688480502017,1.8020254766382138e-05,0.0,0.0
colorferet,lvface_l,heif,96,color,rectangle_mean,"{""chroma_downsampling"": ""average""}",1024,annexE,heif_r96_color_rectangle_mean_chroma_downsamplingaverage_b1024,991.0,1440.5,1.0,3976,0.7086952924728394,0.0013809070646271379,0.0021797451374916165,0.008048289738430584,0.0008984186726022274,0.0011737089201877935,0.002850435949027498,3.5039384267965268e-06,0.0,0.0,1.0011252647990077e-06,0.0,0.0
colorferet,topofr_r100,heif,96,color,rectangle_mean,"{""chroma_downsampling"": ""average""}",1024,annexE,heif_r96_color_rectangle_mean_chroma_downsamplingaverage_b1024,991.0,1440.5,1.0,3976,0.8451560735702515,0.0010861079572457492,0.0011737089201877935,0.004527162977867203,0.00035636299704565685,0.0,0.002012072434607646,2.2525318457700116e-06,0.0,0.0,3.2536571105690193e-06,0.0,0.0
colorferet,arcface_antelopev2,heif,96,color,rectangle_mean,{},1024,grid,heif_r96_color_rectangle_mean_def_b1024,992.0,1343.0,1.0,2000,0.8500219583511353,0.0015441624888128756,0.0033333333333333335,0.012,0.0006847878600676294,0.0,0.0033333333333333335,0.0,0.0,0.0,0.0,0.0,0.0
colorferet,cvlface_vit_b,heif,96,color,rectangle_mean,{},1024,grid,heif_r96_color_rectangle_mean_def_b1024,992.0,1343.0,1.0,2000,0.8495617508888245,0.002139203712943829,0.0033333333333333335,0.007,0.00040525973974544105,0.0,0.0026666666666666666,0.0,0.0,0.0,0.0,0.0,0.0
colorferet,arcface_antelopev2,heif,96,gray,mean,{},1024,grid,heif_r96_gray_mean_def_b1024,999.0,942.0,1.0,2000,0.8418042063713074,0.002381412312590609,0.006,0.02,0.0009154608311355095,0.001,0.0026666666666666666,0.0,0.0,0.0,0.0,0.0,0.0
colorferet,cvlface_vit_b,heif,96,gray,mean,{},1024,grid,heif_r96_gray_mean_def_b1024,999.0,942.0,1.0,2000,0.8507890701293945,0.00555156382414203,0.01,0.02666666666666667,0.00038842952297226286,0.0,0.0023333333333333335,0.0,0.0,0.0,0.0,0.0,0.0
colorferet,arcface_antelopev2,heif,96,gray,none,{},1024,grid,heif_r96_gray_none_def_b1024,991.0,1434.5,1.0,2000,0.8316320776939392,0.00130324486579388,0.0016666666666666668,0.012,0.000788093710646975,0.001,0.004666666666666667,0.0,0.0,0.0,0.0,0.0,0.0
colorferet,cvlface_vit_b,heif,96,gray,none,{},1024,grid,heif_r96_gray_none_def_b1024,991.0,1434.5,1.0,2000,0.8248040676116943,0.0033916134039806223,0.007666666666666666,0.02033333333333333,0.0002765580820680752,0.0,0.001,2.159286226321999e-06,0.0,0.0,0.0,0.0,0.0
colorferet,arcface_antelopev2,heif,96,gray,ofiq_landmarks,{},1024,grid,heif_r96_gray_ofiq_landmarks_def_b1024,995.0,1085.0,1.0,2000,0.8452268242835999,0.0019553623050664872,0.005333333333333333,0.02033333333333333,0.0006481573882671599,0.0003333333333333333,0.003,0.0,0.0,0.0,0.0,0.0,0.0
colorferet,cvlface_vit_b,heif,96,gray,ofiq_landmarks,{},1024,grid,heif_r96_gray_ofiq_landmarks_def_b1024,995.0,1085.0,1.0,2000,0.8385459184646606,0.005268764701689334,0.009666666666666667,0.023666666666666666,0.0003151685793713238,0.0,0.0016666666666666668,1.1876074244909773e-05,0.0,0.0,0.0,0.0,0.0
colorferet,arcface_antelopev2,heif,96,gray,rectangle_mean,{},1024,grid,heif_r96_gray_rectangle_mean_def_b1024,993.0,1213.5,1.0,2000,0.8576397895812988,0.001629303585430156,0.0036666666666666666,0.014333333333333333,0.0006837978473162953,0.0003333333333333333,0.0033333333333333335,0.0,0.0,0.0,0.0,0.0,0.0
colorferet,cvlface_vit_b,heif,96,gray,rectangle_mean,{},1024,grid,heif_r96_gray_rectangle_mean_def_b1024,993.0,1213.5,1.0,2000,0.8475353717803955,0.004530171628610559,0.007333333333333333,0.017333333333333333,0.0003102185156144871,0.0,0.0016666666666666668,0.0,0.0,0.0,0.0,0.0,0.0
colorferet,arcface_antelopev2,jpeg2000,112,color,mean,{},1024,grid,jpeg2000_r112_color_mean_def_b1024,997.0,391.0,1.0,2000,0.5501895546913147,0.01837279524160269,0.12266666666666666,0.263,0.012422901766974779,0.03666666666666667,0.09166666666666666,0.006061940892091425,0.03636363636363636,0.0898989898989899,0.0106320374736927,0.026262626262626262,0.05555555555555555
colorferet,cvlface_vit_b,jpeg2000,112,color,mean,{},1024,grid,jpeg2000_r112_color_mean_def_b1024,997.0,391.0,1.0,2000,0.6133972406387329,0.01518249895058648,0.08133333333333333,0.187,0.006251546399917611,0.019,0.043,0.0030115368700085925,0.00808080808080808,0.022222222222222223,0.00285498861859861,0.010101010101010102,0.01717171717171717
colorferet,arcface_antelopev2,jpeg2000,112,color,none,{},1024,grid,jpeg2000_r112_color_none_def_b1024,998.0,391.0,1.0,2000,0.47491756081581116,0.041796853343471066,0.264,0.472,0.03613505357949008,0.11566666666666667,0.20433333333333334,0.012145474646446348,0.07474747474747474,0.21818181818181817,0.03367450710038745,0.08787878787878788,0.1505050505050505
colorferet,cvlface_vit_b,jpeg2000,112,color,none,{},1024,grid,jpeg2000_r112_color_none_def_b1024,998.0,391.0,1.0,2000,0.5274383425712585,0.030548494784612808,0.192,0.345,0.01934701134950618,0.059333333333333335,0.11566666666666667,0.004570096581601275,0.024242424242424242,0.07575757575757576,0.014634241777765237,0.03636363636363636,0.0696969696969697
colorferet,arcface_antelopev2,jpeg2000,112,color,ofiq_landmarks,{},1024,grid,jpeg2000_r112_color_ofiq_landmarks_def_b1024,998.0,391.0,1.0,2000,0.5477340221405029,0.02241222150941303,0.133,0.2663333333333333,0.013540669723826036,0.037,0.08566666666666667,0.0063273106260176345,0.030303030303030304,0.07878787878787878,0.009969359074119024,0.02727272727272727,0.06464646464646465
colorferet,cvlface_vit_b,jpeg2000,112,color,ofiq_landmarks,{},1024,grid,jpeg2000_r112_color_ofiq_landmarks_def_b1024,998.0,391.0,1.0,2000,0.6035942435264587,0.018050696572971862,0.097,0.204,0.005915587552767662,0.014666666666666666,0.04,0.0020573548298783374,0.00808080808080808,0.03535353535353535,0.0037962149413708216,0.007070707070707071,0.01818181818181818
colorferet,arcface_antelopev2,jpeg2000,112,color,rectangle_mean,{},1024,grid,jpeg2000_r112_color_rectangle_mean_def_b1024,998.0,391.0,1.0,2000,0.5279877781867981,0.027499469353165242,0.17033333333333334,0.3383333333333333,0.021983502427511244,0.050666666666666665,0.10433333333333333,0.008028605700463294,0.03333333333333333,0.10202020202020202,0.013881730527883999,0.04242424242424243,0.0797979797979798
colorferet,cvlface_vit_b,jpeg2000,112,color,rectangle_mean,{},1024,grid,jpeg2000_r112_color_rectangle_mean_def_b1024,998.0,391.0,1.0,2000,0.5792635083198547,0.024777148129667904,0.126,0.284,0.009542479467135559,0.023,0.05733333333333333,0.0025194420823161858,0.00808080808080808,0.03636363636363636,0.007627200934277356,0.01616161616161616,0.03333333333333333
colorferet,arcface_antelopev2,jpeg2000,112,gray,mean,{},1024,grid,jpeg2000_r112_gray_mean_def_b1024,1013.0,249.0,1.0,2000,0.8259699940681458,0.0021008941795170313,0.005333333333333333,0.018,0.0008342797855236206,0.001,0.0026666666666666666,0.000507209791276827,0.00101010101010101,0.00101010101010101,0.0,0.0,0.0
colorferet,cvlface_vit_b,jpeg2000,112,gray,mean,{},1024,grid,jpeg2000_r112_gray_mean_def_b1024,1013.0,249.0,1.0,2000,0.837393045425415,0.005508648751395893,0.008333333333333333,0.018333333333333333,0.0003824894464640921,0.0,0.0026666666666666666,4.858394009277234e-05,0.0,0.0,0.0,0.0,0.0
colorferet,arcface_antelopev2,jpeg2000,112,gray,none,{},1024,grid,jpeg2000_r112_gray_none_def_b1024,1012.0,249.0,1.0,2000,0.773692786693573,0.002401212567617845,0.004333333333333333,0.023666666666666666,0.001590693088126963,0.002,0.007,0.00021592862263447588,0.0,0.00202020202020202,0.0006648376858000538,0.00101010101010101,0.0030303030303030303
colorferet,cvlface_vit_b,jpeg2000,112,gray,none,{},1024,grid,jpeg2000_r112_gray_none_def_b1024,1012.0,249.0,1.0,2000,0.7704483866691589,0.007292093362162482,0.019333333333333334,0.05433333333333333,0.0006610275540348909,0.0006666666666666666,0.005666666666666667,1.9433576037120037e-05,0.0,0.0,0.00032929114951762983,0.0,0.00101010101010101
colorferet,arcface_antelopev2,jpeg2000,112,gray,ofiq_landmarks,{},1024,grid,jpeg2000_r112_gray_ofiq_landmarks_def_b1024,1013.0,249.0,1.0,2000,0.8251807689666748,0.0020959441157601946,0.005666666666666667,0.02033333333333333,0.0006540974647753306,0.0006666666666666666,0.0036666666666666666,7.017680235621437e-05,0.0,0.00101010101010101,9.716788018532263e-06,0.0,0.0
colorferet,cvlface_vit_b,jpeg2000,112,gray,ofiq_landmarks,{},1024,grid,jpeg2000_r112_gray_ofiq_landmarks_def_b1024,1013.0,249.0,1.0,2000,0.8197930455207825,0.005169074377677994,0.011666666666666667,0.024,0.00034288893640950946,0.0,0.0023333333333333335,0.00017382254122078056,0.0,0.00101010101010101,0.0,0.0,0.0
colorferet,arcface_antelopev2,jpeg2000,112,gray,rectangle_mean,{},1024,grid,jpeg2000_r112_gray_rectangle_mean_def_b1024,1013.0,249.0,1.0,2000,0.8246101140975952,0.0018078504051132196,0.003,0.013333333333333334,0.000544206049373922,0.0003333333333333333,0.0026666666666666666,1.4035360471231773e-05,0.0,0.0,3.2389293395107543e-06,0.0,0.0
colorferet,cvlface_vit_b,jpeg2000,112,gray,rectangle_mean,{},1024,grid,jpeg2000_r112_gray_rectangle_mean_def_b1024,1013.0,249.0,1.0,2000,0.8142955303192139,0.007221802456815656,0.015333333333333332,0.030666666666666665,0.0004062497524968306,0.0,0.0026666666666666666,1.5115003584420528e-05,0.0,0.0,1.0796431131887552e-06,0.0,0.0
colorferet,arcface_antelopev2,jpeg2000,168,color,mean,{},1024,grid,jpeg2000_r168_color_mean_def_b1024,1013.0,860.0,1.0,2000,0.5532503724098206,0.021473645860558672,0.122,0.274,0.012540713284387082,0.045,0.106,0.007363768014663241,0.03333333333333333,0.08585858585858586,0.00928832674162136,0.03535353535353535,0.08585858585858586
colorferet,cvlface_vit_b,jpeg2000,168,color,mean,{},1024,grid,jpeg2000_r168_color_mean_def_b1024,1013.0,860.0,1.0,2000,0.6183090806007385,0.014036020623945648,0.06966666666666667,0.174,0.006781547746334972,0.014666666666666666,0.04466666666666667,0.003017569784859215,0.005050505050505051,0.01818181818181818,0.002641219282190456,0.005050505050505051,0.012121212121212121
colorferet,arcface_antelopev2,jpeg2000,168,color,none,{},1024,grid,jpeg2000_r168_color_none_def_b1024,1013.0,859.0,1.0,2000,0.49125802516937256,0.03309459373836736,0.226,0.401,0.02395836402372863,0.08833333333333333,0.18,0.014106963711166556,0.052525252525252523,0.13535353535353536,0.019663409154379023,0.06868686868686869,0.12525252525252525
colorferet,cvlface_vit_b,jpeg2000,168,color,none,{},1024,grid,jpeg2000_r168_color_none_def_b1024,1013.0,859.0,1.0,2000,0.553114652633667,0.02493555016988618,0.156,0.303,0.009249091168294251,0.03133333333333333,0.078,0.00957919568289326,0.010101010101010102,0.03535353535353535,0.004045390028599423,0.00909090909090909,0.02727272727272727
colorferet,arcface_antelopev2,jpeg2000,168,color,ofiq_landmarks,{},1024,grid,jpeg2000_r168_color_ofiq_landmarks_def_b1024,1013.0,860.0,1.0,2000,0.5511873364448547,0.02193964090257482,0.12466666666666666,0.2876666666666667,0.011994527209510436,0.042666666666666665,0.11266666666666666,0.007540384541395077,0.02727272727272727,0.07878787878787878,0.010147722659706674,0.03333333333333333,0.07474747474747474
colorferet,cvlface_vit_b,jpeg2000,168,color,ofiq_landmarks,{},1024,grid,jpeg2000_r168_color_ofiq_landmarks_def_b1024,1013.0,860.0,1.0,2000,0.6128600835800171,0.016347142031189376,0.07966666666666666,0.19,0.00589083723398359,0.012,0.033,0.0038480378108031047,0.007070707070707071,0.01919191919191919,0.0024425649493667228,0.00404040404040404,0.011111111111111112
colorferet,arcface_antelopev2,jpeg2000,168,color,rectangle_mean,{},1024,grid,jpeg2000_r168_color_rectangle_mean_def_b1024,1013.0,859.0,1.0,2000,0.5341212153434753,0.0243576836869659,0.15466666666666667,0.31466666666666665,0.01535708571926404,0.054,0.11633333333333333,0.009160928854267029,0.031313131313131314,0.09696969696969697,0.011208566896126836,0.046464646464646465,0.08484848484848485
colorferet,cvlface_vit_b,jpeg2000,168,color,rectangle_mean,{},1024,grid,jpeg2000_r168_color_rectangle_mean_def_b1024,1013.0,859.0,1.0,2000,0.592542827129364,0.019483977633631938,0.10566666666666667,0.23933333333333334,0.007126416708247204,0.018333333333333333,0.044333333333333336,0.005753162961724104,0.00909090909090909,0.021212121212121213,0.0023281227793704356,0.00808080808080808,0.013131313131313131
colorferet,arcface_antelopev2,jpeg2000,168,gray,mean,{},1024,grid,jpeg2000_r168_gray_mean_def_b1024,1008.0,297.0,1.0,2000,0.8218466639518738,0.0019375420755419195,0.0036666666666666666,0.018333333333333333,0.0007224083446194884,0.0006666666666666666,0.002,2.159286226321999e-06,0.0,0.0,3.2389293395107543e-06,0.0,0.0
colorferet,cvlface_vit_b,jpeg2000,168,gray,mean,{},1024,grid,jpeg2000_r168_gray_mean_def_b1024,1008.0,297.0,1.0,2000,0.826446533203125,0.005065123038784756,0.006666666666666667,0.018,0.0002745780565653516,0.0,0.002,1.6194646697609283e-05,0.0,0.0,0.0,0.0,0.0
colorferet,arcface_antelopev2,jpeg2000,168,gray,none,{},1024,grid,jpeg2000_r168_gray_none_def_b1024,1009.0,297.0,1.0,2000,0.7511979341506958,0.004684613617823387,0.014333333333333333,0.042666666666666665,0.0027193511852432817,0.005333333333333333,0.01633333333333333,0.0006972269791952169,0.00101010101010101,0.006060606060606061,0.0017917626240379005,0.0030303030303030303,0.007070707070707071
colorferet,cvlface_vit_b,jpeg2000,168,gray,none,{},1024,grid,jpeg2000_r168_gray_none_def_b1024,1009.0,297.0,1.0,2000,0.7559909820556641,0.005581608731120437,0.020666666666666667,0.051666666666666666,0.001616433419662425,0.0023333333333333335,0.011333333333333334,0.00012092002867530871,0.0,0.00101010101010101,0.0005806255229726077,0.00101010101010101,0.00202020202020202
colorferet,arcface_antelopev2,jpeg2000,168,gray,ofiq_landmarks,{},1024,grid,jpeg2000_r168_gray_ofiq_landmarks_def_b1024,1009.0,297.0,1.0,2000,0.8139511942863464,0.0014636269315148787,0.004,0.018333333333333333,0.00048777532254616125,0.0003333333333333333,0.003,9.716788018532263e-06,0.0,0.0,0.0,0.0,0.0
colorferet,cvlface_vit_b,jpeg2000,168,gray,ofiq_landmarks,{},1024,grid,jpeg2000_r168_gray_ofiq_landmarks_def_b1024,1009.0,297.0,1.0,2000,0.8149749040603638,0.005643635010018926,0.009666666666666667,0.025,0.0004230799692700088,0.0,0.0016666666666666668,1.0796431131887552e-06,0.0,0.0,0.0,0.0,0.0
colorferet,arcface_antelopev2,jpeg2000,168,gray,rectangle_mean,{},1024,grid,jpeg2000_r168_gray_rectangle_mean_def_b1024,1009.0,297.0,1.0,2000,0.7991634011268616,0.0025665446970956803,0.005666666666666667,0.021666666666666667,0.000819429594253166,0.0006666666666666666,0.004666666666666667,2.051321915025328e-05,0.0,0.0,3.2389293395107543e-06,0.0,0.0
colorferet,cvlface_vit_b,jpeg2000,168,gray,rectangle_mean,{},1024,grid,jpeg2000_r168_gray_rectangle_mean_def_b1024,1009.0,297.0,1.0,2000,0.7981637120246887,0.0046380830185092994,0.01,0.034666666666666665,0.00043595013503773983,0.0003333333333333333,0.002,3.2389293395107543e-06,0.0,0.0,1.7274289810742527e-05,0.0,0.0
colorferet,arcface_antelopev2,jpeg2000,224,color,mean,{},1024,grid,jpeg2000_r224_color_mean_def_b1024,1010.0,1516.0,1.0,2000,0.5500300526618958,0.020576995271699122,0.131,0.311,0.014873614972160824,0.03933333333333333,0.094,0.006222807715954163,0.030303030303030304,0.08282828282828283,0.011739528835893482,0.029292929292929294,0.0696969696969697
colorferet,cvlface_vit_b,jpeg2000,224,color,mean,{},1024,grid,jpeg2000_r224_color_mean_def_b1024,1010.0,1516.0,1.0,2000,0.6076503992080688,0.015853771156572487,0.083,0.208,0.006323472806329719,0.017666666666666667,0.051,0.002758900381526254,0.005050505050505051,0.04040404040404041,0.004107152157964465,0.011111111111111112,0.020202020202020204
colorferet,arcface_antelopev2,jpeg2000,224,color,none,{},1024,ours,jpeg2000_r224_color_none_def_b1024,1010.0,1516.0,1.0,3976,0.5441344380378723,0.020331972894932812,0.11686787391012743,0.2580482897384306,0.016504821755933367,0.04074446680080483,0.08568075117370892,0.003971479518954196,0.016136261766024205,0.0600627521290901,0.01094123183072742,0.03047960555804572,0.051098162259076645
colorferet,cvlface_vit_b,jpeg2000,224,color,none,{},1024,ours,jpeg2000_r224_color_none_def_b1024,1010.0,1516.0,1.0,3976,0.5981649160385132,0.01573854355692495,0.07662642521797451,0.17706237424547283,0.00801842309880982,0.018779342723004695,0.04107981220657277,0.0005534849588687656,0.00044822949350067237,0.01882563872702824,0.005696006412507518,0.008964589870013447,0.01748095024652622
colorferet,edgeface_xs,jpeg2000,224,color,none,{},1024,ours,jpeg2000_r224_color_none_def_b1024,1010.0,1516.0,1.0,3976,0.6373458504676819,0.04063541701859982,0.2204896042924212,0.3735747820254863,0.024142357124504108,0.08501006036217304,0.1681757209926224,0.012668899412639503,0.055132227700582695,0.14388166741371583,0.012655884784197116,0.03809950694755715,0.08247422680412371
colorferet,lvface_l,jpeg2000,224,color,none,{},1024,ours,jpeg2000_r224_color_none_def_b1024,1010.0,1516.0,1.0,3976,0.4493098556995392,0.026408417681317478,0.09792085848423876,0.20590207914151576,0.016711035129565323,0.04074446680080483,0.07394366197183098,0.003539881561074571,0.010757507844016136,0.03765127745405648,0.009580638314740538,0.01882563872702824,0.03182429403854774
colorferet,topofr_r100,jpeg2000,224,color,none,{},1024,ours,jpeg2000_r224_color_none_def_b1024,1010.0,1516.0,1.0,3976,0.5283536911010742,0.023103548671289727,0.12692823608316567,0.2578806170355466,0.019890774341228316,0.04845741113346747,0.09507042253521127,0.00399700821320657,0.01523980277902286,0.05244285073957866,0.014567597758455132,0.024652622142536978,0.047064096817570594
colorferet,arcface_antelopev2,jpeg2000,224,color,ofiq_landmarks,{},1024,grid,jpeg2000_r224_color_ofiq_landmarks_def_b1024,1010.0,1516.0,1.0,2000,0.5484009981155396,0.020303407227885102,0.133,0.274,0.015859022184205717,0.038,0.09333333333333334,0.005741286887479194,0.029292929292929294,0.07878787878787878,0.012158207891890163,0.031313131313131314,0.052525252525252523
colorferet,cvlface_vit_b,jpeg2000,224,color,ofiq_landmarks,{},1024,grid,jpeg2000_r224_color_ofiq_landmarks_def_b1024,1010.0,1516.0,1.0,2000,0.6041369438171387,0.017313438037081918,0.09133333333333334,0.21566666666666667,0.00823957912577912,0.021,0.04566666666666667,0.0016200993690434974,0.00404040404040404,0.022222222222222223,0.007420989099661412,0.012121212121212121,0.020202020202020204
colorferet,arcface_antelopev2,jpeg2000,224,color,rectangle_mean,{},1024,grid,jpeg2000_r224_color_rectangle_mean_def_b1024,1010.0,1516.0,1.0,2000,0.5362679958343506,0.023455093021598122,0.15466666666666667,0.311,0.017022675252057223,0.042,0.106,0.006443054911041338,0.03636363636363636,0.09595959595959595,0.012975497728561783,0.03535353535353535,0.07878787878787878
colorferet,cvlface_vit_b,jpeg2000,224,color,rectangle_mean,{},1024,grid,jpeg2000_r224_color_rectangle_mean_def_b1024,1010.0,1516.0,1.0,2000,0.5900865197181702,0.01970905505262909,0.11133333333333334,0.23866666666666667,0.009464268459777783,0.023333333333333334,0.055,0.0010513499203157995,0.00404040404040404,0.025252525252525252,0.007226653339290323,0.013131313131313131,0.025252525252525252
colorferet,arcface_antelopev2,jpeg2000,224,gray,mean,{},1024,grid,jpeg2000_r224_gray_mean_def_b1024,1006.0,514.0,1.0,2000,0.8200134038925171,0.0017391950008316202,0.003,0.012333333333333333,0.0007491386889063401,0.0006666666666666666,0.0026666666666666666,5.5061798771793846e-05,0.0,0.00101010101010101,0.0,0.0,0.0
colorferet,cvlface_vit_b,jpeg2000,224,gray,mean,{},1024,grid,jpeg2000_r224_gray_mean_def_b1024,1006.0,514.0,1.0,2000,0.8234435319900513,0.003862558509753605,0.006,0.016,0.000367639255193582,0.0,0.0023333333333333335,1.2955717358043017e-05,0.0,0.0,0.0,0.0,0.0
colorferet,arcface_antelopev2,jpeg2000,224,gray,mean,"{""num_resolutions"": 1}",1024,stageB,jpeg2000_r224_gray_mean_num_resolutions1_b1024,992.0,490.0,1.0,2000,0.31542840600013733,0.12907754175873787,0.7643333333333333,0.8813333333333333,0.088818566303134,0.33566666666666667,0.47,0.07736413051301763,0.4383838383838384,0.6424242424242425,0.08708647378613432,0.3191919191919192,0.4484848484848485
colorferet,cvlface_vit_b,jpeg2000,224,gray,mean,"{""num_resolutions"": 1}",1024,stageB,jpeg2000_r224_gray_mean_num_resolutions1_b1024,992.0,490.0,1.0,2000,0.30173948407173157,0.14121002526512538,0.9106666666666666,0.9703333333333334,0.07971896706029574,0.269,0.404,0.05481528026095693,0.498989898989899,0.793939393939394,0.06911334080315501,0.22424242424242424,0.32323232323232326
colorferet,arcface_antelopev2,jpeg2000,224,gray,mean,"{""num_resolutions"": 3}",1024,stageB,jpeg2000_r224_gray_mean_num_resolutions3_b1024,970.0,465.0,1.0,2000,0.7658863663673401,0.005347965721798499,0.017666666666666667,0.050666666666666665,0.0013270051718266185,0.0023333333333333335,0.008333333333333333,0.0012702950003755588,0.00202020202020202,0.00909090909090909,0.0002969018561224668,0.0,0.00101010101010101
colorferet,cvlface_vit_b,jpeg2000,224,gray,mean,"{""num_resolutions"": 3}",1024,stageB,jpeg2000_r224_gray_mean_num_resolutions3_b1024,970.0,465.0,1.0,2000,0.7523633241653442,0.022530377551262887,0.054,0.191,0.0012200837946792675,0.0016666666666666668,0.009666666666666667,0.0007252977001376804,0.00101010101010101,0.005050505050505051,0.0006216519612731143,0.00101010101010101,0.0030303030303030303
colorferet,arcface_antelopev2,jpeg2000,224,gray,mean,"{""num_resolutions"": 5}",1024,stageB,jpeg2000_r224_gray_mean_num_resolutions5_b1024,1005.0,512.0,1.0,2000,0.8267607092857361,0.0014299664979684668,0.0016666666666666668,0.012333333333333333,0.0007907192244635908,0.0006666666666666666,0.003,2.8070720942463545e-05,0.0,0.0,0.0,0.0,0.0
colorferet,cvlface_vit_b,jpeg2000,224,gray,mean,"{""num_resolutions"": 5}",1024,stageB,jpeg2000_r224_gray_mean_num_resolutions5_b1024,1005.0,512.0,1.0,2000,0.8293861150741577,0.0041130317358487765,0.006333333333333333,0.015333333333333332,0.00032110865587949456,0.0,0.0023333333333333335,4.3185724526995095e-06,0.0,0.0,0.0,0.0,0.0
colorferet,arcface_antelopev2,jpeg2000,224,gray,mean,"{""num_resolutions"": 7}",1024,winner,jpeg2000_r224_gray_mean_num_resolutions7_b1024,1006.0,514.0,1.0,3976,0.8284292221069336,0.0010192887676114505,0.0011737089201877935,0.005533199195171026,0.0004316907675837989,0.00016767270288397049,0.0011737089201877935,0.00011412828018692034,0.0,0.00044822949350067237,1.251406580971004e-06,0.0,0.0
colorferet,cvlface_vit_b,jpeg2000,224,gray,mean,"{""num_resolutions"": 7}",1024,winner,jpeg2000_r224_gray_mean_num_resolutions7_b1024,1006.0,514.0,1.0,3976,0.8310345411300659,0.002170710791612012,0.0030181086519114686,0.007880617035546614,0.0003033094925863796,0.0,0.0011737089201877935,1.9772223979752646e-05,0.0,0.0,2.2525318457700116e-06,0.0,0.0
colorferet,edgeface_xs,jpeg2000,224,gray,mean,"{""num_resolutions"": 7}",1024,winner,jpeg2000_r224_gray_mean_num_resolutions7_b1024,1006.0,514.0,1.0,3976,0.89715576171875,0.006261383099154609,0.014922870556673374,0.03135479543930248,0.003821647390951131,0.008215962441314555,0.021629778672032193,0.0006905018075816992,0.0008964589870013447,0.0017929179740026895,9.135268041277067e-05,0.0,0.001344688480502017
colorferet,lvface_l,jpeg2000,224,gray,mean,"{""num_resolutions"": 7}",1024,winner,jpeg2000_r224_gray_mean_num_resolutions7_b1024,1006.0,514.0,1.0,3976,0.6794665455818176,0.0027775818334655152,0.004862508383635144,0.01006036217303823,0.0006201326136670919,0.00016767270288397049,0.0031857813547954395,2.1273911876951157e-05,0.0,0.0,6.50731422119355e-06,0.0,0.0
colorferet,topofr_r100,jpeg2000,224,gray,mean,"{""num_resolutions"": 7}",1024,winner,jpeg2000_r224_gray_mean_num_resolutions7_b1024,1006.0,514.0,1.0,3976,0.8194577693939209,0.0011556781187536307,0.0013413816230717639,0.005700871898054996,0.00037112788743758415,0.0,0.0018443997317236754,0.00023262431150112775,0.00044822949350067237,0.00044822949350067237,1.2263784493760088e-05,0.0,0.0
colorferet,arcface_antelopev2,jpeg2000,224,gray,none,{},1024,grid,jpeg2000_r224_gray_none_def_b1024,1006.0,513.0,1.0,2000,0.7542291283607483,0.0035724412130428047,0.010333333333333333,0.037333333333333336,0.0020058529553860774,0.004,0.010666666666666666,0.0005633512331618097,0.00101010101010101,0.00202020202020202,0.001162553160972576,0.00202020202020202,0.005050505050505051
colorferet,cvlface_vit_b,jpeg2000,224,gray,none,{},1024,grid,jpeg2000_r224_gray_none_def_b1024,1006.0,513.0,1.0,2000,0.757854163646698,0.005821536341388098,0.017666666666666667,0.05266666666666667,0.0015164421317746344,0.002,0.009666666666666667,6.909715924302562e-05,0.0,0.00101010101010101,0.000772801997117264,0.00101010101010101,0.00404040404040404
colorferet,arcface_antelopev2,jpeg2000,224,gray,ofiq_landmarks,{},1024,grid,jpeg2000_r224_gray_ofiq_landmarks_def_b1024,1006.0,514.0,1.0,2000,0.8125346899032593,0.0017639453196156927,0.0033333333333333335,0.015666666666666666,0.0007095381788517574,0.0006666666666666666,0.003,1.0796431131887552e-06,0.0,0.0,2.159286226321999e-06,0.0,0.0
colorferet,cvlface_vit_b,jpeg2000,224,gray,ofiq_landmarks,{},1024,grid,jpeg2000_r224_gray_ofiq_landmarks_def_b1024,1006.0,514.0,1.0,2000,0.8132610321044922,0.005845597611297231,0.008666666666666666,0.025,0.00034981902566906975,0.0,0.0033333333333333335,2.159286226321999e-06,0.0,0.0,0.0,0.0,0.0
colorferet,arcface_antelopev2,jpeg2000,224,gray,rectangle_mean,{},1024,grid,jpeg2000_r224_gray_rectangle_mean_def_b1024,1006.0,514.0,1.0,2000,0.7931870222091675,0.0013616556181243644,0.0023333333333333335,0.02,0.0007521087271603977,0.0006666666666666666,0.004,1.8353932923931282e-05,0.0,0.0,2.5911434716141546e-05,0.0,0.0
colorferet,cvlface_vit_b,jpeg2000,224,gray,rectangle_mean,{},1024,grid,jpeg2000_r224_gray_rectangle_mean_def_b1024,1006.0,514.0,1.0,2000,0.7933230996131897,0.004497501207815537,0.008666666666666666,0.032,0.00028942824783580623,0.0,0.0023333333333333335,1.9433576037120037e-05,0.0,0.0,8.52918059406349e-05,0.0,0.00101010101010101
colorferet,arcface_antelopev2,jpeg2000,224,gray,rectangle_mean,"{""num_resolutions"": 1}",1024,stageB,jpeg2000_r224_gray_rectangle_mean_num_resolutions1_b1024,983.0,486.0,1.0,2000,0.24894198775291443,0.18499293130895525,0.8893333333333333,0.9386666666666666,0.13931074916244923,0.504,0.6566666666666666,0.125111909916149,0.701010101010101,0.8171717171717172,0.13718914457455123,0.4585858585858586,0.591919191919192
colorferet,cvlface_vit_b,jpeg2000,224,gray,rectangle_mean,"{""num_resolutions"": 1}",1024,stageB,jpeg2000_r224_gray_rectangle_mean_num_resolutions1_b1024,983.0,486.0,1.0,2000,0.229106143116951,0.21680606046205875,0.9333333333333333,0.9643333333333334,0.15049148589033828,0.451,0.588,0.11423457098385195,0.7696969696969697,0.8707070707070707,0.13510025762247668,0.3656565656565657,0.4777777777777778
colorferet,arcface_antelopev2,jpeg2000,224,gray,rectangle_mean,"{""num_resolutions"": 3}",1024,stageB,jpeg2000_r224_gray_rectangle_mean_num_resolutions3_b1024,988.0,466.5,1.0,2000,0.7589492201805115,0.004696493770839784,0.014333333333333333,0.051333333333333335,0.0020028829171319642,0.0033333333333333335,0.014,0.0025723445948616576,0.00404040404040404,0.014141414141414142,0.0008170673647573368,0.00101010101010101,0.006060606060606061
colorferet,cvlface_vit_b,jpeg2000,224,gray,rectangle_mean,"{""num_resolutions"": 3}",1024,stageB,jpeg2000_r224_gray_rectangle_mean_num_resolutions3_b1024,988.0,466.5,1.0,2000,0.7405707836151123,0.020885233761810833,0.05366666666666667,0.167,0.0015817829733646791,0.0026666666666666666,0.010666666666666666,0.0015671968564980256,0.0030303030303030303,0.00808080808080808,0.0007749612833436415,0.0,0.0030303030303030303
colorferet,arcface_antelopev2,jpeg2000,224,gray,rectangle_mean,"{""num_resolutions"": 5}",1024,stageB,jpeg2000_r224_gray_rectangle_mean_num_resolutions5_b1024,1005.0,512.0,1.0,2000,0.8012277483940125,0.0014052161791843942,0.0023333333333333335,0.019,0.0009313010351573536,0.001,0.0033333333333333335,1.5115003584420528e-05,0.0,0.0,7.017680235621437e-05,0.0,0.00101010101010101
colorferet,cvlface_vit_b,jpeg2000,224,gray,rectangle_mean,"{""num_resolutions"": 5}",1024,stageB,jpeg2000_r224_gray_rectangle_mean_num_resolutions5_b1024,1005.0,512.0,1.0,2000,0.8006845712661743,0.003800833194731566,0.008666666666666666,0.028333333333333332,0.0003240786941336077,0.0,0.0026666666666666666,7.557501792210264e-06,0.0,0.0,6.369894367719287e-05,0.0,0.00101010101010101
colorferet,arcface_antelopev2,jpeg2000,224,gray,rectangle_mean,"{""num_resolutions"": 7}",1024,stageB,jpeg2000_r224_gray_rectangle_mean_num_resolutions7_b1024,1006.0,514.0,1.0,2000,0.7881824970245361,0.0012973047892857093,0.003,0.021666666666666667,0.0009227354448325116,0.001,0.0033333333333333335,1.0796431131721018e-05,0.0,0.0,3.0230007168841055e-05,0.0,0.0
colorferet,cvlface_vit_b,jpeg2000,224,gray,rectangle_mean,"{""num_resolutions"": 7}",1024,stageB,jpeg2000_r224_gray_rectangle_mean_num_resolutions7_b1024,1006.0,514.0,1.0,2000,0.7888761162757874,0.003992895668496197,0.009666666666666667,0.036,0.00030625846460903994,0.0,0.002,1.1876074244909773e-05,0.0,0.0,3.778750896105132e-05,0.0,0.0
colorferet,arcface_antelopev2,jpeg2000,56,color,mean,{},1024,grid,jpeg2000_r56_color_mean_def_b1024,1010.0,255.0,1.0,2000,0.5233873724937439,0.024084095643151882,0.13166666666666665,0.2916666666666667,0.012217624603004865,0.036,0.07866666666666666,0.006909238264017603,0.026262626262626262,0.08181818181818182,0.010647374949191348,0.025252525252525252,0.049494949494949494
colorferet,cvlface_vit_b,jpeg2000,56,color,mean,{},1024,grid,jpeg2000_r56_color_mean_def_b1024,1010.0,255.0,1.0,2000,0.6046395897865295,0.019073423305692165,0.082,0.18633333333333332,0.004390235306230744,0.011666666666666667,0.031,0.0023035134596816544,0.007070707070707071,0.02727272727272727,0.0018360279916779733,0.0030303030303030303,0.010101010101010102
colorferet,arcface_antelopev2,jpeg2000,56,color,none,{},1024,grid,jpeg2000_r56_color_none_def_b1024,1010.0,255.0,1.0,2000,0.46422290802001953,0.038993006549924346,0.2833333333333333,0.49966666666666665,0.03823233223243916,0.136,0.242,0.01592873387045907,0.08787878787878788,0.24646464646464647,0.03561395835901576,0.11818181818181818,0.1797979797979798
colorferet,cvlface_vit_b,jpeg2000,56,color,none,{},1024,grid,jpeg2000_r56_color_none_def_b1024,1010.0,255.0,1.0,2000,0.5103937387466431,0.030580519717093933,0.204,0.39166666666666666,0.02155121137960256,0.072,0.13933333333333334,0.008819984102418717,0.044444444444444446,0.1303030303030303,0.01649770579110094,0.045454545454545456,0.09090909090909091
colorferet,arcface_antelopev2,jpeg2000,56,color,ofiq_landmarks,{},1024,grid,jpeg2000_r56_color_ofiq_landmarks_def_b1024,1010.0,255.0,1.0,2000,0.5318381190299988,0.02540417072571894,0.14266666666666666,0.288,0.010080099951687363,0.03166666666666667,0.07233333333333333,0.008557630825917846,0.030303030303030304,0.07777777777777778,0.008762540545506374,0.02727272727272727,0.047474747474747475
colorferet,cvlface_vit_b,jpeg2000,56,color,ofiq_landmarks,{},1024,grid,jpeg2000_r56_color_ofiq_landmarks_def_b1024,1010.0,255.0,1.0,2000,0.5886538624763489,0.02035785792921014,0.09633333333333334,0.20166666666666666,0.005140708532325915,0.012666666666666666,0.036333333333333336,0.005406819994309959,0.013131313131313131,0.029292929292929294,0.0021726541710735863,0.005050505050505051,0.011111111111111112
colorferet,arcface_antelopev2,jpeg2000,56,color,rectangle_mean,{},1024,grid,jpeg2000_r56_color_rectangle_mean_def_b1024,1010.0,255.0,1.0,2000,0.5380866527557373,0.022571958086820137,0.155,0.302,0.011331864154410318,0.037333333333333336,0.101,0.00854683439478607,0.03838383838383838,0.09494949494949495,0.008123614294422462,0.022222222222222223,0.046464646464646465
colorferet,cvlface_vit_b,jpeg2000,56,color,rectangle_mean,{},1024,grid,jpeg2000_r56_color_rectangle_mean_def_b1024,1010.0,255.0,1.0,2000,0.5817176699638367,0.019624559444325645,0.10966666666666666,0.23766666666666666,0.005487212995303374,0.014666666666666666,0.04466666666666667,0.0027340685899233013,0.00909090909090909,0.04242424242424243,0.001573674715177047,0.0030303030303030303,0.012121212121212121
colorferet,arcface_antelopev2,jpeg2000,56,color,rectangle_mean,"{""num_resolutions"": 3}",1024,annexE,jpeg2000_r56_color_rectangle_mean_num_resolutions3_b1024,1008.0,238.0,1.0,3976,0.6311771869659424,0.008828749325216937,0.039738430583501,0.10261569416498995,0.0020801194302240635,0.005197853789403085,0.019617706237424547,0.0019775369604184655,0.004930524428507396,0.01703272075302555,0.0012762730562402048,0.0017929179740026895,0.008516360376512775
colorferet,cvlface_vit_b,jpeg2000,56,color,rectangle_mean,"{""num_resolutions"": 3}",1024,annexE,jpeg2000_r56_color_rectangle_mean_num_resolutions3_b1024,1008.0,238.0,1.0,3976,0.6753111481666565,0.00666003874833994,0.023138832997987926,0.06388329979879276,0.0012357588802015733,0.001676727028839705,0.007377598926894702,0.0005367161106834099,0.00044822949350067237,0.00582698341550874,0.0003782880375291613,0.0,0.0008964589870013447
colorferet,edgeface_xs,jpeg2000,56,color,rectangle_mean,"{""num_resolutions"": 3}",1024,annexE,jpeg2000_r56_color_rectangle_mean_num_resolutions3_b1024,1008.0,238.0,1.0,3976,0.7255103588104248,0.022567752913823645,0.10311871227364185,0.1983568075117371,0.009243919827149725,0.028839704896042925,0.0687458081824279,0.005684356159398021,0.01882563872702824,0.055132227700582695,0.002927079930266547,0.005378753922008068,0.01703272075302555
colorferet,lvface_l,jpeg2000,56,color,rectangle_mean,"{""num_resolutions"": 3}",1024,annexE,jpeg2000_r56_color_rectangle_mean_num_resolutions3_b1024,1008.0,238.0,1.0,3976,0.5281971096992493,0.01564269328696462,0.04191817572099262,0.09792085848423876,0.0035133310464730587,0.006371562709590879,0.01626425217974514,0.0010660367506326908,0.001344688480502017,0.008964589870013447,0.0005051806648422967,0.0,0.002689376961004034
colorferet,topofr_r100,jpeg2000,56,color,rectangle_mean,"{""num_resolutions"": 3}",1024,annexE,jpeg2000_r56_color_rectangle_mean_num_resolutions3_b1024,1008.0,238.0,1.0,3976,0.6214966177940369,0.00966510179909461,0.043259557344064385,0.11368209255533199,0.00323905263421271,0.0077129443326626424,0.02095908786049631,0.001640932933942716,0.002689376961004034,0.014791573285522188,0.0013260790381638722,0.0017929179740026895,0.00761990138951143
colorferet,arcface_antelopev2,jpeg2000,56,gray,mean,{},1024,grid,jpeg2000_r56_gray_mean_def_b1024,1000.0,249.0,1.0,2000,0.6782863736152649,0.01599930303102303,0.05,0.106,0.0007273584083763252,0.0006666666666666666,0.005666666666666667,0.0010027659802230272,0.00101010101010101,0.005050505050505051,0.0005385194415588569,0.00101010101010101,0.00101010101010101
colorferet,cvlface_vit_b,jpeg2000,56,gray,mean,{},1024,grid,jpeg2000_r56_gray_mean_def_b1024,1000.0,249.0,1.0,2000,0.745347797870636,0.013991470050134229,0.035,0.07533333333333334,0.0002815081458249119,0.0003333333333333333,0.0023333333333333335,6.477858679021509e-06,0.0,0.0,1.0796431131887552e-06,0.0,0.0
colorferet,arcface_antelopev2,jpeg2000,56,gray,none,{},1024,grid,jpeg2000_r56_gray_none_def_b1024,1004.0,249.0,1.0,2000,0.796324610710144,0.002903493556997019,0.006333333333333333,0.027666666666666666,0.0005739064319148313,0.0006666666666666666,0.0033333333333333335,1.1876074244909773e-05,0.0,0.0,1.0796431131887552e-06,0.0,0.0
colorferet,cvlface_vit_b,jpeg2000,56,gray,none,{},1024,grid,jpeg2000_r56_gray_none_def_b1024,1004.0,249.0,1.0,2000,0.8013261556625366,0.00589776732324315,0.011333333333333334,0.029,0.0005491561131307587,0.0,0.002,1.0796431131887552e-06,0.0,0.0,0.0,0.0,0.0
colorferet,arcface_antelopev2,jpeg2000,56,gray,ofiq_landmarks,{},1024,grid,jpeg2000_r56_gray_ofiq_landmarks_def_b1024,1005.0,249.0,1.0,2000,0.7323464751243591,0.00979725726867362,0.03,0.07666666666666666,0.0007194383063653753,0.0006666666666666666,0.008666666666666666,2.91503640556523e-05,0.0,0.0,1.9433576037120037e-05,0.0,0.0
colorferet,cvlface_vit_b,jpeg2000,56,gray,ofiq_landmarks,{},1024,grid,jpeg2000_r56_gray_ofiq_landmarks_def_b1024,1005.0,249.0,1.0,2000,0.7412787079811096,0.016134289289646064,0.038,0.07133333333333333,0.0007550787654145108,0.0006666666666666666,0.0033333333333333335,5.61414418849826e-05,0.0,0.00101010101010101,0.0,0.0,0.0
colorferet,arcface_antelopev2,jpeg2000,56,gray,rectangle_mean,{},1024,grid,jpeg2000_r56_gray_rectangle_mean_def_b1024,1005.0,249.0,1.0,2000,0.8008056879043579,0.004498146696129429,0.008333333333333333,0.03333333333333333,0.0009494657891193632,0.001,0.004,9.716788018532263e-06,0.0,0.0,0.0,0.0,0.0
colorferet,cvlface_vit_b,jpeg2000,56,gray,rectangle_mean,{},1024,grid,jpeg2000_r56_gray_rectangle_mean_def_b1024,1005.0,249.0,1.0,2000,0.8026352524757385,0.009136574239076226,0.02033333333333333,0.043,0.0007669589184308523,0.0003333333333333333,0.0033333333333333335,0.00010472538197775494,0.0,0.00101010101010101,0.0,0.0,0.0
colorferet,arcface_antelopev2,jpeg2000,56,gray,rectangle_mean,"{""num_resolutions"": 5}",1024,annexF,jpeg2000_r56_gray_rectangle_mean_num_resolutions5_b1024,1004.0,246.0,1.0,3976,0.8052775859832764,0.0024945409793194315,0.003688799463447351,0.014252179745137492,0.0005805909334009996,0.00033534540576794097,0.0018443997317236754,2.427728767134818e-05,0.0,0.0,1.0011252647990077e-06,0.0,0.0
colorferet,cvlface_vit_b,jpeg2000,56,gray,rectangle_mean,"{""num_resolutions"": 5}",1024,annexF,jpeg2000_r56_gray_rectangle_mean_num_resolutions5_b1024,1004.0,246.0,1.0,3976,0.8052643537521362,0.005708064262218261,0.009725016767270288,0.019450033534540577,0.000491501086290187,0.00016767270288397049,0.0013413816230717639,0.0001243898141510824,0.0,0.00044822949350067237,5.005626323995038e-07,0.0,0.0
colorferet,edgeface_xs,jpeg2000,56,gray,rectangle_mean,"{""num_resolutions"": 5}",1024,annexF,jpeg2000_r56_gray_rectangle_mean_num_resolutions5_b1024,1004.0,246.0,1.0,3976,0.8699936270713806,0.008297958615341347,0.017940979208584843,0.04007377598926895,0.004270353516041357,0.008551307847082495,0.019282360831656607,0.0007510698861019836,0.0008964589870013447,0.003585835948005379,4.8054012710296856e-05,0.0,0.0
colorferet,lvface_l,jpeg2000,56,gray,rectangle_mean,"{""num_resolutions"": 5}",1024,annexF,jpeg2000_r56_gray_rectangle_mean_num_resolutions5_b1024,1004.0,246.0,1.0,3976,0.6650171875953674,0.0047410836548310185,0.009389671361502348,0.018947015425888666,0.000724487855928914,0.0006706908115358819,0.0030181086519114686,6.557370484422398e-05,0.0,0.00044822949350067237,2.7530944781695155e-06,0.0,0.0
colorferet,topofr_r100,jpeg2000,56,gray,rectangle_mean,"{""num_resolutions"": 5}",1024,annexF,jpeg2000_r56_gray_rectangle_mean_num_resolutions5_b1024,1004.0,246.0,1.0,3976,0.787468433380127,0.0024097108355640947,0.004527162977867203,0.015928906773977198,0.0005448048431289499,0.00033534540576794097,0.0021797451374916165,0.00015442357209505264,0.0,0.00044822949350067237,1.251406580971004e-06,0.0,0.0
colorferet,arcface_antelopev2,jpeg2000,64,color,mean,{},1024,grid,jpeg2000_r64_color_mean_def_b1024,1003.0,255.0,1.0,2000,0.5409225821495056,0.020878303672551328,0.12966666666666668,0.28,0.009793297217668173,0.027,0.08,0.006101887687278798,0.021212121212121213,0.06363636363636363,0.007344334438626176,0.020202020202020204,0.044444444444444446
colorferet,cvlface_vit_b,jpeg2000,64,color,mean,{},1024,grid,jpeg2000_r64_color_mean_def_b1024,1003.0,255.0,1.0,2000,0.6124131083488464,0.015636613839586228,0.075,0.16966666666666666,0.003349042855671982,0.008333333333333333,0.030333333333333334,0.003186439054342562,0.007070707070707071,0.022222222222222223,0.00243091134703604,0.006060606060606061,0.011111111111111112
colorferet,arcface_antelopev2,jpeg2000,64,color,none,{},1024,grid,jpeg2000_r64_color_none_def_b1024,1003.0,255.0,1.0,2000,0.4655550420284271,0.0396226982203531,0.30433333333333334,0.491,0.03239827024972083,0.129,0.23233333333333334,0.017484277124626413,0.10303030303030303,0.25353535353535356,0.029843521107480914,0.1,0.16363636363636364
colorferet,cvlface_vit_b,jpeg2000,64,color,none,{},1024,grid,jpeg2000_r64_color_none_def_b1024,1003.0,255.0,1.0,2000,0.5080879330635071,0.035274043449679604,0.21433333333333332,0.38966666666666666,0.019158908926746997,0.06666666666666667,0.13566666666666666,0.007465254467301485,0.03232323232323232,0.11616161616161616,0.011106000800375403,0.03939393939393939,0.08080808080808081
colorferet,arcface_antelopev2,jpeg2000,64,color,ofiq_landmarks,{},1024,grid,jpeg2000_r64_color_ofiq_landmarks_def_b1024,1003.0,255.0,1.0,2000,0.5423712134361267,0.021520176459872815,0.13633333333333333,0.2906666666666667,0.007196062125280194,0.02033333333333333,0.06866666666666667,0.004305806490788198,0.022222222222222223,0.06464646464646465,0.005884022250332228,0.011111111111111112,0.03636363636363636
colorferet,cvlface_vit_b,jpeg2000,64,color,ofiq_landmarks,{},1024,grid,jpeg2000_r64_color_ofiq_landmarks_def_b1024,1003.0,255.0,1.0,2000,0.590548574924469,0.01857277781737827,0.09433333333333334,0.212,0.0040562564845835185,0.007333333333333333,0.031,0.0021728766429878134,0.007070707070707071,0.031313131313131314,0.0013383125165054512,0.00202020202020202,0.00909090909090909
colorferet,arcface_antelopev2,jpeg2000,64,color,rectangle_mean,{},1024,grid,jpeg2000_r64_color_rectangle_mean_def_b1024,1003.0,255.0,1.0,2000,0.5431324243545532,0.024093005757914166,0.14,0.29333333333333333,0.008393031102240614,0.030333333333333334,0.07333333333333333,0.006502212810351604,0.01616161616161616,0.07171717171717172,0.007359449442210541,0.014141414141414142,0.03232323232323232
colorferet,cvlface_vit_b,jpeg2000,64,color,rectangle_mean,{},1024,grid,jpeg2000_r64_color_rectangle_mean_def_b1024,1003.0,255.0,1.0,2000,0.5843484997749329,0.018843740347375675,0.112,0.23433333333333334,0.0050502728475143015,0.013,0.036333333333333336,0.003925549643037247,0.007070707070707071,0.022222222222222223,0.002622865349266525,0.005050505050505051,0.010101010101010102
colorferet,arcface_antelopev2,jpeg2000,64,gray,mean,{},1024,grid,jpeg2000_r64_gray_mean_def_b1024,999.0,249.0,1.0,2000,0.7253851890563965,0.008310515519439895,0.028666666666666667,0.06866666666666667,0.0006451873500130467,0.0,0.004333333333333333,0.00012847753046751897,0.0,0.00101010101010101,0.0003498043686678831,0.0,0.00101010101010101
colorferet,cvlface_vit_b,jpeg2000,64,gray,mean,{},1024,grid,jpeg2000_r64_gray_mean_def_b1024,999.0,249.0,1.0,2000,0.7743071913719177,0.010324633101274364,0.023333333333333334,0.058666666666666666,0.0004907453608002743,0.0006666666666666666,0.0033333333333333335,1.8353932923931282e-05,0.0,0.0,2.159286226321999e-06,0.0,0.0
colorferet,arcface_antelopev2,jpeg2000,64,gray,none,{},1024,grid,jpeg2000_r64_gray_none_def_b1024,1000.0,249.0,1.0,2000,0.7935688495635986,0.0032757383515099403,0.004666666666666667,0.021,0.0006055868399585196,0.0003333333333333333,0.003,3.2389293395163055e-05,0.0,0.0,1.5115003584420528e-05,0.0,0.0
colorferet,cvlface_vit_b,jpeg2000,64,gray,none,{},1024,grid,jpeg2000_r64_gray_none_def_b1024,1000.0,249.0,1.0,2000,0.794756293296814,0.0041862926794497156,0.007333333333333333,0.023,0.000320118643128105,0.0,0.0026666666666666666,2.159286226321999e-06,0.0,0.0,0.0,0.0,0.0
colorferet,arcface_antelopev2,jpeg2000,64,gray,ofiq_landmarks,{},1024,grid,jpeg2000_r64_gray_ofiq_landmarks_def_b1024,1000.0,249.0,1.0,2000,0.7583022117614746,0.006165415290548941,0.023,0.05466666666666667,0.0005966767251962357,0.0006666666666666666,0.005,1.0796431131721018e-05,0.0,0.0,2.051321915025328e-05,0.0,0.0
colorferet,cvlface_vit_b,jpeg2000,64,gray,ofiq_landmarks,{},1024,grid,jpeg2000_r64_gray_ofiq_landmarks_def_b1024,1000.0,249.0,1.0,2000,0.7629081606864929,0.013355493778759862,0.028333333333333332,0.056666666666666664,0.000626377107737145,0.0003333333333333333,0.0026666666666666666,4.3185724526995095e-06,0.0,0.0,1.0796431131887552e-06,0.0,0.0
colorferet,arcface_antelopev2,jpeg2000,64,gray,rectangle_mean,{},1024,grid,jpeg2000_r64_gray_rectangle_mean_def_b1024,1000.0,249.0,1.0,2000,0.8133488893508911,0.0019910027641156227,0.0036666666666666666,0.022333333333333334,0.0005610362661471002,0.0003333333333333333,0.0033333333333333335,0.0,0.0,0.0,0.0,0.0,0.0
colorferet,cvlface_vit_b,jpeg2000,64,gray,rectangle_mean,{},1024,grid,jpeg2000_r64_gray_rectangle_mean_def_b1024,1000.0,249.0,1.0,2000,0.8106405138969421,0.006860103278130244,0.012666666666666666,0.029333333333333333,0.0004161498800104485,0.0,0.0023333333333333335,0.0,0.0,0.0,0.0,0.0,0.0
colorferet,arcface_antelopev2,jpeg2000,80,color,mean,{},1024,grid,jpeg2000_r80_color_mean_def_b1024,1017.0,254.0,1.0,2000,0.5557615160942078,0.01684679750675188,0.10466666666666667,0.26033333333333336,0.006430738707914567,0.023,0.07566666666666666,0.00414039862255859,0.01919191919191919,0.07575757575757576,0.005816861905401297,0.015151515151515152,0.04242424242424243
colorferet,cvlface_vit_b,jpeg2000,80,color,mean,{},1024,grid,jpeg2000_r80_color_mean_def_b1024,1017.0,254.0,1.0,2000,0.6319549679756165,0.012358550938136068,0.05633333333333333,0.133,0.001350765477859357,0.002,0.011666666666666667,0.0030061386544427597,0.006060606060606061,0.01717171717171717,7.665466103523588e-05,0.0,0.00202020202020202
colorferet,arcface_antelopev2,jpeg2000,80,color,none,{},1024,grid,jpeg2000_r80_color_none_def_b1024,1018.0,254.0,1.0,2000,0.467926025390625,0.03911150711621164,0.293,0.4886666666666667,0.03468266131267771,0.13133333333333333,0.21233333333333335,0.017675373955657936,0.08484848484848485,0.18585858585858586,0.026524285950218135,0.10202020202020202,0.16767676767676767
colorferet,cvlface_vit_b,jpeg2000,80,color,none,{},1024,grid,jpeg2000_r80_color_none_def_b1024,1018.0,254.0,1.0,2000,0.5164194107055664,0.0313237183294921,0.20433333333333334,0.3953333333333333,0.01664746041929019,0.059,0.11933333333333333,0.005209245304599359,0.028282828282828285,0.08888888888888889,0.012459428320465274,0.028282828282828285,0.0595959595959596
colorferet,arcface_antelopev2,jpeg2000,80,color,ofiq_landmarks,{},1024,grid,jpeg2000_r80_color_ofiq_landmarks_def_b1024,1018.0,254.0,1.0,2000,0.5526818633079529,0.021672982948020364,0.114,0.259,0.005179964517943001,0.020666666666666667,0.058666666666666666,0.005989604803508889,0.028282828282828285,0.06767676767676768,0.0029251654209548244,0.011111111111111112,0.04141414141414142
colorferet,cvlface_vit_b,jpeg2000,80,color,ofiq_landmarks,{},1024,grid,jpeg2000_r80_color_ofiq_landmarks_def_b1024,1018.0,254.0,1.0,2000,0.6109104752540588,0.01616794972319242,0.078,0.19166666666666668,0.0024447731286778747,0.004,0.015666666666666666,0.0020670716178968697,0.007070707070707071,0.023232323232323233,0.0009012795275848385,0.00101010101010101,0.00202020202020202
colorferet,arcface_antelopev2,jpeg2000,80,color,rectangle_mean,{},1024,grid,jpeg2000_r80_color_rectangle_mean_def_b1024,1018.0,254.0,1.0,2000,0.5362000465393066,0.02465998210056944,0.155,0.32233333333333336,0.01339479332493805,0.043,0.098,0.0073108655021178245,0.029292929292929294,0.09191919191919191,0.008160322160270324,0.031313131313131314,0.06464646464646465
colorferet,cvlface_vit_b,jpeg2000,80,color,rectangle_mean,{},1024,grid,jpeg2000_r80_color_rectangle_mean_def_b1024,1018.0,254.0,1.0,2000,0.5840592980384827,0.021406324993465904,0.10766666666666666,0.23333333333333334,0.005683580044510951,0.016666666666666666,0.04,0.0032024112291259435,0.010101010101010102,0.031313131313131314,0.0029445989969919444,0.007070707070707071,0.014141414141414142
colorferet,arcface_antelopev2,jpeg2000,80,gray,mean,{},1024,grid,jpeg2000_r80_gray_mean_def_b1024,1012.0,249.0,1.0,2000,0.7787848711013794,0.004886576219101692,0.01,0.036333333333333336,0.0008293297217668394,0.0006666666666666666,0.0023333333333333335,4.1026438300562074e-05,0.0,0.0,2.8070720942463545e-05,0.0,0.0
colorferet,cvlface_vit_b,jpeg2000,80,gray,mean,{},1024,grid,jpeg2000_r80_gray_mean_def_b1024,1012.0,249.0,1.0,2000,0.8078073859214783,0.007921095983716297,0.013333333333333334,0.035666666666666666,0.00040723976524816464,0.0,0.0026666666666666666,8.637144905399019e-06,0.0,0.0,0.0,0.0,0.0
colorferet,arcface_antelopev2,jpeg2000,80,gray,none,{},1024,grid,jpeg2000_r80_gray_none_def_b1024,1013.0,249.0,1.0,2000,0.7895892262458801,0.0016273235599274325,0.003,0.017333333333333333,0.0006550874775267201,0.0003333333333333333,0.0033333333333333335,6.477858679021509e-06,0.0,0.0,2.051321915025328e-05,0.0,0.0
colorferet,cvlface_vit_b,jpeg2000,80,gray,none,{},1024,grid,jpeg2000_r80_gray_none_def_b1024,1013.0,249.0,1.0,2000,0.7900540828704834,0.0049304813045992196,0.01,0.026333333333333334,0.00032110865587949456,0.0,0.0026666666666666666,2.159286226321999e-06,0.0,0.0,0.0,0.0,0.0
colorferet,arcface_antelopev2,jpeg2000,80,gray,ofiq_landmarks,{},1024,grid,jpeg2000_r80_gray_ofiq_landmarks_def_b1024,1014.0,249.0,1.0,2000,0.7957809567451477,0.0026817307006914226,0.008,0.03333333333333333,0.0005610362661471002,0.0006666666666666666,0.0026666666666666666,1.1876074244909773e-05,0.0,0.0,1.0796431131721018e-05,0.0,0.0
colorferet,cvlface_vit_b,jpeg2000,80,gray,ofiq_landmarks,{},1024,grid,jpeg2000_r80_gray_ofiq_landmarks_def_b1024,1014.0,249.0,1.0,2000,0.7962502241134644,0.008293685302666717,0.018666666666666668,0.04033333333333333,7.425095635232859e-05,0.0,0.0013333333333333333,8.52918059406349e-05,0.0,0.00101010101010101,0.0,0.0,0.0
colorferet,arcface_antelopev2,jpeg2000,80,gray,rectangle_mean,{},1024,grid,jpeg2000_r80_gray_rectangle_mean_def_b1024,1014.0,249.0,1.0,2000,0.8231045007705688,0.001470557020774439,0.0026666666666666666,0.011666666666666667,0.0007026080895921971,0.0003333333333333333,0.0026666666666666666,0.0,0.0,0.0,0.0,0.0,0.0
colorferet,cvlface_vit_b,jpeg2000,80,gray,rectangle_mean,{},1024,grid,jpeg2000_r80_gray_rectangle_mean_def_b1024,1014.0,249.0,1.0,2000,0.8176730871200562,0.005878612556529751,0.011,0.023333333333333334,0.00034981902566906975,0.0,0.002,1.0796431131887552e-06,0.0,0.0,0.0,0.0,0.0
colorferet,arcface_antelopev2,jpeg2000,96,color,mean,{},1024,grid,jpeg2000_r96_color_mean_def_b1024,1019.0,292.0,1.0,2000,0.5577298402786255,0.017554355660100912,0.10933333333333334,0.237,0.009357002558192936,0.026,0.06966666666666667,0.004442921166161116,0.020202020202020204,0.06363636363636363,0.007086299734577894,0.01919191919191919,0.051515151515151514
colorferet,cvlface_vit_b,jpeg2000,96,color,mean,{},1024,grid,jpeg2000_r96_color_mean_def_b1024,1019.0,292.0,1.0,2000,0.6319980025291443,0.012969733330165316,0.059666666666666666,0.16266666666666665,0.003089960478690977,0.006,0.022333333333333334,0.0017010726025314328,0.00404040404040404,0.01818181818181818,0.0008300230821154354,0.00101010101010101,0.007070707070707071
colorferet,arcface_antelopev2,jpeg2000,96,color,none,{},1024,grid,jpeg2000_r96_color_none_def_b1024,1019.0,292.0,1.0,2000,0.4781527519226074,0.03974347977601952,0.2683333333333333,0.45966666666666667,0.029878901640253128,0.09966666666666667,0.18966666666666668,0.01090734646755167,0.07171717171717172,0.1898989898989899,0.030717809557236422,0.08282828282828283,0.14242424242424243
colorferet,cvlface_vit_b,jpeg2000,96,color,none,{},1024,grid,jpeg2000_r96_color_none_def_b1024,1019.0,292.0,1.0,2000,0.5302910208702087,0.031208532325896363,0.19166666666666668,0.3323333333333333,0.016318776185837297,0.04933333333333333,0.09966666666666667,0.0048808113262806905,0.014141414141414142,0.0696969696969697,0.01309232165669862,0.030303030303030304,0.06161616161616162
colorferet,arcface_antelopev2,jpeg2000,96,color,ofiq_landmarks,{},1024,grid,jpeg2000_r96_color_ofiq_landmarks_def_b1024,1019.0,292.0,1.0,2000,0.5542861223220825,0.01998724863576245,0.12633333333333333,0.25533333333333336,0.007405944828569393,0.025666666666666667,0.07733333333333334,0.006548859936132226,0.028282828282828285,0.07171717171717172,0.00512395349865878,0.022222222222222223,0.050505050505050504
colorferet,cvlface_vit_b,jpeg2000,96,color,ofiq_landmarks,{},1024,grid,jpeg2000_r96_color_ofiq_landmarks_def_b1024,1019.0,292.0,1.0,2000,0.6142573356628418,0.016733591528658914,0.08666666666666667,0.19333333333333333,0.002877107737147665,0.007666666666666666,0.028666666666666667,0.0032317840650958234,0.00909090909090909,0.020202020202020204,0.0018997269353551662,0.00404040404040404,0.012121212121212121
colorferet,arcface_antelopev2,jpeg2000,96,color,rectangle_mean,{},1024,grid,jpeg2000_r96_color_rectangle_mean_def_b1024,1020.0,292.0,1.0,2000,0.5365225672721863,0.024751063273694945,0.171,0.31133333333333335,0.013192486199222246,0.043666666666666666,0.102,0.004368425791352202,0.03232323232323232,0.07676767676767676,0.01229770432540363,0.03636363636363636,0.06767676767676768
colorferet,cvlface_vit_b,jpeg2000,96,color,rectangle_mean,{},1024,grid,jpeg2000_r96_color_rectangle_mean_def_b1024,1020.0,292.0,1.0,2000,0.5870999693870544,0.021860095358028214,0.11766666666666667,0.238,0.0069409397993046365,0.01633333333333333,0.048,0.003668817054016436,0.00808080808080808,0.03636363636363636,0.0025926353420976838,0.006060606060606061,0.01919191919191919
colorferet,arcface_antelopev2,jpeg2000,96,gray,mean,{},1024,grid,jpeg2000_r96_gray_mean_def_b1024,1013.0,249.0,1.0,2000,0.809240460395813,0.003692577280395384,0.006666666666666667,0.022,0.0005432160366225325,0.0003333333333333333,0.0023333333333333335,2.159286226321999e-06,0.0,0.0,1.0796431131887552e-06,0.0,0.0
colorferet,cvlface_vit_b,jpeg2000,96,gray,mean,{},1024,grid,jpeg2000_r96_gray_mean_def_b1024,1013.0,249.0,1.0,2000,0.8260368704795837,0.006005678713141835,0.011333333333333334,0.02666666666666667,0.0003755593572045318,0.0,0.0016666666666666668,0.0,0.0,0.0,0.0,0.0,0.0
colorferet,arcface_antelopev2,jpeg2000,96,gray,none,{},1024,grid,jpeg2000_r96_gray_none_def_b1024,1013.0,249.0,1.0,2000,0.7771503925323486,0.002021693159407866,0.005666666666666667,0.022333333333333334,0.0009257054830866247,0.001,0.004666666666666667,0.00034440615310205036,0.0,0.00202020202020202,0.0002310436262188964,0.0,0.00202020202020202
colorferet,cvlface_vit_b,jpeg2000,96,gray,none,{},1024,grid,jpeg2000_r96_gray_none_def_b1024,1013.0,249.0,1.0,2000,0.7786319851875305,0.005372026991707633,0.009333333333333334,0.030333333333333334,0.000578856495671668,0.0003333333333333333,0.0036666666666666666,9.608823707235592e-05,0.0,0.00101010101010101,0.00018030039989980207,0.0,0.00101010101010101
colorferet,arcface_antelopev2,jpeg2000,96,gray,ofiq_landmarks,{},1024,grid,jpeg2000_r96_gray_ofiq_landmarks_def_b1024,1014.0,249.0,1.0,2000,0.8118906617164612,0.0025767893490467953,0.007333333333333333,0.023333333333333334,0.0007088926905378652,0.001,0.0033333333333333335,8.637144905382366e-05,0.0,0.00101010101010101,0.0,0.0,0.0
colorferet,cvlface_vit_b,jpeg2000,96,gray,ofiq_landmarks,{},1024,grid,jpeg2000_r96_gray_ofiq_landmarks_def_b1024,1014.0,249.0,1.0,2000,0.8095001578330994,0.006388469123482322,0.011666666666666667,0.026,0.0005234157815952412,0.0003333333333333333,0.0023333333333333335,1.0796431131887552e-06,0.0,0.0,0.0,0.0,0.0
colorferet,arcface_antelopev2,jpeg2000,96,gray,rectangle_mean,{},1024,grid,jpeg2000_r96_gray_rectangle_mean_def_b1024,1014.0,249.0,1.0,2000,0.8192242980003357,0.0015857430243701818,0.003,0.014,0.0006135069419694139,0.0003333333333333333,0.0036666666666666666,2.1592862263442036e-05,0.0,0.0,0.0,0.0,0.0
colorferet,cvlface_vit_b,jpeg2000,96,gray,rectangle_mean,{},1024,grid,jpeg2000_r96_gray_rectangle_mean_def_b1024,1014.0,249.0,1.0,2000,0.8144987225532532,0.006849514101741632,0.009666666666666667,0.023666666666666666,0.0005214357560925176,0.0,0.0023333333333333335,4.3185724526995095e-06,0.0,0.0,0.0,0.0,0.0
colorferet,arcface_antelopev2,jpeg_ai,168,color,mean,{},1024,grid,jpeg_ai_r168_color_mean_def_b1024,874.5,,1.0,500,0.9285534024238586,0.0014787944414365773,0.0026666666666666666,0.018666666666666668,9.554444409060059e-05,0.0,0.014666666666666666,0.0,0.0,0.0,0.0,0.0,0.0
colorferet,cvlface_vit_b,jpeg_ai,168,color,mean,{},1024,grid,jpeg_ai_r168_color_mean_def_b1024,874.5,,1.0,500,0.9337242245674133,0.0023683981443145896,0.004,0.008,0.0009532999989384129,0.0,0.005333333333333333,0.0,0.0,0.0,0.0,0.0,0.0
colorferet,edgeface_xs,jpeg_ai,168,color,mean,{},1024,grid,jpeg_ai_r168_color_mean_def_b1024,874.5,,1.0,500,0.9664677977561951,0.01572532033928895,0.052,0.156,0.010460885166194232,0.05466666666666667,0.11466666666666667,0.0,0.0,0.0,0.0,0.0,0.0
colorferet,lvface_l,jpeg_ai,168,color,mean,{},1024,grid,jpeg_ai_r168_color_mean_def_b1024,874.5,,1.0,500,0.7674446702003479,0.0030372092529486272,0.010666666666666666,0.06533333333333333,0.0028779685127976263,0.008,0.037333333333333336,0.0,0.0,0.0,0.0,0.0,0.0
colorferet,topofr_r100,jpeg_ai,168,color,mean,{},1024,grid,jpeg_ai_r168_color_mean_def_b1024,874.5,,1.0,500,0.9147531986236572,0.002639107402571208,0.005333333333333333,0.017333333333333333,0.00035032962833209114,0.0,0.008,0.0,0.0,0.0,0.0,0.0,0.0
colorferet,arcface_antelopev2,jpeg_ai,168,color,none,{},1024,grid,jpeg_ai_r168_color_none_def_b1024,980.0,,1.0,500,0.9278154373168945,0.0010488444430289579,0.0013333333333333333,0.021333333333333333,6.369629606040039e-05,0.0,0.006666666666666667,0.0,0.0,0.0,0.0,0.0,0.0
colorferet,cvlface_vit_b,jpeg_ai,168,color,none,{},1024,grid,jpeg_ai_r168_color_none_def_b1024,980.0,,1.0,500,0.9222907423973083,0.0011762370351497587,0.0026666666666666666,0.012,0.0002707092582566184,0.0,0.006666666666666667,0.0,0.0,0.0,0.0,0.0,0.0
colorferet,edgeface_xs,jpeg_ai,168,color,none,{},1024,grid,jpeg_ai_r168_color_none_def_b1024,980.0,,1.0,500,0.96396404504776,0.012783655530430921,0.06266666666666666,0.116,0.011796362941494937,0.05333333333333334,0.08533333333333333,0.0005066387141858808,0.0,0.004081632653061225,0.0,0.0,0.0
colorferet,lvface_l,jpeg_ai,168,color,none,{},1024,grid,jpeg_ai_r168_color_none_def_b1024,980.0,,1.0,500,0.7664647102355957,0.005532999989383962,0.017333333333333333,0.058666666666666666,0.0025754111065108077,0.008,0.04666666666666667,0.0,0.0,0.0,0.0,0.0,0.0
colorferet,topofr_r100,jpeg_ai,168,color,none,{},1024,grid,jpeg_ai_r168_color_none_def_b1024,980.0,,1.0,500,0.9131948351860046,0.0034193870293109186,0.009333333333333334,0.025333333333333333,0.000937375924923285,0.0013333333333333333,0.004,0.0,0.0,0.0,0.0,0.0,0.0
colorferet,arcface_antelopev2,jpeg_ai,168,color,ofiq_landmarks,{},1024,grid,jpeg_ai_r168_color_ofiq_landmarks_def_b1024,934.0,,1.0,500,0.9287781715393066,0.0011762370351497587,0.0026666666666666666,0.02266666666666667,0.00012739259212074527,0.0,0.009333333333333334,0.0,0.0,0.0,0.0,0.0,0.0
colorferet,cvlface_vit_b,jpeg_ai,168,color,ofiq_landmarks,{},1024,grid,jpeg_ai_r168_color_ofiq_landmarks_def_b1024,934.0,,1.0,500,0.9267669320106506,0.0025254944424981645,0.005333333333333333,0.013333333333333334,0.0011603129611346308,0.0013333333333333333,0.008,0.0,0.0,0.0,0.0,0.0,0.0
colorferet,edgeface_xs,jpeg_ai,168,color,ofiq_landmarks,{},1024,grid,jpeg_ai_r168_color_ofiq_landmarks_def_b1024,934.0,,1.0,500,0.9634459018707275,0.014783655530430921,0.05466666666666667,0.11066666666666666,0.01187598331157041,0.056,0.10933333333333334,0.0,0.0,0.0,0.0,0.0,0.0
colorferet,lvface_l,jpeg_ai,168,color,ofiq_landmarks,{},1024,grid,jpeg_ai_r168_color_ofiq_landmarks_def_b1024,934.0,,1.0,500,0.7660175561904907,0.003260146289159973,0.014666666666666666,0.06266666666666666,0.00240024629234479,0.005333333333333333,0.042666666666666665,0.0,0.0,0.0,0.0,0.0,0.0
colorferet,topofr_r100,jpeg_ai,168,color,ofiq_landmarks,{},1024,grid,jpeg_ai_r168_color_ofiq_landmarks_def_b1024,934.0,,1.0,500,0.9135847091674805,0.0027346518466618086,0.009333333333333334,0.014666666666666666,0.00022293703621134586,0.0,0.004,0.0,0.0,0.0,0.0,0.0,0.0
colorferet,arcface_antelopev2,jpeg_ai,168,color,rectangle_mean,{},1024,grid,jpeg_ai_r168_color_rectangle_mean_def_b1024,978.0,,1.0,500,0.9316295385360718,0.0011284648131044306,0.0013333333333333333,0.021333333333333333,0.00011146851810567293,0.0,0.005333333333333333,0.0,0.0,0.0,0.0,0.0,0.0
colorferet,cvlface_vit_b,jpeg_ai,168,color,rectangle_mean,{},1024,grid,jpeg_ai_r168_color_rectangle_mean_def_b1024,978.0,,1.0,500,0.9253901243209839,0.0016199666656050795,0.0026666666666666666,0.012,0.0011125407390893583,0.0013333333333333333,0.006666666666666667,0.0,0.0,0.0,0.0,0.0,0.0
colorferet,edgeface_xs,jpeg_ai,168,color,rectangle_mean,{},1024,grid,jpeg_ai_r168_color_rectangle_mean_def_b1024,978.0,,1.0,500,0.9656698107719421,0.013068144420735242,0.06,0.11733333333333333,0.011081924052782997,0.05333333333333334,0.10133333333333333,0.00013976240391333494,0.0,0.004081632653061225,0.0,0.0,0.0
colorferet,lvface_l,jpeg_ai,168,color,rectangle_mean,{},1024,grid,jpeg_ai_r168_color_rectangle_mean_def_b1024,978.0,,1.0,500,0.7699178457260132,0.006215590730065702,0.02266666666666667,0.05733333333333333,0.002750575920676881,0.009333333333333334,0.037333333333333336,0.0,0.0,0.0,0.0,0.0,0.0
colorferet,topofr_r100,jpeg_ai,168,color,rectangle_mean,{},1024,grid,jpeg_ai_r168_color_rectangle_mean_def_b1024,978.0,,1.0,500,0.9156744480133057,0.0044045351762794765,0.006666666666666667,0.016,0.00014331666613587313,0.0,0.008,0.0,0.0,0.0,0.0,0.0,0.0
colorferet,arcface_antelopev2,jpeg_ai,168,gray,mean,{},1024,grid,jpeg_ai_r168_gray_mean_def_b1024,897.5,,1.0,500,0.9232720732688904,0.0012877055532554316,0.0026666666666666666,0.014666666666666666,4.777222204527254e-05,0.0,0.0,0.0,0.0,0.0,0.0,0.0,0.0
colorferet,cvlface_vit_b,jpeg_ai,168,gray,mean,{},1024,grid,jpeg_ai_r168_gray_mean_def_b1024,897.5,,1.0,500,0.9211142659187317,0.004324914806204004,0.012,0.02666666666666667,0.0002388611102264182,0.0,0.006666666666666667,0.0,0.0,0.0,0.0,0.0,0.0
colorferet,edgeface_xs,jpeg_ai,168,gray,mean,{},1024,grid,jpeg_ai_r168_gray_mean_def_b1024,897.5,,1.0,500,0.9614382386207581,0.015340998120959286,0.058666666666666666,0.112,0.008267651836045716,0.05466666666666667,0.08933333333333333,5.241090146751448e-05,0.0,0.0,0.0,0.0,0.0
colorferet,lvface_l,jpeg_ai,168,gray,mean,{},1024,grid,jpeg_ai_r168_gray_mean_def_b1024,897.5,,1.0,500,0.7509059906005859,0.009555357389301147,0.02266666666666667,0.056,0.0031327536970391723,0.005333333333333333,0.03333333333333333,0.0,0.0,0.0,0.0,0.0,0.0
colorferet,topofr_r100,jpeg_ai,168,gray,mean,{},1024,grid,jpeg_ai_r168_gray_mean_def_b1024,897.5,,1.0,500,0.9087336659431458,0.0017017314776479231,0.005333333333333333,0.025333333333333333,0.000366253702347219,0.0,0.004,0.0,0.0,0.0,0.0,0.0,0.0
colorferet,arcface_antelopev2,jpeg_ai,168,gray,none,{},1024,grid,jpeg_ai_r168_gray_none_def_b1024,979.0,,1.0,500,0.9260335564613342,0.0011125407390893583,0.0,0.032,0.00011146851810567293,0.0,0.004,0.0,0.0,0.0,0.0,0.0,0.0
colorferet,cvlface_vit_b,jpeg_ai,168,gray,none,{},1024,grid,jpeg_ai_r168_gray_none_def_b1024,979.0,,1.0,500,0.9158936738967896,0.0033216981432529474,0.013333333333333334,0.05466666666666667,0.0009055277768930848,0.0013333333333333333,0.008,0.0,0.0,0.0,0.0,0.0,0.0
colorferet,edgeface_xs,jpeg_ai,168,gray,none,{},1024,grid,jpeg_ai_r168_gray_none_def_b1024,979.0,,1.0,500,0.9598237872123718,0.013304861088994344,0.056,0.108,0.009380192575135074,0.05466666666666667,0.08666666666666667,3.494060097836149e-05,0.0,0.0,0.0,0.0,0.0
colorferet,lvface_l,jpeg_ai,168,gray,none,{},1024,grid,jpeg_ai_r168_gray_none_def_b1024,979.0,,1.0,500,0.7543374300003052,0.007933246281728697,0.032,0.08933333333333333,0.0021136129600730436,0.005333333333333333,0.050666666666666665,0.0,0.0,0.0,0.0,0.0,0.0
colorferet,topofr_r100,jpeg_ai,168,gray,none,{},1024,grid,jpeg_ai_r168_gray_none_def_b1024,979.0,,1.0,500,0.9113021492958069,0.002018068515982443,0.004,0.014666666666666666,0.0010010722209836853,0.0,0.004,0.0,0.0,0.0,0.0,0.0,0.0
colorferet,arcface_antelopev2,jpeg_ai,168,gray,ofiq_landmarks,{},1024,grid,jpeg_ai_r168_gray_ofiq_landmarks_def_b1024,926.5,,1.0,500,0.9240292310714722,0.0014310222193912492,0.004,0.034666666666666665,7.962037007547274e-05,0.0,0.006666666666666667,0.0,0.0,0.0,0.0,0.0,0.0
colorferet,cvlface_vit_b,jpeg_ai,168,gray,ofiq_landmarks,{},1024,grid,jpeg_ai_r168_gray_ofiq_landmarks_def_b1024,926.5,,1.0,500,0.9173488020896912,0.005867405543700981,0.014666666666666666,0.04133333333333333,0.00035032962833209114,0.0,0.008,0.0,0.0,0.0,0.0,0.0,0.0
colorferet,edgeface_xs,jpeg_ai,168,gray,ofiq_landmarks,{},1024,grid,jpeg_ai_r168_gray_ofiq_landmarks_def_b1024,926.5,,1.0,500,0.9589388370513916,0.017647844411180846,0.06,0.08266666666666667,0.010271940719980457,0.05733333333333333,0.092,0.0,0.0,0.0,0.0,0.0,0.0
colorferet,lvface_l,jpeg_ai,168,gray,ofiq_landmarks,{},1024,grid,jpeg_ai_r168_gray_ofiq_landmarks_def_b1024,926.5,,1.0,500,0.7497581839561462,0.005103049990976343,0.02266666666666667,0.058666666666666666,0.002065840738027771,0.006666666666666667,0.02666666666666667,0.0,0.0,0.0,0.0,0.0,0.0
colorferet,topofr_r100,jpeg_ai,168,gray,ofiq_landmarks,{},1024,grid,jpeg_ai_r168_gray_ofiq_landmarks_def_b1024,926.5,,1.0,500,0.9093934297561646,0.0030849814749938998,0.005333333333333333,0.013333333333333334,0.00038217777636229133,0.0,0.0026666666666666666,0.0,0.0,0.0,0.0,0.0,0.0
colorferet,arcface_antelopev2,jpeg_ai,168,gray,rectangle_mean,{},1024,grid,jpeg_ai_r168_gray_rectangle_mean_def_b1024,975.0,,1.0,500,0.9283764362335205,0.0011603129611346308,0.0013333333333333333,0.017333333333333333,0.0004299499984076194,0.0,0.005333333333333333,0.0,0.0,0.0,0.0,0.0,0.0
colorferet,cvlface_vit_b,jpeg_ai,168,gray,rectangle_mean,{},1024,grid,jpeg_ai_r168_gray_rectangle_mean_def_b1024,975.0,,1.0,500,0.9174941182136536,0.003879040733781312,0.012,0.042666666666666665,0.0009055277768930848,0.0,0.009333333333333334,0.0,0.0,0.0,0.0,0.0,0.0
colorferet,edgeface_xs,jpeg_ai,168,gray,rectangle_mean,{},1024,grid,jpeg_ai_r168_gray_rectangle_mean_def_b1024,975.0,,1.0,500,0.961439311504364,0.013943968491565553,0.058666666666666666,0.112,0.009985307387708711,0.05466666666666667,0.10133333333333333,0.0,0.0,0.0,0.0,0.0,0.0
colorferet,lvface_l,jpeg_ai,168,gray,rectangle_mean,{},1024,grid,jpeg_ai_r168_gray_rectangle_mean_def_b1024,975.0,,1.0,500,0.7560098171234131,0.007839846279605524,0.025333333333333333,0.06933333333333333,0.0014310222193912492,0.005333333333333333,0.04933333333333333,0.0,0.0,0.0,0.0,0.0,0.0
colorferet,topofr_r100,jpeg_ai,168,gray,rectangle_mean,{},1024,grid,jpeg_ai_r168_gray_rectangle_mean_def_b1024,975.0,,1.0,500,0.9128643870353699,0.0015743388855271223,0.004,0.008,0.00084183148083274,0.0013333333333333333,0.005333333333333333,0.0,0.0,0.0,0.0,0.0,0.0
colorferet,arcface_antelopev2,jpeg_ai,224,color,mean,{},1024,grid,jpeg_ai_r224_color_mean_def_b1024,981.0,,1.0,500,0.9368931651115417,0.0011284648131044306,0.0013333333333333333,0.018666666666666668,0.0002388611102264182,0.0,0.010666666666666666,0.0,0.0,0.0,0.0,0.0,0.0
colorferet,cvlface_vit_b,jpeg_ai,224,color,mean,{},1024,grid,jpeg_ai_r224_color_mean_def_b1024,981.0,,1.0,500,0.9327079057693481,0.002416170366359862,0.005333333333333333,0.012,0.0010329203690138855,0.0,0.008,0.0,0.0,0.0,0.0,0.0,0.0
colorferet,edgeface_xs,jpeg_ai,224,color,mean,{},1024,grid,jpeg_ai_r224_color_mean_def_b1024,981.0,,1.0,500,0.9698313474655151,0.013579859231185704,0.05466666666666667,0.13866666666666666,0.01044496109217916,0.048,0.136,3.494060097836149e-05,0.0,0.0,1.747030048915299e-05,0.0,0.0
colorferet,lvface_l,jpeg_ai,224,color,mean,{},1024,grid,jpeg_ai_r224_color_mean_def_b1024,981.0,,1.0,500,0.7829169631004333,0.004832340732719724,0.014666666666666666,0.056,0.0035446351794642932,0.010666666666666666,0.032,0.0,0.0,0.0,0.0,0.0,0.0
colorferet,topofr_r100,jpeg_ai,224,color,mean,{},1024,grid,jpeg_ai_r224_color_mean_def_b1024,981.0,,1.0,500,0.9239875674247742,0.0025117148104504628,0.008,0.017333333333333333,0.00025478518424154606,0.0,0.0013333333333333333,0.0,0.0,0.0,0.0,0.0,0.0
colorferet,arcface_antelopev2,jpeg_ai,224,color,none,{},1024,grid,jpeg_ai_r224_color_none_def_b1024,980.0,,1.0,500,0.9305508136749268,0.0003025574062868186,0.0,0.013333333333333334,0.00025478518424154606,0.0,0.013333333333333334,0.0,0.0,0.0,0.0,0.0,0.0
colorferet,cvlface_vit_b,jpeg_ai,224,color,none,{},1024,grid,jpeg_ai_r224_color_none_def_b1024,980.0,,1.0,500,0.9211130738258362,0.002161385182118316,0.005333333333333333,0.010666666666666666,0.0010647685170440857,0.0,0.009333333333333334,0.0,0.0,0.0,0.0,0.0,0.0
colorferet,edgeface_xs,jpeg_ai,224,color,none,{},1024,grid,jpeg_ai_r224_color_none_def_b1024,980.0,,1.0,500,0.9653591513633728,0.012178540717857284,0.056,0.176,0.009189103686953928,0.04666666666666667,0.14,3.494060097836149e-05,0.0,0.0,1.747030048915299e-05,0.0,0.0
colorferet,lvface_l,jpeg_ai,224,color,none,{},1024,grid,jpeg_ai_r224_color_none_def_b1024,980.0,,1.0,500,0.7761834859848022,0.004054205547947385,0.014666666666666666,0.06133333333333333,0.002288777774239117,0.008,0.06,0.0,0.0,0.0,0.0,0.0,0.0
colorferet,topofr_r100,jpeg_ai,224,color,none,{},1024,grid,jpeg_ai_r224_color_none_def_b1024,980.0,,1.0,500,0.9169432520866394,0.0010329203690138855,0.0013333333333333333,0.009333333333333334,0.00025478518424154606,0.0,0.0026666666666666666,0.0,0.0,0.0,0.0,0.0,0.0
colorferet,arcface_antelopev2,jpeg_ai,224,color,ofiq_landmarks,{},1024,grid,jpeg_ai_r224_color_ofiq_landmarks_def_b1024,981.0,,1.0,500,0.9352524876594543,0.0011284648131044306,0.0013333333333333333,0.008,0.00025478518424154606,0.0,0.009333333333333334,0.0,0.0,0.0,0.0,0.0,0.0
colorferet,cvlface_vit_b,jpeg_ai,224,color,ofiq_landmarks,{},1024,grid,jpeg_ai_r224_color_ofiq_landmarks_def_b1024,981.0,,1.0,500,0.9283052682876587,0.0013832499973459767,0.004,0.009333333333333334,0.00084183148083274,0.0013333333333333333,0.008,0.0,0.0,0.0,0.0,0.0,0.0
colorferet,edgeface_xs,jpeg_ai,224,color,ofiq_landmarks,{},1024,grid,jpeg_ai_r224_color_ofiq_landmarks_def_b1024,981.0,,1.0,500,0.968137264251709,0.012560718494219575,0.056,0.148,0.008966166650742582,0.052,0.11333333333333333,5.241090146751448e-05,0.0,0.0,1.747030048915299e-05,0.0,0.0
colorferet,lvface_l,jpeg_ai,224,color,ofiq_landmarks,{},1024,grid,jpeg_ai_r224_color_ofiq_landmarks_def_b1024,981.0,,1.0,500,0.7820394039154053,0.003212374067114645,0.014666666666666666,0.058666666666666666,0.0025594870324957353,0.009333333333333334,0.04666666666666667,0.0,0.0,0.0,0.0,0.0,0.0
colorferet,topofr_r100,jpeg_ai,224,color,ofiq_landmarks,{},1024,grid,jpeg_ai_r224_color_ofiq_landmarks_def_b1024,981.0,,1.0,500,0.9210307002067566,0.002065840738027771,0.005333333333333333,0.014666666666666666,0.00015924074015094547,0.0,0.006666666666666667,0.0,0.0,0.0,0.0,0.0,0.0
colorferet,arcface_antelopev2,jpeg_ai,224,color,rectangle_mean,{},1024,grid,jpeg_ai_r224_color_rectangle_mean_def_b1024,981.0,,1.0,500,0.9350793361663818,0.00084183148083274,0.0,0.025333333333333333,0.0005414185165132923,0.0013333333333333333,0.009333333333333334,0.0,0.0,0.0,0.0,0.0,0.0
colorferet,cvlface_vit_b,jpeg_ai,224,color,rectangle_mean,{},1024,grid,jpeg_ai_r224_color_rectangle_mean_def_b1024,981.0,,1.0,500,0.9256467819213867,0.0017495036996931957,0.004,0.012,0.0008896037028780125,0.0013333333333333333,0.005333333333333333,0.0,0.0,0.0,0.0,0.0,0.0
colorferet,edgeface_xs,jpeg_ai,224,color,rectangle_mean,{},1024,grid,jpeg_ai_r224_color_rectangle_mean_def_b1024,981.0,,1.0,500,0.9676202535629272,0.01340254997505226,0.05733333333333333,0.16266666666666665,0.00969867405543702,0.052,0.10933333333333334,3.494060097836149e-05,0.0,0.0,1.747030048915299e-05,0.0,0.0
colorferet,lvface_l,jpeg_ai,224,color,rectangle_mean,{},1024,grid,jpeg_ai_r224_color_rectangle_mean_def_b1024,981.0,,1.0,500,0.7842210531234741,0.0032261536991624023,0.008,0.088,0.0036083314755246936,0.009333333333333334,0.04666666666666667,0.0,0.0,0.0,0.0,0.0,0.0
colorferet,topofr_r100,jpeg_ai,224,color,rectangle_mean,{},1024,grid,jpeg_ai_r224_color_rectangle_mean_def_b1024,981.0,,1.0,500,0.9209876656532288,0.0016061870335573225,0.0026666666666666666,0.010666666666666666,0.00014331666613587313,0.0,0.0026666666666666666,0.0,0.0,0.0,0.0,0.0,0.0
colorferet,arcface_antelopev2,jpeg_ai,224,gray,mean,{},1024,grid,jpeg_ai_r224_gray_mean_def_b1024,979.0,,1.0,500,0.9331242442131042,0.0012558574052252314,0.0026666666666666666,0.016,0.00017516481416607332,0.0,0.006666666666666667,0.0,0.0,0.0,0.0,0.0,0.0
colorferet,cvlface_vit_b,jpeg_ai,224,gray,mean,{},1024,grid,jpeg_ai_r224_gray_mean_def_b1024,979.0,,1.0,500,0.9267550110816956,0.005690096287567538,0.012,0.02666666666666667,0.000985148146968613,0.0,0.009333333333333334,0.0,0.0,0.0,0.0,0.0,0.0
colorferet,edgeface_xs,jpeg_ai,224,gray,mean,{},1024,grid,jpeg_ai_r224_gray_mean_def_b1024,979.0,,1.0,500,0.9653760194778442,0.015152053674745456,0.06133333333333333,0.112,0.009093559242863383,0.058666666666666666,0.088,5.241090146751448e-05,0.0,0.0,0.0,0.0,0.0
colorferet,lvface_l,jpeg_ai,224,gray,mean,{},1024,grid,jpeg_ai_r224_gray_mean_def_b1024,979.0,,1.0,500,0.7677428722381592,0.007075490726880886,0.032,0.07466666666666667,0.0024639425884051347,0.005333333333333333,0.034666666666666665,0.0,0.0,0.0,0.0,0.0,0.0
colorferet,topofr_r100,jpeg_ai,224,gray,mean,{},1024,grid,jpeg_ai_r224_gray_mean_def_b1024,979.0,,1.0,500,0.9205861687660217,0.0019087444398441411,0.004,0.013333333333333334,0.0007462870367421394,0.0013333333333333333,0.0026666666666666666,0.0,0.0,0.0,0.0,0.0,0.0
colorferet,arcface_antelopev2,jpeg_ai,224,gray,none,{},1024,grid,jpeg_ai_r224_gray_none_def_b1024,978.0,,1.0,500,0.9292829632759094,0.0002707092582566184,0.0,0.018666666666666668,0.0002388611102264182,0.0,0.012,0.0,0.0,0.0,0.0,0.0,0.0
colorferet,cvlface_vit_b,jpeg_ai,224,gray,none,{},1024,grid,jpeg_ai_r224_gray_none_def_b1024,978.0,,1.0,500,0.9186041951179504,0.004561631474463106,0.013333333333333334,0.04,0.001192161109164831,0.0026666666666666666,0.006666666666666667,0.0,0.0,0.0,0.0,0.0,0.0
colorferet,edgeface_xs,jpeg_ai,224,gray,none,{},1024,grid,jpeg_ai_r224_gray_none_def_b1024,978.0,,1.0,500,0.9612188935279846,0.012763442572481052,0.056,0.116,0.009109483316878456,0.050666666666666665,0.11066666666666666,1.747030048915299e-05,0.0,0.0,1.747030048915299e-05,0.0,0.0
colorferet,lvface_l,jpeg_ai,224,gray,none,{},1024,grid,jpeg_ai_r224_gray_none_def_b1024,978.0,,1.0,500,0.7669349312782288,0.0050871259169612704,0.017333333333333333,0.07333333333333333,0.0031646018450693725,0.008,0.03866666666666667,0.0,0.0,0.0,0.0,0.0,0.0
colorferet,topofr_r100,jpeg_ai,224,gray,none,{},1024,grid,jpeg_ai_r224_gray_none_def_b1024,978.0,,1.0,500,0.917216420173645,0.0013514018493157765,0.005333333333333333,0.014666666666666666,7.962037007547274e-05,0.0,0.004,0.0,0.0,0.0,0.0,0.0,0.0
colorferet,arcface_antelopev2,jpeg_ai,224,gray,ofiq_landmarks,{},1024,grid,jpeg_ai_r224_gray_ofiq_landmarks_def_b1024,979.0,,1.0,500,0.933212399482727,0.0012080851831799588,0.0026666666666666666,0.02,0.00025478518424154606,0.0,0.006666666666666667,0.0,0.0,0.0,0.0,0.0,0.0
colorferet,cvlface_vit_b,jpeg_ai,224,gray,ofiq_landmarks,{},1024,grid,jpeg_ai_r224_gray_ofiq_landmarks_def_b1024,979.0,,1.0,500,0.9244803786277771,0.004500079620370077,0.010666666666666666,0.032,0.00035032962833209114,0.0,0.005333333333333333,0.0,0.0,0.0,0.0,0.0,0.0
colorferet,edgeface_xs,jpeg_ai,224,gray,ofiq_landmarks,{},1024,grid,jpeg_ai_r224_gray_ofiq_landmarks_def_b1024,979.0,,1.0,500,0.9640982151031494,0.015468390713080031,0.05466666666666667,0.12533333333333332,0.00973052220346722,0.05466666666666667,0.104,0.0,0.0,0.0,0.0,0.0,0.0
colorferet,lvface_l,jpeg_ai,224,gray,ofiq_landmarks,{},1024,grid,jpeg_ai_r224_gray_ofiq_landmarks_def_b1024,979.0,,1.0,500,0.769270658493042,0.005278214805142416,0.018666666666666668,0.05466666666666667,0.003100905549008972,0.010666666666666666,0.036,0.0,0.0,0.0,0.0,0.0,0.0
colorferet,topofr_r100,jpeg_ai,224,gray,ofiq_landmarks,{},1024,grid,jpeg_ai_r224_gray_ofiq_landmarks_def_b1024,979.0,,1.0,500,0.9197812676429749,0.002607259254541008,0.009333333333333334,0.016,0.00012739259212074527,0.0,0.006666666666666667,0.0,0.0,0.0,0.0,0.0,0.0
colorferet,arcface_antelopev2,jpeg_ai,224,gray,rectangle_mean,{},1024,grid,jpeg_ai_r224_gray_rectangle_mean_def_b1024,978.0,,1.0,500,0.9334316253662109,0.001192161109164831,0.0026666666666666666,0.016,0.00025478518424154606,0.0,0.009333333333333334,0.0,0.0,0.0,0.0,0.0,0.0
colorferet,cvlface_vit_b,jpeg_ai,224,gray,rectangle_mean,{},1024,grid,jpeg_ai_r224_gray_rectangle_mean_def_b1024,978.0,,1.0,500,0.92234206199646,0.005057422210898442,0.010666666666666666,0.03333333333333333,0.001096616665074286,0.0,0.008,0.0,0.0,0.0,0.0,0.0,0.0
colorferet,edgeface_xs,jpeg_ai,224,gray,rectangle_mean,{},1024,grid,jpeg_ai_r224_gray_rectangle_mean_def_b1024,978.0,,1.0,500,0.9636461138725281,0.01508621293671774,0.06,0.14,0.009539433315286075,0.052,0.10533333333333333,5.241090146751448e-05,0.0,0.0,1.747030048915299e-05,0.0,0.0
colorferet,lvface_l,jpeg_ai,224,gray,rectangle_mean,{},1024,grid,jpeg_ai_r224_gray_rectangle_mean_def_b1024,978.0,,1.0,500,0.7716933488845825,0.005134898139006543,0.018666666666666668,0.06266666666666666,0.0025913351805259355,0.009333333333333334,0.04666666666666667,0.0,0.0,0.0,0.0,0.0,0.0
colorferet,topofr_r100,jpeg_ai,224,gray,rectangle_mean,{},1024,grid,jpeg_ai_r224_gray_rectangle_mean_def_b1024,978.0,,1.0,500,0.9198734164237976,0.0017017314776479231,0.004,0.014666666666666666,0.00035032962833209114,0.0,0.004,0.0,0.0,0.0,0.0,0.0,0.0
colorferet,arcface_antelopev2,jpeg,112,color,mean,{},1024,grid,jpeg_r112_color_mean_def_b1024,1009.0,1322.0,1.0,2000,0.7649469971656799,0.0016332636364356588,0.0026666666666666666,0.017333333333333333,0.00033001877064177843,0.0,0.0023333333333333335,1.9433576037120037e-05,0.0,0.0,2.159286226321999e-06,0.0,0.0
colorferet,cvlface_vit_b,jpeg,112,color,mean,{},1024,grid,jpeg_r112_color_mean_def_b1024,1009.0,1322.0,1.0,2000,0.8220301270484924,0.0030622401216527915,0.004,0.009666666666666667,0.0004161498800104485,0.0003333333333333333,0.0026666666666666666,0.0,0.0,0.0,0.0,0.0,0.0
colorferet,arcface_antelopev2,jpeg,112,color,none,{},1024,grid,jpeg_r112_color_none_def_b1024,1002.0,1590.0,1.0,2000,0.7604891061782837,0.001964272419828771,0.0036666666666666666,0.02033333333333333,0.000379519408209979,0.0003333333333333333,0.0026666666666666666,1.0796431131887552e-06,0.0,0.0,8.637144905399019e-06,0.0,0.0
colorferet,cvlface_vit_b,jpeg,112,color,none,{},1024,grid,jpeg_r112_color_none_def_b1024,1002.0,1590.0,1.0,2000,0.8071192502975464,0.0028058268190494493,0.005,0.014666666666666666,0.00039535961223182315,0.0,0.0036666666666666666,0.0,0.0,0.0,0.0,0.0,0.0
colorferet,arcface_antelopev2,jpeg,112,color,ofiq_landmarks,{},1024,grid,jpeg_r112_color_ofiq_landmarks_def_b1024,1007.0,1382.0,1.0,2000,0.7717340588569641,0.0012982948020370433,0.002,0.019333333333333334,0.0003032884263549268,0.0003333333333333333,0.0026666666666666666,3.562822273467381e-05,0.0,0.0,1.0796431131887552e-06,0.0,0.0
colorferet,cvlface_vit_b,jpeg,112,color,ofiq_landmarks,{},1024,grid,jpeg_r112_color_ofiq_landmarks_def_b1024,1007.0,1382.0,1.0,2000,0.8229708075523376,0.00309262955306864,0.004666666666666667,0.012,0.0003696192806963611,0.0003333333333333333,0.0023333333333333335,0.0,0.0,0.0,0.0,0.0,0.0
colorferet,arcface_antelopev2,jpeg,112,color,rectangle_mean,{},1024,grid,jpeg_r112_color_rectangle_mean_def_b1024,1005.0,1457.0,1.0,2000,0.7767549753189087,0.001624353521673375,0.0023333333333333335,0.013666666666666667,0.00027754809481946475,0.0003333333333333333,0.002,0.0,0.0,0.0,0.0,0.0,0.0
colorferet,cvlface_vit_b,jpeg,112,color,rectangle_mean,{},1024,grid,jpeg_r112_color_rectangle_mean_def_b1024,1005.0,1457.0,1.0,2000,0.8243346214294434,0.003017689547841372,0.004333333333333333,0.011333333333333334,0.0005907366486880095,0.0,0.0023333333333333335,0.0,0.0,0.0,0.0,0.0,0.0
colorferet,arcface_antelopev2,jpeg,112,gray,mean,{},1024,grid,jpeg_r112_gray_mean_def_b1024,1012.0,1070.0,1.0,2000,0.8124563097953796,0.0016332636364356588,0.003,0.01633333333333333,0.0006699376687971748,0.0006666666666666666,0.004,0.0,0.0,0.0,0.0,0.0,0.0
colorferet,cvlface_vit_b,jpeg,112,gray,mean,{},1024,grid,jpeg_r112_gray_mean_def_b1024,1012.0,1070.0,1.0,2000,0.8528687357902527,0.006003354163201614,0.007333333333333333,0.017333333333333333,0.00036169917868541124,0.0,0.003,0.0,0.0,0.0,0.0,0.0,0.0
colorferet,arcface_antelopev2,jpeg,112,gray,none,{},1024,grid,jpeg_r112_gray_none_def_b1024,1007.0,1332.5,1.0,2000,0.8138139843940735,0.0012963147765343197,0.0023333333333333335,0.013666666666666667,0.0005362859473630277,0.0006666666666666666,0.004,0.0,0.0,0.0,0.0,0.0,0.0
colorferet,cvlface_vit_b,jpeg,112,gray,none,{},1024,grid,jpeg_r112_gray_none_def_b1024,1007.0,1332.5,1.0,2000,0.8449247479438782,0.004955231623383292,0.010666666666666666,0.03,0.00048743079810866397,0.0003333333333333333,0.002,0.0,0.0,0.0,0.0,0.0,0.0
colorferet,arcface_antelopev2,jpeg,112,gray,ofiq_landmarks,{},1024,grid,jpeg_r112_gray_ofiq_landmarks_def_b1024,1011.0,1130.0,1.0,2000,0.8175756335258484,0.0015530726035751594,0.0036666666666666666,0.013,0.0005392559856170853,0.0006666666666666666,0.004,0.0,0.0,0.0,0.0,0.0,0.0
colorferet,cvlface_vit_b,jpeg,112,gray,ofiq_landmarks,{},1024,grid,jpeg_r112_gray_ofiq_landmarks_def_b1024,1011.0,1130.0,1.0,2000,0.8518957495689392,0.004701487395157668,0.008333333333333333,0.022,0.0003508090384204038,0.0,0.0023333333333333335,0.0,0.0,0.0,0.0,0.0,0.0
colorferet,arcface_antelopev2,jpeg,112,gray,rectangle_mean,{},1024,grid,jpeg_r112_gray_rectangle_mean_def_b1024,1009.0,1203.0,1.0,2000,0.8248253464698792,0.0013695757201352588,0.0023333333333333335,0.010333333333333333,0.0006778577708080691,0.0006666666666666666,0.0033333333333333335,0.0,0.0,0.0,0.0,0.0,0.0
colorferet,cvlface_vit_b,jpeg,112,gray,rectangle_mean,{},1024,grid,jpeg_r112_gray_rectangle_mean_def_b1024,1009.0,1203.0,1.0,2000,0.8555980324745178,0.00537697705546447,0.010666666666666666,0.025333333333333333,0.0002983383625980901,0.0,0.0023333333333333335,0.0,0.0,0.0,0.0,0.0,0.0
colorferet,arcface_antelopev2,jpeg,168,color,mean,{},1024,grid,jpeg_r168_color_mean_def_b1024,982.0,2186.0,1.0,2000,0.7333559393882751,0.002508133944765196,0.005666666666666667,0.03166666666666667,0.0006729077070512879,0.0006666666666666666,0.0036666666666666666,0.0009887306197517954,0.00101010101010101,0.005050505050505051,5.7221084998115845e-05,0.0,0.00101010101010101
colorferet,cvlface_vit_b,jpeg,168,color,mean,{},1024,grid,jpeg_r168_color_mean_def_b1024,982.0,2186.0,1.0,2000,0.7362716794013977,0.004314994337127081,0.011666666666666667,0.037333333333333336,0.0011801387601872433,0.0013333333333333333,0.005,0.00022024719508717538,0.0,0.0030303030303030303,5.398215565888265e-06,0.0,0.0
colorferet,arcface_antelopev2,jpeg,168,color,none,{},1024,grid,jpeg_r168_color_none_def_b1024,973.0,2618.5,1.0,2000,0.7037484645843506,0.005352571261117838,0.015666666666666666,0.061,0.0019622923943260475,0.004666666666666667,0.012333333333333333,0.0030212536580271803,0.005050505050505051,0.011111111111111112,0.0008624123755105984,0.00101010101010101,0.005050505050505051
colorferet,cvlface_vit_b,jpeg,168,color,none,{},1024,grid,jpeg_r168_color_none_def_b1024,973.0,2618.5,1.0,2000,0.7008200883865356,0.00781615463207167,0.023,0.079,0.001840520825908242,0.003,0.014333333333333333,0.0009369077503195123,0.00101010101010101,0.007070707070707071,0.00023212326933208516,0.0,0.00404040404040404
colorferet,arcface_antelopev2,jpeg,168,color,ofiq_landmarks,{},1024,grid,jpeg_r168_color_ofiq_landmarks_def_b1024,979.0,2290.0,1.0,2000,0.7335951328277588,0.002922648323710418,0.008,0.03166666666666667,0.0007168127925487595,0.001,0.004666666666666667,0.0002979814992356,0.0,0.006060606060606061,8.74510921669569e-05,0.0,0.00101010101010101
colorferet,cvlface_vit_b,jpeg,168,color,ofiq_landmarks,{},1024,grid,jpeg_r168_color_ofiq_landmarks_def_b1024,979.0,2290.0,1.0,2000,0.7341192364692688,0.005280300330268233,0.013,0.03933333333333333,0.0010890575870617365,0.0013333333333333333,0.006,5.61414418849826e-05,0.0,0.00101010101010101,1.4035360471231773e-05,0.0,0.0
colorferet,arcface_antelopev2,jpeg,168,color,rectangle_mean,{},1024,grid,jpeg_r168_color_rectangle_mean_def_b1024,978.0,2406.0,1.0,2000,0.7294512391090393,0.003804448721299516,0.009666666666666667,0.043333333333333335,0.0008930350622916024,0.001,0.005666666666666667,0.001232507491414563,0.00202020202020202,0.0030303030303030303,0.0003206540046122308,0.0,0.00202020202020202
colorferet,cvlface_vit_b,jpeg,168,color,rectangle_mean,{},1024,grid,jpeg_r168_color_rectangle_mean_def_b1024,978.0,2406.0,1.0,2000,0.7279123663902283,0.0058822716436587475,0.016666666666666666,0.04833333333333333,0.00115870300409467,0.0013333333333333333,0.008666666666666666,0.0009196334605087698,0.00101010101010101,0.00202020202020202,3.994679518737332e-05,0.0,0.0
colorferet,arcface_antelopev2,jpeg,168,gray,mean,{},1024,grid,jpeg_r168_gray_mean_def_b1024,996.0,1794.0,1.0,2000,0.8236719965934753,0.0015669327820942245,0.0023333333333333335,0.008333333333333333,0.0006550874775267201,0.0006666666666666666,0.004333333333333333,2.1592862263442036e-05,0.0,0.0,0.0,0.0,0.0
colorferet,cvlface_vit_b,jpeg,168,gray,mean,{},1024,grid,jpeg_r168_gray_mean_def_b1024,996.0,1794.0,1.0,2000,0.8189365267753601,0.003998534781127973,0.006333333333333333,0.023333333333333334,0.0005481661003793692,0.0006666666666666666,0.0023333333333333335,0.0,0.0,0.0,0.0,0.0,0.0
colorferet,arcface_antelopev2,jpeg,168,gray,none,{},1024,grid,jpeg_r168_gray_none_def_b1024,986.0,2206.5,1.0,2000,0.8078255653381348,0.0013329452483347892,0.0023333333333333335,0.010666666666666666,0.0008016093647285982,0.0003333333333333333,0.003,4.3185724526995095e-06,0.0,0.0,1.0796431131887552e-06,0.0,0.0
colorferet,cvlface_vit_b,jpeg,168,gray,none,{},1024,grid,jpeg_r168_gray_none_def_b1024,986.0,2206.5,1.0,2000,0.7976877689361572,0.00641885855489817,0.014,0.03766666666666667,0.0004719351185243171,0.0003333333333333333,0.0026666666666666666,0.0,0.0,0.0,0.0,0.0,0.0
colorferet,arcface_antelopev2,jpeg,168,gray,ofiq_landmarks,{},1024,grid,jpeg_r168_gray_ofiq_landmarks_def_b1024,992.0,1884.0,1.0,2000,0.8254907131195068,0.0012586942919824607,0.0016666666666666668,0.014,0.0005966767251962357,0.0006666666666666666,0.005,3.2389293395107543e-06,0.0,0.0,0.0,0.0,0.0
colorferet,cvlface_vit_b,jpeg,168,gray,ofiq_landmarks,{},1024,grid,jpeg_r168_gray_ofiq_landmarks_def_b1024,992.0,1884.0,1.0,2000,0.8175980448722839,0.004545667308194906,0.009333333333333334,0.028,0.00044090019879457654,0.0,0.0023333333333333335,0.0,0.0,0.0,0.0,0.0,0.0
colorferet,arcface_antelopev2,jpeg,168,gray,rectangle_mean,{},1024,grid,jpeg_r168_gray_rectangle_mean_def_b1024,990.0,1994.0,1.0,2000,0.8233429789543152,0.0009167953683243408,0.001,0.011666666666666667,0.00040723976524816464,0.0003333333333333333,0.005333333333333333,8.637144905399019e-06,0.0,0.0,0.0,0.0,0.0
colorferet,cvlface_vit_b,jpeg,168,gray,rectangle_mean,{},1024,grid,jpeg_r168_gray_rectangle_mean_def_b1024,990.0,1994.0,1.0,2000,0.8129578232765198,0.0059690482413413655,0.011,0.033666666666666664,0.0006105369037153008,0.0006666666666666666,0.003,0.0,0.0,0.0,0.0,0.0,0.0
colorferet,arcface_antelopev2,jpeg,224,color,mean,{},1024,grid,jpeg_r224_color_mean_def_b1024,956.0,3138.0,1.0,2000,0.607449471950531,0.015221109447889673,0.073,0.18666666666666668,0.010049710520271515,0.027333333333333334,0.06466666666666666,0.004442921166161116,0.020202020202020204,0.07575757575757576,0.00810719717581068,0.022222222222222223,0.045454545454545456
colorferet,cvlface_vit_b,jpeg,224,color,mean,{},1024,grid,jpeg_r224_color_mean_def_b1024,956.0,3138.0,1.0,2000,0.5835193395614624,0.026693555412993702,0.13233333333333333,0.269,0.010304488321809576,0.03233333333333333,0.07266666666666667,0.0027567410952998765,0.00808080808080808,0.03838383838383838,0.005112299896328097,0.014141414141414142,0.031313131313131314
colorferet,arcface_antelopev2,jpeg,224,color,none,{},1024,grid,jpeg_r224_color_none_def_b1024,947.0,3719.0,1.0,2000,0.5649629235267639,0.02858159685096742,0.14566666666666667,0.30266666666666664,0.01725666278581666,0.043,0.10533333333333333,0.011866926723247812,0.052525252525252523,0.13333333333333333,0.01621052072299706,0.03232323232323232,0.07575757575757576
colorferet,cvlface_vit_b,jpeg,224,color,none,{},1024,grid,jpeg_r224_color_none_def_b1024,947.0,3719.0,1.0,2000,0.5364266633987427,0.046816780320130515,0.24633333333333332,0.43966666666666665,0.017261957374010994,0.05266666666666667,0.106,0.005228456408722252,0.01919191919191919,0.06868686868686869,0.008455064730166413,0.021212121212121213,0.05353535353535353
colorferet,arcface_antelopev2,jpeg,224,color,ofiq_landmarks,{},1024,grid,jpeg_r224_color_ofiq_landmarks_def_b1024,954.0,3263.0,1.0,2000,0.6062501072883606,0.015985442852503966,0.08166666666666667,0.18233333333333332,0.009835566802100418,0.024666666666666667,0.06466666666666666,0.006952423988544542,0.026262626262626262,0.0707070707070707,0.0077802877844336,0.020202020202020204,0.03838383838383838
colorferet,cvlface_vit_b,jpeg,224,color,ofiq_landmarks,{},1024,grid,jpeg_r224_color_ofiq_landmarks_def_b1024,954.0,3263.0,1.0,2000,0.5800691843032837,0.02822583774879018,0.14533333333333334,0.2876666666666667,0.010786668092285007,0.03,0.06533333333333333,0.0029791475766134294,0.00909090909090909,0.047474747474747475,0.003155129404060532,0.010101010101010102,0.026262626262626262
colorferet,arcface_antelopev2,jpeg,224,color,rectangle_mean,{},1024,grid,jpeg_r224_color_rectangle_mean_def_b1024,951.0,3425.5,1.0,2000,0.5955092906951904,0.020195151313548924,0.09966666666666667,0.20466666666666666,0.01035794901038328,0.026,0.07133333333333333,0.009868952264593969,0.026262626262626262,0.08080808080808081,0.008561726926456263,0.022222222222222223,0.04242424242424243
colorferet,cvlface_vit_b,jpeg,224,color,rectangle_mean,{},1024,grid,jpeg_r224_color_rectangle_mean_def_b1024,951.0,3425.5,1.0,2000,0.5668306946754456,0.033085683623605075,0.16933333333333334,0.32066666666666666,0.012561503552165763,0.034333333333333334,0.071,0.002983466149066129,0.00808080808080808,0.049494949494949494,0.004939334526306278,0.013131313131313131,0.031313131313131314
colorferet,arcface_antelopev2,jpeg,224,gray,mean,{},1024,grid,jpeg_r224_gray_mean_def_b1024,968.0,2640.0,1.0,2000,0.769604504108429,0.002485363651483847,0.006,0.023333333333333334,0.0010771774340453395,0.0013333333333333333,0.005333333333333333,3.130965028202981e-05,0.0,0.0,3.2389293395163055e-05,0.0,0.0
colorferet,cvlface_vit_b,jpeg,224,gray,mean,{},1024,grid,jpeg_r224_gray_mean_def_b1024,968.0,2640.0,1.0,2000,0.7557668685913086,0.0120852638581985,0.026,0.06233333333333333,0.0007431986123981138,0.0003333333333333333,0.005666666666666667,4.426536764007283e-05,0.0,0.0,4.3185724526995095e-06,0.0,0.0
colorferet,arcface_antelopev2,jpeg,224,gray,none,{},1024,grid,jpeg_r224_gray_none_def_b1024,953.0,3211.0,1.0,2000,0.7415229678153992,0.0031635659467294137,0.010666666666666666,0.039,0.002896907992174956,0.004666666666666667,0.013666666666666667,0.0011161285071061256,0.00202020202020202,0.006060606060606061,0.0008030320042861051,0.00101010101010101,0.005050505050505051
colorferet,cvlface_vit_b,jpeg,224,gray,none,{},1024,grid,jpeg_r224_gray_none_def_b1024,953.0,3211.0,1.0,2000,0.7212757468223572,0.015549837241903668,0.04933333333333333,0.14566666666666667,0.0010771774340453395,0.002,0.011666666666666667,3.346893650835181e-05,0.0,0.0,0.00013603503225972924,0.0,0.00101010101010101
colorferet,arcface_antelopev2,jpeg,224,gray,ofiq_landmarks,{},1024,grid,jpeg_r224_gray_ofiq_landmarks_def_b1024,964.0,2763.0,1.0,2000,0.7693821787834167,0.0026619304456641313,0.006666666666666667,0.025,0.001672864146490186,0.003,0.007,0.0005946608834438395,0.00101010101010101,0.00202020202020202,2.051321915025328e-05,0.0,0.0
colorferet,cvlface_vit_b,jpeg,224,gray,ofiq_landmarks,{},1024,grid,jpeg_r224_gray_ofiq_landmarks_def_b1024,964.0,2763.0,1.0,2000,0.751921534538269,0.011584962894322107,0.03133333333333333,0.06966666666666667,0.0006135069419694139,0.0003333333333333333,0.006,0.0010848188568241513,0.00202020202020202,0.00202020202020202,1.0796431131887552e-06,0.0,0.0
colorferet,arcface_antelopev2,jpeg,224,gray,rectangle_mean,{},1024,grid,jpeg_r224_gray_rectangle_mean_def_b1024,961.0,2919.0,1.0,2000,0.7633704543113708,0.002077133873484293,0.005666666666666667,0.02266666666666667,0.001542182463310152,0.002,0.007666666666666666,0.0006497226822156333,0.00101010101010101,0.0030303030303030303,9.824752329867792e-05,0.0,0.00101010101010101
colorferet,cvlface_vit_b,jpeg,224,gray,rectangle_mean,{},1024,grid,jpeg_r224_gray_rectangle_mean_def_b1024,961.0,2919.0,1.0,2000,0.7436957359313965,0.012829797007785446,0.035666666666666666,0.089,0.000638257260753542,0.0003333333333333333,0.005,0.0003832733051762349,0.0,0.00202020202020202,2.1592862263442036e-05,0.0,0.0
colorferet,arcface_antelopev2,jpeg,56,color,mean,{},1024,grid,jpeg_r56_color_mean_def_b1024,1002.0,685.0,1.0,2000,0.687465488910675,0.013140015523399932,0.036,0.086,0.00039535961223182315,0.0003333333333333333,0.003,0.0006896694774030066,0.00101010101010101,0.005050505050505051,0.0005180062224085481,0.00101010101010101,0.00101010101010101
colorferet,cvlface_vit_b,jpeg,56,color,mean,{},1024,grid,jpeg_r56_color_mean_def_b1024,1002.0,685.0,1.0,2000,0.760292112827301,0.004996812158940598,0.012333333333333333,0.03666666666666667,0.00036862926794497153,0.0003333333333333333,0.0023333333333333335,5.9380371224493356e-05,0.0,0.00101010101010101,0.0,0.0,0.0
colorferet,arcface_antelopev2,jpeg,56,color,none,{},1024,grid,jpeg_r56_color_none_def_b1024,1010.0,818.0,1.0,2000,0.7839572429656982,0.002620349910106825,0.006666666666666667,0.03166666666666667,0.00042738454471295324,0.0006666666666666666,0.0016666666666666668,5.182286943228309e-05,0.0,0.00101010101010101,2.159286226321999e-06,0.0,0.0
colorferet,cvlface_vit_b,jpeg,56,color,none,{},1024,grid,jpeg_r56_color_none_def_b1024,1010.0,818.0,1.0,2000,0.8036666512489319,0.00334176824197498,0.005666666666666667,0.018666666666666668,0.0003557591021772405,0.0,0.0023333333333333335,3.2389293395107543e-06,0.0,0.0,0.0,0.0,0.0
colorferet,arcface_antelopev2,jpeg,56,color,ofiq_landmarks,{},1024,grid,jpeg_r56_color_ofiq_landmarks_def_b1024,1005.0,721.0,1.0,2000,0.7316858172416687,0.0068284228700865555,0.025333333333333333,0.06166666666666667,0.0006837978473162953,0.0006666666666666666,0.005333333333333333,6.153965745081535e-05,0.0,0.00202020202020202,0.0003325300788571406,0.0,0.00101010101010101
colorferet,cvlface_vit_b,jpeg,56,color,ofiq_landmarks,{},1024,grid,jpeg_r56_color_ofiq_landmarks_def_b1024,1005.0,721.0,1.0,2000,0.7630352973937988,0.006395098248865432,0.017333333333333333,0.048666666666666664,0.0007402285741440562,0.0003333333333333333,0.003,2.483179160295279e-05,0.0,0.0,0.0,0.0,0.0
colorferet,arcface_antelopev2,jpeg,56,color,rectangle_mean,{},1024,grid,jpeg_r56_color_rectangle_mean_def_b1024,1007.0,752.5,1.0,2000,0.7852910161018372,0.0029038380814345164,0.006666666666666667,0.03166666666666667,0.0005303458708548015,0.0,0.003,2.3752148489819547e-05,0.0,0.0,4.3185724526995095e-06,0.0,0.0
colorferet,cvlface_vit_b,jpeg,56,color,rectangle_mean,{},1024,grid,jpeg_r56_color_rectangle_mean_def_b1024,1007.0,752.5,1.0,2000,0.8061169385910034,0.0035648656354694075,0.008333333333333333,0.029333333333333333,0.0005808365211743916,0.0003333333333333333,0.0026666666666666666,0.0,0.0,0.0,0.0,0.0,0.0
colorferet,arcface_antelopev2,jpeg,56,gray,mean,{},1024,grid,jpeg_r56_gray_mean_def_b1024,968.5,500.0,1.0,2000,0.6907679438591003,0.015373270447723382,0.047,0.09366666666666666,0.000787103697895641,0.001,0.004666666666666667,0.000738253417495779,0.0,0.0030303030303030303,0.0005212451517481143,0.00101010101010101,0.00101010101010101
colorferet,cvlface_vit_b,jpeg,56,gray,mean,{},1024,grid,jpeg_r56_gray_mean_def_b1024,968.5,500.0,1.0,2000,0.751508891582489,0.015393716191064565,0.035333333333333335,0.076,0.0005966767251962357,0.0,0.003,3.2389293395107543e-06,0.0,0.0,0.0,0.0,0.0
colorferet,arcface_antelopev2,jpeg,56,gray,none,{},1024,grid,jpeg_r56_gray_none_def_b1024,998.0,629.0,1.0,2000,0.8133828043937683,0.0021329191119981612,0.004,0.025333333333333333,0.0007431986123981138,0.0006666666666666666,0.0033333333333333335,5.398215565888265e-06,0.0,0.0,0.0,0.0,0.0
colorferet,cvlface_vit_b,jpeg,56,gray,none,{},1024,grid,jpeg_r56_gray_none_def_b1024,998.0,629.0,1.0,2000,0.8176040053367615,0.007181211934009684,0.014666666666666666,0.030333333333333334,0.00031120852836582114,0.0,0.0023333333333333335,1.0796431131887552e-06,0.0,0.0,0.0,0.0,0.0
colorferet,arcface_antelopev2,jpeg,56,gray,ofiq_landmarks,{},1024,grid,jpeg_r56_gray_ofiq_landmarks_def_b1024,986.0,535.0,1.0,2000,0.7452741861343384,0.0094553583450155,0.031,0.07466666666666667,0.0011672685944195123,0.0013333333333333333,0.004666666666666667,1.6194646697609283e-05,0.0,0.0,6.477858679021509e-06,0.0,0.0
colorferet,cvlface_vit_b,jpeg,56,gray,ofiq_landmarks,{},1024,grid,jpeg_r56_gray_ofiq_landmarks_def_b1024,986.0,535.0,1.0,2000,0.7537160515785217,0.015611518996364659,0.04033333333333333,0.067,0.00036466921693952437,0.0,0.0033333333333333335,7.125644546940313e-05,0.0,0.00101010101010101,0.0,0.0,0.0
colorferet,arcface_antelopev2,jpeg,56,gray,rectangle_mean,{},1024,grid,jpeg_r56_gray_rectangle_mean_def_b1024,991.0,567.0,1.0,2000,0.8089309334754944,0.003671787012616703,0.008666666666666666,0.03266666666666666,0.0009494657891193632,0.0006666666666666666,0.004,0.0,0.0,0.0,0.0,0.0,0.0
colorferet,cvlface_vit_b,jpeg,56,gray,rectangle_mean,{},1024,grid,jpeg_r56_gray_rectangle_mean_def_b1024,991.0,567.0,1.0,2000,0.810714840888977,0.00889234205336562,0.019,0.045,0.00042208995651861925,0.0003333333333333333,0.0023333333333333335,1.0796431131887552e-06,0.0,0.0,0.0,0.0,0.0
colorferet,arcface_antelopev2,jpeg,64,color,mean,{},1024,grid,jpeg_r64_color_mean_def_b1024,1007.0,749.0,1.0,2000,0.737680971622467,0.006868023380141138,0.018,0.05533333333333333,0.0005201012189036863,0.0003333333333333333,0.002,6.585822990351486e-05,0.0,0.00101010101010101,0.0004199811710240975,0.0,0.00101010101010101
colorferet,cvlface_vit_b,jpeg,64,color,mean,{},1024,grid,jpeg_r64_color_mean_def_b1024,1007.0,749.0,1.0,2000,0.7903545498847961,0.004907065523003922,0.009,0.02666666666666667,0.000379519408209979,0.0,0.001,1.5115003584420528e-05,0.0,0.0,0.0,0.0,0.0
colorferet,arcface_antelopev2,jpeg,64,color,none,{},1024,grid,jpeg_r64_color_none_def_b1024,1012.0,898.0,1.0,2000,0.8034932613372803,0.0013646256563784776,0.0023333333333333335,0.019,0.0002933882988413089,0.0,0.0016666666666666668,3.2389293395107543e-06,0.0,0.0,0.0,0.0,0.0
colorferet,cvlface_vit_b,jpeg,64,color,none,{},1024,grid,jpeg_r64_color_none_def_b1024,1012.0,898.0,1.0,2000,0.8187147378921509,0.0036711415243028105,0.006,0.017333333333333333,0.00048446075985460635,0.0003333333333333333,0.002,6.477858679021509e-06,0.0,0.0,0.0,0.0,0.0
colorferet,arcface_antelopev2,jpeg,64,color,ofiq_landmarks,{},1024,grid,jpeg_r64_color_ofiq_landmarks_def_b1024,1009.0,786.5,1.0,2000,0.7664757370948792,0.004192232755957886,0.014666666666666666,0.04533333333333334,0.0004131798417563354,0.0,0.003,1.0796431131887552e-06,0.0,0.0,7.125644546940313e-05,0.0,0.00101010101010101
colorferet,cvlface_vit_b,jpeg,64,color,ofiq_landmarks,{},1024,grid,jpeg_r64_color_ofiq_landmarks_def_b1024,1009.0,786.5,1.0,2000,0.7892615795135498,0.005175358978623661,0.011,0.03333333333333333,0.00047060058133548577,0.0003333333333333333,0.002,2.159286226321999e-06,0.0,0.0,0.0,0.0,0.0
colorferet,arcface_antelopev2,jpeg,64,color,rectangle_mean,{},1024,grid,jpeg_r64_color_rectangle_mean_def_b1024,1011.0,824.0,1.0,2000,0.8071883320808411,0.002571839285290014,0.006666666666666667,0.025666666666666667,0.0002765580820680752,0.0,0.0023333333333333335,0.0,0.0,0.0,0.0,0.0,0.0
colorferet,cvlface_vit_b,jpeg,64,color,rectangle_mean,{},1024,grid,jpeg_r64_color_rectangle_mean_def_b1024,1011.0,824.0,1.0,2000,0.823638916015625,0.00410709165934055,0.007,0.019333333333333334,0.0005689563681579946,0.0003333333333333333,0.0023333333333333335,1.0796431131887552e-06,0.0,0.0,0.0,0.0,0.0
colorferet,arcface_antelopev2,jpeg,64,gray,mean,{},1024,grid,jpeg_r64_gray_mean_def_b1024,990.0,572.0,1.0,2000,0.745884895324707,0.008660679069546406,0.028333333333333332,0.069,0.0004230799692700088,0.0003333333333333333,0.0033333333333333335,3.346893650835181e-05,0.0,0.0,0.00014251289093875075,0.0,0.00101010101010101
colorferet,cvlface_vit_b,jpeg,64,gray,mean,{},1024,grid,jpeg_r64_gray_mean_def_b1024,990.0,572.0,1.0,2000,0.7872214317321777,0.009937193591053436,0.02,0.04633333333333333,0.0005511361386334823,0.0,0.003,6.477858679021509e-06,0.0,0.0,2.159286226321999e-06,0.0,0.0
colorferet,arcface_antelopev2,jpeg,64,gray,none,{},1024,grid,jpeg_r64_gray_none_def_b1024,1004.0,719.0,1.0,2000,0.8278771042823792,0.0016114833559056439,0.0036666666666666666,0.021,0.00042902004577817954,0.0003333333333333333,0.0026666666666666666,0.0,0.0,0.0,0.0,0.0,0.0
colorferet,cvlface_vit_b,jpeg,64,gray,none,{},1024,grid,jpeg_r64_gray_none_def_b1024,1004.0,719.0,1.0,2000,0.827398419380188,0.005338711082598717,0.013333333333333334,0.028333333333333332,0.0003409089109067859,0.0,0.0023333333333333335,0.0,0.0,0.0,0.0,0.0,0.0
colorferet,arcface_antelopev2,jpeg,64,gray,ofiq_landmarks,{},1024,grid,jpeg_r64_gray_ofiq_landmarks_def_b1024,995.0,608.0,1.0,2000,0.7789283394813538,0.006125470256056917,0.021666666666666667,0.051666666666666666,0.0007293384338790487,0.0003333333333333333,0.004333333333333333,2.159286226321999e-06,0.0,0.0,0.0,0.0,0.0
colorferet,cvlface_vit_b,jpeg,64,gray,ofiq_landmarks,{},1024,grid,jpeg_r64_gray_ofiq_landmarks_def_b1024,995.0,608.0,1.0,2000,0.78159499168396,0.010710781634867453,0.028,0.05466666666666667,0.0005333159091089146,0.0003333333333333333,0.0036666666666666666,0.0,0.0,0.0,0.0,0.0,0.0
colorferet,arcface_antelopev2,jpeg,64,gray,rectangle_mean,{},1024,grid,jpeg_r64_gray_rectangle_mean_def_b1024,999.0,646.0,1.0,2000,0.8263847827911377,0.0019306119862823592,0.005333333333333333,0.024666666666666667,0.0004547603773136416,0.0003333333333333333,0.003,0.0,0.0,0.0,0.0,0.0,0.0
colorferet,cvlface_vit_b,jpeg,64,gray,rectangle_mean,{},1024,grid,jpeg_r64_gray_rectangle_mean_def_b1024,999.0,646.0,1.0,2000,0.8250107169151306,0.007821104695828507,0.015666666666666666,0.034666666666666665,0.0009039252025566098,0.0006666666666666666,0.0026666666666666666,0.0,0.0,0.0,0.0,0.0,0.0
colorferet,arcface_antelopev2,jpeg,80,color,mean,{},1024,grid,jpeg_r80_color_mean_def_b1024,1014.0,926.0,1.0,2000,0.7899415493011475,0.00408298682887037,0.006666666666666667,0.027666666666666666,0.00037357933170180824,0.0,0.0026666666666666666,7.557501792210264e-06,0.0,0.0,0.0,0.0,0.0
colorferet,cvlface_vit_b,jpeg,80,color,mean,{},1024,grid,jpeg_r80_color_mean_def_b1024,1014.0,926.0,1.0,2000,0.820378303527832,0.002868843110699273,0.004666666666666667,0.01633333333333333,0.00044882030080547087,0.0,0.0023333333333333335,0.0,0.0,0.0,0.0,0.0,0.0
colorferet,arcface_antelopev2,jpeg,80,color,none,{},1024,grid,jpeg_r80_color_none_def_b1024,1012.0,1116.0,1.0,2000,0.8197973966598511,0.002166235021107076,0.0036666666666666666,0.013333333333333334,0.0003636792041881348,0.0,0.0023333333333333335,3.778750896105132e-05,0.0,0.0,0.0,0.0,0.0
colorferet,cvlface_vit_b,jpeg,80,color,none,{},1024,grid,jpeg_r80_color_none_def_b1024,1012.0,1116.0,1.0,2000,0.8284395933151245,0.002829587125082188,0.004333333333333333,0.009666666666666667,0.0002785381075707988,0.0,0.002,0.0,0.0,0.0,0.0,0.0,0.0
colorferet,arcface_antelopev2,jpeg,80,color,ofiq_landmarks,{},1024,grid,jpeg_r80_color_ofiq_landmarks_def_b1024,1014.0,973.0,1.0,2000,0.8053430914878845,0.0025757993362954612,0.008,0.025,0.0004369401477891294,0.0003333333333333333,0.0026666666666666666,0.0,0.0,0.0,0.0,0.0,0.0
colorferet,cvlface_vit_b,jpeg,80,color,ofiq_landmarks,{},1024,grid,jpeg_r80_color_ofiq_landmarks_def_b1024,1014.0,973.0,1.0,2000,0.8201063871383667,0.0034001789943054646,0.005666666666666667,0.016666666666666666,0.0005253958070980203,0.0,0.002,0.0,0.0,0.0,0.0,0.0,0.0
colorferet,arcface_antelopev2,jpeg,80,color,rectangle_mean,{},1024,grid,jpeg_r80_color_rectangle_mean_def_b1024,1014.0,1024.5,1.0,2000,0.829641580581665,0.0018098304306159432,0.003,0.014666666666666666,0.0005729164191634972,0.0,0.0026666666666666666,0.0,0.0,0.0,0.0,0.0,0.0
colorferet,cvlface_vit_b,jpeg,80,color,rectangle_mean,{},1024,grid,jpeg_r80_color_rectangle_mean_def_b1024,1014.0,1024.5,1.0,2000,0.8390238285064697,0.0033457282929804273,0.004666666666666667,0.011666666666666667,0.0005042610148818977,0.0,0.002,0.0,0.0,0.0,0.0,0.0,0.0
colorferet,arcface_antelopev2,jpeg,80,gray,mean,{},1024,grid,jpeg_r80_gray_mean_def_b1024,1005.0,727.0,1.0,2000,0.8097042441368103,0.005575324130174824,0.01,0.03133333333333333,0.0005016355010652263,0.0006666666666666666,0.0023333333333333335,9.716788018532263e-06,0.0,0.0,0.0,0.0,0.0
colorferet,cvlface_vit_b,jpeg,80,gray,mean,{},1024,grid,jpeg_r80_gray_mean_def_b1024,1005.0,727.0,1.0,2000,0.8275102376937866,0.007456435478888983,0.011666666666666667,0.035666666666666666,0.0005620262788984898,0.0,0.0023333333333333335,1.0796431131887552e-06,0.0,0.0,0.0,0.0,0.0
colorferet,arcface_antelopev2,jpeg,80,gray,none,{},1024,grid,jpeg_r80_gray_none_def_b1024,1010.0,912.0,1.0,2000,0.852154016494751,0.0017065245800365978,0.0023333333333333335,0.011,0.000771908982187689,0.0006666666666666666,0.0026666666666666666,0.0,0.0,0.0,0.0,0.0,0.0
colorferet,cvlface_vit_b,jpeg,80,gray,none,{},1024,grid,jpeg_r80_gray_none_def_b1024,1010.0,912.0,1.0,2000,0.8466809988021851,0.004735793317017916,0.007333333333333333,0.017333333333333333,0.0005907366486880095,0.0,0.002,0.0,0.0,0.0,0.0,0.0,0.0
colorferet,arcface_antelopev2,jpeg,80,gray,ofiq_landmarks,{},1024,grid,jpeg_r80_gray_ofiq_landmarks_def_b1024,1007.0,772.0,1.0,2000,0.8273140788078308,0.0035490254314475634,0.008666666666666666,0.027,0.000747158663403561,0.0006666666666666666,0.0036666666666666666,0.0,0.0,0.0,0.0,0.0,0.0
colorferet,cvlface_vit_b,jpeg,80,gray,ofiq_landmarks,{},1024,grid,jpeg_r80_gray_ofiq_landmarks_def_b1024,1007.0,772.0,1.0,2000,0.8247212171554565,0.006425788644157731,0.015666666666666666,0.037,0.0002904182605871958,0.0,0.0016666666666666668,0.0,0.0,0.0,0.0,0.0,0.0
colorferet,arcface_antelopev2,jpeg,80,gray,rectangle_mean,{},1024,grid,jpeg_r80_gray_rectangle_mean_def_b1024,1009.0,824.0,1.0,2000,0.8557247519493103,0.0017471151028425145,0.0036666666666666666,0.013666666666666667,0.000651127426521273,0.0003333333333333333,0.003,0.0,0.0,0.0,0.0,0.0,0.0
colorferet,cvlface_vit_b,jpeg,80,gray,rectangle_mean,{},1024,grid,jpeg_r80_gray_rectangle_mean_def_b1024,1009.0,824.0,1.0,2000,0.8495675325393677,0.00529218048328463,0.009,0.022,0.000579846508423002,0.0,0.0023333333333333335,0.0,0.0,0.0,0.0,0.0,0.0
colorferet,arcface_antelopev2,jpeg,96,color,mean,{},1024,grid,jpeg_r96_color_mean_def_b1024,1013.0,1114.0,1.0,2000,0.8100683093070984,0.0022606307569241375,0.005666666666666667,0.02033333333333333,0.0004111998162536118,0.0,0.0026666666666666666,0.0,0.0,0.0,0.0,0.0,0.0
colorferet,cvlface_vit_b,jpeg,96,color,mean,{},1024,grid,jpeg_r96_color_mean_def_b1024,1013.0,1114.0,1.0,2000,0.8286661505699158,0.0027807319758278238,0.0036666666666666666,0.013,0.0006946879875813028,0.0003333333333333333,0.002,3.2389293395107543e-06,0.0,0.0,0.0,0.0,0.0
colorferet,arcface_antelopev2,jpeg,96,color,none,{},1024,ours,jpeg_r96_color_none_def_b1024,1007.0,1403.0,1.0,3976,0.8254137635231018,0.0006621750134272812,0.0005030181086519115,0.004527162977867203,0.0001664196366851726,0.0,0.0006706908115358819,1.7519692133705078e-06,0.0,0.0,2.0022505295980153e-06,0.0,0.0
colorferet,cvlface_vit_b,jpeg,96,color,none,{},1024,ours,jpeg_r96_color_none_def_b1024,1007.0,1403.0,1.0,3976,0.8303543925285339,0.0014384669162190256,0.001676727028839705,0.005030181086519115,0.00024800371671139873,0.0,0.0006706908115358819,1.7519692133705078e-06,0.0,0.0,1.0011252647990077e-06,0.0,0.0
colorferet,edgeface_xs,jpeg,96,color,none,{},1024,ours,jpeg_r96_color_none_def_b1024,1007.0,1403.0,1.0,3976,0.8857061862945557,0.005462066173145431,0.011569416498993963,0.029175050301810865,0.0036907617878572637,0.00670690811535882,0.018108651911468814,0.00013990725575546703,0.0,0.00044822949350067237,2.277559977414967e-05,0.0,0.0
colorferet,lvface_l,jpeg,96,color,none,{},1024,ours,jpeg_r96_color_none_def_b1024,1007.0,1403.0,1.0,3976,0.7028985023498535,0.0020478368732653675,0.0038564721663313212,0.01341381623071764,0.0003821389921366721,0.00033534540576794097,0.002347417840375587,1.5016878971985115e-06,0.0,0.0,2.0022505295980153e-06,0.0,0.0
colorferet,topofr_r100,jpeg,96,color,none,{},1024,ours,jpeg_r96_color_none_def_b1024,1007.0,1403.0,1.0,3976,0.8191905617713928,0.0009597287012846035,0.001006036217303823,0.00335345405767941,0.0002602660833081368,0.0,0.001006036217303823,1.5016878971985115e-06,0.0,0.0,1.251406580971004e-06,0.0,0.0
colorferet,arcface_antelopev2,jpeg,96,color,ofiq_landmarks,"{""smooth"": 30, ""arithmetic"": true}",1024,stageB,jpeg_r96_color_ofiq_landmarks_arithmeticTrue-smooth30_b1024,1012.0,1015.0,1.0,2000,0.8448505401611328,0.0023457718535414736,0.005666666666666667,0.02,0.00032110865587949456,0.0,0.0023333333333333335,0.0,0.0,0.0,0.0,0.0,0.0
colorferet,cvlface_vit_b,jpeg,96,color,ofiq_landmarks,"{""smooth"": 30, ""arithmetic"": true}",1024,stageB,jpeg_r96_color_ofiq_landmarks_arithmeticTrue-smooth30_b1024,1012.0,1015.0,1.0,2000,0.8563235998153687,0.0029529941945652194,0.0036666666666666666,0.01,0.0003468489874149566,0.0,0.001,0.0,0.0,0.0,0.0,0.0,0.0
colorferet,arcface_antelopev2,jpeg,96,color,ofiq_landmarks,"{""arithmetic"": true}",1024,stageB,jpeg_r96_color_ofiq_landmarks_arithmeticTrue_b1024,1012.0,1047.0,1.0,2000,0.8465983867645264,0.002252710654913243,0.0036666666666666666,0.015,0.00026764796730579133,0.0,0.002,0.0,0.0,0.0,0.0,0.0,0.0
colorferet,cvlface_vit_b,jpeg,96,color,ofiq_landmarks,"{""arithmetic"": true}",1024,stageB,jpeg_r96_color_ofiq_landmarks_arithmeticTrue_b1024,1012.0,1047.0,1.0,2000,0.855363667011261,0.0020679227948456136,0.0033333333333333335,0.010666666666666666,0.0004976754500597791,0.0003333333333333333,0.0016666666666666668,0.0,0.0,0.0,0.0,0.0,0.0
colorferet,arcface_antelopev2,jpeg,96,color,ofiq_landmarks,{},1024,grid,jpeg_r96_color_ofiq_landmarks_def_b1024,1012.0,1165.0,1.0,2000,0.8202036023139954,0.0015398579133699308,0.0026666666666666666,0.019,0.00042010993101589567,0.0,0.0023333333333333335,0.0,0.0,0.0,0.0,0.0,0.0
colorferet,cvlface_vit_b,jpeg,96,color,ofiq_landmarks,{},1024,grid,jpeg_r96_color_ofiq_landmarks_def_b1024,1012.0,1165.0,1.0,2000,0.8300542235374451,0.00279429119047055,0.004666666666666667,0.013,0.0004141698545077249,0.0,0.002,0.0,0.0,0.0,0.0,0.0,0.0
colorferet,arcface_antelopev2,jpeg,96,color,ofiq_landmarks,"{""progressive"": true}",1024,stageB,jpeg_r96_color_ofiq_landmarks_progressiveTrue_b1024,1008.0,1434.0,1.0,2000,0.7008466720581055,0.0045941779330117725,0.017333333333333333,0.05633333333333333,0.000532325896357525,0.0006666666666666666,0.006333333333333333,0.0002450789866901837,0.0,0.00404040404040404,0.00010148645263818867,0.0,0.00101010101010101
colorferet,cvlface_vit_b,jpeg,96,color,ofiq_landmarks,"{""progressive"": true}",1024,stageB,jpeg_r96_color_ofiq_landmarks_progressiveTrue_b1024,1008.0,1434.0,1.0,2000,0.7105365991592407,0.006516869817283237,0.018,0.051,0.0009049152153079994,0.001,0.0036666666666666666,6.046001433768211e-05,0.0,0.00101010101010101,3.2389293395107543e-06,0.0,0.0
colorferet,arcface_antelopev2,jpeg,96,color,ofiq_landmarks,"{""smooth"": 10}",1024,stageB,jpeg_r96_color_ofiq_landmarks_smooth10_b1024,1012.0,1157.5,1.0,2000,0.8208681344985962,0.0018461163779789711,0.0026666666666666666,0.018333333333333333,0.000320118643128105,0.0,0.0033333333333333335,0.0,0.0,0.0,0.0,0.0,0.0
colorferet,cvlface_vit_b,jpeg,96,color,ofiq_landmarks,"{""smooth"": 10}",1024,stageB,jpeg_r96_color_ofiq_landmarks_smooth10_b1024,1012.0,1157.5,1.0,2000,0.8312100172042847,0.003041794378311608,0.004,0.012333333333333333,0.0004933708746168902,0.0,0.002,0.0,0.0,0.0,0.0,0.0,0.0
colorferet,arcface_antelopev2,jpeg,96,color,ofiq_landmarks,"{""smooth"": 30}",1024,stageB,jpeg_r96_color_ofiq_landmarks_smooth30_b1024,1013.0,1135.0,1.0,2000,0.8183481693267822,0.0017273148478152232,0.0033333333333333335,0.015666666666666666,0.00030625846460903994,0.0,0.003,7.557501792210264e-06,0.0,0.0,3.2389293395107543e-06,0.0,0.0
colorferet,cvlface_vit_b,jpeg,96,color,ofiq_landmarks,"{""smooth"": 30}",1024,stageB,jpeg_r96_color_ofiq_landmarks_smooth30_b1024,1013.0,1135.0,1.0,2000,0.8304296731948853,0.0024975883289376855,0.0036666666666666666,0.012666666666666666,0.0004531248762484153,0.0,0.0016666666666666668,1.0796431131887552e-06,0.0,0.0,0.0,0.0,0.0
colorferet,arcface_antelopev2,jpeg,96,color,ofiq_landmarks,"{""smooth"": 50}",1024,stageB,jpeg_r96_color_ofiq_landmarks_smooth50_b1024,1013.0,1115.0,1.0,2000,0.8148007988929749,0.0023121114199950617,0.005666666666666667,0.02,0.00042704002027545596,0.0,0.0036666666666666666,1.7274289810742527e-05,0.0,0.0,0.0,0.0,0.0
colorferet,cvlface_vit_b,jpeg,96,color,ofiq_landmarks,"{""smooth"": 50}",1024,stageB,jpeg_r96_color_ofiq_landmarks_smooth50_b1024,1013.0,1115.0,1.0,2000,0.829513669013977,0.003788909481154122,0.0036666666666666666,0.012333333333333333,0.000566976342655271,0.0006666666666666666,0.002,0.0,0.0,0.0,0.0,0.0,0.0
colorferet,arcface_antelopev2,jpeg,96,color,rectangle_mean,"{""smooth"": 30, ""arithmetic"": true}",1024,winner,jpeg_r96_color_rectangle_mean_arithmeticTrue-smooth30_b1024,1012.0,1114.0,1.0,3976,0.8639673590660095,0.0006997128703559523,0.0005030181086519115,0.003688799463447351,0.00013764061303983037,0.0,0.0005030181086519115,1.7519692133705078e-06,0.0,0.0,1.0011252647990077e-06,0.0,0.0
colorferet,cvlface_vit_b,jpeg,96,color,rectangle_mean,"{""smooth"": 30, ""arithmetic"": true}",1024,winner,jpeg_r96_color_rectangle_mean_arithmeticTrue-smooth30_b1024,1012.0,1114.0,1.0,3976,0.8702692985534668,0.0010348044151420011,0.0011737089201877935,0.002850435949027498,0.00022597970301201957,0.00016767270288397049,0.0008383635144198525,4.5050636915955344e-06,0.0,0.0,7.508439485715002e-07,0.0,0.0
colorferet,edgeface_xs,jpeg,96,color,rectangle_mean,"{""smooth"": 30, ""arithmetic"": true}",1024,winner,jpeg_r96_color_rectangle_mean_arithmeticTrue-smooth30_b1024,1012.0,1114.0,1.0,3976,0.9186621308326721,0.00476010103137372,0.010731052984574111,0.0249832327297116,0.0035215893749973607,0.005868544600938967,0.01710261569416499,2.502813161997519e-06,0.0,0.0,2.0022505295980153e-06,0.0,0.0
colorferet,lvface_l,jpeg,96,color,rectangle_mean,"{""smooth"": 30, ""arithmetic"": true}",1024,winner,jpeg_r96_color_rectangle_mean_arithmeticTrue-smooth30_b1024,1012.0,1114.0,1.0,3976,0.7332442402839661,0.002128169691393999,0.003688799463447351,0.009221998658618377,0.0006106230232451397,0.0005030181086519115,0.002850435949027498,2.577897556854669e-05,0.0,0.0,7.508439485715002e-07,0.0,0.0
colorferet,topofr_r100,jpeg,96,color,rectangle_mean,"{""smooth"": 30, ""arithmetic"": true}",1024,winner,jpeg_r96_color_rectangle_mean_arithmeticTrue-smooth30_b1024,1012.0,1114.0,1.0,3976,0.8544856905937195,0.0008876542116802741,0.0008383635144198525,0.0038564721663313212,0.00016441761764895461,0.0,0.0006706908115358819,1.0011252647990077e-06,0.0,0.0,1.251406580971004e-06,0.0,0.0
colorferet,arcface_antelopev2,jpeg,96,color,rectangle_mean,"{""arithmetic"": true}",1024,stageB,jpeg_r96_color_rectangle_mean_arithmeticTrue_b1024,1011.0,1111.5,1.0,2000,0.8595516681671143,0.0013339352610861788,0.002,0.011,0.0002765580820680752,0.0,0.0023333333333333335,0.0,0.0,0.0,0.0,0.0,0.0
colorferet,cvlface_vit_b,jpeg,96,color,rectangle_mean,"{""arithmetic"": true}",1024,stageB,jpeg_r96_color_rectangle_mean_arithmeticTrue_b1024,1011.0,1111.5,1.0,2000,0.8653644919395447,0.00216722503385841,0.0033333333333333335,0.007333333333333333,0.0005451960621252561,0.0003333333333333333,0.0023333333333333335,0.0,0.0,0.0,0.0,0.0,0.0
colorferet,arcface_antelopev2,jpeg,96,color,rectangle_mean,{},1024,grid,jpeg_r96_color_rectangle_mean_def_b1024,1011.0,1227.0,1.0,2000,0.8329675197601318,0.00138937597516255,0.0033333333333333335,0.013333333333333334,0.00025081775053261313,0.0,0.0013333333333333333,0.0,0.0,0.0,0.0,0.0,0.0
colorferet,cvlface_vit_b,jpeg,96,color,rectangle_mean,{},1024,grid,jpeg_r96_color_rectangle_mean_def_b1024,1011.0,1227.0,1.0,2000,0.8383887410163879,0.002628270012117775,0.0033333333333333335,0.01,0.0005610362661471002,0.0,0.002,0.0,0.0,0.0,0.0,0.0,0.0
colorferet,arcface_antelopev2,jpeg,96,color,rectangle_mean,"{""progressive"": true}",1024,stageB,jpeg_r96_color_rectangle_mean_progressiveTrue_b1024,1005.0,1494.0,1.0,2000,0.7066532373428345,0.004100807058394938,0.013,0.05266666666666667,0.0006234070694830318,0.0,0.0036666666666666666,0.0002537161315955272,0.0,0.00202020202020202,2.91503640556523e-05,0.0,0.0
colorferet,cvlface_vit_b,jpeg,96,color,rectangle_mean,"{""progressive"": true}",1024,stageB,jpeg_r96_color_rectangle_mean_progressiveTrue_b1024,1005.0,1494.0,1.0,2000,0.7145372033119202,0.007007959702520954,0.018,0.05533333333333333,0.00044090019879457654,0.0003333333333333333,0.004,0.0008170673647573368,0.00101010101010101,0.005050505050505051,4.3185724526995095e-06,0.0,0.0
colorferet,arcface_antelopev2,jpeg,96,color,rectangle_mean,"{""smooth"": 10}",1024,stageB,jpeg_r96_color_rectangle_mean_smooth10_b1024,1011.0,1213.0,1.0,2000,0.8334588408470154,0.001398286089924834,0.0026666666666666666,0.012,0.00024586768677583193,0.0,0.002,0.0,0.0,0.0,0.0,0.0,0.0
colorferet,cvlface_vit_b,jpeg,96,color,rectangle_mean,"{""smooth"": 10}",1024,stageB,jpeg_r96_color_rectangle_mean_smooth10_b1024,1011.0,1213.0,1.0,2000,0.8400223255157471,0.002054062616326493,0.0036666666666666666,0.009666666666666667,0.00041218982900500134,0.0,0.002,0.0,0.0,0.0,0.0,0.0,0.0
colorferet,arcface_antelopev2,jpeg,96,color,rectangle_mean,"{""smooth"": 30}",1024,stageB,jpeg_r96_color_rectangle_mean_smooth30_b1024,1011.0,1183.0,1.0,2000,0.832162082195282,0.0012755245087556944,0.0023333333333333335,0.011,0.00031813861762538143,0.0,0.0023333333333333335,0.0,0.0,0.0,0.0,0.0,0.0
colorferet,cvlface_vit_b,jpeg,96,color,rectangle_mean,"{""smooth"": 30}",1024,stageB,jpeg_r96_color_rectangle_mean_smooth30_b1024,1011.0,1183.0,1.0,2000,0.8404993414878845,0.0020233722210341943,0.0033333333333333335,0.009666666666666667,0.0006184570057262506,0.0,0.002,0.0,0.0,0.0,0.0,0.0,0.0
colorferet,arcface_antelopev2,jpeg,96,color,rectangle_mean,"{""smooth"": 50}",1024,stageB,jpeg_r96_color_rectangle_mean_smooth50_b1024,1012.0,1154.0,1.0,2000,0.8301376700401306,0.0016599939807224549,0.003,0.012666666666666666,0.0003032884263549268,0.0,0.0026666666666666666,0.0,0.0,0.0,0.0,0.0,0.0
colorferet,cvlface_vit_b,jpeg,96,color,rectangle_mean,"{""smooth"": 50}",1024,stageB,jpeg_r96_color_rectangle_mean_smooth50_b1024,1012.0,1154.0,1.0,2000,0.8407154679298401,0.0029529941945652194,0.0036666666666666666,0.009333333333333334,0.0005471760876280352,0.0003333333333333333,0.0026666666666666666,0.0,0.0,0.0,0.0,0.0,0.0
colorferet,arcface_antelopev2,jpeg,96,gray,mean,{},1024,grid,jpeg_r96_gray_mean_def_b1024,1012.0,893.0,1.0,2000,0.8389664888381958,0.0022645908079295847,0.006333333333333333,0.02033333333333333,0.0005432160366225325,0.0006666666666666666,0.002,0.0,0.0,0.0,0.0,0.0,0.0
colorferet,cvlface_vit_b,jpeg,96,gray,mean,{},1024,grid,jpeg_r96_gray_mean_def_b1024,1012.0,893.0,1.0,2000,0.846944272518158,0.005437367833297678,0.008666666666666666,0.022,0.00028942824783580623,0.0,0.0026666666666666666,0.0,0.0,0.0,0.0,0.0,0.0
colorferet,arcface_antelopev2,jpeg,96,gray,none,{},1024,grid,jpeg_r96_gray_none_def_b1024,1011.0,1118.0,1.0,2000,0.8586849570274353,0.0011791487474358537,0.0013333333333333333,0.008666666666666666,0.0006253870949858109,0.0003333333333333333,0.0026666666666666666,0.0,0.0,0.0,0.0,0.0,0.0
colorferet,cvlface_vit_b,jpeg,96,gray,none,{},1024,grid,jpeg_r96_gray_none_def_b1024,1011.0,1118.0,1.0,2000,0.8525136709213257,0.0042562390603591,0.006666666666666667,0.015333333333333332,0.00042010993101589567,0.0,0.0016666666666666668,0.0,0.0,0.0,0.0,0.0,0.0
colorferet,arcface_antelopev2,jpeg,96,gray,ofiq_landmarks,{},1024,grid,jpeg_r96_gray_ofiq_landmarks_def_b1024,1012.0,944.0,1.0,2000,0.8505094051361084,0.0024338829884128672,0.004666666666666667,0.021333333333333333,0.0003557591021772405,0.0003333333333333333,0.0033333333333333335,0.0,0.0,0.0,0.0,0.0,0.0
colorferet,cvlface_vit_b,jpeg,96,gray,ofiq_landmarks,{},1024,grid,jpeg_r96_gray_ofiq_landmarks_def_b1024,1012.0,944.0,1.0,2000,0.8461959362030029,0.0050007722099460455,0.008666666666666666,0.021,0.0003508090384204038,0.0,0.002,0.0,0.0,0.0,0.0,0.0,0.0
colorferet,arcface_antelopev2,jpeg,96,gray,rectangle_mean,"{""smooth"": 30, ""arithmetic"": true}",1024,annexE,jpeg_r96_gray_rectangle_mean_arithmeticTrue-smooth30_b1024,1011.0,928.0,1.0,3976,0.8741153478622437,0.0007162295274046119,0.0006706908115358819,0.005030181086519115,0.00038989681590194744,0.00033534540576794097,0.0006706908115358819,1.251406580971004e-06,0.0,0.0,7.508439485715002e-07,0.0,0.0
colorferet,cvlface_vit_b,jpeg,96,gray,rectangle_mean,"{""smooth"": 30, ""arithmetic"": true}",1024,annexE,jpeg_r96_gray_rectangle_mean_arithmeticTrue-smooth30_b1024,1011.0,928.0,1.0,3976,0.8678349852561951,0.0024827827260841266,0.0035211267605633804,0.007377598926894702,0.00028704308791726105,0.0,0.0013413816230717639,2.0022505295980153e-06,0.0,0.0,5.005626323995038e-07,0.0,0.0
colorferet,edgeface_xs,jpeg,96,gray,rectangle_mean,"{""smooth"": 30, ""arithmetic"": true}",1024,annexE,jpeg_r96_gray_rectangle_mean_arithmeticTrue-smooth30_b1024,1011.0,928.0,1.0,3976,0.9292119741439819,0.0056364938859753645,0.011066398390342052,0.021629778672032193,0.003868943286380092,0.007880617035546614,0.01626425217974514,1.3264909758559096e-05,0.0,0.0,2.0022505295980153e-06,0.0,0.0
colorferet,lvface_l,jpeg,96,gray,rectangle_mean,"{""smooth"": 30, ""arithmetic"": true}",1024,annexE,jpeg_r96_gray_rectangle_mean_arithmeticTrue-smooth30_b1024,1011.0,928.0,1.0,3976,0.7142969965934753,0.002616167244370832,0.003688799463447351,0.008048289738430584,0.0007129762464707993,0.0005030181086519115,0.0026827632461435278,7.508439485715002e-07,0.0,0.0,7.508439485715002e-07,0.0,0.0
colorferet,topofr_r100,jpeg,96,gray,rectangle_mean,"{""smooth"": 30, ""arithmetic"": true}",1024,annexE,jpeg_r96_gray_rectangle_mean_arithmeticTrue-smooth30_b1024,1011.0,928.0,1.0,3976,0.8639439940452576,0.0006123747899018165,0.0006706908115358819,0.002850435949027498,0.0002802862736700947,0.00016767270288397049,0.0006706908115358819,1.0011252647990077e-06,0.0,0.0,1.0011252647990077e-06,0.0,0.0
colorferet,arcface_antelopev2,jpeg,96,gray,rectangle_mean,{},1024,grid,jpeg_r96_gray_rectangle_mean_def_b1024,1012.0,1005.0,1.0,2000,0.866708517074585,0.0014303110224059643,0.0023333333333333335,0.009666666666666667,0.0006729077070512879,0.0006666666666666666,0.0023333333333333335,0.0,0.0,0.0,0.0,0.0,0.0
colorferet,cvlface_vit_b,jpeg,96,gray,rectangle_mean,{},1024,grid,jpeg_r96_gray_rectangle_mean_def_b1024,1012.0,1005.0,1.0,2000,0.8600180149078369,0.004077391276799641,0.006666666666666667,0.016666666666666666,0.0004012996887399939,0.0003333333333333333,0.0023333333333333335,0.0,0.0,0.0,0.0,0.0,0.0
colorferet,arcface_antelopev2,jpeg_xl,112,color,mean,{},1024,grid,jpeg_xl_r112_color_mean_def_b1024,1007.0,965.0,1.0,2000,0.8526298999786377,0.0016986044780257035,0.0026666666666666666,0.013,0.00038149943371270257,0.0,0.0033333333333333335,0.0,0.0,0.0,0.0,0.0,0.0
colorferet,cvlface_vit_b,jpeg_xl,112,color,mean,{},1024,grid,jpeg_xl_r112_color_mean_def_b1024,1007.0,965.0,1.0,2000,0.8812128305435181,0.0009662960058925414,0.001,0.006,0.000319128630376771,0.0003333333333333333,0.002,0.0,0.0,0.0,0.0,0.0,0.0
colorferet,arcface_antelopev2,jpeg_xl,112,color,none,{},1024,ours,jpeg_xl_r112_color_none_def_b1024,1003.0,1255.0,1.0,3976,0.8236363530158997,0.0008213373311062053,0.0008383635144198525,0.004694835680751174,0.0004952548719830819,0.00016767270288397049,0.0015090543259557343,1.1512940545188588e-05,0.0,0.0,3.2786852422139745e-05,0.0,0.0
colorferet,cvlface_vit_b,jpeg_xl,112,color,none,{},1024,ours,jpeg_xl_r112_color_none_def_b1024,1003.0,1255.0,1.0,3976,0.8476750254631042,0.001123393757493787,0.0011737089201877935,0.005030181086519115,0.0002052087555114938,0.00016767270288397049,0.001006036217303823,3.2536571105690193e-06,0.0,0.0,2.2525318457700116e-06,0.0,0.0
colorferet,edgeface_xs,jpeg_xl,112,color,none,{},1024,ours,jpeg_xl_r112_color_none_def_b1024,1003.0,1255.0,1.0,3976,0.8924630880355835,0.006537163025692093,0.013916834339369551,0.03420523138832998,0.0040466260844450415,0.008048289738430584,0.018443997317236754,0.00039430604176594544,0.0,0.002689376961004034,0.0001611811676324182,0.0,0.00044822949350067237
colorferet,lvface_l,jpeg_xl,112,color,none,{},1024,ours,jpeg_xl_r112_color_none_def_b1024,1003.0,1255.0,1.0,3976,0.6340171098709106,0.001318343969745964,0.0018443997317236754,0.008383635144198525,0.0006073679380101238,0.0005030181086519115,0.0018443997317236754,2.6029256884718688e-05,0.0,0.0,7.0078768535930536e-06,0.0,0.0
colorferet,topofr_r100,jpeg_xl,112,color,none,{},1024,ours,jpeg_xl_r112_color_none_def_b1024,1003.0,1255.0,1.0,3976,0.8159201741218567,0.001337613402969354,0.0015090543259557343,0.004359490274983233,0.00040891780104699964,0.00016767270288397049,0.001006036217303823,4.5050636915955344e-06,0.0,0.0,1.0762096596561577e-05,0.0,0.0
colorferet,arcface_antelopev2,jpeg_xl,112,color,ofiq_landmarks,{},1024,grid,jpeg_xl_r112_color_ofiq_landmarks_def_b1024,1004.0,1036.0,1.0,2000,0.8459745049476624,0.001925661922525578,0.0026666666666666666,0.012,0.00039040954847498644,0.0,0.003,0.0,0.0,0.0,0.0,0.0,0.0
colorferet,cvlface_vit_b,jpeg_xl,112,color,ofiq_landmarks,{},1024,grid,jpeg_xl_r112_color_ofiq_landmarks_def_b1024,1004.0,1036.0,1.0,2000,0.8693022727966309,0.0017639453196156927,0.0026666666666666666,0.007666666666666666,0.00028744822233308265,0.0,0.001,0.0,0.0,0.0,0.0,0.0,0.0
colorferet,arcface_antelopev2,jpeg_xl,112,color,rectangle_mean,{},1024,grid,jpeg_xl_r112_color_rectangle_mean_def_b1024,1003.0,1105.0,1.0,2000,0.8399107456207275,0.0013784858348975426,0.0016666666666666668,0.009666666666666667,0.0003438789491608435,0.0,0.0013333333333333333,4.3185724526995095e-06,0.0,0.0,0.0,0.0,0.0
colorferet,cvlface_vit_b,jpeg_xl,112,color,rectangle_mean,{},1024,grid,jpeg_xl_r112_color_rectangle_mean_def_b1024,1003.0,1105.0,1.0,2000,0.8607420921325684,0.0020705483086622296,0.003,0.007666666666666666,0.00027556806931674116,0.0,0.001,0.0,0.0,0.0,0.0,0.0,0.0
colorferet,arcface_antelopev2,jpeg_xl,112,gray,mean,{},1024,grid,jpeg_xl_r112_gray_mean_def_b1024,1003.0,857.5,1.0,2000,0.851773202419281,0.0019533822795637637,0.0033333333333333335,0.014666666666666666,0.0006584020402182751,0.001,0.003,1.0796431131887552e-06,0.0,0.0,0.0,0.0,0.0
colorferet,cvlface_vit_b,jpeg_xl,112,gray,mean,{},1024,grid,jpeg_xl_r112_gray_mean_def_b1024,1003.0,857.5,1.0,2000,0.8579358458518982,0.004943006945929453,0.007,0.017,0.00029239828608991936,0.0,0.002,0.0,0.0,0.0,0.0,0.0,0.0
colorferet,arcface_antelopev2,jpeg_xl,112,gray,none,{},1024,grid,jpeg_xl_r112_gray_none_def_b1024,1000.0,1121.0,1.0,2000,0.8187322020530701,0.0011735531953651801,0.0016666666666666668,0.011,0.0009105107673786728,0.001,0.0033333333333333335,1.0796431131887552e-06,0.0,0.0,2.159286226321999e-06,0.0,0.0
colorferet,cvlface_vit_b,jpeg_xl,112,gray,none,{},1024,grid,jpeg_xl_r112_gray_none_def_b1024,1000.0,1121.0,1.0,2000,0.8173195719718933,0.005557848425087698,0.011,0.03166666666666667,0.0003577391276799641,0.0003333333333333333,0.003,1.0796431131887552e-06,0.0,0.0,0.0,0.0,0.0
colorferet,arcface_antelopev2,jpeg_xl,112,gray,ofiq_landmarks,{},1024,grid,jpeg_xl_r112_gray_ofiq_landmarks_def_b1024,1000.0,927.0,1.0,2000,0.8480502963066101,0.0020632736949651722,0.0033333333333333335,0.014666666666666666,0.001125688058862206,0.0013333333333333333,0.003,0.0,0.0,0.0,0.0,0.0,0.0
colorferet,cvlface_vit_b,jpeg_xl,112,gray,ofiq_landmarks,{},1024,grid,jpeg_xl_r112_gray_ofiq_landmarks_def_b1024,1000.0,927.0,1.0,2000,0.8464886546134949,0.005027502554232897,0.008666666666666666,0.020666666666666667,0.00028942824783580623,0.0,0.001,0.0,0.0,0.0,0.0,0.0,0.0
colorferet,arcface_antelopev2,jpeg_xl,112,gray,rectangle_mean,{},1024,grid,jpeg_xl_r112_gray_rectangle_mean_def_b1024,999.0,990.0,1.0,2000,0.8435080051422119,0.0013873959496598265,0.0026666666666666666,0.01,0.0006412272990075996,0.0003333333333333333,0.003,2.159286226321999e-06,0.0,0.0,0.0,0.0,0.0
colorferet,cvlface_vit_b,jpeg_xl,112,gray,rectangle_mean,{},1024,grid,jpeg_xl_r112_gray_rectangle_mean_def_b1024,999.0,990.0,1.0,2000,0.8404110074043274,0.0052855949184625675,0.009333333333333334,0.023333333333333334,0.0002904182605871958,0.0,0.002,4.3185724526995095e-06,0.0,0.0,0.0,0.0,0.0
colorferet,arcface_antelopev2,jpeg_xl,168,color,mean,{},1024,grid,jpeg_xl_r168_color_mean_def_b1024,990.0,1664.5,1.0,2000,0.8113598823547363,0.0013913560006652737,0.002,0.014333333333333333,0.0002735880438140176,0.0,0.0023333333333333335,0.00010472538197775494,0.0,0.00101010101010101,1.0796431131887552e-06,0.0,0.0
colorferet,cvlface_vit_b,jpeg_xl,168,color,mean,{},1024,grid,jpeg_xl_r168_color_mean_def_b1024,990.0,1664.5,1.0,2000,0.8437609672546387,0.001218103769176544,0.0016666666666666668,0.005333333333333333,0.0005359414229255305,0.0003333333333333333,0.0023333333333333335,0.0,0.0,0.0,0.0,0.0,0.0
colorferet,arcface_antelopev2,jpeg_xl,168,color,mean,"{""effort"": 10}",1024,stageB,jpeg_xl_r168_color_mean_effort10_b1024,997.0,1432.5,1.0,2000,0.8357159495353699,0.0017781500225723104,0.003,0.010666666666666666,0.00035476908942585095,0.0,0.0026666666666666666,2.1592862263442036e-05,0.0,0.0,0.0,0.0,0.0
colorferet,cvlface_vit_b,jpeg_xl,168,color,mean,"{""effort"": 10}",1024,stageB,jpeg_xl_r168_color_mean_effort10_b1024,997.0,1432.5,1.0,2000,0.8677436709403992,0.0012959702520968226,0.0013333333333333333,0.0033333333333333335,0.00026071787804628655,0.0003333333333333333,0.0016666666666666668,0.0,0.0,0.0,0.0,0.0,0.0
colorferet,arcface_antelopev2,jpeg_xl,168,color,mean,"{""effort"": 1}",1024,stageB,jpeg_xl_r168_color_mean_effort1_b1024,1000.0,1593.0,1.0,2000,0.784521222114563,0.0023071613562382805,0.004333333333333333,0.019333333333333334,0.00041515986725911447,0.0,0.0036666666666666666,0.00013819431848610675,0.0,0.00202020202020202,3.994679518737332e-05,0.0,0.0
colorferet,cvlface_vit_b,jpeg_xl,168,color,mean,"{""effort"": 1}",1024,stageB,jpeg_xl_r168_color_mean_effort1_b1024,1000.0,1593.0,1.0,2000,0.810954213142395,0.002176824197495688,0.0036666666666666666,0.010666666666666666,0.0007501287016576741,0.0006666666666666666,0.0023333333333333335,2.159286226321999e-06,0.0,0.0,1.4035360471231773e-05,0.0,0.0
colorferet,arcface_antelopev2,jpeg_xl,168,color,mean,"{""effort"": 5}",1024,stageB,jpeg_xl_r168_color_mean_effort5_b1024,989.0,1594.0,1.0,2000,0.8244906067848206,0.0017688953833725294,0.003,0.01,0.00044585026255135774,0.0,0.0023333333333333335,7.557501792210264e-06,0.0,0.0,0.0,0.0,0.0
colorferet,cvlface_vit_b,jpeg_xl,168,color,mean,"{""effort"": 5}",1024,stageB,jpeg_xl_r168_color_mean_effort5_b1024,989.0,1594.0,1.0,2000,0.856895387172699,0.0016778142102470226,0.003,0.006,0.00038347945921542615,0.0003333333333333333,0.0023333333333333335,0.0,0.0,0.0,0.0,0.0,0.0
colorferet,arcface_antelopev2,jpeg_xl,168,color,none,{},1024,grid,jpeg_xl_r168_color_none_def_b1024,986.0,2020.0,0.999,2000,0.7609921097755432,0.0017751799843181973,0.003,0.025333333333333333,0.0005560862023902635,0.0003333333333333333,0.006666666666666667,8.097323348793539e-05,0.0,0.00202020202020202,0.0005428380140115564,0.00101010101010101,0.00101010101010101
colorferet,cvlface_vit_b,jpeg_xl,168,color,none,{},1024,grid,jpeg_xl_r168_color_none_def_b1024,986.0,2020.0,0.999,2000,0.7970621585845947,0.0027252912617514525,0.004666666666666667,0.018333333333333333,0.0005339613974228069,0.0003333333333333333,0.003,4.534501075326158e-05,0.0,0.0,1.9433576037120037e-05,0.0,0.0
colorferet,arcface_antelopev2,jpeg_xl,168,color,ofiq_landmarks,{},1024,grid,jpeg_xl_r168_color_ofiq_landmarks_def_b1024,988.0,1762.0,1.0,2000,0.8049767017364502,0.0022665708334323083,0.004,0.017,0.000259727865294897,0.0,0.003,3.2389293395163055e-05,0.0,0.0,0.0,0.0,0.0
colorferet,cvlface_vit_b,jpeg_xl,168,color,ofiq_landmarks,{},1024,grid,jpeg_xl_r168_color_ofiq_landmarks_def_b1024,988.0,1762.0,1.0,2000,0.8364525437355042,0.0018850713997196058,0.003,0.009333333333333334,0.00030427843910631636,0.0003333333333333333,0.0026666666666666666,0.0,0.0,0.0,0.0,0.0,0.0
colorferet,arcface_antelopev2,jpeg_xl,168,color,rectangle_mean,{},1024,grid,jpeg_xl_r168_color_rectangle_mean_def_b1024,988.0,1870.0,1.0,2000,0.790220320224762,0.0016045532666460836,0.0033333333333333335,0.016666666666666666,0.0004012996887399939,0.0,0.003,2.8070720942463545e-05,0.0,0.0,7.557501792210264e-06,0.0,0.0
colorferet,cvlface_vit_b,jpeg_xl,168,color,rectangle_mean,{},1024,grid,jpeg_xl_r168_color_rectangle_mean_def_b1024,988.0,1870.0,1.0,2000,0.8218819499015808,0.0021220289717331538,0.0036666666666666666,0.01633333333333333,0.0004537703645623076,0.0003333333333333333,0.0016666666666666668,0.0,0.0,0.0,0.0,0.0,0.0
colorferet,arcface_antelopev2,jpeg_xl,168,gray,mean,{},1024,grid,jpeg_xl_r168_gray_mean_def_b1024,993.0,1468.0,1.0,2000,0.8294564485549927,0.0017431550518370673,0.004,0.014333333333333333,0.000579846508423002,0.0006666666666666666,0.005,2.159286226321999e-06,0.0,0.0,0.0,0.0,0.0
colorferet,cvlface_vit_b,jpeg_xl,168,gray,mean,{},1024,grid,jpeg_xl_r168_gray_mean_def_b1024,993.0,1468.0,1.0,2000,0.8346120715141296,0.003657625870221187,0.006333333333333333,0.016666666666666666,0.00043199008403229267,0.0,0.003,0.0,0.0,0.0,0.0,0.0,0.0
colorferet,arcface_antelopev2,jpeg_xl,168,gray,none,{},1024,grid,jpeg_xl_r168_gray_none_def_b1024,986.0,1818.0,1.0,2000,0.7819615602493286,0.0029147282216994684,0.006,0.021666666666666667,0.0003725893189504187,0.0003333333333333333,0.006,3.346893650835181e-05,0.0,0.0,1.8353932923931282e-05,0.0,0.0
colorferet,cvlface_vit_b,jpeg_xl,168,gray,none,{},1024,grid,jpeg_xl_r168_gray_none_def_b1024,986.0,1818.0,1.0,2000,0.7882918119430542,0.006744572750097004,0.009666666666666667,0.031,0.0005877666104339519,0.0,0.0033333333333333335,0.0,0.0,0.0,3.2389293395107543e-06,0.0,0.0
colorferet,arcface_antelopev2,jpeg_xl,168,gray,ofiq_landmarks,{},1024,grid,jpeg_xl_r168_gray_ofiq_landmarks_def_b1024,988.0,1560.5,1.0,2000,0.8237290382385254,0.0016867243250093065,0.003,0.014,0.0005075755775734525,0.0006666666666666666,0.0036666666666666666,3.2389293395107543e-06,0.0,0.0,1.6194646697609283e-05,0.0,0.0
colorferet,cvlface_vit_b,jpeg_xl,168,gray,ofiq_landmarks,{},1024,grid,jpeg_xl_r168_gray_ofiq_landmarks_def_b1024,988.0,1560.5,1.0,2000,0.8274651169776917,0.004863461401382846,0.007666666666666666,0.017666666666666667,0.0005590562406443767,0.0,0.003,0.0,0.0,0.0,0.0,0.0,0.0
colorferet,arcface_antelopev2,jpeg_xl,168,gray,rectangle_mean,{},1024,grid,jpeg_xl_r168_gray_rectangle_mean_def_b1024,988.0,1668.0,1.0,2000,0.8092130422592163,0.0015936631263810761,0.0033333333333333335,0.016,0.0008504645139829621,0.001,0.005,0.00011336252688309845,0.0,0.00101010101010101,0.0,0.0,0.0
colorferet,cvlface_vit_b,jpeg_xl,168,gray,rectangle_mean,{},1024,grid,jpeg_xl_r168_gray_rectangle_mean_def_b1024,988.0,1668.0,1.0,2000,0.813317060470581,0.004863160437506451,0.008333333333333333,0.025,0.0002904182605871958,0.0,0.003,2.159286226321999e-06,0.0,0.0,0.0,0.0,0.0
colorferet,arcface_antelopev2,jpeg_xl,224,color,mean,{},1024,grid,jpeg_xl_r224_color_mean_def_b1024,985.0,2405.0,0.9375,2000,0.7979448437690735,0.002029613261418816,0.004666666666666667,0.016,0.0004131798417563354,0.0,0.002,8.637144905399019e-06,0.0,0.0,0.0,0.0,0.0
colorferet,cvlface_vit_b,jpeg_xl,224,color,mean,{},1024,grid,jpeg_xl_r224_color_mean_def_b1024,985.0,2405.0,0.9375,2000,0.8277084827423096,0.0020038729298833538,0.0036666666666666666,0.01,0.0005422260238711985,0.0006666666666666666,0.0016666666666666668,0.0,0.0,0.0,0.0,0.0,0.0
colorferet,arcface_antelopev2,jpeg_xl,224,color,none,{},1024,grid,jpeg_xl_r224_color_none_def_b1024,994.0,2801.5,0.7875,2000,0.7777943015098572,0.0020533735674515543,0.004,0.018,0.0005709363936607737,0.0,0.0036666666666666666,1.2955717358043017e-05,0.0,0.0,1.0796431131721018e-05,0.0,0.0
colorferet,cvlface_vit_b,jpeg_xl,224,color,none,{},1024,grid,jpeg_xl_r224_color_none_def_b1024,994.0,2801.5,0.7875,2000,0.8080136775970459,0.0022824110374541524,0.0036666666666666666,0.014666666666666666,0.00051846571783846,0.0006666666666666666,0.0026666666666666666,0.0,0.0,0.0,0.0,0.0,0.0
colorferet,arcface_antelopev2,jpeg_xl,224,color,ofiq_landmarks,{},1024,grid,jpeg_xl_r224_color_ofiq_landmarks_def_b1024,983.0,2500.0,0.9245,2000,0.7928501963615417,0.0022058355311616587,0.0033333333333333335,0.012,0.00036862926794497153,0.0,0.002,3.2389293395107543e-06,0.0,0.0,6.477858679021509e-06,0.0,0.0
colorferet,cvlface_vit_b,jpeg_xl,224,color,ofiq_landmarks,{},1024,grid,jpeg_xl_r224_color_ofiq_landmarks_def_b1024,983.0,2500.0,0.9245,2000,0.8225134611129761,0.0021843997750690854,0.003,0.009666666666666667,0.0004392646977292947,0.0006666666666666666,0.002,0.0,0.0,0.0,0.0,0.0,0.0
colorferet,arcface_antelopev2,jpeg_xl,224,color,rectangle_mean,{},1024,grid,jpeg_xl_r224_color_rectangle_mean_def_b1024,982.0,2623.0,0.9015,2000,0.7845003604888916,0.0016194034579165382,0.0023333333333333335,0.018666666666666668,0.00037159930619908466,0.0003333333333333333,0.0026666666666666666,2.159286226321999e-06,0.0,0.0,3.2389293395107543e-06,0.0,0.0
colorferet,cvlface_vit_b,jpeg_xl,224,color,rectangle_mean,{},1024,grid,jpeg_xl_r224_color_rectangle_mean_def_b1024,982.0,2623.0,0.9015,2000,0.8142746686935425,0.002413092720634242,0.004666666666666667,0.014333333333333333,0.0005620262788984898,0.0006666666666666666,0.0023333333333333335,4.3185724526995095e-06,0.0,0.0,8.637144905399019e-06,0.0,0.0
colorferet,arcface_antelopev2,jpeg_xl,224,gray,mean,{},1024,grid,jpeg_xl_r224_gray_mean_def_b1024,992.0,2083.0,0.9945,2000,0.8027786612510681,0.001542182463310152,0.003,0.015333333333333332,0.00060459682720713,0.0,0.004,1.0796431131721018e-05,0.0,0.0,0.0,0.0,0.0
colorferet,cvlface_vit_b,jpeg_xl,224,gray,mean,{},1024,grid,jpeg_xl_r224_gray_mean_def_b1024,992.0,2083.0,0.9945,2000,0.8069122433662415,0.004609372648719724,0.008,0.021666666666666667,0.00042010993101589567,0.0,0.0016666666666666668,8.637144905399019e-06,0.0,0.0,0.0,0.0,0.0
colorferet,arcface_antelopev2,jpeg_xl,224,gray,none,{},1024,grid,jpeg_xl_r224_gray_none_def_b1024,992.5,2454.0,0.934,2000,0.7800664305686951,0.0016986044780257035,0.0033333333333333335,0.01633333333333333,0.0004280300330268455,0.0003333333333333333,0.0036666666666666666,0.0001435925340519395,0.0,0.0030303030303030303,1.0796431131721018e-05,0.0,0.0
colorferet,cvlface_vit_b,jpeg_xl,224,gray,none,{},1024,grid,jpeg_xl_r224_gray_none_def_b1024,992.5,2454.0,0.934,2000,0.7841345071792603,0.0060990844362075625,0.011333333333333334,0.028,0.0003537790766745169,0.0,0.0026666666666666666,1.2955717358043017e-05,0.0,0.0,0.0,0.0,0.0
colorferet,arcface_antelopev2,jpeg_xl,224,gray,ofiq_landmarks,{},1024,grid,jpeg_xl_r224_gray_ofiq_landmarks_def_b1024,992.0,2171.0,0.988,2000,0.8005079627037048,0.0018830913742168822,0.004333333333333333,0.01633333333333333,0.0005867765976825623,0.0006666666666666666,0.003,3.994679518737332e-05,0.0,0.0,2.159286226321999e-06,0.0,0.0
colorferet,cvlface_vit_b,jpeg_xl,224,gray,ofiq_landmarks,{},1024,grid,jpeg_xl_r224_gray_ofiq_landmarks_def_b1024,992.0,2171.0,0.988,2000,0.8035062551498413,0.004203510981221438,0.009333333333333334,0.023333333333333334,0.0002765580820680752,0.0,0.002,6.153965745081535e-05,0.0,0.00101010101010101,0.0,0.0,0.0
colorferet,arcface_antelopev2,jpeg_xl,224,gray,rectangle_mean,{},1024,grid,jpeg_xl_r224_gray_rectangle_mean_def_b1024,991.0,2288.0,0.9785,2000,0.7912775874137878,0.0017213747713070524,0.0033333333333333335,0.015333333333333332,0.0007184482936140413,0.0003333333333333333,0.003,1.6194646697609283e-05,0.0,0.0,3.0230007168841055e-05,0.0,0.0
colorferet,cvlface_vit_b,jpeg_xl,224,gray,rectangle_mean,{},1024,grid,jpeg_xl_r224_gray_rectangle_mean_def_b1024,991.0,2288.0,0.9785,2000,0.7946229577064514,0.005430782268475614,0.010333333333333333,0.025,0.0002785381075707988,0.0,0.003,2.159286226321999e-06,0.0,0.0,0.0,0.0,0.0
colorferet,arcface_antelopev2,jpeg_xl,56,color,mean,{},1024,grid,jpeg_xl_r56_color_mean_def_b1024,965.0,388.0,1.0,2000,0.7070445418357849,0.012765446178946791,0.035,0.07933333333333334,0.0006808278090621822,0.0006666666666666666,0.0023333333333333335,0.0005871033816516292,0.00101010101010101,0.0030303030303030303,0.0005126080068427153,0.00101010101010101,0.00101010101010101
colorferet,cvlface_vit_b,jpeg_xl,56,color,mean,{},1024,grid,jpeg_xl_r56_color_mean_def_b1024,965.0,388.0,1.0,2000,0.7950841188430786,0.004429190327971434,0.009333333333333334,0.025,0.0005491561131307587,0.0003333333333333333,0.0023333333333333335,1.1876074244909773e-05,0.0,0.0,0.0,0.0,0.0
colorferet,arcface_antelopev2,jpeg_xl,56,color,none,{},1024,grid,jpeg_xl_r56_color_none_def_b1024,987.0,521.0,1.0,2000,0.8154501914978027,0.002196925416399375,0.0033333333333333335,0.014,0.00047292513127570663,0.0006666666666666666,0.002,0.0,0.0,0.0,0.0,0.0,0.0
colorferet,cvlface_vit_b,jpeg_xl,56,color,none,{},1024,grid,jpeg_xl_r56_color_none_def_b1024,987.0,521.0,1.0,2000,0.8297570943832397,0.0020457979898781016,0.0033333333333333335,0.011,0.0003706092934476951,0.0003333333333333333,0.0016666666666666668,8.637144905399019e-06,0.0,0.0,0.0,0.0,0.0
colorferet,arcface_antelopev2,jpeg_xl,56,color,ofiq_landmarks,{},1024,grid,jpeg_xl_r56_color_ofiq_landmarks_def_b1024,976.0,427.0,1.0,2000,0.754014253616333,0.007800314428049826,0.022,0.051,0.0008930350622916024,0.001,0.0036666666666666666,3.0230007168841055e-05,0.0,0.0,1.5115003584420528e-05,0.0,0.0
colorferet,cvlface_vit_b,jpeg_xl,56,color,ofiq_landmarks,{},1024,grid,jpeg_xl_r56_color_ofiq_landmarks_def_b1024,976.0,427.0,1.0,2000,0.7874217629432678,0.005531763569114794,0.011,0.034,0.0005224257688439071,0.0003333333333333333,0.0013333333333333333,0.0,0.0,0.0,0.0,0.0,0.0
colorferet,arcface_antelopev2,jpeg_xl,56,color,rectangle_mean,{},1024,grid,jpeg_xl_r56_color_rectangle_mean_def_b1024,983.0,458.0,1.0,2000,0.8189647793769836,0.00264213019063684,0.004666666666666667,0.023333333333333334,0.0005976667379475698,0.0003333333333333333,0.0033333333333333335,0.0,0.0,0.0,0.0,0.0,0.0
colorferet,cvlface_vit_b,jpeg_xl,56,color,rectangle_mean,{},1024,grid,jpeg_xl_r56_color_rectangle_mean_def_b1024,983.0,458.0,1.0,2000,0.8333622217178345,0.0032087620088546696,0.004333333333333333,0.014,0.00051846571783846,0.0006666666666666666,0.0023333333333333335,0.0,0.0,0.0,0.0,0.0,0.0
colorferet,arcface_antelopev2,jpeg_xl,56,gray,mean,{},1024,grid,jpeg_xl_r56_gray_mean_def_b1024,952.0,354.0,1.0,2000,0.6799941658973694,0.01767018715201049,0.049666666666666665,0.10033333333333333,0.0007511187144090636,0.0006666666666666666,0.006333333333333333,0.0013072253381377042,0.0030303030303030303,0.0030303030303030303,0.0005439176571246896,0.00101010101010101,0.00101010101010101
colorferet,cvlface_vit_b,jpeg_xl,56,gray,mean,{},1024,grid,jpeg_xl_r56_gray_mean_def_b1024,952.0,354.0,1.0,2000,0.7481989860534668,0.015040927127141383,0.035333333333333335,0.07433333333333333,0.0004092197907508882,0.0003333333333333333,0.003,1.5115003584420528e-05,0.0,0.0,0.0,0.0,0.0
colorferet,arcface_antelopev2,jpeg_xl,56,gray,none,{},1024,grid,jpeg_xl_r56_gray_none_def_b1024,980.0,486.0,1.0,2000,0.8125239610671997,0.0021296045493066065,0.006,0.022,0.0005521261513848164,0.0006666666666666666,0.003,1.0796431131887552e-06,0.0,0.0,0.0,0.0,0.0
colorferet,cvlface_vit_b,jpeg_xl,56,gray,none,{},1024,grid,jpeg_xl_r56_gray_none_def_b1024,980.0,486.0,1.0,2000,0.8165322542190552,0.00711750659348492,0.011666666666666667,0.026333333333333334,0.0003359588471499492,0.0003333333333333333,0.002,4.3185724526995095e-06,0.0,0.0,0.0,0.0,0.0
colorferet,arcface_antelopev2,jpeg_xl,56,gray,ofiq_landmarks,{},1024,grid,jpeg_xl_r56_gray_ofiq_landmarks_def_b1024,968.0,393.0,1.0,2000,0.7388692498207092,0.00937417729940361,0.029,0.076,0.0009534258401248104,0.001,0.005333333333333333,7.557501792210264e-05,0.0,0.00101010101010101,1.6194646697609283e-05,0.0,0.0
colorferet,cvlface_vit_b,jpeg_xl,56,gray,ofiq_landmarks,{},1024,grid,jpeg_xl_r56_gray_ofiq_landmarks_def_b1024,968.0,393.0,1.0,2000,0.7500503063201904,0.017323338164595536,0.036333333333333336,0.06733333333333333,0.0003943695994804336,0.0,0.0036666666666666666,2.159286226321999e-06,0.0,0.0,0.0,0.0,0.0
colorferet,arcface_antelopev2,jpeg_xl,56,gray,ofiq_landmarks,"{""effort"": 10}",1024,annexF,jpeg_xl_r56_gray_ofiq_landmarks_effort10_b1024,968.0,361.0,1.0,3976,0.743552029132843,0.00616478207205571,0.01374916163648558,0.036384976525821594,0.0005513132092977783,0.0006706908115358819,0.0026827632461435278,6.7575955373822e-05,0.0,0.00044822949350067237,6.757595537365546e-06,0.0,0.0
colorferet,cvlface_vit_b,jpeg_xl,56,gray,ofiq_landmarks,"{""effort"": 10}",1024,annexF,jpeg_xl_r56_gray_ofiq_landmarks_effort10_b1024,968.0,361.0,1.0,3976,0.7521743178367615,0.009904596934902221,0.019450033534540577,0.03403755868544601,0.0004734847192655948,0.0006706908115358819,0.0018443997317236754,7.508439485992557e-06,0.0,0.0,1.0011252647990077e-06,0.0,0.0
colorferet,edgeface_xs,jpeg_xl,56,gray,ofiq_landmarks,"{""effort"": 10}",1024,annexF,jpeg_xl_r56_gray_ofiq_landmarks_effort10_b1024,968.0,361.0,1.0,3976,0.8151732087135315,0.012144377383263032,0.03655264922870557,0.0789738430583501,0.0041512297747852015,0.011569416498993963,0.022803487592219986,0.0013163180668321096,0.0017929179740026895,0.006723442402510085,0.0003114629261039108,0.0,0.0017929179740026895
colorferet,lvface_l,jpeg_xl,56,gray,ofiq_landmarks,"{""effort"": 10}",1024,annexF,jpeg_xl_r56_gray_ofiq_landmarks_effort10_b1024,968.0,361.0,1.0,3976,0.5974134206771851,0.0077674181578452975,0.02012072434607646,0.04342723004694836,0.0006008631804437018,0.0005030181086519115,0.0035211267605633804,0.00031371545794973635,0.0,0.0008964589870013447,4.630204349687084e-05,0.0,0.0
colorferet,topofr_r100,jpeg_xl,56,gray,ofiq_landmarks,"{""effort"": 10}",1024,annexF,jpeg_xl_r56_gray_ofiq_landmarks_effort10_b1024,968.0,361.0,1.0,3976,0.7267049551010132,0.005489345486814785,0.015425888665325285,0.03286384976525822,0.0005237854475500862,0.0006706908115358819,0.002850435949027498,1.5016878971985115e-05,0.0,0.0,4.755345007767531e-06,0.0,0.0
colorferet,arcface_antelopev2,jpeg_xl,56,gray,rectangle_mean,{},1024,grid,jpeg_xl_r56_gray_rectangle_mean_def_b1024,975.0,423.0,1.0,2000,0.8077697157859802,0.0035130404479609863,0.007,0.03,0.0008920450495402128,0.001,0.005,1.0796431131887552e-06,0.0,0.0,0.0,0.0,0.0
colorferet,cvlface_vit_b,jpeg_xl,56,gray,rectangle_mean,{},1024,grid,jpeg_xl_r56_gray_rectangle_mean_def_b1024,975.0,423.0,1.0,2000,0.8106761574745178,0.008696664053032984,0.02,0.042,0.00042902004577817954,0.0003333333333333333,0.0023333333333333335,2.5911434716141546e-05,0.0,0.0,0.0,0.0,0.0
colorferet,arcface_antelopev2,jpeg_xl,64,color,mean,{},1024,grid,jpeg_xl_r64_color_mean_def_b1024,979.0,453.0,1.0,2000,0.7568501234054565,0.0065208298682886846,0.018333333333333333,0.046,0.0003220986686308286,0.0003333333333333333,0.003,3.346893650835181e-05,0.0,0.0,5.9380371224493356e-05,0.0,0.00101010101010101
colorferet,cvlface_vit_b,jpeg_xl,64,color,mean,{},1024,grid,jpeg_xl_r64_color_mean_def_b1024,979.0,453.0,1.0,2000,0.8200699090957642,0.0024754635239701735,0.005,0.017,0.00038149943371270257,0.0003333333333333333,0.0023333333333333335,5.398215565888265e-06,0.0,0.0,0.0,0.0,0.0
colorferet,arcface_antelopev2,jpeg_xl,64,color,none,{},1024,grid,jpeg_xl_r64_color_none_def_b1024,991.0,608.0,1.0,2000,0.8116952776908875,0.001796615740410715,0.003,0.013,0.0005887566231852859,0.0003333333333333333,0.0033333333333333335,7.557501792210264e-06,0.0,0.0,0.0,0.0,0.0
colorferet,cvlface_vit_b,jpeg_xl,64,color,none,{},1024,grid,jpeg_xl_r64_color_none_def_b1024,991.0,608.0,1.0,2000,0.8251094818115234,0.001964272419828771,0.004,0.009,0.0006243970822344214,0.0003333333333333333,0.0023333333333333335,1.0796431131721018e-05,0.0,0.0,0.0,0.0,0.0
colorferet,arcface_antelopev2,jpeg_xl,64,color,ofiq_landmarks,{},1024,grid,jpeg_xl_r64_color_ofiq_landmarks_def_b1024,985.0,496.0,1.0,2000,0.7804053425788879,0.005010672337459719,0.013333333333333334,0.039,0.00038050942096136853,0.0,0.004333333333333333,5.398215565888265e-06,0.0,0.0,0.0,0.0,0.0
colorferet,cvlface_vit_b,jpeg_xl,64,color,ofiq_landmarks,{},1024,grid,jpeg_xl_r64_color_ofiq_landmarks_def_b1024,985.0,496.0,1.0,2000,0.803431510925293,0.004920236652648104,0.008666666666666666,0.021,0.00036169917868541124,0.0003333333333333333,0.002,0.0,0.0,0.0,0.0,0.0,0.0
colorferet,arcface_antelopev2,jpeg_xl,64,color,rectangle_mean,{},1024,grid,jpeg_xl_r64_color_rectangle_mean_def_b1024,988.0,528.5,1.0,2000,0.824654757976532,0.0015798029478619555,0.0036666666666666666,0.01633333333333333,0.000367639255193582,0.0,0.0016666666666666668,3.2389293395107543e-06,0.0,0.0,0.0,0.0,0.0
colorferet,cvlface_vit_b,jpeg_xl,64,color,rectangle_mean,{},1024,grid,jpeg_xl_r64_color_rectangle_mean_def_b1024,988.0,528.5,1.0,2000,0.8356641530990601,0.0020959441157601946,0.0026666666666666666,0.01,0.0006659776177917276,0.0003333333333333333,0.002,0.0,0.0,0.0,0.0,0.0,0.0
colorferet,arcface_antelopev2,jpeg_xl,64,color,rectangle_mean,"{""effort"": 10}",1024,annexE,jpeg_xl_r64_color_rectangle_mean_effort10_b1024,985.0,498.0,1.0,3976,0.8305458426475525,0.0009124291972532359,0.0008383635144198525,0.006539235412474849,0.00015966282243800627,0.0,0.0008383635144198525,1.5016878971985115e-06,0.0,0.0,7.508439485715002e-07,0.0,0.0
colorferet,cvlface_vit_b,jpeg_xl,64,color,rectangle_mean,"{""effort"": 10}",1024,annexE,jpeg_xl_r64_color_rectangle_mean_effort10_b1024,985.0,498.0,1.0,3976,0.8390633463859558,0.0013371128982102717,0.001676727028839705,0.005868544600938967,0.00030380999734546185,0.00016767270288397049,0.001006036217303823,2.2525318457700116e-06,0.0,0.0,2.2525318457700116e-06,0.0,0.0
colorferet,edgeface_xs,jpeg_xl,64,color,rectangle_mean,"{""effort"": 10}",1024,annexE,jpeg_xl_r64_color_rectangle_mean_effort10_b1024,985.0,498.0,1.0,3976,0.8924334645271301,0.006909293726948989,0.014252179745137492,0.030181086519114688,0.004255586821348227,0.008886653252850436,0.01693494299128102,0.0004829056277005466,0.0,0.001344688480502017,1.2514065809987596e-05,0.0,0.0
colorferet,lvface_l,jpeg_xl,64,color,rectangle_mean,"{""effort"": 10}",1024,annexE,jpeg_xl_r64_color_rectangle_mean_effort10_b1024,985.0,498.0,1.0,3976,0.7056952118873596,0.002320365323170187,0.004359490274983233,0.010731052984574111,0.0007074706941212276,0.0005030181086519115,0.0030181086519114686,3.754219742968523e-06,0.0,0.0,1.251406580971004e-06,0.0,0.0
colorferet,topofr_r100,jpeg_xl,64,color,rectangle_mean,"{""effort"": 10}",1024,annexE,jpeg_xl_r64_color_rectangle_mean_effort10_b1024,985.0,498.0,1.0,3976,0.8189029097557068,0.0008974158587829152,0.001006036217303823,0.00687458081824279,0.0002937999021644274,0.0,0.001006036217303823,8.259283434564058e-06,0.0,0.0,1.251406580971004e-06,0.0,0.0
colorferet,arcface_antelopev2,jpeg_xl,64,gray,mean,{},1024,grid,jpeg_xl_r64_gray_mean_def_b1024,975.0,411.0,1.0,2000,0.7365137934684753,0.008451786379008541,0.028,0.06466666666666666,0.0008124995049936057,0.0006666666666666666,0.0033333333333333335,8.097323348793539e-05,0.0,0.0030303030303030303,0.00013063681669389648,0.0,0.00101010101010101
colorferet,cvlface_vit_b,jpeg_xl,64,gray,mean,{},1024,grid,jpeg_xl_r64_gray_mean_def_b1024,975.0,411.0,1.0,2000,0.7828598618507385,0.009684740339455596,0.019666666666666666,0.050666666666666665,0.0005847965721798387,0.0006666666666666666,0.0026666666666666666,6.477858679021509e-06,0.0,0.0,0.0,0.0,0.0
colorferet,arcface_antelopev2,jpeg_xl,64,gray,none,{},1024,grid,jpeg_xl_r64_gray_none_def_b1024,987.0,565.0,1.0,2000,0.8141789436340332,0.002021693159407866,0.005,0.017,0.0004181299055131721,0.0,0.0026666666666666666,1.5115003584420528e-05,0.0,0.0,0.0,0.0,0.0
colorferet,cvlface_vit_b,jpeg_xl,64,gray,none,{},1024,grid,jpeg_xl_r64_gray_none_def_b1024,987.0,565.0,1.0,2000,0.8161013722419739,0.00491825662714538,0.009333333333333334,0.023333333333333334,0.0005303458708548015,0.0,0.002,2.159286226321999e-06,0.0,0.0,0.0,0.0,0.0
colorferet,arcface_antelopev2,jpeg_xl,64,gray,ofiq_landmarks,{},1024,grid,jpeg_xl_r64_gray_ofiq_landmarks_def_b1024,972.0,453.0,1.0,2000,0.770236074924469,0.006119874703986188,0.021666666666666667,0.054,0.00042704002027545596,0.0003333333333333333,0.004666666666666667,5.398215565888265e-06,0.0,0.0,0.0,0.0,0.0
colorferet,cvlface_vit_b,jpeg_xl,64,gray,ofiq_landmarks,{},1024,grid,jpeg_xl_r64_gray_ofiq_landmarks_def_b1024,972.0,453.0,1.0,2000,0.7751262187957764,0.011139112631770693,0.023666666666666666,0.052,0.0005046055393193394,0.0006666666666666666,0.002,8.637144905399019e-06,0.0,0.0,0.0,0.0,0.0
colorferet,arcface_antelopev2,jpeg_xl,64,gray,rectangle_mean,{},1024,grid,jpeg_xl_r64_gray_rectangle_mean_def_b1024,981.0,485.0,1.0,2000,0.8196939826011658,0.002306171343486891,0.005666666666666667,0.023666666666666666,0.0003418989236581199,0.0,0.003,7.557501792210264e-06,0.0,0.0,0.0,0.0,0.0
colorferet,cvlface_vit_b,jpeg_xl,64,gray,rectangle_mean,{},1024,grid,jpeg_xl_r64_gray_rectangle_mean_def_b1024,981.0,485.0,1.0,2000,0.8195658922195435,0.00768413841170275,0.013,0.026333333333333334,0.0007352785103872195,0.0003333333333333333,0.002,3.2389293395107543e-06,0.0,0.0,0.0,0.0,0.0
colorferet,arcface_antelopev2,jpeg_xl,80,color,mean,{},1024,grid,jpeg_xl_r80_color_mean_def_b1024,991.0,616.0,1.0,2000,0.8127145767211914,0.0034447295681168284,0.007,0.023333333333333334,0.00024883772502988955,0.0,0.001,0.0,0.0,0.0,0.0,0.0,0.0
colorferet,cvlface_vit_b,jpeg_xl,80,color,mean,{},1024,grid,jpeg_xl_r80_color_mean_def_b1024,991.0,616.0,1.0,2000,0.8524444699287415,0.0014771861461575489,0.002,0.009666666666666667,0.000531335883606191,0.0003333333333333333,0.0023333333333333335,0.0,0.0,0.0,0.0,0.0,0.0
colorferet,arcface_antelopev2,jpeg_xl,80,color,none,{},1024,winner,jpeg_xl_r80_color_none_def_b1024,999.0,823.0,1.0,3976,0.8194906711578369,0.000653666432523438,0.0006706908115358819,0.0041918175720992625,0.00029980595927302586,0.00016767270288397049,0.0013413816230717639,6.006751588794046e-06,0.0,0.0,7.758720802164554e-06,0.0,0.0
colorferet,cvlface_vit_b,jpeg_xl,80,color,none,{},1024,winner,jpeg_xl_r80_color_none_def_b1024,999.0,823.0,1.0,3976,0.8347728252410889,0.0008235896025219089,0.0006706908115358819,0.0030181086519114686,0.00023749131247018977,0.0,0.001006036217303823,4.755345007767531e-06,0.0,0.0,2.2525318457700116e-06,0.0,0.0
colorferet,edgeface_xs,jpeg_xl,80,color,none,{},1024,winner,jpeg_xl_r80_color_none_def_b1024,999.0,823.0,1.0,3976,0.8892030119895935,0.0062776513081249305,0.012910798122065728,0.029678068410462777,0.004266849982728059,0.007209926224010731,0.018276324614352784,0.00027642354183600107,0.00044822949350067237,0.0008964589870013447,1.8020254766382138e-05,0.0,0.0
colorferet,lvface_l,jpeg_xl,80,color,none,{},1024,winner,jpeg_xl_r80_color_none_def_b1024,999.0,823.0,1.0,3976,0.6923670768737793,0.00150503404917258,0.002347417840375587,0.009892689470154259,0.0007224858368927515,0.0005030181086519115,0.002850435949027498,1.7519692133705078e-06,0.0,0.0,9.510690015590573e-06,0.0,0.0
colorferet,topofr_r100,jpeg_xl,80,color,none,{},1024,winner,jpeg_xl_r80_color_none_def_b1024,999.0,823.0,1.0,3976,0.813145101070404,0.0007835492217979376,0.0008383635144198525,0.004527162977867203,0.00031632261632168554,0.0,0.0011737089201877935,1.251406580971004e-06,0.0,0.0,1.7519692133705078e-06,0.0,0.0
colorferet,arcface_antelopev2,jpeg_xl,80,color,none,"{""effort"": 10}",1024,stageB,jpeg_xl_r80_color_none_effort10_b1024,994.0,727.0,1.0,2000,0.8192262649536133,0.0016203934706679277,0.003,0.011,0.00041713989276183805,0.0003333333333333333,0.0033333333333333335,7.557501792210264e-06,0.0,0.0,2.159286226321999e-06,0.0,0.0
colorferet,cvlface_vit_b,jpeg_xl,80,color,none,"{""effort"": 10}",1024,stageB,jpeg_xl_r80_color_none_effort10_b1024,994.0,727.0,1.0,2000,0.8352388739585876,0.001256714266479737,0.002,0.005333333333333333,0.00031417856661993427,0.0,0.0023333333333333335,0.0,0.0,0.0,0.0,0.0,0.0
colorferet,arcface_antelopev2,jpeg_xl,80,color,none,"{""effort"": 1}",1024,stageB,jpeg_xl_r80_color_none_effort1_b1024,1009.0,881.0,1.0,2000,0.8171873688697815,0.0019929827896183463,0.0026666666666666666,0.011333333333333334,0.0006075668654612432,0.0003333333333333333,0.0016666666666666668,1.5115003584420528e-05,0.0,0.0,0.0,0.0,0.0
colorferet,cvlface_vit_b,jpeg_xl,80,color,none,"{""effort"": 1}",1024,stageB,jpeg_xl_r80_color_none_effort1_b1024,1009.0,881.0,1.0,2000,0.8334484696388245,0.001786414649020702,0.0026666666666666666,0.007666666666666666,0.0003587291404313536,0.0,0.002,0.0,0.0,0.0,0.0,0.0,0.0
colorferet,arcface_antelopev2,jpeg_xl,80,color,none,"{""effort"": 5}",1024,stageB,jpeg_xl_r80_color_none_effort5_b1024,1000.0,785.0,1.0,2000,0.8149496912956238,0.0013626456308756985,0.0016666666666666668,0.011333333333333334,0.0007451786379008374,0.0,0.004666666666666667,1.0796431131721018e-05,0.0,0.0,1.1876074244909773e-05,0.0,0.0
colorferet,cvlface_vit_b,jpeg_xl,80,color,none,"{""effort"": 5}",1024,stageB,jpeg_xl_r80_color_none_effort5_b1024,1000.0,785.0,1.0,2000,0.8310545682907104,0.001783745574642984,0.0023333333333333335,0.009,0.00045575039006503116,0.0003333333333333333,0.002,0.0,0.0,0.0,0.0,0.0,0.0
colorferet,arcface_antelopev2,jpeg_xl,80,color,ofiq_landmarks,{},1024,grid,jpeg_xl_r80_color_ofiq_landmarks_def_b1024,995.0,664.0,1.0,2000,0.8171329498291016,0.00294937866799727,0.006,0.024333333333333332,0.0003537790766745169,0.0,0.0036666666666666666,1.0796431131887552e-06,0.0,0.0,0.0,0.0,0.0
colorferet,cvlface_vit_b,jpeg_xl,80,color,ofiq_landmarks,{},1024,grid,jpeg_xl_r80_color_ofiq_landmarks_def_b1024,995.0,664.0,1.0,2000,0.8373816013336182,0.0026596058957239106,0.0033333333333333335,0.010666666666666666,0.000259727865294897,0.0,0.0016666666666666668,0.0,0.0,0.0,0.0,0.0,0.0
colorferet,arcface_antelopev2,jpeg_xl,80,color,rectangle_mean,{},1024,grid,jpeg_xl_r80_color_rectangle_mean_def_b1024,996.0,713.0,1.0,2000,0.8331587910652161,0.00195140225406104,0.0033333333333333335,0.013333333333333334,0.0003359588471499492,0.0,0.0023333333333333335,7.233608858253637e-05,0.0,0.00101010101010101,0.0,0.0,0.0
colorferet,cvlface_vit_b,jpeg_xl,80,color,rectangle_mean,{},1024,grid,jpeg_xl_r80_color_rectangle_mean_def_b1024,996.0,713.0,1.0,2000,0.8479076623916626,0.0021513848298366214,0.0026666666666666666,0.007,0.00030922850286309756,0.0,0.002,0.0,0.0,0.0,0.0,0.0,0.0
colorferet,arcface_antelopev2,jpeg_xl,80,gray,mean,{},1024,grid,jpeg_xl_r80_gray_mean_def_b1024,991.0,552.0,1.0,2000,0.7994971871376038,0.00493642138110739,0.009333333333333334,0.032,0.00035971915318268766,0.0003333333333333333,0.003,3.2389293395107543e-06,0.0,0.0,1.0796431131887552e-06,0.0,0.0
colorferet,cvlface_vit_b,jpeg_xl,80,gray,mean,{},1024,grid,jpeg_xl_r80_gray_mean_def_b1024,991.0,552.0,1.0,2000,0.8221385478973389,0.006962720079834651,0.012333333333333333,0.03,0.0005521261513848164,0.0,0.0033333333333333335,1.0796431131887552e-06,0.0,0.0,0.0,0.0,0.0
colorferet,arcface_antelopev2,jpeg_xl,80,gray,none,{},1024,grid,jpeg_xl_r80_gray_none_def_b1024,990.0,740.0,1.0,2000,0.8148545026779175,0.0016134633814083674,0.0036666666666666666,0.015666666666666666,0.0007323084721331064,0.0003333333333333333,0.0036666666666666666,0.0,0.0,0.0,1.7274289810742527e-05,0.0,0.0
colorferet,cvlface_vit_b,jpeg_xl,80,gray,none,{},1024,grid,jpeg_xl_r80_gray_none_def_b1024,990.0,740.0,1.0,2000,0.8153010010719299,0.004876030603274182,0.009333333333333334,0.020666666666666667,0.0003587291404313536,0.0003333333333333333,0.0026666666666666666,0.0,0.0,0.0,0.0,0.0,0.0
colorferet,arcface_antelopev2,jpeg_xl,80,gray,ofiq_landmarks,{},1024,grid,jpeg_xl_r80_gray_ofiq_landmarks_def_b1024,986.5,602.0,1.0,2000,0.8100939989089966,0.0033061277829258447,0.008333333333333333,0.033666666666666664,0.0004379301605404634,0.0003333333333333333,0.0033333333333333335,1.0796431131887552e-06,0.0,0.0,0.0,0.0,0.0
colorferet,cvlface_vit_b,jpeg_xl,80,gray,ofiq_landmarks,{},1024,grid,jpeg_xl_r80_gray_ofiq_landmarks_def_b1024,986.5,602.0,1.0,2000,0.8111298680305481,0.007731013535454334,0.017666666666666667,0.03933333333333333,0.00037159930619908466,0.0,0.0013333333333333333,1.0796431131887552e-06,0.0,0.0,0.0,0.0,0.0
colorferet,arcface_antelopev2,jpeg_xl,80,gray,rectangle_mean,{},1024,grid,jpeg_xl_r80_gray_rectangle_mean_def_b1024,990.0,650.0,1.0,2000,0.8308762311935425,0.0015382224123046493,0.0026666666666666666,0.015333333333333332,0.0008075494412368245,0.0006666666666666666,0.003,0.0,0.0,0.0,0.0,0.0,0.0
colorferet,cvlface_vit_b,jpeg_xl,80,gray,rectangle_mean,{},1024,grid,jpeg_xl_r80_gray_rectangle_mean_def_b1024,990.0,650.0,1.0,2000,0.8295217156410217,0.005328810955085099,0.011333333333333334,0.022333333333333334,0.0004300100585295691,0.0,0.003,3.2389293395107543e-06,0.0,0.0,0.0,0.0,0.0
colorferet,arcface_antelopev2,jpeg_xl,96,color,mean,{},1024,grid,jpeg_xl_r96_color_mean_def_b1024,999.0,773.0,1.0,2000,0.8389706015586853,0.0017900301755886519,0.004,0.016666666666666666,0.00025576781428944984,0.0,0.0016666666666666668,0.0,0.0,0.0,0.0,0.0,0.0
colorferet,cvlface_vit_b,jpeg_xl,96,color,mean,{},1024,grid,jpeg_xl_r96_color_mean_def_b1024,999.0,773.0,1.0,2000,0.8701685070991516,0.0021616294817877364,0.004,0.007666666666666666,0.00051846571783846,0.0003333333333333333,0.0023333333333333335,0.0,0.0,0.0,0.0,0.0,0.0
colorferet,arcface_antelopev2,jpeg_xl,96,color,none,{},1024,grid,jpeg_xl_r96_color_none_def_b1024,1004.0,1000.0,1.0,2000,0.815516471862793,0.001495651863996009,0.0023333333333333335,0.008666666666666666,0.00032605871963633127,0.0,0.002,2.159286226321999e-06,0.0,0.0,7.557501792210264e-06,0.0,0.0
colorferet,cvlface_vit_b,jpeg_xl,96,color,none,{},1024,grid,jpeg_xl_r96_color_none_def_b1024,1004.0,1000.0,1.0,2000,0.8362615704536438,0.0015553971535153246,0.0023333333333333335,0.007333333333333333,0.0002933882988413089,0.0,0.001,0.0,0.0,0.0,0.0,0.0,0.0
colorferet,arcface_antelopev2,jpeg_xl,96,color,ofiq_landmarks,{},1024,grid,jpeg_xl_r96_color_ofiq_landmarks_def_b1024,999.0,833.5,1.0,2000,0.8357477784156799,0.0018821013614655482,0.0036666666666666666,0.015,0.0003121985411172107,0.0,0.0013333333333333333,1.0796431131887552e-06,0.0,0.0,0.0,0.0,0.0
colorferet,cvlface_vit_b,jpeg_xl,96,color,ofiq_landmarks,{},1024,grid,jpeg_xl_r96_color_ofiq_landmarks_def_b1024,999.0,833.5,1.0,2000,0.8558581471443176,0.0018335907366486817,0.004,0.009666666666666667,0.0002646779290517337,0.0,0.0013333333333333333,0.0,0.0,0.0,0.0,0.0,0.0
colorferet,arcface_antelopev2,jpeg_xl,96,color,rectangle_mean,{},1024,grid,jpeg_xl_r96_color_rectangle_mean_def_b1024,1000.0,895.5,1.0,2000,0.8375085592269897,0.0010464870387530407,0.0016666666666666668,0.007666666666666666,0.0002795281203221883,0.0,0.0013333333333333333,3.2389293395107543e-06,0.0,0.0,0.0,0.0,0.0
colorferet,cvlface_vit_b,jpeg_xl,96,color,rectangle_mean,{},1024,grid,jpeg_xl_r96_color_rectangle_mean_def_b1024,1000.0,895.5,1.0,2000,0.8562577962875366,0.0019593223560719344,0.0023333333333333335,0.005333333333333333,0.00012078155566641602,0.0,0.0003333333333333333,0.0,0.0,0.0,0.0,0.0,0.0
colorferet,arcface_antelopev2,jpeg_xl,96,gray,mean,{},1024,grid,jpeg_xl_r96_gray_mean_def_b1024,995.0,696.0,1.0,2000,0.8316013216972351,0.0022774609736973157,0.006,0.024,0.00043595013503773983,0.0,0.0036666666666666666,0.0,0.0,0.0,0.0,0.0,0.0
colorferet,cvlface_vit_b,jpeg_xl,96,gray,mean,{},1024,grid,jpeg_xl_r96_gray_mean_def_b1024,995.0,696.0,1.0,2000,0.8435972929000854,0.005841982084729226,0.010333333333333333,0.025333333333333333,0.000591726661439399,0.0,0.003,0.0,0.0,0.0,0.0,0.0,0.0
colorferet,arcface_antelopev2,jpeg_xl,96,gray,none,{},1024,grid,jpeg_xl_r96_gray_none_def_b1024,998.0,916.0,1.0,2000,0.8164401650428772,0.001326015159075229,0.0023333333333333335,0.009333333333333334,0.0004749051567784302,0.0003333333333333333,0.0036666666666666666,1.5115003584420528e-05,0.0,0.0,5.398215565888265e-06,0.0,0.0
colorferet,cvlface_vit_b,jpeg_xl,96,gray,none,{},1024,grid,jpeg_xl_r96_gray_none_def_b1024,998.0,916.0,1.0,2000,0.8181098699569702,0.004199162845217447,0.006666666666666667,0.021,0.00031120852836582114,0.0,0.002,1.0796431131887552e-06,0.0,0.0,0.0,0.0,0.0
colorferet,arcface_antelopev2,jpeg_xl,96,gray,ofiq_landmarks,{},1024,grid,jpeg_xl_r96_gray_ofiq_landmarks_def_b1024,991.0,753.0,1.0,2000,0.8304504156112671,0.0029424485787377095,0.005666666666666667,0.021,0.0003171486048740474,0.0003333333333333333,0.0033333333333333335,2.159286226321999e-06,0.0,0.0,0.0,0.0,0.0
colorferet,cvlface_vit_b,jpeg_xl,96,gray,ofiq_landmarks,{},1024,grid,jpeg_xl_r96_gray_ofiq_landmarks_def_b1024,991.0,753.0,1.0,2000,0.8315399289131165,0.005307375198992582,0.009666666666666667,0.02666666666666667,0.00025081775053261313,0.0,0.0016666666666666668,0.0,0.0,0.0,0.0,0.0,0.0
colorferet,arcface_antelopev2,jpeg_xl,96,gray,rectangle_mean,{},1024,grid,jpeg_xl_r96_gray_rectangle_mean_def_b1024,993.0,816.0,1.0,2000,0.8356739282608032,0.0013448254013511862,0.0026666666666666666,0.010333333333333333,0.00047060058133548577,0.0003333333333333333,0.003,0.0,0.0,0.0,0.0,0.0,0.0
colorferet,cvlface_vit_b,jpeg_xl,96,gray,rectangle_mean,{},1024,grid,jpeg_xl_r96_gray_rectangle_mean_def_b1024,993.0,816.0,1.0,2000,0.8365973234176636,0.004998447660005879,0.006,0.020666666666666667,0.0002884382350844722,0.0,0.0016666666666666668,0.0,0.0,0.0,0.0,0.0,0.0
colorferet,arcface_antelopev2,none,112,color,none,{},1024,baseline,none_r112_color_none_def_b1024,0.0,0.0,1.0,3976,1.0,0.0004366958151742884,0.0,0.0008383635144198525,0.0004366958151742884,0.0,0.0008383635144198525,7.508439485715002e-07,0.0,0.0,7.508439485715002e-07,0.0,0.0
colorferet,cvlface_vit_b,none,112,color,none,{},1024,baseline,none_r112_color_none_def_b1024,0.0,0.0,1.0,3976,1.0,0.00013989288445553398,0.0,0.00033534540576794097,0.00013989288445553398,0.0,0.00033534540576794097,7.508439485715002e-07,0.0,0.0,7.508439485715002e-07,0.0,0.0
colorferet,edgeface_xs,none,112,color,none,{},1024,baseline,none_r112_color_none_def_b1024,0.0,0.0,1.0,3976,1.0,0.003868943286380092,0.00670690811535882,0.01374916163648558,0.003868943286380092,0.00670690811535882,0.01374916163648558,1.7519692133705078e-06,0.0,0.0,1.7519692133705078e-06,0.0,0.0
colorferet,lvface_l,none,112,color,none,{},1024,baseline,none_r112_color_none_def_b1024,0.0,0.0,1.0,3976,1.0,0.0009059262439879616,0.0011737089201877935,0.0053655264922870555,0.0009059262439879616,0.0011737089201877935,0.0053655264922870555,7.508439485715002e-07,0.0,0.0,7.508439485715002e-07,0.0,0.0
colorferet,topofr_r100,none,112,color,none,{},1024,baseline,none_r112_color_none_def_b1024,0.0,0.0,1.0,3976,1.0,0.00011436714174400435,0.0,0.00016767270288397049,0.00011436714174400435,0.0,0.00016767270288397049,7.508439485715002e-07,0.0,0.0,7.508439485715002e-07,0.0,0.0
colorferet,arcface_antelopev2,none,168,color,none,{},1024,baseline,none_r168_color_none_def_b1024,0.0,0.0,1.0,3976,0.9833604693412781,0.0004819914958682348,0.00033534540576794097,0.0008383635144198525,0.00038288974927523997,0.0,0.0008383635144198525,7.508439485715002e-07,0.0,0.0,7.508439485715002e-07,0.0,0.0
colorferet,cvlface_vit_b,none,168,color,none,{},1024,baseline,none_r168_color_none_def_b1024,0.0,0.0,1.0,3976,0.9880305528640747,0.0001474004558412682,0.0,0.00033534540576794097,0.00015240550343175767,0.0,0.0005030181086519115,7.508439485715002e-07,0.0,0.0,7.508439485715002e-07,0.0,0.0
colorferet,edgeface_xs,none,168,color,none,{},1024,baseline,none_r168_color_none_def_b1024,0.0,0.0,1.0,3976,0.9914835691452026,0.004064392199090148,0.007042253521126761,0.013916834339369551,0.003837661738939505,0.006539235412474849,0.01374916163648558,2.0022505295980153e-06,0.0,0.0,2.0022505295980153e-06,0.0,0.0
colorferet,lvface_l,none,168,color,none,{},1024,baseline,none_r168_color_none_def_b1024,0.0,0.0,1.0,3976,0.9219788312911987,0.0007908065408041862,0.0008383635144198525,0.0035211267605633804,0.0010735953382695256,0.0011737089201877935,0.006371562709590879,7.508439485715002e-07,0.0,0.0,7.508439485715002e-07,0.0,0.0
colorferet,topofr_r100,none,168,color,none,{},1024,baseline,none_r168_color_none_def_b1024,0.0,0.0,1.0,3976,0.9822301864624023,0.00014189490349175197,0.0,0.00033534540576794097,0.0001043570465630254,0.0,0.00016767270288397049,7.508439485715002e-07,0.0,0.0,7.508439485715002e-07,0.0,0.0
colorferet,arcface_antelopev2,none,224,color,none,{},1024,baseline,none_r224_color_none_def_b1024,0.0,0.0,1.0,3976,0.9823742508888245,0.0003946516111128958,0.00033534540576794097,0.0008383635144198525,0.00035836501608181934,0.00016767270288397049,0.0008383635144198525,7.508439485715002e-07,0.0,0.0,7.508439485715002e-07,0.0,0.0
colorferet,cvlface_vit_b,none,224,color,none,{},1024,baseline,none_r224_color_none_def_b1024,0.0,0.0,1.0,3976,0.9876717329025269,0.00017442771282993356,0.0,0.00033534540576794097,0.00014790096060029494,0.0,0.0005030181086519115,7.508439485715002e-07,0.0,0.0,7.508439485715002e-07,0.0,0.0
colorferet,edgeface_xs,none,224,color,none,{},1024,baseline,none_r224_color_none_def_b1024,0.0,0.0,1.0,3976,0.9908812642097473,0.004257588840384445,0.007209926224010731,0.01358148893360161,0.0037413145728224994,0.00687458081824279,0.013916834339369551,1.5016878971985115e-06,0.0,0.0,1.7519692133705078e-06,0.0,0.0
colorferet,lvface_l,none,224,color,none,{},1024,baseline,none_r224_color_none_def_b1024,0.0,0.0,1.0,3976,0.9066188931465149,0.0009259428257475685,0.001006036217303823,0.004694835680751174,0.0013311050368005255,0.0013413816230717639,0.006203890006706908,7.508439485715002e-07,0.0,0.0,7.508439485715002e-07,0.0,0.0
colorferet,topofr_r100,none,224,color,none,{},1024,baseline,none_r224_color_none_def_b1024,0.0,0.0,1.0,3976,0.9806331992149353,4.104139024208031e-05,0.0,0.0,4.0040380723971314e-05,0.0,0.0,7.508439485715002e-07,0.0,0.0,7.508439485715002e-07,0.0,0.0
colorferet,arcface_antelopev2,none,56,color,none,{},1024,baseline,none_r56_color_none_def_b1024,0.0,0.0,1.0,3976,0.9057860374450684,0.0011071273528246684,0.0011737089201877935,0.0031857813547954395,0.0003360943586053056,0.0005030181086519115,0.0011737089201877935,7.508439485715002e-07,0.0,0.0,7.508439485715002e-07,0.0,0.0
colorferet,cvlface_vit_b,none,56,color,none,{},1024,baseline,none_r56_color_none_def_b1024,0.0,0.0,1.0,3976,0.937802791595459,0.0007502674596223914,0.001006036217303823,0.002347417840375587,0.00021872238400582648,0.0,0.0005030181086519115,5.005626323995038e-07,0.0,0.0,7.508439485715002e-07,0.0,0.0
colorferet,edgeface_xs,none,56,color,none,{},1024,baseline,none_r56_color_none_def_b1024,0.0,0.0,1.0,3976,0.9426795244216919,0.005434037906638657,0.009054325955734407,0.02129443326626425,0.0040366123806617115,0.006036217303822937,0.014252179745137492,0.00023788021914129478,0.0,0.00044822949350067237,2.2024755825522657e-05,0.0,0.0
colorferet,lvface_l,none,56,color,none,{},1024,baseline,none_r56_color_none_def_b1024,0.0,0.0,1.0,3976,0.7408151626586914,0.0015733547530840703,0.002347417840375587,0.005197853789403085,0.0009044211211084194,0.0008383635144198525,0.002850435949027498,5.005626323995038e-07,0.0,0.0,7.508439485715002e-07,0.0,0.0
colorferet,topofr_r100,none,56,color,none,{},1024,baseline,none_r56_color_none_def_b1024,0.0,0.0,1.0,3976,0.9017952680587769,0.0005267866718031545,0.0005030181086519115,0.0025150905432595573,0.00023448828391586278,0.0,0.0005030181086519115,1.0011252647990077e-06,0.0,0.0,5.005626323995038e-07,0.0,0.0
colorferet,arcface_antelopev2,none,64,color,none,{},1024,baseline,none_r64_color_none_def_b1024,0.0,0.0,1.0,3976,0.9219690561294556,0.000914429411988195,0.0008383635144198525,0.0026827632461435278,0.0003683751112627983,0.00016767270288397049,0.0008383635144198525,7.508439485715002e-07,0.0,0.0,7.508439485715002e-07,0.0,0.0
colorferet,cvlface_vit_b,none,64,color,none,{},1024,baseline,none_r64_color_none_def_b1024,0.0,0.0,1.0,3976,0.9472532272338867,0.0005062659766821698,0.0005030181086519115,0.001006036217303823,0.0002104640554815244,0.0,0.0005030181086519115,7.508439485715002e-07,0.0,0.0,7.508439485715002e-07,0.0,0.0
colorferet,edgeface_xs,none,64,color,none,{},1024,baseline,none_r64_color_none_def_b1024,0.0,0.0,1.0,3976,0.9552441239356995,0.004853446973237657,0.009892689470154259,0.018611670020120725,0.003989564933311033,0.006371562709590879,0.015090543259557344,4.755345007767531e-06,0.0,0.0,1.7519692133705078e-06,0.0,0.0
colorferet,lvface_l,none,64,color,none,{},1024,baseline,none_r64_color_none_def_b1024,0.0,0.0,1.0,3976,0.7579300999641418,0.0012765500180641125,0.001676727028839705,0.006203890006706908,0.0007322456796941894,0.0005030181086519115,0.0041918175720992625,1.0011252647990077e-06,0.0,0.0,7.508439485715002e-07,0.0,0.0
colorferet,topofr_r100,none,64,color,none,{},1024,baseline,none_r64_color_none_def_b1024,0.0,0.0,1.0,3976,0.9206439852714539,0.00036787460650377154,0.00016767270288397049,0.0015090543259557343,0.00012412698454549768,0.0,0.00016767270288397049,1.0011252647990077e-06,0.0,0.0,5.005626323995038e-07,0.0,0.0
colorferet,arcface_antelopev2,none,80,color,none,{},1024,baseline,none_r80_color_none_def_b1024,0.0,0.0,1.0,3976,0.9531068205833435,0.00040065947252269755,0.00033534540576794097,0.001006036217303823,0.0004044114539143891,0.0,0.0008383635144198525,7.508439485715002e-07,0.0,0.0,7.508439485715002e-07,0.0,0.0
colorferet,cvlface_vit_b,none,80,color,none,{},1024,baseline,none_r80_color_none_def_b1024,0.0,0.0,1.0,3976,0.9670835733413696,0.00023749311677139304,0.00016767270288397049,0.0006706908115358819,0.00017392720807090682,0.0,0.0005030181086519115,7.508439485715002e-07,0.0,0.0,7.508439485715002e-07,0.0,0.0
colorferet,edgeface_xs,none,80,color,none,{},1024,baseline,none_r80_color_none_def_b1024,0.0,0.0,1.0,3976,0.97480309009552,0.004588177646640179,0.0077129443326626424,0.01659959758551308,0.003660229193254097,0.006203890006706908,0.014252179745137492,1.5016878971985115e-06,0.0,0.0,2.0022505295980153e-06,0.0,0.0
colorferet,lvface_l,none,80,color,none,{},1024,baseline,none_r80_color_none_def_b1024,0.0,0.0,1.0,3976,0.8392047882080078,0.0010092786724304715,0.0011737089201877935,0.004862508383635144,0.0008651333018242192,0.001006036217303823,0.0041918175720992625,5.005626323995038e-07,0.0,0.0,7.508439485715002e-07,0.0,0.0
colorferet,topofr_r100,none,80,color,none,{},1024,baseline,none_r80_color_none_def_b1024,0.0,0.0,1.0,3976,0.9515892863273621,0.00020871228882484753,0.0,0.0008383635144198525,0.00012913203213598716,0.0,0.00016767270288397049,7.508439485715002e-07,0.0,0.0,7.508439485715002e-07,0.0,0.0
colorferet,arcface_antelopev2,none,96,color,none,{},1024,baseline,none_r96_color_none_def_b1024,0.0,0.0,1.0,3976,0.967253565788269,0.00029880494975491686,0.00016767270288397049,0.0013413816230717639,0.0003633700636723088,0.0,0.0008383635144198525,7.508439485715002e-07,0.0,0.0,7.508439485715002e-07,0.0,0.0
colorferet,cvlface_vit_b,none,96,color,none,{},1024,baseline,none_r96_color_none_def_b1024,0.0,0.0,1.0,3976,0.9773661494255066,0.00022147516018061235,0.0,0.00033534540576794097,0.0001716749366551477,0.0,0.0005030181086519115,7.508439485715002e-07,0.0,0.0,7.508439485715002e-07,0.0,0.0
colorferet,edgeface_xs,none,96,color,none,{},1024,baseline,none_r96_color_none_def_b1024,0.0,0.0,1.0,3976,0.9837712049484253,0.003724048962936475,0.008048289738430584,0.015761234071093227,0.00361243098876485,0.006371562709590879,0.014419852448021462,1.7519692133705078e-06,0.0,0.0,1.7519692133705078e-06,0.0,0.0
colorferet,lvface_l,none,96,color,none,{},1024,baseline,none_r96_color_none_def_b1024,0.0,0.0,1.0,3976,0.895624577999115,0.001048568296015875,0.0011737089201877935,0.003688799463447351,0.0010638354954680877,0.0011737089201877935,0.0041918175720992625,7.508439485715002e-07,0.0,0.0,7.508439485715002e-07,0.0,0.0
colorferet,topofr_r100,none,96,color,none,{},1024,baseline,none_r96_color_none_def_b1024,0.0,0.0,1.0,3976,0.96611088514328,0.00017242569379377108,0.00016767270288397049,0.0008383635144198525,0.00010936209415351487,0.0,0.00016767270288397049,7.508439485715002e-07,0.0,0.0,7.508439485715002e-07,0.0,0.0
colorferet,arcface_antelopev2,webp,112,color,mean,{},1024,grid,webp_r112_color_mean_def_b1024,996.0,684.0,1.0,2000,0.8777569532394409,0.0021296045493066065,0.0033333333333333335,0.009666666666666667,0.0004616904665732019,0.0,0.0016666666666666668,0.0,0.0,0.0,0.0,0.0,0.0
colorferet,cvlface_vit_b,webp,112,color,mean,{},1024,grid,webp_r112_color_mean_def_b1024,996.0,684.0,1.0,2000,0.8967910408973694,0.0015989577145753544,0.0023333333333333335,0.005,0.0002834881713276355,0.0,0.0013333333333333333,0.0,0.0,0.0,0.0,0.0,0.0
colorferet,arcface_antelopev2,webp,112,color,none,{},1024,grid,webp_r112_color_none_def_b1024,1008.0,941.0,1.0,2000,0.878007173538208,0.0010544071407639906,0.0013333333333333333,0.006,0.0005333159091089146,0.0,0.002,0.0,0.0,0.0,0.0,0.0,0.0
colorferet,cvlface_vit_b,webp,112,color,none,{},1024,grid,webp_r112_color_none_def_b1024,1008.0,941.0,1.0,2000,0.8815175294876099,0.0016302935981815456,0.0023333333333333335,0.007,6.534084159004472e-05,0.0,0.0006666666666666666,0.0,0.0,0.0,0.0,0.0,0.0
colorferet,arcface_antelopev2,webp,112,color,ofiq_landmarks,{},1024,grid,webp_r112_color_ofiq_landmarks_def_b1024,1002.0,742.0,1.0,2000,0.884770393371582,0.0012537442282256795,0.002,0.012333333333333333,0.00035476908942585095,0.0,0.0026666666666666666,0.0,0.0,0.0,0.0,0.0,0.0
colorferet,cvlface_vit_b,webp,112,color,ofiq_landmarks,{},1024,grid,webp_r112_color_ofiq_landmarks_def_b1024,1002.0,742.0,1.0,2000,0.8919571042060852,0.0014923373013044539,0.0016666666666666668,0.007333333333333333,0.00024190763577032929,0.0,0.001,0.0,0.0,0.0,0.0,0.0,0.0
colorferet,arcface_antelopev2,webp,112,color,rectangle_mean,{},1024,grid,webp_r112_color_rectangle_mean_def_b1024,1006.0,806.0,1.0,2000,0.8945857882499695,0.0010920276253157941,0.0013333333333333333,0.006,0.0005105456158275101,0.0,0.0023333333333333335,0.0,0.0,0.0,0.0,0.0,0.0
colorferet,cvlface_vit_b,webp,112,color,rectangle_mean,{},1024,grid,webp_r112_color_rectangle_mean_def_b1024,1006.0,806.0,1.0,2000,0.8951336145401001,0.0013369052993402364,0.002,0.004,0.0002914082733385853,0.0,0.0016666666666666668,0.0,0.0,0.0,0.0,0.0,0.0
colorferet,arcface_antelopev2,webp,112,gray,mean,{},1024,grid,webp_r112_gray_mean_def_b1024,984.0,580.0,1.0,2000,0.8860083818435669,0.0015976231773865233,0.0023333333333333335,0.014,0.0006273671204885345,0.0,0.003,0.0,0.0,0.0,0.0,0.0,0.0
colorferet,cvlface_vit_b,webp,112,gray,mean,{},1024,grid,webp_r112_gray_mean_def_b1024,984.0,580.0,1.0,2000,0.8820379376411438,0.0033787432382128913,0.006666666666666667,0.017,0.00039337958672909957,0.0,0.002,0.0,0.0,0.0,0.0,0.0,0.0
colorferet,arcface_antelopev2,webp,112,gray,none,{},1024,grid,webp_r112_gray_none_def_b1024,1004.0,828.0,1.0,2000,0.8866692781448364,0.001207859117225429,0.0013333333333333333,0.006333333333333333,0.00086036464149658,0.001,0.0023333333333333335,0.0,0.0,0.0,0.0,0.0,0.0
colorferet,cvlface_vit_b,webp,112,gray,none,{},1024,grid,webp_r112_gray_none_def_b1024,1004.0,828.0,1.0,2000,0.8701556324958801,0.003985965579236637,0.009,0.017,0.00035674911492857453,0.0,0.002,0.0,0.0,0.0,0.0,0.0,0.0
colorferet,arcface_antelopev2,webp,112,gray,ofiq_landmarks,{},1024,grid,webp_r112_gray_ofiq_landmarks_def_b1024,992.0,632.0,1.0,2000,0.8920190334320068,0.0018840813869682718,0.0033333333333333335,0.016,0.0007352785103872195,0.0006666666666666666,0.0026666666666666666,0.0,0.0,0.0,0.0,0.0,0.0
colorferet,cvlface_vit_b,webp,112,gray,ofiq_landmarks,{},1024,grid,webp_r112_gray_ofiq_landmarks_def_b1024,992.0,632.0,1.0,2000,0.8774142861366272,0.004810990725560532,0.007333333333333333,0.018666666666666668,0.0003022984136035928,0.0,0.002,0.0,0.0,0.0,0.0,0.0,0.0
colorferet,arcface_antelopev2,webp,112,gray,rectangle_mean,{},1024,grid,webp_r112_gray_rectangle_mean_def_b1024,998.0,694.0,1.0,2000,0.9022376537322998,0.0015827729861160687,0.002,0.007666666666666666,0.0008550700533023015,0.001,0.002,0.0,0.0,0.0,0.0,0.0,0.0
colorferet,cvlface_vit_b,webp,112,gray,rectangle_mean,{},1024,grid,webp_r112_gray_rectangle_mean_def_b1024,998.0,694.0,1.0,2000,0.8828134536743164,0.004216638550304517,0.009,0.016666666666666666,0.00036664924244224795,0.0,0.0013333333333333333,0.0,0.0,0.0,0.0,0.0,0.0
colorferet,arcface_antelopev2,webp,168,color,mean,{},1024,grid,webp_r168_color_mean_def_b1024,1010.0,1182.0,1.0,2000,0.8548585176467896,0.0010336168729853097,0.0013333333333333333,0.006,0.000307248477360374,0.0,0.002,2.159286226321999e-06,0.0,0.0,0.0,0.0,0.0
colorferet,cvlface_vit_b,webp,168,color,mean,{},1024,grid,webp_r168_color_mean_def_b1024,1010.0,1182.0,1.0,2000,0.8708093762397766,0.0014035806781191127,0.0023333333333333335,0.005,0.000307248477360374,0.0,0.0016666666666666668,0.0,0.0,0.0,0.0,0.0,0.0
colorferet,arcface_antelopev2,webp,168,color,none,{},1024,grid,webp_r168_color_none_def_b1024,1004.0,1557.0,1.0,2000,0.8444738984107971,0.0011237080333594824,0.0016666666666666668,0.007666666666666666,0.00032605871963633127,0.0,0.0023333333333333335,1.0796431131887552e-06,0.0,0.0,0.0,0.0,0.0
colorferet,cvlface_vit_b,webp,168,color,none,{},1024,grid,webp_r168_color_none_def_b1024,1004.0,1557.0,1.0,2000,0.8539499044418335,0.001192363437641082,0.0016666666666666668,0.005333333333333333,0.00036664924244224795,0.0003333333333333333,0.002,0.0,0.0,0.0,0.0,0.0,0.0
colorferet,arcface_antelopev2,webp,168,color,ofiq_landmarks,{},1024,grid,webp_r168_color_ofiq_landmarks_def_b1024,1010.0,1256.0,1.0,2000,0.858479380607605,0.0009316455595947955,0.001,0.007333333333333333,0.00029239828608991936,0.0003333333333333333,0.002,0.0,0.0,0.0,0.0,0.0,0.0
colorferet,cvlface_vit_b,webp,168,color,ofiq_landmarks,{},1024,grid,webp_r168_color_ofiq_landmarks_def_b1024,1010.0,1256.0,1.0,2000,0.8697352409362793,0.0011983035141492526,0.0016666666666666668,0.006,0.00026368791630034416,0.0,0.0006666666666666666,0.0,0.0,0.0,0.0,0.0,0.0
colorferet,arcface_antelopev2,webp,168,color,ofiq_landmarks,"{""method"": 0, ""sns"": 0}",1024,stageB,webp_r168_color_ofiq_landmarks_method0-sns0_b1024,1070.0,1070.0,0.3905,2000,0.733288586139679,0.003611396234783495,0.008,0.032,0.0011517729148351652,0.0013333333333333333,0.007,0.0005817051660857409,0.00101010101010101,0.00202020202020202,5.290251254547185e-05,0.0,0.00101010101010101
colorferet,cvlface_vit_b,webp,168,color,ofiq_landmarks,"{""method"": 0, ""sns"": 0}",1024,stageB,webp_r168_color_ofiq_landmarks_method0-sns0_b1024,1070.0,1070.0,0.3905,2000,0.7482624053955078,0.005073688629109542,0.009666666666666667,0.030333333333333334,0.000771908982187689,0.0006666666666666666,0.004333333333333333,0.0005439176571246896,0.00101010101010101,0.00101010101010101,0.00027962756631166874,0.0,0.00101010101010101
colorferet,arcface_antelopev2,webp,168,color,ofiq_landmarks,"{""method"": 0, ""sns"": 40}",1024,stageB,webp_r168_color_ofiq_landmarks_method0-sns40_b1024,1058.0,1058.0,0.429,2000,0.7279842495918274,0.003009769445830478,0.006666666666666667,0.033,0.0010606917417096584,0.0013333333333333333,0.006,0.000631368749291702,0.00101010101010101,0.00202020202020202,5.182286943228309e-05,0.0,0.00101010101010101
colorferet,cvlface_vit_b,webp,168,color,ofiq_landmarks,"{""method"": 0, ""sns"": 40}",1024,stageB,webp_r168_color_ofiq_landmarks_method0-sns40_b1024,1058.0,1058.0,0.429,2000,0.7441374659538269,0.004433795867290774,0.008666666666666666,0.037,0.0007976493137231511,0.0006666666666666666,0.003,0.001034075630505057,0.00202020202020202,0.0030303030303030303,7.665466103523588e-05,0.0,0.00101010101010101
colorferet,arcface_antelopev2,webp,168,color,ofiq_landmarks,"{""method"": 0, ""sns"": 80}",1024,stageB,webp_r168_color_ofiq_landmarks_method0-sns80_b1024,1056.0,1056.0,0.4185,2000,0.7194257974624634,0.003709752021606059,0.010333333333333333,0.04,0.00115870300409467,0.0013333333333333333,0.005333333333333333,0.0010815799274846406,0.00202020202020202,0.007070707070707071,4.966358320596109e-05,0.0,0.0
colorferet,cvlface_vit_b,webp,168,color,ofiq_landmarks,"{""method"": 0, ""sns"": 80}",1024,stageB,webp_r168_color_ofiq_landmarks_method0-sns80_b1024,1056.0,1056.0,0.4185,2000,0.7373597621917725,0.003839443692034759,0.012,0.042333333333333334,0.0009692660441466545,0.001,0.0033333333333333335,0.0011085710053139154,0.00404040404040404,0.006060606060606061,1.0796431131887552e-06,0.0,0.0
colorferet,arcface_antelopev2,webp,168,color,ofiq_landmarks,"{""method"": 3, ""sns"": 0}",1024,winner,webp_r168_color_ofiq_landmarks_method3-sns0_b1024,1006.0,1006.0,0.8493460764587525,3976,0.8613441586494446,0.0004942538624649729,0.00033534540576794097,0.0025150905432595573,0.0002309865549037123,0.0,0.0005030181086519115,1.0011252647990077e-06,0.0,0.0,7.508439485715002e-07,0.0,0.0
colorferet,cvlface_vit_b,webp,168,color,ofiq_landmarks,"{""method"": 3, ""sns"": 0}",1024,winner,webp_r168_color_ofiq_landmarks_method3-sns0_b1024,1006.0,1006.0,0.8493460764587525,3976,0.8711103200912476,0.0006609237515296311,0.0005030181086519115,0.0026827632461435278,0.00016491812240798136,0.0,0.00033534540576794097,1.5016878971985115e-06,0.0,0.0,1.251406580971004e-06,0.0,0.0
colorferet,edgeface_xs,webp,168,color,ofiq_landmarks,"{""method"": 3, ""sns"": 0}",1024,winner,webp_r168_color_ofiq_landmarks_method3-sns0_b1024,1006.0,1006.0,0.8493460764587525,3976,0.9166715741157532,0.004953549729348705,0.01056338028169014,0.022132796780684104,0.004172252778966472,0.00687458081824279,0.017940979208584843,2.427728767134818e-05,0.0,0.0,4.580148086447133e-05,0.0,0.0
colorferet,lvface_l,webp,168,color,ofiq_landmarks,"{""method"": 3, ""sns"": 0}",1024,winner,webp_r168_color_ofiq_landmarks_method3-sns0_b1024,1006.0,1006.0,0.8493460764587525,3976,0.7140781879425049,0.0011404127236026211,0.0013413816230717639,0.006371562709590879,0.0007314967268568248,0.0006706908115358819,0.002347417840375587,1.5016878971985115e-06,0.0,0.0,1.0011252647990077e-06,0.0,0.0
colorferet,topofr_r100,webp,168,color,ofiq_landmarks,"{""method"": 3, ""sns"": 0}",1024,winner,webp_r168_color_ofiq_landmarks_method3-sns0_b1024,1006.0,1006.0,0.8493460764587525,3976,0.8540707230567932,0.000776039846111,0.0006706908115358819,0.0018443997317236754,0.00016666988906465822,0.00016767270288397049,0.0008383635144198525,1.7519692133705078e-06,0.0,0.0,1.251406580971004e-06,0.0,0.0
colorferet,arcface_antelopev2,webp,168,color,ofiq_landmarks,"{""method"": 3, ""sns"": 40}",1024,stageB,webp_r168_color_ofiq_landmarks_method3-sns40_b1024,1008.0,1008.0,0.847,2000,0.8555483222007751,0.0010435170004989831,0.0013333333333333333,0.008333333333333333,0.00033496883439855963,0.0,0.0016666666666666668,0.0,0.0,0.0,0.0,0.0,0.0
colorferet,cvlface_vit_b,webp,168,color,ofiq_landmarks,"{""method"": 3, ""sns"": 40}",1024,stageB,webp_r168_color_ofiq_landmarks_method3-sns40_b1024,1008.0,1008.0,0.847,2000,0.8659843802452087,0.0012224083446194887,0.0016666666666666668,0.006333333333333333,0.0002617078907976206,0.0,0.0006666666666666666,1.0796431131887552e-06,0.0,0.0,0.0,0.0,0.0
colorferet,arcface_antelopev2,webp,168,color,ofiq_landmarks,"{""method"": 3, ""sns"": 80}",1024,stageB,webp_r168_color_ofiq_landmarks_method3-sns80_b1024,1004.0,1004.0,0.856,2000,0.8432343602180481,0.0017213747713070524,0.002,0.005,0.0005531161641362059,0.0,0.0023333333333333335,1.0796431131887552e-06,0.0,0.0,0.0,0.0,0.0
colorferet,cvlface_vit_b,webp,168,color,ofiq_landmarks,"{""method"": 3, ""sns"": 80}",1024,stageB,webp_r168_color_ofiq_landmarks_method3-sns80_b1024,1004.0,1004.0,0.856,2000,0.8553187847137451,0.0009019451770538862,0.001,0.006,0.0002765580820680752,0.0,0.001,0.0,0.0,0.0,0.0,0.0,0.0
colorferet,arcface_antelopev2,webp,168,color,ofiq_landmarks,"{""method"": 6, ""sns"": 0}",1024,stageB,webp_r168_color_ofiq_landmarks_method6-sns0_b1024,1010.0,1010.0,0.8445,2000,0.8610690832138062,0.0012616643302365738,0.0016666666666666668,0.007,0.0003656592296908584,0.0,0.003,0.0,0.0,0.0,0.0,0.0,0.0
colorferet,cvlface_vit_b,webp,168,color,ofiq_landmarks,"{""method"": 6, ""sns"": 0}",1024,stageB,webp_r168_color_ofiq_landmarks_method6-sns0_b1024,1010.0,1010.0,0.8445,2000,0.8707534074783325,0.0011992935269006422,0.0016666666666666668,0.005,0.000331998796144502,0.0,0.001,0.0,0.0,0.0,0.0,0.0,0.0
colorferet,arcface_antelopev2,webp,168,color,ofiq_landmarks,"{""method"": 6, ""sns"": 40}",1024,stageB,webp_r168_color_ofiq_landmarks_method6-sns40_b1024,1008.0,1008.0,0.8495,2000,0.8592875003814697,0.000873234807264311,0.0006666666666666666,0.004666666666666667,0.0003032884263549268,0.0,0.0016666666666666668,0.0,0.0,0.0,0.0,0.0,0.0
colorferet,cvlface_vit_b,webp,168,color,ofiq_landmarks,"{""method"": 6, ""sns"": 40}",1024,stageB,webp_r168_color_ofiq_landmarks_method6-sns40_b1024,1008.0,1008.0,0.8495,2000,0.8707956671714783,0.001221073807430657,0.002,0.005,0.00029437831159264294,0.0,0.001,0.0,0.0,0.0,0.0,0.0,0.0
colorferet,arcface_antelopev2,webp,168,color,ofiq_landmarks,"{""method"": 6, ""sns"": 80}",1024,stageB,webp_r168_color_ofiq_landmarks_method6-sns80_b1024,1004.0,1004.0,0.8755,2000,0.8479172587394714,0.0011893933993869688,0.0016666666666666668,0.009333333333333334,0.00035674911492857453,0.0003333333333333333,0.0026666666666666666,1.7274289810742527e-05,0.0,0.0,0.0,0.0,0.0
colorferet,cvlface_vit_b,webp,168,color,ofiq_landmarks,"{""method"": 6, ""sns"": 80}",1024,stageB,webp_r168_color_ofiq_landmarks_method6-sns80_b1024,1004.0,1004.0,0.8755,2000,0.8614727854728699,0.0014992673905640142,0.0023333333333333335,0.006666666666666667,0.000331998796144502,0.0003333333333333333,0.0013333333333333333,0.0,0.0,0.0,0.0,0.0,0.0
colorferet,arcface_antelopev2,webp,168,color,rectangle_mean,{},1024,grid,webp_r168_color_rectangle_mean_def_b1024,1008.0,1352.0,1.0,2000,0.8571738004684448,0.001148458352143555,0.0016666666666666668,0.004,0.00032605871963633127,0.0,0.0023333333333333335,0.0,0.0,0.0,0.0,0.0,0.0
colorferet,cvlface_vit_b,webp,168,color,rectangle_mean,{},1024,grid,webp_r168_color_rectangle_mean_def_b1024,1008.0,1352.0,1.0,2000,0.8660989999771118,0.0011725631826137906,0.0016666666666666668,0.0036666666666666666,0.00032803874513905485,0.0,0.0006666666666666666,0.0,0.0,0.0,0.0,0.0,0.0
colorferet,arcface_antelopev2,webp,168,gray,mean,{},1024,grid,webp_r168_gray_mean_def_b1024,1010.0,986.0,1.0,2000,0.8660315871238708,0.0015382224123046493,0.0023333333333333335,0.009,0.0007105281916030914,0.0006666666666666666,0.003,0.0,0.0,0.0,0.0,0.0,0.0
colorferet,cvlface_vit_b,webp,168,gray,mean,{},1024,grid,webp_r168_gray_mean_def_b1024,1010.0,986.0,1.0,2000,0.8613439202308655,0.003052339994139118,0.005,0.016,0.0004062497524968306,0.0003333333333333333,0.002,0.0,0.0,0.0,0.0,0.0,0.0
colorferet,arcface_antelopev2,webp,168,gray,none,{},1024,grid,webp_r168_gray_none_def_b1024,1006.0,1341.0,1.0,2000,0.8502629399299622,0.0007808190969499729,0.0006666666666666666,0.008333333333333333,0.0003240786941336077,0.0,0.003,0.0,0.0,0.0,0.0,0.0,0.0
colorferet,cvlface_vit_b,webp,168,gray,none,{},1024,grid,webp_r168_gray_none_def_b1024,1006.0,1341.0,1.0,2000,0.8433558344841003,0.0051324439058775245,0.006666666666666667,0.018666666666666668,0.000259727865294897,0.0,0.0023333333333333335,1.0796431131887552e-06,0.0,0.0,0.0,0.0,0.0
colorferet,arcface_antelopev2,webp,168,gray,ofiq_landmarks,{},1024,grid,webp_r168_gray_ofiq_landmarks_def_b1024,1008.0,1052.0,1.0,2000,0.8680226802825928,0.0012982948020370433,0.0023333333333333335,0.012666666666666666,0.0005877666104339519,0.0,0.0036666666666666666,0.0,0.0,0.0,0.0,0.0,0.0
colorferet,cvlface_vit_b,webp,168,gray,ofiq_landmarks,{},1024,grid,webp_r168_gray_ofiq_landmarks_def_b1024,1008.0,1052.0,1.0,2000,0.860041081905365,0.0034447295681168284,0.006666666666666667,0.01633333333333333,0.00025081775053261313,0.0003333333333333333,0.0016666666666666668,0.0,0.0,0.0,0.0,0.0,0.0
colorferet,arcface_antelopev2,webp,168,gray,rectangle_mean,{},1024,grid,webp_r168_gray_rectangle_mean_def_b1024,1010.0,1142.0,1.0,2000,0.8653566837310791,0.0011375682118785475,0.0013333333333333333,0.005,0.0006540974647753306,0.0006666666666666666,0.0033333333333333335,0.0,0.0,0.0,0.0,0.0,0.0
colorferet,cvlface_vit_b,webp,168,gray,rectangle_mean,{},1024,grid,webp_r168_gray_rectangle_mean_def_b1024,1010.0,1142.0,1.0,2000,0.8570486307144165,0.004297174107602514,0.006666666666666667,0.01633333333333333,0.00033001877064177843,0.0,0.0016666666666666668,0.0,0.0,0.0,0.0,0.0,0.0
colorferet,arcface_antelopev2,webp,224,color,mean,{},1024,grid,webp_r224_color_mean_def_b1024,1004.0,1651.0,0.992,2000,0.8518840074539185,0.0011375682118785475,0.0013333333333333333,0.008,0.0007332984848844959,0.0003333333333333333,0.003,0.0,0.0,0.0,0.0,0.0,0.0
colorferet,cvlface_vit_b,webp,224,color,mean,{},1024,grid,webp_r224_color_mean_def_b1024,1004.0,1651.0,0.992,2000,0.8709573745727539,0.0010019364649416769,0.0013333333333333333,0.004333333333333333,0.00032308868138221814,0.0,0.0013333333333333333,0.0,0.0,0.0,0.0,0.0,0.0
colorferet,arcface_antelopev2,webp,224,color,mean,"{""method"": 0, ""sns"": 0}",1024,stageB,webp_r224_color_mean_method0-sns0_b1024,982.0,982.0,0.753,2000,0.669107973575592,0.00460046253395744,0.016666666666666666,0.069,0.0037681627739365436,0.008666666666666666,0.024333333333333332,0.0013944539583904338,0.00202020202020202,0.012121212121212121,0.002534334613986379,0.007070707070707071,0.021212121212121213
colorferet,cvlface_vit_b,webp,224,color,mean,"{""method"": 0, ""sns"": 0}",1024,stageB,webp_r224_color_mean_method0-sns0_b1024,982.0,982.0,0.753,2000,0.6943888068199158,0.0075092506791487375,0.022333333333333334,0.07433333333333333,0.002470857984650834,0.005333333333333333,0.016666666666666666,0.0008742884497555082,0.00101010101010101,0.00909090909090909,0.001181986737009696,0.00202020202020202,0.00808080808080808
colorferet,arcface_antelopev2,webp,224,color,mean,"{""method"": 0, ""sns"": 40}",1024,stageB,webp_r224_color_mean_method0-sns40_b1024,973.0,973.0,0.7955,2000,0.6599717140197754,0.005959148113827692,0.025666666666666667,0.08466666666666667,0.004082341340556478,0.011,0.029333333333333333,0.001434400753577807,0.00202020202020202,0.01717171717171717,0.0032749697896227075,0.00808080808080808,0.024242424242424242
colorferet,cvlface_vit_b,webp,224,color,mean,"{""method"": 0, ""sns"": 40}",1024,stageB,webp_r224_color_mean_method0-sns40_b1024,973.0,973.0,0.7955,2000,0.6875841021537781,0.006715216891993593,0.023666666666666666,0.08266666666666667,0.0030662001726582387,0.005333333333333333,0.022,0.001639532945080562,0.00404040404040404,0.011111111111111112,0.0011690310196515975,0.00202020202020202,0.010101010101010102
colorferet,arcface_antelopev2,webp,224,color,mean,"{""method"": 0, ""sns"": 80}",1024,stageB,webp_r224_color_mean_method0-sns80_b1024,966.0,966.0,0.8065,2000,0.6567659974098206,0.006407968414633163,0.02266666666666667,0.08033333333333334,0.004642043069514747,0.011,0.030333333333333334,0.002020646964030475,0.00404040404040404,0.022222222222222223,0.0032231469201904244,0.00808080808080808,0.024242424242424242
colorferet,cvlface_vit_b,webp,224,color,mean,"{""method"": 0, ""sns"": 80}",1024,stageB,webp_r224_color_mean_method0-sns80_b1024,966.0,966.0,0.8065,2000,0.6844282150268555,0.007466335606402601,0.022333333333333334,0.089,0.0028582974948717075,0.005666666666666667,0.021,0.00120573888549946,0.00202020202020202,0.010101010101010102,0.0011679513765384087,0.00202020202020202,0.00909090909090909
colorferet,arcface_antelopev2,webp,224,color,mean,"{""method"": 3, ""sns"": 0}",1024,stageB,webp_r224_color_mean_method3-sns0_b1024,992.0,992.0,0.901,2000,0.847053587436676,0.0008544245649884093,0.001,0.007666666666666666,0.00028942824783580623,0.0,0.0023333333333333335,0.0,0.0,0.0,0.0,0.0,0.0
colorferet,cvlface_vit_b,webp,224,color,mean,"{""method"": 3, ""sns"": 0}",1024,stageB,webp_r224_color_mean_method3-sns0_b1024,992.0,992.0,0.901,2000,0.8630783557891846,0.001196323488646529,0.0016666666666666668,0.005666666666666667,0.00031813861762538143,0.0,0.0013333333333333333,0.0,0.0,0.0,0.0,0.0,0.0
colorferet,arcface_antelopev2,webp,224,color,mean,"{""method"": 3, ""sns"": 40}",1024,stageB,webp_r224_color_mean_method3-sns40_b1024,988.0,988.0,0.926,2000,0.8490808010101318,0.0012982948020370433,0.002,0.009666666666666667,0.000638257260753542,0.0,0.003,0.0,0.0,0.0,0.0,0.0,0.0
colorferet,cvlface_vit_b,webp,224,color,mean,"{""method"": 3, ""sns"": 40}",1024,stageB,webp_r224_color_mean_method3-sns40_b1024,988.0,988.0,0.926,2000,0.8672201037406921,0.0009563958783789235,0.001,0.004666666666666667,0.0003508090384204038,0.0,0.0013333333333333333,0.0,0.0,0.0,0.0,0.0,0.0
colorferet,arcface_antelopev2,webp,224,color,mean,"{""method"": 3, ""sns"": 80}",1024,stageB,webp_r224_color_mean_method3-sns80_b1024,984.0,984.0,0.878,2000,0.8372336626052856,0.0011246980461108165,0.0016666666666666668,0.008333333333333333,0.0008118540166797135,0.001,0.0023333333333333335,2.159286226321999e-06,0.0,0.0,0.0,0.0,0.0
colorferet,cvlface_vit_b,webp,224,color,mean,"{""method"": 3, ""sns"": 80}",1024,stageB,webp_r224_color_mean_method3-sns80_b1024,984.0,984.0,0.878,2000,0.8589435815811157,0.001445806701990311,0.0016666666666666668,0.0033333333333333335,0.00041713989276183805,0.0,0.0016666666666666668,0.0,0.0,0.0,0.0,0.0,0.0
colorferet,arcface_antelopev2,webp,224,color,mean,"{""method"": 6, ""sns"": 0}",1024,stageB,webp_r224_color_mean_method6-sns0_b1024,990.0,990.0,0.905,2000,0.848957896232605,0.0011543984286517812,0.0013333333333333333,0.006333333333333333,0.00039238957397771,0.0,0.003,0.0,0.0,0.0,0.0,0.0,0.0
colorferet,cvlface_vit_b,webp,224,color,mean,"{""method"": 6, ""sns"": 0}",1024,stageB,webp_r224_color_mean_method6-sns0_b1024,990.0,990.0,0.905,2000,0.8648481369018555,0.0012266693595013307,0.0013333333333333333,0.006,0.00031417856661993427,0.0,0.0016666666666666668,0.0,0.0,0.0,0.0,0.0,0.0
colorferet,arcface_antelopev2,webp,224,color,mean,"{""method"": 6, ""sns"": 40}",1024,stageB,webp_r224_color_mean_method6-sns40_b1024,986.0,986.0,0.9245,2000,0.8502078652381897,0.0012280038966901619,0.002,0.008333333333333333,0.0005541061768875399,0.0003333333333333333,0.0023333333333333335,0.0,0.0,0.0,0.0,0.0,0.0
colorferet,cvlface_vit_b,webp,224,color,mean,"{""method"": 6, ""sns"": 40}",1024,stageB,webp_r224_color_mean_method6-sns40_b1024,986.0,986.0,0.9245,2000,0.8688907623291016,0.0006313271714939817,0.0006666666666666666,0.0036666666666666666,0.0002686379800571809,0.0,0.0013333333333333333,0.0,0.0,0.0,0.0,0.0,0.0
colorferet,arcface_antelopev2,webp,224,color,mean,"{""method"": 6, ""sns"": 80}",1024,stageB,webp_r224_color_mean_method6-sns80_b1024,982.0,982.0,0.8825,2000,0.8374601006507874,0.001350765477859357,0.002,0.009,0.000652117439272607,0.0003333333333333333,0.0033333333333333335,1.0796431131887552e-06,0.0,0.0,0.0,0.0,0.0
colorferet,cvlface_vit_b,webp,224,color,mean,"{""method"": 6, ""sns"": 80}",1024,stageB,webp_r224_color_mean_method6-sns80_b1024,982.0,982.0,0.8825,2000,0.8597878813743591,0.0008781848710211477,0.001,0.004,0.00034783900016634617,0.0,0.0016666666666666668,2.159286226321999e-06,0.0,0.0,0.0,0.0,0.0
colorferet,arcface_antelopev2,webp,224,color,none,{},1024,grid,webp_r224_color_none_def_b1024,1000.0,2110.0,0.922,2000,0.8419898152351379,0.001317105044312945,0.002,0.007333333333333333,0.0007827991224526965,0.0006666666666666666,0.002,1.0796431131887552e-06,0.0,0.0,0.0,0.0,0.0
colorferet,cvlface_vit_b,webp,224,color,none,{},1024,grid,webp_r224_color_none_def_b1024,1000.0,2110.0,0.922,2000,0.856744647026062,0.0008494745012315725,0.001,0.004666666666666667,0.0002983383625980901,0.0,0.001,0.0,0.0,0.0,0.0,0.0,0.0
colorferet,arcface_antelopev2,webp,224,color,ofiq_landmarks,{},1024,grid,webp_r224_color_ofiq_landmarks_def_b1024,1004.0,1747.0,0.976,2000,0.8531534075737,0.00208109392448974,0.0026666666666666666,0.006,0.0005244057943466307,0.0006666666666666666,0.003,2.159286226321999e-06,0.0,0.0,0.0,0.0,0.0
colorferet,cvlface_vit_b,webp,224,color,ofiq_landmarks,{},1024,grid,webp_r224_color_ofiq_landmarks_def_b1024,1004.0,1747.0,0.976,2000,0.8694799542427063,0.001650739341522729,0.0016666666666666668,0.004666666666666667,0.0002547778015380603,0.0,0.0006666666666666666,0.0,0.0,0.0,0.0,0.0,0.0
colorferet,arcface_antelopev2,webp,224,color,rectangle_mean,{},1024,grid,webp_r224_color_rectangle_mean_def_b1024,1002.0,1864.0,0.961,2000,0.850827693939209,0.0012458241262147296,0.0016666666666666668,0.008333333333333333,0.0004983209383736714,0.0,0.0016666666666666668,4.3185724526995095e-06,0.0,0.0,0.0,0.0,0.0
colorferet,cvlface_vit_b,webp,224,color,rectangle_mean,{},1024,grid,webp_r224_color_rectangle_mean_def_b1024,1002.0,1864.0,0.961,2000,0.8653852343559265,0.0009435257126111925,0.001,0.004333333333333333,0.0003082384901117635,0.0,0.0016666666666666668,0.0,0.0,0.0,0.0,0.0,0.0
colorferet,arcface_antelopev2,webp,224,gray,mean,{},1024,grid,webp_r224_gray_mean_def_b1024,1008.0,1376.0,0.9975,2000,0.8607583045959473,0.00121711375642521,0.0016666666666666668,0.006333333333333333,0.0006441973372617127,0.0003333333333333333,0.0026666666666666666,0.0,0.0,0.0,0.0,0.0,0.0
colorferet,cvlface_vit_b,webp,224,gray,mean,{},1024,grid,webp_r224_gray_mean_def_b1024,1008.0,1376.0,0.9975,2000,0.8582778573036194,0.0033447382802290378,0.005,0.013,0.0002666579545544573,0.0,0.001,0.0,0.0,0.0,0.0,0.0,0.0
colorferet,arcface_antelopev2,webp,224,gray,none,{},1024,grid,webp_r224_gray_none_def_b1024,1002.0,1812.0,0.974,2000,0.8486108183860779,0.0012497841772201768,0.0023333333333333335,0.009,0.0006610275540348909,0.0003333333333333333,0.0026666666666666666,0.0,0.0,0.0,0.0,0.0,0.0
colorferet,cvlface_vit_b,webp,224,gray,none,{},1024,grid,webp_r224_gray_none_def_b1024,1002.0,1812.0,0.974,2000,0.8441867232322693,0.003890924355105683,0.008333333333333333,0.016666666666666666,0.00023101749550532183,0.0,0.001,0.0,0.0,0.0,0.0,0.0,0.0
colorferet,arcface_antelopev2,webp,224,gray,ofiq_landmarks,{},1024,grid,webp_r224_gray_ofiq_landmarks_def_b1024,1008.0,1454.0,0.9925,2000,0.8620189428329468,0.001088067574310347,0.0013333333333333333,0.008333333333333333,0.0006491474010185494,0.0003333333333333333,0.003,0.0,0.0,0.0,0.0,0.0,0.0
colorferet,cvlface_vit_b,webp,224,gray,ofiq_landmarks,{},1024,grid,webp_r224_gray_ofiq_landmarks_def_b1024,1008.0,1454.0,0.9925,2000,0.8583887815475464,0.002865227584131268,0.005,0.015666666666666666,0.0002547778015380603,0.0,0.001,0.0,0.0,0.0,0.0,0.0,0.0
colorferet,arcface_antelopev2,webp,224,gray,rectangle_mean,{},1024,grid,webp_r224_gray_rectangle_mean_def_b1024,1005.0,1565.0,0.9875,2000,0.8584771752357483,0.0010326268602339757,0.0016666666666666668,0.009,0.0007065681405976443,0.0006666666666666666,0.004,0.0,0.0,0.0,0.0,0.0,0.0
colorferet,cvlface_vit_b,webp,224,gray,rectangle_mean,{},1024,grid,webp_r224_gray_rectangle_mean_def_b1024,1005.0,1565.0,0.9875,2000,0.8534920811653137,0.003158615882972577,0.006,0.015666666666666666,9.999128788779066e-05,0.0,0.0006666666666666666,0.0,0.0,0.0,0.0,0.0,0.0
colorferet,arcface_antelopev2,webp,56,color,mean,{},1024,grid,webp_r56_color_mean_def_b1024,916.0,329.0,1.0,2000,0.7085792422294617,0.012988199048003721,0.034333333333333334,0.07533333333333334,0.000578856495671668,0.0006666666666666666,0.0026666666666666666,6.261930056400411e-05,0.0,0.00101010101010101,0.0003994679518738442,0.0,0.00101010101010101
colorferet,cvlface_vit_b,webp,56,color,mean,{},1024,grid,webp_r56_color_mean_def_b1024,916.0,329.0,1.0,2000,0.7905310988426208,0.005629129343185914,0.012333333333333333,0.030333333333333334,0.0002933882988413089,0.0,0.002,2.051321915025328e-05,0.0,0.0,0.0,0.0,0.0
colorferet,arcface_antelopev2,webp,56,color,none,{},1024,grid,webp_r56_color_none_def_b1024,972.0,468.0,1.0,2000,0.8410566449165344,0.0013808103848377638,0.0026666666666666666,0.011,0.0004937153990543319,0.0006666666666666666,0.0023333333333333335,0.0,0.0,0.0,0.0,0.0,0.0
colorferet,cvlface_vit_b,webp,56,color,none,{},1024,grid,webp_r56_color_none_def_b1024,972.0,468.0,1.0,2000,0.8574371337890625,0.00232532611020029,0.004666666666666667,0.01,0.00029734834984675607,0.0,0.0023333333333333335,0.0,0.0,0.0,0.0,0.0,0.0
colorferet,arcface_antelopev2,webp,56,color,ofiq_landmarks,{},1024,grid,webp_r56_color_ofiq_landmarks_def_b1024,950.0,366.0,1.0,2000,0.7626703977584839,0.006510284252461175,0.024333333333333332,0.056666666666666664,0.0007897292117122567,0.0006666666666666666,0.0033333333333333335,1.5115003584420528e-05,0.0,0.0,5.398215565888265e-06,0.0,0.0
colorferet,cvlface_vit_b,webp,56,color,ofiq_landmarks,{},1024,grid,webp_r56_color_ofiq_landmarks_def_b1024,950.0,366.0,1.0,2000,0.7968012690544128,0.005555523875147532,0.015666666666666666,0.034666666666666665,0.0004587204283191443,0.0003333333333333333,0.002,0.0,0.0,0.0,0.0,0.0,0.0
colorferet,arcface_antelopev2,webp,56,color,rectangle_mean,{},1024,grid,webp_r56_color_rectangle_mean_def_b1024,964.0,400.0,1.0,2000,0.8348886370658875,0.00242992293740742,0.004666666666666667,0.026,0.0006956780003326368,0.0003333333333333333,0.002,0.0,0.0,0.0,0.0,0.0,0.0
colorferet,cvlface_vit_b,webp,56,color,rectangle_mean,{},1024,grid,webp_r56_color_rectangle_mean_def_b1024,964.0,400.0,1.0,2000,0.8529571294784546,0.0034935847173711366,0.005333333333333333,0.012666666666666666,0.0005887566231852859,0.0003333333333333333,0.0026666666666666666,0.0,0.0,0.0,0.0,0.0,0.0
colorferet,arcface_antelopev2,webp,56,gray,mean,{},1024,grid,webp_r56_gray_mean_def_b1024,718.0,284.0,1.0,2000,0.6816197633743286,0.016431293115055323,0.050666666666666665,0.10333333333333333,0.0012953247637829302,0.0016666666666666668,0.005333333333333333,0.0008667309479632979,0.0,0.00404040404040404,0.0005169265792954148,0.00101010101010101,0.00101010101010101
colorferet,cvlface_vit_b,webp,56,gray,mean,{},1024,grid,webp_r56_gray_mean_def_b1024,718.0,284.0,1.0,2000,0.7349638342857361,0.017946745234078625,0.04733333333333333,0.08966666666666667,0.0005966767251962357,0.0,0.003,9.716788018532263e-06,0.0,0.0,0.0,0.0,0.0
colorferet,arcface_antelopev2,webp,56,gray,none,{},1024,grid,webp_r56_gray_none_def_b1024,966.0,416.0,1.0,2000,0.8380131721496582,0.002499568354440409,0.005,0.024,0.0008524445394856857,0.001,0.0033333333333333335,0.0,0.0,0.0,0.0,0.0,0.0
colorferet,cvlface_vit_b,webp,56,gray,none,{},1024,grid,webp_r56_gray_none_def_b1024,966.0,416.0,1.0,2000,0.8386971950531006,0.00623867623414988,0.012,0.027,0.0004230799692700088,0.0,0.002,0.0,0.0,0.0,0.0,0.0,0.0
colorferet,arcface_antelopev2,webp,56,gray,ofiq_landmarks,{},1024,grid,webp_r56_gray_ofiq_landmarks_def_b1024,882.0,318.0,1.0,2000,0.7463155388832092,0.010984326118120422,0.032,0.07333333333333333,0.0009118453045675041,0.001,0.006666666666666667,9.932716641186667e-05,0.0,0.00101010101010101,4.3185724526995095e-06,0.0,0.0
colorferet,cvlface_vit_b,webp,56,gray,ofiq_landmarks,{},1024,grid,webp_r56_gray_ofiq_landmarks_def_b1024,882.0,318.0,1.0,2000,0.7538616061210632,0.01711311093686884,0.041666666666666664,0.074,0.00032110865587949456,0.0,0.003,0.0,0.0,0.0,0.0,0.0,0.0
colorferet,arcface_antelopev2,webp,56,gray,rectangle_mean,{},1024,grid,webp_r56_gray_rectangle_mean_def_b1024,934.0,350.0,1.0,2000,0.8235666751861572,0.0034278993513436502,0.009333333333333334,0.03333333333333333,0.0008144795304963293,0.0006666666666666666,0.0036666666666666666,0.0,0.0,0.0,0.0,0.0,0.0
colorferet,cvlface_vit_b,webp,56,gray,rectangle_mean,{},1024,grid,webp_r56_gray_rectangle_mean_def_b1024,934.0,350.0,1.0,2000,0.8230152130126953,0.008637908776265057,0.020666666666666667,0.043333333333333335,0.0004022897014913279,0.0,0.0023333333333333335,2.483179160295279e-05,0.0,0.0,0.0,0.0,0.0
colorferet,arcface_antelopev2,webp,64,color,mean,{},1024,grid,webp_r64_color_mean_def_b1024,942.0,354.0,1.0,2000,0.768318235874176,0.005700410261284185,0.018333333333333333,0.04666666666666667,0.0003409089109067859,0.0,0.0023333333333333335,1.0796431131887552e-06,0.0,0.0,3.2389293395107543e-06,0.0,0.0
colorferet,cvlface_vit_b,webp,64,color,mean,{},1024,grid,webp_r64_color_mean_def_b1024,942.0,354.0,1.0,2000,0.8312065601348877,0.0030526845185766156,0.006,0.022,0.0005491561131307587,0.0006666666666666666,0.002,0.0,0.0,0.0,0.0,0.0,0.0
colorferet,arcface_antelopev2,webp,64,color,none,{},1024,grid,webp_r64_color_none_def_b1024,978.0,512.0,1.0,2000,0.8590588569641113,0.002004862942634688,0.0026666666666666666,0.010333333333333333,0.0005986567506989593,0.0,0.0026666666666666666,0.0,0.0,0.0,0.0,0.0,0.0
colorferet,cvlface_vit_b,webp,64,color,none,{},1024,grid,webp_r64_color_none_def_b1024,978.0,512.0,1.0,2000,0.8695235848426819,0.002670496035988918,0.003,0.007333333333333333,0.0003240786941336077,0.0003333333333333333,0.0016666666666666668,0.0,0.0,0.0,0.0,0.0,0.0
colorferet,arcface_antelopev2,webp,64,color,ofiq_landmarks,{},1024,grid,webp_r64_color_ofiq_landmarks_def_b1024,962.0,396.0,1.0,2000,0.8014290928840637,0.004760844599678439,0.014,0.03766666666666667,0.00035476908942585095,0.0,0.004333333333333333,0.0,0.0,0.0,0.0,0.0,0.0
colorferet,cvlface_vit_b,webp,64,color,ofiq_landmarks,{},1024,grid,webp_r64_color_ofiq_landmarks_def_b1024,962.0,396.0,1.0,2000,0.8261684775352478,0.0043988444571166335,0.008333333333333333,0.020666666666666667,0.0004884208108600535,0.0,0.0023333333333333335,3.2389293395107543e-06,0.0,0.0,0.0,0.0,0.0
colorferet,arcface_antelopev2,webp,64,color,rectangle_mean,{},1024,grid,webp_r64_color_rectangle_mean_def_b1024,968.0,434.0,1.0,2000,0.8567033410072327,0.0019048716547468971,0.0033333333333333335,0.019333333333333334,0.00029932837534947965,0.0,0.0033333333333333335,0.0,0.0,0.0,0.0,0.0,0.0
colorferet,cvlface_vit_b,webp,64,color,rectangle_mean,{},1024,grid,webp_r64_color_rectangle_mean_def_b1024,968.0,434.0,1.0,2000,0.8688555955886841,0.003083030389431417,0.0036666666666666666,0.009666666666666667,0.0007174582808626517,0.0003333333333333333,0.0023333333333333335,0.0,0.0,0.0,0.0,0.0,0.0
colorferet,arcface_antelopev2,webp,64,color,rectangle_mean,"{""method"": 6, ""sns"": 40}",1024,annexE,webp_r64_color_rectangle_mean_method6-sns40_b1024,1014.0,1014.0,0.71579476861167,3976,0.8635126948356628,0.001091863761974862,0.0013413816230717639,0.005197853789403085,0.00018694033180615725,0.0,0.0008383635144198525,2.502813161997519e-06,0.0,0.0,7.508439485715002e-07,0.0,0.0
colorferet,cvlface_vit_b,webp,64,color,rectangle_mean,"{""method"": 6, ""sns"": 40}",1024,annexE,webp_r64_color_rectangle_mean_method6-sns40_b1024,1014.0,1014.0,0.71579476861167,3976,0.8744683265686035,0.001210733642249126,0.0013413816230717639,0.0031857813547954395,0.00018143477945664103,0.0,0.001006036217303823,2.0022505295980153e-06,0.0,0.0,7.508439485715002e-07,0.0,0.0
colorferet,edgeface_xs,webp,64,color,rectangle_mean,"{""method"": 6, ""sns"": 40}",1024,annexE,webp_r64_color_rectangle_mean_method6-sns40_b1024,1014.0,1014.0,0.71579476861167,3976,0.9158469438552856,0.0058902534074158205,0.011234071093226022,0.025486250838363516,0.003780105495950024,0.007377598926894702,0.017605633802816902,0.00015967947973521968,0.0,0.00044822949350067237,3.754219742968523e-06,0.0,0.0
colorferet,lvface_l,webp,64,color,rectangle_mean,"{""method"": 6, ""sns"": 40}",1024,annexE,webp_r64_color_rectangle_mean_method6-sns40_b1024,1014.0,1014.0,0.71579476861167,3976,0.7208137512207031,0.0018221074226328336,0.002850435949027498,0.008718980549966466,0.0006106230232451397,0.00033534540576794097,0.00335345405767941,1.0011252647990077e-06,0.0,0.0,7.508439485715002e-07,0.0,0.0
colorferet,topofr_r100,webp,64,color,rectangle_mean,"{""method"": 6, ""sns"": 40}",1024,annexE,webp_r64_color_rectangle_mean_method6-sns40_b1024,1014.0,1014.0,0.71579476861167,3976,0.8530348539352417,0.0009442130537540528,0.001006036217303823,0.0041918175720992625,0.0002852913212605842,0.0,0.0008383635144198525,1.251406580971004e-06,0.0,0.0,1.0011252647990077e-06,0.0,0.0
colorferet,arcface_antelopev2,webp,64,gray,mean,{},1024,grid,webp_r64_gray_mean_def_b1024,814.0,308.0,1.0,2000,0.7455528378486633,0.009370217248398163,0.030333333333333334,0.06966666666666667,0.0006095468909639668,0.0006666666666666666,0.005333333333333333,3.2389293395163055e-05,0.0,0.0,7.233608858253637e-05,0.0,0.00101010101010101
colorferet,cvlface_vit_b,webp,64,gray,mean,{},1024,grid,webp_r64_gray_mean_def_b1024,814.0,308.0,1.0,2000,0.7839493751525879,0.01130810384837758,0.025666666666666667,0.060333333333333336,0.0005036155265680054,0.0003333333333333333,0.0023333333333333335,1.0796431131887552e-06,0.0,0.0,0.0,0.0,0.0
colorferet,arcface_antelopev2,webp,64,gray,none,{},1024,grid,webp_r64_gray_none_def_b1024,972.0,458.0,1.0,2000,0.8571817874908447,0.0014052161791843942,0.0033333333333333335,0.016,0.0005630162916498238,0.0,0.0023333333333333335,0.0,0.0,0.0,0.0,0.0,0.0
colorferet,cvlface_vit_b,webp,64,gray,none,{},1024,grid,webp_r64_gray_none_def_b1024,972.0,458.0,1.0,2000,0.8523543477058411,0.003916019198327253,0.007333333333333333,0.018,0.0004973309256223374,0.0,0.0023333333333333335,0.0,0.0,0.0,0.0,0.0,0.0
colorferet,arcface_antelopev2,webp,64,gray,ofiq_landmarks,{},1024,grid,webp_r64_gray_ofiq_landmarks_def_b1024,936.0,344.0,1.0,2000,0.7894237041473389,0.005832426481653105,0.02266666666666667,0.050333333333333334,0.0009118453045675041,0.0006666666666666666,0.005,1.0796431131887552e-06,0.0,0.0,0.0,0.0,0.0
colorferet,cvlface_vit_b,webp,64,gray,ofiq_landmarks,{},1024,grid,webp_r64_gray_ofiq_landmarks_def_b1024,936.0,344.0,1.0,2000,0.7895049452781677,0.013725457583893666,0.029333333333333333,0.057666666666666665,0.0004022897014913279,0.0003333333333333333,0.0026666666666666666,1.0796431131887552e-06,0.0,0.0,0.0,0.0,0.0
colorferet,arcface_antelopev2,webp,64,gray,rectangle_mean,{},1024,grid,webp_r64_gray_rectangle_mean_def_b1024,956.0,382.0,1.0,2000,0.8490080833435059,0.0021266345110524934,0.004,0.02033333333333333,0.00038545948471814973,0.0,0.0033333333333333335,0.0,0.0,0.0,0.0,0.0,0.0
colorferet,cvlface_vit_b,webp,64,gray,rectangle_mean,{},1024,grid,webp_r64_gray_rectangle_mean_def_b1024,956.0,382.0,1.0,2000,0.843584418296814,0.006943264349244801,0.013,0.027,0.0007550787654145108,0.0003333333333333333,0.0023333333333333335,0.0,0.0,0.0,0.0,0.0,0.0
colorferet,arcface_antelopev2,webp,80,color,mean,{},1024,grid,webp_r80_color_mean_def_b1024,970.0,460.0,1.0,2000,0.8330515027046204,0.0030810503639286933,0.006,0.023333333333333334,0.0003537790766745169,0.0,0.0023333333333333335,0.0,0.0,0.0,0.0,0.0,0.0
colorferet,cvlface_vit_b,webp,80,color,mean,{},1024,grid,webp_r80_color_mean_def_b1024,970.0,460.0,1.0,2000,0.8726300001144409,0.0019764970972826097,0.0033333333333333335,0.008666666666666666,0.0003587291404313536,0.0,0.002,0.0,0.0,0.0,0.0,0.0,0.0
colorferet,arcface_antelopev2,webp,80,color,none,{},1024,grid,webp_r80_color_none_def_b1024,994.0,646.0,1.0,2000,0.872579038143158,0.001290374700026149,0.002,0.007666666666666666,0.0007035981023435312,0.0006666666666666666,0.0023333333333333335,0.0,0.0,0.0,0.0,0.0,0.0
colorferet,cvlface_vit_b,webp,80,color,none,{},1024,grid,webp_r80_color_none_def_b1024,994.0,646.0,1.0,2000,0.8792436718940735,0.0016263335471760985,0.003,0.005,0.00030427843910631636,0.0,0.002,0.0,0.0,0.0,0.0,0.0,0.0
colorferet,arcface_antelopev2,webp,80,color,ofiq_landmarks,{},1024,grid,webp_r80_color_ofiq_landmarks_def_b1024,976.0,504.0,1.0,2000,0.8484885096549988,0.0026619304456641313,0.005333333333333333,0.02033333333333333,0.0005956867124448462,0.0006666666666666666,0.0023333333333333335,0.0,0.0,0.0,0.0,0.0,0.0
colorferet,cvlface_vit_b,webp,80,color,ofiq_landmarks,{},1024,grid,webp_r80_color_ofiq_landmarks_def_b1024,976.0,504.0,1.0,2000,0.8642585277557373,0.0026480702671450662,0.004,0.010666666666666666,0.00037654936995586586,0.0,0.002,0.0,0.0,0.0,0.0,0.0,0.0
colorferet,arcface_antelopev2,webp,80,color,rectangle_mean,{},1024,grid,webp_r80_color_rectangle_mean_def_b1024,984.0,552.0,1.0,2000,0.8800010085105896,0.0016332636364356588,0.0026666666666666666,0.008666666666666666,0.0003022984136035928,0.0,0.0023333333333333335,0.0,0.0,0.0,0.0,0.0,0.0
colorferet,cvlface_vit_b,webp,80,color,rectangle_mean,{},1024,grid,webp_r80_color_rectangle_mean_def_b1024,984.0,552.0,1.0,2000,0.886070191860199,0.002248406079470299,0.0023333333333333335,0.004666666666666667,0.0003874395102208733,0.0003333333333333333,0.0023333333333333335,0.0,0.0,0.0,0.0,0.0,0.0
colorferet,arcface_antelopev2,webp,80,gray,mean,{},1024,grid,webp_r80_gray_mean_def_b1024,946.0,392.0,1.0,2000,0.823374330997467,0.005267430164500502,0.011333333333333334,0.03166666666666667,0.0007293384338790487,0.0,0.0026666666666666666,4.3185724526995095e-06,0.0,0.0,0.0,0.0,0.0
colorferet,cvlface_vit_b,webp,80,gray,mean,{},1024,grid,webp_r80_gray_mean_def_b1024,946.0,392.0,1.0,2000,0.839219331741333,0.0064822193709854915,0.015666666666666666,0.034333333333333334,0.0002963583370953665,0.0,0.0026666666666666666,0.0,0.0,0.0,0.0,0.0,0.0
colorferet,arcface_antelopev2,webp,80,gray,none,{},1024,grid,webp_r80_gray_none_def_b1024,986.0,574.0,1.0,2000,0.8752637505531311,0.0011058878038349147,0.0013333333333333333,0.007,0.0008738802955782032,0.001,0.0036666666666666666,0.0,0.0,0.0,0.0,0.0,0.0
colorferet,cvlface_vit_b,webp,80,gray,none,{},1024,grid,webp_r80_gray_none_def_b1024,986.0,574.0,1.0,2000,0.8656290173530579,0.004010070409706873,0.005666666666666667,0.013333333333333334,0.000367639255193582,0.0,0.002,0.0,0.0,0.0,0.0,0.0,0.0
colorferet,arcface_antelopev2,webp,80,gray,ofiq_landmarks,{},1024,grid,webp_r80_gray_ofiq_landmarks_def_b1024,968.0,434.0,1.0,2000,0.8442035913467407,0.0028879978774126723,0.007666666666666666,0.027666666666666666,0.0006788477835594586,0.0003333333333333333,0.0036666666666666666,0.0,0.0,0.0,0.0,0.0,0.0
colorferet,cvlface_vit_b,webp,80,gray,ofiq_landmarks,{},1024,grid,webp_r80_gray_ofiq_landmarks_def_b1024,968.0,434.0,1.0,2000,0.8375385999679565,0.005762480100743721,0.016666666666666666,0.033666666666666664,0.00029437831159264294,0.0,0.0023333333333333335,0.0,0.0,0.0,0.0,0.0,0.0
colorferet,arcface_antelopev2,webp,80,gray,ofiq_landmarks,"{""method"": 6, ""sns"": 40}",1024,annexF,webp_r80_gray_ofiq_landmarks_method6-sns40_b1024,1022.0,1022.0,0.5518108651911469,3976,0.8469433784484863,0.0018596452795615601,0.0031857813547954395,0.011569416498993963,0.00036562233508806793,0.00016767270288397049,0.0013413816230717639,1.0011252647990077e-06,0.0,0.0,1.0011252647990077e-06,0.0,0.0
colorferet,cvlface_vit_b,webp,80,gray,ofiq_landmarks,"{""method"": 6, ""sns"": 40}",1024,annexF,webp_r80_gray_ofiq_landmarks_method6-sns40_b1024,1022.0,1022.0,0.5518108651911469,3976,0.8387161493301392,0.003680000935537717,0.006539235412474849,0.01643192488262911,0.0003285849829183681,0.00016767270288397049,0.0008383635144198525,1.251406580971004e-06,0.0,0.0,5.005626323995038e-07,0.0,0.0
colorferet,edgeface_xs,webp,80,gray,ofiq_landmarks,"{""method"": 6, ""sns"": 40}",1024,annexF,webp_r80_gray_ofiq_landmarks_method6-sns40_b1024,1022.0,1022.0,0.5518108651911469,3976,0.9024097919464111,0.007218106967583737,0.015593561368209255,0.033366867873910126,0.0035243421511721466,0.007545271629778672,0.017605633802816902,3.053432057631422e-05,0.0,0.0,4.254782375368027e-06,0.0,0.0
colorferet,lvface_l,webp,80,gray,ofiq_landmarks,"{""method"": 6, ""sns"": 40}",1024,annexF,webp_r80_gray_ofiq_landmarks_method6-sns40_b1024,1022.0,1022.0,0.5518108651911469,3976,0.6941884756088257,0.003140699840457135,0.006036217303822937,0.01324614352783367,0.0006489116373124341,0.00033534540576794097,0.001676727028839705,1.0011252647990077e-06,0.0,0.0,1.0011252647990077e-06,0.0,0.0
colorferet,topofr_r100,webp,80,gray,ofiq_landmarks,"{""method"": 6, ""sns"": 40}",1024,annexF,webp_r80_gray_ofiq_landmarks_method6-sns40_b1024,1022.0,1022.0,0.5518108651911469,3976,0.8341330885887146,0.0019707573360705486,0.0026827632461435278,0.008718980549966466,0.00033233876861126296,0.00016767270288397049,0.0011737089201877935,1.0011252647990077e-06,0.0,0.0,1.0011252647990077e-06,0.0,0.0
colorferet,arcface_antelopev2,webp,80,gray,rectangle_mean,{},1024,grid,webp_r80_gray_rectangle_mean_def_b1024,974.0,482.0,1.0,2000,0.8777418732643127,0.0012883946745234254,0.0026666666666666666,0.012666666666666666,0.000578856495671668,0.0003333333333333333,0.004333333333333333,0.0,0.0,0.0,0.0,0.0,0.0
colorferet,cvlface_vit_b,webp,80,gray,rectangle_mean,{},1024,grid,webp_r80_gray_rectangle_mean_def_b1024,974.0,482.0,1.0,2000,0.8672916293144226,0.003986654628111631,0.006333333333333333,0.015666666666666666,0.0003557591021772405,0.0,0.002,1.0796431131887552e-06,0.0,0.0,0.0,0.0,0.0
colorferet,arcface_antelopev2,webp,96,color,mean,{},1024,grid,webp_r96_color_mean_def_b1024,984.0,568.0,1.0,2000,0.856440544128418,0.0020890140265006343,0.004333333333333333,0.013,0.0003587291404313536,0.0003333333333333333,0.0013333333333333333,0.0,0.0,0.0,0.0,0.0,0.0
colorferet,cvlface_vit_b,webp,96,color,mean,{},1024,grid,webp_r96_color_mean_def_b1024,984.0,568.0,1.0,2000,0.8833621740341187,0.0013049239274202087,0.002,0.008333333333333333,0.0003607091659340772,0.0,0.0013333333333333333,0.0,0.0,0.0,0.0,0.0,0.0
colorferet,arcface_antelopev2,webp,96,color,none,{},1024,ours,webp_r96_color_none_def_b1024,1006.0,852.0,1.0,3976,0.8734612464904785,0.0004972568910192443,0.00033534540576794097,0.002850435949027498,0.00027127718800722475,0.00033534540576794097,0.0008383635144198525,7.508439485715002e-07,0.0,0.0,1.0011252647990077e-06,0.0,0.0
colorferet,cvlface_vit_b,webp,96,color,none,{},1024,ours,webp_r96_color_none_def_b1024,1006.0,852.0,1.0,3976,0.8785321712493896,0.0008651333018242192,0.001006036217303823,0.002012072434607646,0.00026802390707341214,0.0,0.001006036217303823,1.7519692133705078e-06,0.0,0.0,1.0011252647990077e-06,0.0,0.0
colorferet,edgeface_xs,webp,96,color,none,{},1024,ours,webp_r96_color_none_def_b1024,1006.0,852.0,1.0,3976,0.9284937977790833,0.004102932869838131,0.01006036217303823,0.022300469483568074,0.003294356605786488,0.00670690811535882,0.017940979208584843,0.00014716541392523208,0.0,0.0008964589870013447,6.407201694702547e-05,0.0,0.00044822949350067237
colorferet,lvface_l,webp,96,color,none,{},1024,ours,webp_r96_color_none_def_b1024,1006.0,852.0,1.0,3976,0.7216213941574097,0.0017340167807389268,0.0026827632461435278,0.005868544600938967,0.0008748913403245093,0.0008383635144198525,0.0038564721663313212,7.508439485715002e-07,0.0,0.0,1.5016878971985115e-06,0.0,0.0
colorferet,topofr_r100,webp,96,color,none,{},1024,ours,webp_r96_color_none_def_b1024,1006.0,852.0,1.0,3976,0.866839587688446,0.0005015129857723692,0.0006706908115358819,0.0021797451374916165,0.0002810370308086626,0.0,0.0008383635144198525,1.0011252647990077e-06,0.0,0.0,1.251406580971004e-06,0.0,0.0
colorferet,arcface_antelopev2,webp,96,color,none,"{""method"": 6, ""sns"": 50}",1024,ours,webp_r96_color_none_method6-sns50_b1024,1018.0,1018.0,0.6768108651911469,3976,0.8748612999916077,0.0006531659277643557,0.0005030181086519115,0.00335345405767941,0.000480988682048978,0.00033534540576794097,0.0008383635144198525,7.508439485715002e-07,0.0,0.0,7.508439485715002e-07,0.0,0.0
colorferet,cvlface_vit_b,webp,96,color,none,"{""method"": 6, ""sns"": 50}",1024,ours,webp_r96_color_none_method6-sns50_b1024,1018.0,1018.0,0.6768108651911469,3976,0.8797043561935425,0.0009339490975911262,0.0008383635144198525,0.0018443997317236754,0.00020896254120433315,0.0,0.001006036217303823,1.7519692133705078e-06,0.0,0.0,7.508439485715002e-07,0.0,0.0
colorferet,edgeface_xs,webp,96,color,none,"{""method"": 6, ""sns"": 50}",1024,ours,webp_r96_color_none_method6-sns50_b1024,1018.0,1018.0,0.6768108651911469,3976,0.9287382960319519,0.004634722784930627,0.008718980549966466,0.02079141515761234,0.004007581300335625,0.00670690811535882,0.01659959758551308,3.228628978974024e-05,0.0,0.0,2.3276162406549172e-05,0.0,0.0
colorferet,lvface_l,webp,96,color,none,"{""method"": 6, ""sns"": 50}",1024,ours,webp_r96_color_none_method6-sns50_b1024,1018.0,1018.0,0.6768108651911469,3976,0.7225366234779358,0.0016071370200186985,0.002012072434607646,0.006036217303822937,0.00084310928812484,0.0008383635144198525,0.0038564721663313212,2.2525318457700116e-06,0.0,0.0,1.0011252647990077e-06,0.0,0.0
colorferet,topofr_r100,webp,96,color,none,"{""method"": 6, ""sns"": 50}",1024,ours,webp_r96_color_none_method6-sns50_b1024,1018.0,1018.0,0.6768108651911469,3976,0.8684418797492981,0.0006026149471003787,0.00016767270288397049,0.002012072434607646,0.00019845194126432745,0.0,0.001006036217303823,1.5016878971985115e-06,0.0,0.0,1.251406580971004e-06,0.0,0.0
colorferet,arcface_antelopev2,webp,96,color,ofiq_landmarks,{},1024,grid,webp_r96_color_ofiq_landmarks_def_b1024,990.0,616.0,1.0,2000,0.8654129505157471,0.0019078416930010103,0.0033333333333333335,0.01633333333333333,0.0003696192806963611,0.0,0.002,0.0,0.0,0.0,0.0,0.0,0.0
colorferet,cvlface_vit_b,webp,96,color,ofiq_landmarks,{},1024,grid,webp_r96_color_ofiq_landmarks_def_b1024,990.0,616.0,1.0,2000,0.8771664500236511,0.0021424747150743375,0.0026666666666666666,0.007,0.0002300274827539878,0.0,0.0006666666666666666,0.0,0.0,0.0,0.0,0.0,0.0
colorferet,arcface_antelopev2,webp,96,color,rectangle_mean,{},1024,grid,webp_r96_color_rectangle_mean_def_b1024,996.0,674.0,1.0,2000,0.8836052417755127,0.001198949002463145,0.0013333333333333333,0.008,0.00045906495275658605,0.0006666666666666666,0.002,0.0,0.0,0.0,0.0,0.0,0.0
colorferet,cvlface_vit_b,webp,96,color,rectangle_mean,{},1024,grid,webp_r96_color_rectangle_mean_def_b1024,996.0,674.0,1.0,2000,0.8882143497467041,0.0015065420042610165,0.0026666666666666666,0.005,0.0002904182605871958,0.0,0.002,0.0,0.0,0.0,0.0,0.0,0.0
colorferet,arcface_antelopev2,webp,96,gray,mean,{},1024,grid,webp_r96_gray_mean_def_b1024,974.0,482.0,1.0,2000,0.857870876789093,0.0018375507876541288,0.005333333333333333,0.02,0.0005560862023902635,0.0,0.003,0.0,0.0,0.0,0.0,0.0,0.0
colorferet,cvlface_vit_b,webp,96,gray,mean,{},1024,grid,webp_r96_gray_mean_def_b1024,974.0,482.0,1.0,2000,0.8631976842880249,0.005395141809426478,0.008333333333333333,0.026,0.00033991889815539634,0.0,0.002,0.0,0.0,0.0,0.0,0.0,0.0
colorferet,arcface_antelopev2,webp,96,gray,none,{},1024,grid,webp_r96_gray_none_def_b1024,998.0,696.0,1.0,2000,0.8758140802383423,0.0011507829020837757,0.0013333333333333333,0.008666666666666666,0.000859374628745246,0.001,0.004,0.0,0.0,0.0,0.0,0.0,0.0
colorferet,cvlface_vit_b,webp,96,gray,none,{},1024,grid,webp_r96_gray_none_def_b1024,998.0,696.0,1.0,2000,0.8659353852272034,0.0028966070282985057,0.005,0.01633333333333333,0.00038149943371270257,0.0,0.0026666666666666666,0.0,0.0,0.0,0.0,0.0,0.0
colorferet,arcface_antelopev2,webp,96,gray,ofiq_landmarks,{},1024,grid,webp_r96_gray_ofiq_landmarks_def_b1024,980.0,530.0,1.0,2000,0.8670945763587952,0.0026589604074100737,0.006,0.018666666666666668,0.0008930350622916024,0.001,0.004,0.0,0.0,0.0,0.0,0.0,0.0
colorferet,cvlface_vit_b,webp,96,gray,ofiq_landmarks,{},1024,grid,webp_r96_gray_ofiq_landmarks_def_b1024,980.0,530.0,1.0,2000,0.8591832518577576,0.004507100371452759,0.008333333333333333,0.02266666666666667,0.00033298880889583605,0.0,0.002,1.0796431131887552e-06,0.0,0.0,0.0,0.0,0.0
colorferet,arcface_antelopev2,webp,96,gray,rectangle_mean,{},1024,grid,webp_r96_gray_rectangle_mean_def_b1024,986.0,586.0,1.0,2000,0.8855262994766235,0.0014755070845312757,0.002,0.008666666666666666,0.0007629988674254051,0.0006666666666666666,0.0036666666666666666,0.0,0.0,0.0,0.0,0.0,0.0
colorferet,cvlface_vit_b,webp,96,gray,rectangle_mean,{},1024,grid,webp_r96_gray_rectangle_mean_def_b1024,986.0,586.0,1.0,2000,0.8744344711303711,0.003900178994305464,0.006333333333333333,0.015333333333333332,0.00030427843910631636,0.0,0.0013333333333333333,0.0,0.0,0.0,0.0,0.0,0.0
kk,arcface_antelopev2,avif,112,color,none,{},1024,ours,avif_r112_color_none_def_b1024,998.0,1333.5,1.0,3150,0.8631872534751892,0.008307763736190757,0.027914614121510674,0.07746031746031747,0.005477764798870062,0.012567049808429119,0.03494252873563218,0.008307763736190757,0.027914614121510674,0.07746031746031747,0.005477764798870062,0.012567049808429119,0.03494252873563218
kk,cvlface_vit_b,avif,112,color,none,{},1024,ours,avif_r112_color_none_def_b1024,998.0,1333.5,1.0,3150,0.8754968047142029,0.009943343855999723,0.03157088122605364,0.08444444444444445,0.006388863379462416,0.014953475643130815,0.04258347016967707,0.009943343855999723,0.03157088122605364,0.08444444444444445,0.006388863379462416,0.014953475643130815,0.04258347016967707
kk,edgeface_xs,avif,112,color,none,{},1024,ours,avif_r112_color_none_def_b1024,998.0,1333.5,1.0,3150,0.9197060465812683,0.027616266413879723,0.1425287356321839,0.273847837985769,0.02108397597006305,0.0976464148877942,0.20891078270388616,0.027616266413879723,0.1425287356321839,0.273847837985769,0.02108397597006305,0.0976464148877942,0.20891078270388616
kk,lvface_l,avif,112,color,none,{},1024,ours,avif_r112_color_none_def_b1024,998.0,1333.5,1.0,3150,0.6945945024490356,0.009458673357574717,0.019551176792556104,0.03899288451012589,0.006780271762844011,0.011997810618500273,0.024389709906951287,0.009458673357574717,0.019551176792556104,0.03899288451012589,0.006780271762844011,0.011997810618500273,0.024389709906951287
kk,topofr_r100,avif,112,color,none,{},1024,ours,avif_r112_color_none_def_b1024,998.0,1333.5,1.0,3150,0.8640387654304504,0.006754246403084451,0.017449370552818828,0.05414340448823207,0.004849162394406619,0.009480021893814998,0.02981937602627258,0.006754246403084451,0.017449370552818828,0.05414340448823207,0.004849162394406619,0.009480021893814998,0.02981937602627258
kk,arcface_antelopev2,avif,168,color,rectangle_mean,"{""subsampling"": ""4:4:4"", ""speed"": 1}",1024,winner,avif_r168_color_rectangle_mean_speed1-subsampling4:4:4_b1024,1004.0,1865.0,1.0,3150,0.8701958060264587,0.007845491894447193,0.024980842911877396,0.07045429666119321,0.005384755104668769,0.011866447728516694,0.03310344827586207,0.007845491894447193,0.024980842911877396,0.07045429666119321,0.005384755104668769,0.011866447728516694,0.03310344827586207
kk,cvlface_vit_b,avif,168,color,rectangle_mean,"{""subsampling"": ""4:4:4"", ""speed"": 1}",1024,winner,avif_r168_color_rectangle_mean_speed1-subsampling4:4:4_b1024,1004.0,1865.0,1.0,3150,0.8828308582305908,0.0084102058128382,0.027016967706622878,0.07270935960591134,0.005865891711304577,0.01337712096332786,0.03752599890530925,0.0084102058128382,0.027016967706622878,0.07270935960591134,0.005865891711304577,0.01337712096332786,0.03752599890530925
kk,edgeface_xs,avif,168,color,rectangle_mean,"{""subsampling"": ""4:4:4"", ""speed"": 1}",1024,winner,avif_r168_color_rectangle_mean_speed1-subsampling4:4:4_b1024,1004.0,1865.0,1.0,3150,0.9265340566635132,0.025438278221072273,0.12617405582922825,0.2626600985221675,0.02018070243557539,0.09383689107827038,0.20008757525998905,0.025438278221072273,0.12617405582922825,0.2626600985221675,0.02018070243557539,0.09383689107827038,0.20008757525998905
kk,lvface_l,avif,168,color,rectangle_mean,"{""subsampling"": ""4:4:4"", ""speed"": 1}",1024,winner,avif_r168_color_rectangle_mean_speed1-subsampling4:4:4_b1024,1004.0,1865.0,1.0,3150,0.6954017877578735,0.00856331768048067,0.01751505199781062,0.03533661740558292,0.006653756894909503,0.0120415982484948,0.023579638752052545,0.00856331768048067,0.01751505199781062,0.03533661740558292,0.006653756894909503,0.0120415982484948,0.023579638752052545
kk,topofr_r100,avif,168,color,rectangle_mean,"{""subsampling"": ""4:4:4"", ""speed"": 1}",1024,winner,avif_r168_color_rectangle_mean_speed1-subsampling4:4:4_b1024,1004.0,1865.0,1.0,3150,0.8784470558166504,0.00650963936629317,0.015763546798029555,0.043459222769567596,0.004598976086064726,0.009020251778872468,0.024499178981937604,0.00650963936629317,0.015763546798029555,0.043459222769567596,0.004598976086064726,0.009020251778872468,0.024499178981937604
kk,arcface_antelopev2,avif,56,color,rectangle_mean,"{""subsampling"": ""4:2:0"", ""speed"": 1}",1024,annexE,avif_r56_color_rectangle_mean_speed1-subsampling4:2:0_b1024,1005.0,635.0,1.0,3150,0.8583875894546509,0.010028368894543237,0.035467980295566505,0.08967706622879036,0.006314027985891292,0.015128626163108921,0.04078817733990148,0.010028368894543237,0.035467980295566505,0.08967706622879036,0.006314027985891292,0.015128626163108921,0.04078817733990148
kk,cvlface_vit_b,avif,56,color,rectangle_mean,"{""subsampling"": ""4:2:0"", ""speed"": 1}",1024,annexE,avif_r56_color_rectangle_mean_speed1-subsampling4:2:0_b1024,1005.0,635.0,1.0,3150,0.8746642470359802,0.009292090374012777,0.03049808429118774,0.079168035030104,0.0062514016040292756,0.015172413793103448,0.03875205254515599,0.009292090374012777,0.03049808429118774,0.079168035030104,0.0062514016040292756,0.015172413793103448,0.03875205254515599
kk,edgeface_xs,avif,56,color,rectangle_mean,"{""subsampling"": ""4:2:0"", ""speed"": 1}",1024,annexE,avif_r56_color_rectangle_mean_speed1-subsampling4:2:0_b1024,1005.0,635.0,1.0,3150,0.9049906730651855,0.029451841879694983,0.15610290093048715,0.29893814997263274,0.02225078810449846,0.10603174603174603,0.22130268199233716,0.029451841879694983,0.15610290093048715,0.29893814997263274,0.02225078810449846,0.10603174603174603,0.22130268199233716
kk,lvface_l,avif,56,color,rectangle_mean,"{""subsampling"": ""4:2:0"", ""speed"": 1}",1024,annexE,avif_r56_color_rectangle_mean_speed1-subsampling4:2:0_b1024,1005.0,635.0,1.0,3150,0.6866961121559143,0.009549411264197288,0.021018062397372743,0.04361247947454844,0.007313499874238462,0.013048713738368911,0.02655719759168035,0.009549411264197288,0.021018062397372743,0.04361247947454844,0.007313499874238462,0.013048713738368911,0.02655719759168035
kk,topofr_r100,avif,56,color,rectangle_mean,"{""subsampling"": ""4:2:0"", ""speed"": 1}",1024,annexE,avif_r56_color_rectangle_mean_speed1-subsampling4:2:0_b1024,1005.0,635.0,1.0,3150,0.8611129522323608,0.007489036411587074,0.021477832512315272,0.054668856048166396,0.005215235882290673,0.010093048713738369,0.029140667761357417,0.007489036411587074,0.021477832512315272,0.054668856048166396,0.005215235882290673,0.010093048713738369,0.029140667761357417
kk,arcface_antelopev2,avif,56,gray,none,"{""subsampling"": ""4:0:0"", ""speed"": 1}",1024,annexF,avif_r56_gray_none_speed1-subsampling4:0:0_b1024,1003.0,644.0,1.0,3150,0.8609132170677185,0.009258425590726364,0.032402846195949644,0.08958949096880131,0.005935081035060866,0.014822112753147236,0.03925561029009305,0.009258425590726364,0.032402846195949644,0.08958949096880131,0.005935081035060866,0.014822112753147236,0.03925561029009305
kk,cvlface_vit_b,avif,56,gray,none,"{""subsampling"": ""4:0:0"", ""speed"": 1}",1024,annexF,avif_r56_gray_none_speed1-subsampling4:0:0_b1024,1003.0,644.0,1.0,3150,0.8729726076126099,0.009982814318654113,0.031899288451012586,0.07877394636015325,0.006488595625111123,0.01663929939792009,0.0421455938697318,0.009982814318654113,0.031899288451012586,0.07877394636015325,0.006488595625111123,0.01663929939792009,0.0421455938697318
kk,edgeface_xs,avif,56,gray,none,"{""subsampling"": ""4:0:0"", ""speed"": 1}",1024,annexF,avif_r56_gray_none_speed1-subsampling4:0:0_b1024,1003.0,644.0,1.0,3150,0.9147287607192993,0.028436534276560642,0.15172413793103448,0.29755883962780516,0.02225693901599747,0.10191570881226053,0.21409961685823756,0.028436534276560642,0.15172413793103448,0.29755883962780516,0.02225693901599747,0.10191570881226053,0.21409961685823756
kk,lvface_l,avif,56,gray,none,"{""subsampling"": ""4:0:0"", ""speed"": 1}",1024,annexF,avif_r56_gray_none_speed1-subsampling4:0:0_b1024,1003.0,644.0,1.0,3150,0.6774251461029053,0.009997042697099823,0.02154351395730706,0.04120415982484948,0.007240524237850914,0.014625068418171867,0.0275424192665572,0.009997042697099823,0.02154351395730706,0.04120415982484948,0.007240524237850914,0.014625068418171867,0.0275424192665572
kk,topofr_r100,avif,56,gray,none,"{""subsampling"": ""4:0:0"", ""speed"": 1}",1024,annexF,avif_r56_gray_none_speed1-subsampling4:0:0_b1024,1003.0,644.0,1.0,3150,0.8659791350364685,0.007610981691339383,0.02007662835249042,0.05372742200328407,0.005155890971375738,0.010618500273672688,0.026863711001642036,0.007610981691339383,0.02007662835249042,0.05372742200328407,0.005155890971375738,0.010618500273672688,0.026863711001642036
kk,arcface_antelopev2,heif,168,color,rectangle_mean,"{""chroma_downsampling"": ""average""}",1024,winner,heif_r168_color_rectangle_mean_chroma_downsamplingaverage_b1024,993.0,2841.0,1.0,3150,0.8387466073036194,0.010418169941583375,0.039386973180076626,0.11507389162561577,0.00626007672394913,0.01646414887794198,0.04490421455938697,0.010418169941583375,0.039386973180076626,0.11507389162561577,0.00626007672394913,0.01646414887794198,0.04490421455938697
kk,cvlface_vit_b,heif,168,color,rectangle_mean,"{""chroma_downsampling"": ""average""}",1024,winner,heif_r168_color_rectangle_mean_chroma_downsamplingaverage_b1024,993.0,2841.0,1.0,3150,0.8490628004074097,0.01103954495291528,0.04144499178981938,0.1020032840722496,0.0069272327189875225,0.0176464148877942,0.05042145593869732,0.01103954495291528,0.04144499178981938,0.1020032840722496,0.0069272327189875225,0.0176464148877942,0.05042145593869732
kk,edgeface_xs,heif,168,color,rectangle_mean,"{""chroma_downsampling"": ""average""}",1024,winner,heif_r168_color_rectangle_mean_chroma_downsamplingaverage_b1024,993.0,2841.0,1.0,3150,0.9017658829689026,0.029869847262784598,0.16514504652435688,0.31787629994526545,0.02214254034848304,0.10850574712643678,0.2334975369458128,0.029869847262784598,0.16514504652435688,0.31787629994526545,0.02214254034848304,0.10850574712643678,0.2334975369458128
kk,lvface_l,heif,168,color,rectangle_mean,"{""chroma_downsampling"": ""average""}",1024,winner,heif_r168_color_rectangle_mean_chroma_downsamplingaverage_b1024,993.0,2841.0,1.0,3150,0.666344940662384,0.011622685592778518,0.026185002736726876,0.05309250136836344,0.008212229833568568,0.016245210727969348,0.030804597701149426,0.011622685592778518,0.026185002736726876,0.05309250136836344,0.008212229833568568,0.016245210727969348,0.030804597701149426
kk,topofr_r100,heif,168,color,rectangle_mean,"{""chroma_downsampling"": ""average""}",1024,winner,heif_r168_color_rectangle_mean_chroma_downsamplingaverage_b1024,993.0,2841.0,1.0,3150,0.8467532992362976,0.008476273275200494,0.02633825944170772,0.0662287903667214,0.005482813215711797,0.012413793103448275,0.03292829775588396,0.008476273275200494,0.02633825944170772,0.0662287903667214,0.005482813215711797,0.012413793103448275,0.03292829775588396
kk,arcface_antelopev2,heif,96,color,none,{},1024,ours,heif_r96_color_none_def_b1024,991.0,1801.5,1.0,3150,0.8332721590995789,0.010546451755412484,0.04435686918445539,0.1174384236453202,0.006353086418150422,0.018303229337712095,0.049480021893815,0.010546451755412484,0.04435686918445539,0.1174384236453202,0.006353086418150422,0.018303229337712095,0.049480021893815
kk,cvlface_vit_b,heif,96,color,none,{},1024,ours,heif_r96_color_none_def_b1024,991.0,1801.5,1.0,3150,0.8425633907318115,0.012222857253375179,0.04591133004926108,0.11244663382594416,0.007556937618108244,0.020142309797482213,0.05431855500821018,0.012222857253375179,0.04591133004926108,0.11244663382594416,0.007556937618108244,0.020142309797482213,0.05431855500821018
kk,edgeface_xs,heif,96,color,none,{},1024,ours,heif_r96_color_none_def_b1024,991.0,1801.5,1.0,3150,0.8958708643913269,0.03183294727990267,0.17423097974822113,0.3370771756978653,0.023172488360458408,0.11476737821565408,0.24472906403940886,0.03183294727990267,0.17423097974822113,0.3370771756978653,0.023172488360458408,0.11476737821565408,0.24472906403940886
kk,lvface_l,heif,96,color,none,{},1024,ours,heif_r96_color_none_def_b1024,991.0,1801.5,1.0,3150,0.6761606335639954,0.011143408743326285,0.02509031198686371,0.05173508483853311,0.007898088240890016,0.015041050903119869,0.030738916256157635,0.011143408743326285,0.02509031198686371,0.05173508483853311,0.007898088240890016,0.015041050903119869,0.030738916256157635
kk,topofr_r100,heif,96,color,none,{},1024,ours,heif_r96_color_none_def_b1024,991.0,1801.5,1.0,3150,0.8417454361915588,0.0089585791747578,0.028199233716475095,0.0795183360700602,0.005876586197961092,0.013136288998357963,0.03783251231527093,0.0089585791747578,0.028199233716475095,0.0795183360700602,0.005876586197961092,0.013136288998357963,0.03783251231527093
kk,arcface_antelopev2,heif,96,color,rectangle_mean,"{""chroma_downsampling"": ""average""}",1024,annexE,heif_r96_color_rectangle_mean_chroma_downsamplingaverage_b1024,993.0,1550.0,1.0,3150,0.8584644794464111,0.008961289005756481,0.029885057471264367,0.08556102900930487,0.0058952653402754955,0.013924466338259441,0.03673782156540777,0.008961289005756481,0.029885057471264367,0.08556102900930487,0.0058952653402754955,0.013924466338259441,0.03673782156540777
kk,cvlface_vit_b,heif,96,color,rectangle_mean,"{""chroma_downsampling"": ""average""}",1024,annexE,heif_r96_color_rectangle_mean_chroma_downsamplingaverage_b1024,993.0,1550.0,1.0,3150,0.8643994331359863,0.009871882744664655,0.03321291735084839,0.08591133004926109,0.006552829343314597,0.016486042692939244,0.04352490421455939,0.009871882744664655,0.03321291735084839,0.08591133004926109,0.006552829343314597,0.016486042692939244,0.04352490421455939
kk,edgeface_xs,heif,96,color,rectangle_mean,"{""chroma_downsampling"": ""average""}",1024,annexE,heif_r96_color_rectangle_mean_chroma_downsamplingaverage_b1024,993.0,1550.0,1.0,3150,0.9124550223350525,0.02802653956215362,0.14535303776683087,0.2894362342638205,0.021936739323108828,0.10093048713738369,0.2068089764641489,0.02802653956215362,0.14535303776683087,0.2894362342638205,0.021936739323108828,0.10093048713738369,0.2068089764641489
kk,lvface_l,heif,96,color,rectangle_mean,"{""chroma_downsampling"": ""average""}",1024,annexE,heif_r96_color_rectangle_mean_chroma_downsamplingaverage_b1024,993.0,1550.0,1.0,3150,0.6866094470024109,0.010047872097648049,0.019989053092501367,0.04133552271483306,0.0075098017189023595,0.013399014778325124,0.025659551176792555,0.010047872097648049,0.019989053092501367,0.04133552271483306,0.0075098017189023595,0.013399014778325124,0.025659551176792555
kk,topofr_r100,heif,96,color,rectangle_mean,"{""chroma_downsampling"": ""average""}",1024,annexE,heif_r96_color_rectangle_mean_chroma_downsamplingaverage_b1024,993.0,1550.0,1.0,3150,0.8645069003105164,0.0073982724919398595,0.020142309797482213,0.05381499726327312,0.005281050923810907,0.011384783798576902,0.028527640941434045,0.0073982724919398595,0.020142309797482213,0.05381499726327312,0.005281050923810907,0.011384783798576902,0.028527640941434045
kk,arcface_antelopev2,jpeg2000,224,color,none,{},1024,ours,jpeg2000_r224_color_none_def_b1024,1009.0,1515.0,1.0,3150,0.5804721117019653,0.06804704623136469,0.44654625068418174,0.6799562123700055,0.030667649670519798,0.15763546798029557,0.3259113300492611,0.06804704623136469,0.44654625068418174,0.6799562123700055,0.030667649670519798,0.15763546798029557,0.3259113300492611
kk,cvlface_vit_b,jpeg2000,224,color,none,{},1024,ours,jpeg2000_r224_color_none_def_b1024,1009.0,1515.0,1.0,3150,0.6205394864082336,0.06499499852348731,0.365320197044335,0.5677941981390258,0.0275351204992565,0.12617405582922825,0.25070607553366175,0.06499499852348731,0.365320197044335,0.5677941981390258,0.0275351204992565,0.12617405582922825,0.25070607553366175
kk,edgeface_xs,jpeg2000,224,color,none,{},1024,ours,jpeg2000_r224_color_none_def_b1024,1009.0,1515.0,1.0,3150,0.6632891297340393,0.10969177408249084,0.6350082101806239,0.8234263820470717,0.05950224808364522,0.3507827038861522,0.5525123152709359,0.10969177408249084,0.6350082101806239,0.8234263820470717,0.05950224808364522,0.3507827038861522,0.5525123152709359
kk,lvface_l,jpeg2000,224,color,none,{},1024,ours,jpeg2000_r224_color_none_def_b1024,1009.0,1515.0,1.0,3150,0.46473172307014465,0.08097157433687983,0.2768691844553913,0.44683087027914614,0.039089307232540754,0.11174603174603175,0.1990366721401204,0.08097157433687983,0.2768691844553913,0.44683087027914614,0.039089307232540754,0.11174603174603175,0.1990366721401204
kk,topofr_r100,jpeg2000,224,color,none,{},1024,ours,jpeg2000_r224_color_none_def_b1024,1009.0,1515.0,1.0,3150,0.5590182542800903,0.07079826385292981,0.38298850574712645,0.5891406677613574,0.03184591355413802,0.13659551176792556,0.25729611384783796,0.07079826385292981,0.38298850574712645,0.5891406677613574,0.03184591355413802,0.13659551176792556,0.25729611384783796
kk,arcface_antelopev2,jpeg2000,224,gray,mean,"{""num_resolutions"": 7}",1024,winner,jpeg2000_r224_gray_mean_num_resolutions7_b1024,1005.0,513.0,1.0,3150,0.8472114205360413,0.009502208566727182,0.035161466885604814,0.09355227148330597,0.006013197899579071,0.014712643678160919,0.040897646414887794,0.009502208566727182,0.035161466885604814,0.09355227148330597,0.006013197899579071,0.014712643678160919,0.040897646414887794
kk,cvlface_vit_b,jpeg2000,224,gray,mean,"{""num_resolutions"": 7}",1024,winner,jpeg2000_r224_gray_mean_num_resolutions7_b1024,1005.0,513.0,1.0,3150,0.854095995426178,0.011460579386109856,0.039978106185002735,0.09834701696770662,0.006854190284335697,0.01797482211275315,0.04831964969896004,0.011460579386109856,0.039978106185002735,0.09834701696770662,0.006854190284335697,0.01797482211275315,0.04831964969896004
kk,edgeface_xs,jpeg2000,224,gray,mean,"{""num_resolutions"": 7}",1024,winner,jpeg2000_r224_gray_mean_num_resolutions7_b1024,1005.0,513.0,1.0,3150,0.9080082774162292,0.028752695235975914,0.1525561029009305,0.2946250684181719,0.02134710253961554,0.10392993979200876,0.22213464696223317,0.028752695235975914,0.1525561029009305,0.2946250684181719,0.02134710253961554,0.10392993979200876,0.22213464696223317
kk,lvface_l,jpeg2000,224,gray,mean,"{""num_resolutions"": 7}",1024,winner,jpeg2000_r224_gray_mean_num_resolutions7_b1024,1005.0,513.0,1.0,3150,0.6736046075820923,0.011188432464506532,0.025068418171866447,0.0462616310892173,0.00817654568354555,0.01685823754789272,0.028659003831417625,0.011188432464506532,0.025068418171866447,0.0462616310892173,0.00817654568354555,0.01685823754789272,0.028659003831417625
kk,topofr_r100,jpeg2000,224,gray,mean,"{""num_resolutions"": 7}",1024,winner,jpeg2000_r224_gray_mean_num_resolutions7_b1024,1005.0,513.0,1.0,3150,0.8556143045425415,0.008363069913632315,0.023908045977011495,0.07229337712096333,0.005178794469741359,0.011778872468527641,0.03459222769567597,0.008363069913632315,0.023908045977011495,0.07229337712096333,0.005178794469741359,0.011778872468527641,0.03459222769567597
kk,arcface_antelopev2,jpeg2000,56,color,rectangle_mean,"{""num_resolutions"": 3}",1024,annexE,jpeg2000_r56_color_rectangle_mean_num_resolutions3_b1024,1007.5,226.0,1.0,3150,0.6392715573310852,0.047674080684598726,0.31233716475095785,0.526064586754242,0.019806046639060403,0.091975916803503,0.2137055281882868,0.047674080684598726,0.31233716475095785,0.526064586754242,0.019806046639060403,0.091975916803503,0.2137055281882868
kk,cvlface_vit_b,jpeg2000,56,color,rectangle_mean,"{""num_resolutions"": 3}",1024,annexE,jpeg2000_r56_color_rectangle_mean_num_resolutions3_b1024,1007.5,226.0,1.0,3150,0.6649460792541504,0.04644312764324876,0.25845648604269295,0.44860426929392444,0.019943003572809363,0.07870826491516146,0.17617952928297756,0.04644312764324876,0.25845648604269295,0.44860426929392444,0.019943003572809363,0.07870826491516146,0.17617952928297756
kk,edgeface_xs,jpeg2000,56,color,rectangle_mean,"{""num_resolutions"": 3}",1024,annexE,jpeg2000_r56_color_rectangle_mean_num_resolutions3_b1024,1007.5,226.0,1.0,3150,0.7190874814987183,0.08217987630070624,0.5125779967159277,0.7215325670498084,0.04477994084036348,0.2637985769020252,0.4772632731253421,0.08217987630070624,0.5125779967159277,0.7215325670498084,0.04477994084036348,0.2637985769020252,0.4772632731253421
kk,lvface_l,jpeg2000,56,color,rectangle_mean,"{""num_resolutions"": 3}",1024,annexE,jpeg2000_r56_color_rectangle_mean_num_resolutions3_b1024,1007.5,226.0,1.0,3150,0.5268470048904419,0.051070241267098686,0.17048713738368912,0.2887575259989053,0.02379831413565895,0.06629447181171319,0.12742200328407224,0.051070241267098686,0.17048713738368912,0.2887575259989053,0.02379831413565895,0.06629447181171319,0.12742200328407224
kk,topofr_r100,jpeg2000,56,color,rectangle_mean,"{""num_resolutions"": 3}",1024,annexE,jpeg2000_r56_color_rectangle_mean_num_resolutions3_b1024,1007.5,226.0,1.0,3150,0.6263447999954224,0.04626493330095087,0.25512862616310894,0.4407006020799124,0.018473820813984496,0.07533661740558292,0.1770990695128626,0.04626493330095087,0.25512862616310894,0.4407006020799124,0.018473820813984496,0.07533661740558292,0.1770990695128626
kk,arcface_antelopev2,jpeg2000,56,gray,rectangle_mean,"{""num_resolutions"": 5}",1024,annexF,jpeg2000_r56_gray_rectangle_mean_num_resolutions5_b1024,1004.0,246.0,1.0,3150,0.831408679485321,0.011076238786306657,0.04291187739463601,0.11877394636015326,0.006360154201728818,0.017449370552818828,0.04941434044882321,0.011076238786306657,0.04291187739463601,0.11877394636015326,0.006360154201728818,0.017449370552818828,0.04941434044882321
kk,cvlface_vit_b,jpeg2000,56,gray,rectangle_mean,"{""num_resolutions"": 5}",1024,annexF,jpeg2000_r56_gray_rectangle_mean_num_resolutions5_b1024,1004.0,246.0,1.0,3150,0.836557924747467,0.01150645318110532,0.04282430213464696,0.1095128626163109,0.007250554273270107,0.01839080459770115,0.04849480021893815,0.01150645318110532,0.04282430213464696,0.1095128626163109,0.007250554273270107,0.01839080459770115,0.04849480021893815
kk,edgeface_xs,jpeg2000,56,gray,rectangle_mean,"{""num_resolutions"": 5}",1024,annexF,jpeg2000_r56_gray_rectangle_mean_num_resolutions5_b1024,1004.0,246.0,1.0,3150,0.8831372261047363,0.03353746430262586,0.18220032840722497,0.33571975916803504,0.0241106887824429,0.11752599890530925,0.24175150519978106,0.03353746430262586,0.18220032840722497,0.33571975916803504,0.0241106887824429,0.11752599890530925,0.24175150519978106
kk,lvface_l,jpeg2000,56,gray,rectangle_mean,"{""num_resolutions"": 5}",1024,annexF,jpeg2000_r56_gray_rectangle_mean_num_resolutions5_b1024,1004.0,246.0,1.0,3150,0.6574480533599854,0.01155115768317923,0.025790914066776135,0.05547892720306513,0.008554828183138656,0.016267104542966614,0.03238095238095238,0.01155115768317923,0.025790914066776135,0.05547892720306513,0.008554828183138656,0.016267104542966614,0.03238095238095238
kk,topofr_r100,jpeg2000,56,gray,rectangle_mean,"{""num_resolutions"": 5}",1024,annexF,jpeg2000_r56_gray_rectangle_mean_num_resolutions5_b1024,1004.0,246.0,1.0,3150,0.8315821886062622,0.009364149138320944,0.02909688013136289,0.07673782156540777,0.005711862971582669,0.012348111658456486,0.0386863711001642,0.009364149138320944,0.02909688013136289,0.07673782156540777,0.005711862971582669,0.012348111658456486,0.0386863711001642
kk,arcface_antelopev2,jpeg,96,color,none,{},1024,ours,jpeg_r96_color_none_def_b1024,1001.0,1616.5,1.0,3150,0.8303909301757812,0.011423035478903262,0.04540777230432403,0.1229775588396278,0.007148524227017923,0.01799671592775041,0.05215106732348112,0.011423035478903262,0.04540777230432403,0.1229775588396278,0.007148524227017923,0.01799671592775041,0.05215106732348112
kk,cvlface_vit_b,jpeg,96,color,none,{},1024,ours,jpeg_r96_color_none_def_b1024,1001.0,1616.5,1.0,3150,0.8391759395599365,0.0129880713594566,0.05004926108374384,0.12144499178981938,0.007772263837217527,0.021105637657361797,0.056420361247947456,0.0129880713594566,0.05004926108374384,0.12144499178981938,0.007772263837217527,0.021105637657361797,0.056420361247947456
kk,edgeface_xs,jpeg,96,color,none,{},1024,ours,jpeg_r96_color_none_def_b1024,1001.0,1616.5,1.0,3150,0.8853819370269775,0.032876618828639625,0.18255062944718117,0.3526217843459223,0.02418416926051463,0.12035030103995621,0.24433497536945814,0.032876618828639625,0.18255062944718117,0.3526217843459223,0.02418416926051463,0.12035030103995621,0.24433497536945814
kk,lvface_l,jpeg,96,color,none,{},1024,ours,jpeg_r96_color_none_def_b1024,1001.0,1616.5,1.0,3150,0.671858549118042,0.012431089675881368,0.027520525451559936,0.05987958401751505,0.008674687297890027,0.016442255062944718,0.03351943076081007,0.012431089675881368,0.027520525451559936,0.05987958401751505,0.008674687297890027,0.016442255062944718,0.03351943076081007
kk,topofr_r100,jpeg,96,color,none,{},1024,ours,jpeg_r96_color_none_def_b1024,1001.0,1616.5,1.0,3150,0.840465784072876,0.009959179570786948,0.03003831417624521,0.07936507936507936,0.0066778296861966235,0.014077723043240285,0.036299945265462506,0.009959179570786948,0.03003831417624521,0.07936507936507936,0.0066778296861966235,0.014077723043240285,0.036299945265462506
kk,arcface_antelopev2,jpeg,96,color,rectangle_mean,"{""smooth"": 30, ""arithmetic"": true}",1024,winner,jpeg_r96_color_rectangle_mean_arithmeticTrue-smooth30_b1024,1009.0,1282.5,1.0,3150,0.8716421723365784,0.008269555377746842,0.026097427476737822,0.07540229885057471,0.005531556451259084,0.012523262178434592,0.035643130815544606,0.008269555377746842,0.026097427476737822,0.07540229885057471,0.005531556451259084,0.012523262178434592,0.035643130815544606
kk,cvlface_vit_b,jpeg,96,color,rectangle_mean,"{""smooth"": 30, ""arithmetic"": true}",1024,winner,jpeg_r96_color_rectangle_mean_arithmeticTrue-smooth30_b1024,1009.0,1282.5,1.0,3150,0.8824511766433716,0.00916213442557799,0.029512862616310892,0.07901477832512316,0.0061094890647274995,0.014428024083196498,0.040372194854953476,0.00916213442557799,0.029512862616310892,0.07901477832512316,0.0061094890647274995,0.014428024083196498,0.040372194854953476
kk,edgeface_xs,jpeg,96,color,rectangle_mean,"{""smooth"": 30, ""arithmetic"": true}",1024,winner,jpeg_r96_color_rectangle_mean_arithmeticTrue-smooth30_b1024,1009.0,1282.5,1.0,3150,0.9206488728523254,0.02643001787460373,0.13434044882320745,0.2787082649151615,0.020569586610536143,0.09644225506294472,0.20952380952380953,0.02643001787460373,0.13434044882320745,0.2787082649151615,0.020569586610536143,0.09644225506294472,0.20952380952380953
kk,lvface_l,jpeg,96,color,rectangle_mean,"{""smooth"": 30, ""arithmetic"": true}",1024,winner,jpeg_r96_color_rectangle_mean_arithmeticTrue-smooth30_b1024,1009.0,1282.5,1.0,3150,0.6981397271156311,0.009255808571016603,0.01867542419266557,0.03818281335522715,0.0066784941374339445,0.011450465243568691,0.024324028461959496,0.009255808571016603,0.01867542419266557,0.03818281335522715,0.0066784941374339445,0.011450465243568691,0.024324028461959496
kk,topofr_r100,jpeg,96,color,rectangle_mean,"{""smooth"": 30, ""arithmetic"": true}",1024,winner,jpeg_r96_color_rectangle_mean_arithmeticTrue-smooth30_b1024,1009.0,1282.5,1.0,3150,0.8780404925346375,0.00696342171069472,0.01753694581280788,0.05066228790366721,0.004746375085628194,0.009808429118773946,0.027717569786535303,0.00696342171069472,0.01753694581280788,0.05066228790366721,0.004746375085628194,0.009808429118773946,0.027717569786535303
kk,arcface_antelopev2,jpeg,96,gray,rectangle_mean,"{""smooth"": 30, ""arithmetic"": true}",1024,annexE,jpeg_r96_gray_rectangle_mean_arithmeticTrue-smooth30_b1024,1012.0,1079.5,1.0,3150,0.889507532119751,0.006879432368544318,0.018237547892720307,0.051362889983579636,0.005036351075730705,0.010355774493705528,0.028790366721401204,0.006879432368544318,0.018237547892720307,0.051362889983579636,0.005036351075730705,0.010355774493705528,0.028790366721401204
kk,cvlface_vit_b,jpeg,96,gray,rectangle_mean,"{""smooth"": 30, ""arithmetic"": true}",1024,annexE,jpeg_r96_gray_rectangle_mean_arithmeticTrue-smooth30_b1024,1012.0,1079.5,1.0,3150,0.8927509784698486,0.007931088572939053,0.023229337712096332,0.06353585112205802,0.006140974871723999,0.013508483853311439,0.036628352490421456,0.007931088572939053,0.023229337712096332,0.06353585112205802,0.006140974871723999,0.013508483853311439,0.036628352490421456
kk,edgeface_xs,jpeg,96,gray,rectangle_mean,"{""smooth"": 30, ""arithmetic"": true}",1024,annexE,jpeg_r96_gray_rectangle_mean_arithmeticTrue-smooth30_b1024,1012.0,1079.5,1.0,3150,0.9365063905715942,0.023316260656943703,0.11426382047071702,0.2344608648056924,0.01958686730905558,0.08796934865900383,0.1930815544608648,0.023316260656943703,0.11426382047071702,0.2344608648056924,0.01958686730905558,0.08796934865900383,0.1930815544608648
kk,lvface_l,jpeg,96,gray,rectangle_mean,"{""smooth"": 30, ""arithmetic"": true}",1024,annexE,jpeg_r96_gray_rectangle_mean_arithmeticTrue-smooth30_b1024,1012.0,1079.5,1.0,3150,0.6814192533493042,0.008817104678875982,0.017164750957854406,0.033891625615763546,0.0074036661409125765,0.012742200328407225,0.02362342638204707,0.008817104678875982,0.017164750957854406,0.033891625615763546,0.0074036661409125765,0.012742200328407225,0.02362342638204707
kk,topofr_r100,jpeg,96,gray,rectangle_mean,"{""smooth"": 30, ""arithmetic"": true}",1024,annexE,jpeg_r96_gray_rectangle_mean_arithmeticTrue-smooth30_b1024,1012.0,1079.5,1.0,3150,0.8941255211830139,0.006307557855285995,0.014099616858237548,0.038379857690202517,0.0048331670700662525,0.008932676518883416,0.02320744389709907,0.006307557855285995,0.014099616858237548,0.038379857690202517,0.0048331670700662525,0.008932676518883416,0.02320744389709907
kk,arcface_antelopev2,jpeg_xl,112,color,none,{},1024,ours,jpeg_xl_r112_color_none_def_b1024,996.0,1382.0,1.0,3150,0.8283012509346008,0.012255007511609056,0.05105637657361795,0.129064039408867,0.007458627086223154,0.02005473453749316,0.05355227148330596,0.012255007511609056,0.05105637657361795,0.129064039408867,0.007458627086223154,0.02005473453749316,0.05355227148330596
kk,cvlface_vit_b,jpeg_xl,112,color,none,{},1024,ours,jpeg_xl_r112_color_none_def_b1024,996.0,1382.0,1.0,3150,0.8504006862640381,0.013056250999844532,0.050290093048713735,0.12282430213464696,0.007726297230933142,0.021893814997263273,0.056442255062944716,0.013056250999844532,0.050290093048713735,0.12282430213464696,0.007726297230933142,0.021893814997263273,0.056442255062944716
kk,edgeface_xs,jpeg_xl,112,color,none,{},1024,ours,jpeg_xl_r112_color_none_def_b1024,996.0,1382.0,1.0,3150,0.8942907452583313,0.032601283247378085,0.18051450465243568,0.34090859332238643,0.023642013608358263,0.11645320197044334,0.2415544608648057,0.032601283247378085,0.18051450465243568,0.34090859332238643,0.023642013608358263,0.11645320197044334,0.2415544608648057
kk,lvface_l,jpeg_xl,112,color,none,{},1024,ours,jpeg_xl_r112_color_none_def_b1024,996.0,1382.0,1.0,3150,0.6575999855995178,0.013566349205055998,0.031330049261083744,0.060032840722495893,0.009485615589413715,0.020623973727422005,0.039233716475095784,0.013566349205055998,0.031330049261083744,0.060032840722495893,0.009485615589413715,0.020623973727422005,0.039233716475095784
kk,topofr_r100,jpeg_xl,112,color,none,{},1024,ours,jpeg_xl_r112_color_none_def_b1024,996.0,1382.0,1.0,3150,0.8363290429115295,0.011260491228814699,0.03601532567049808,0.08831964969896004,0.007082204343813512,0.016551724137931035,0.04043787629994527,0.011260491228814699,0.03601532567049808,0.08831964969896004,0.007082204343813512,0.016551724137931035,0.04043787629994527
kk,arcface_antelopev2,jpeg_xl,56,gray,ofiq_landmarks,"{""effort"": 10}",1024,annexF,jpeg_xl_r56_gray_ofiq_landmarks_effort10_b1024,973.0,393.0,1.0,3150,0.7406665682792664,0.02465874292525622,0.1367487684729064,0.28825396825396826,0.01089138869082557,0.04006568144499179,0.10489326765188835,0.02465874292525622,0.1367487684729064,0.28825396825396826,0.01089138869082557,0.04006568144499179,0.10489326765188835
kk,cvlface_vit_b,jpeg_xl,56,gray,ofiq_landmarks,"{""effort"": 10}",1024,annexF,jpeg_xl_r56_gray_ofiq_landmarks_effort10_b1024,973.0,393.0,1.0,3150,0.7468023300170898,0.025935157731206332,0.12608648056923918,0.258544061302682,0.011957870926639172,0.040700602079912426,0.09917898193760263,0.025935157731206332,0.12608648056923918,0.258544061302682,0.011957870926639172,0.040700602079912426,0.09917898193760263
kk,edgeface_xs,jpeg_xl,56,gray,ofiq_landmarks,"{""effort"": 10}",1024,annexF,jpeg_xl_r56_gray_ofiq_landmarks_effort10_b1024,973.0,393.0,1.0,3150,0.7909424901008606,0.055951049078054996,0.34734537493158185,0.5373836891078271,0.03401768403718223,0.19708812260536399,0.37655172413793103,0.055951049078054996,0.34734537493158185,0.5373836891078271,0.03401768403718223,0.19708812260536399,0.37655172413793103
kk,lvface_l,jpeg_xl,56,gray,ofiq_landmarks,"{""effort"": 10}",1024,annexF,jpeg_xl_r56_gray_ofiq_landmarks_effort10_b1024,973.0,393.0,1.0,3150,0.588884174823761,0.025420423139548388,0.07599343185550082,0.14966611932129173,0.01495924884352148,0.03625615763546798,0.06732348111658457,0.025420423139548388,0.07599343185550082,0.14966611932129173,0.01495924884352148,0.03625615763546798,0.06732348111658457
kk,topofr_r100,jpeg_xl,56,gray,ofiq_landmarks,"{""effort"": 10}",1024,annexF,jpeg_xl_r56_gray_ofiq_landmarks_effort10_b1024,973.0,393.0,1.0,3150,0.7309268116950989,0.020801825026065177,0.10222222222222223,0.2165079365079365,0.009706561865313134,0.03242474001094691,0.08466338259441708,0.020801825026065177,0.10222222222222223,0.2165079365079365,0.009706561865313134,0.03242474001094691,0.08466338259441708
kk,arcface_antelopev2,jpeg_xl,64,color,rectangle_mean,"{""effort"": 10}",1024,annexE,jpeg_xl_r64_color_rectangle_mean_effort10_b1024,992.0,540.0,1.0,3150,0.843953013420105,0.010678267461030844,0.039474548440065683,0.10191570881226053,0.006458809965744946,0.01631089217296114,0.0432183908045977,0.010678267461030844,0.039474548440065683,0.10191570881226053,0.006458809965744946,0.01631089217296114,0.0432183908045977
kk,cvlface_vit_b,jpeg_xl,64,color,rectangle_mean,"{""effort"": 10}",1024,annexE,jpeg_xl_r64_color_rectangle_mean_effort10_b1024,992.0,540.0,1.0,3150,0.8519854545593262,0.010976666150211147,0.03978106185002737,0.10233169129720854,0.006735660072059023,0.01753694581280788,0.04888888888888889,0.010976666150211147,0.03978106185002737,0.10233169129720854,0.006735660072059023,0.01753694581280788,0.04888888888888889
kk,edgeface_xs,jpeg_xl,64,color,rectangle_mean,"{""effort"": 10}",1024,annexE,jpeg_xl_r64_color_rectangle_mean_effort10_b1024,992.0,540.0,1.0,3150,0.8959722518920898,0.03121671349670147,0.16588943623426383,0.3281007115489874,0.022829982822177297,0.10990695128626163,0.23235905856595512,0.03121671349670147,0.16588943623426383,0.3281007115489874,0.022829982822177297,0.10990695128626163,0.23235905856595512
kk,lvface_l,jpeg_xl,64,color,rectangle_mean,"{""effort"": 10}",1024,annexE,jpeg_xl_r64_color_rectangle_mean_effort10_b1024,992.0,540.0,1.0,3150,0.6804669499397278,0.010772286838600495,0.025462506841817188,0.050465243568691844,0.007829151337975845,0.015303776683087028,0.02990695128626163,0.010772286838600495,0.025462506841817188,0.050465243568691844,0.007829151337975845,0.015303776683087028,0.02990695128626163
kk,topofr_r100,jpeg_xl,64,color,rectangle_mean,"{""effort"": 10}",1024,annexE,jpeg_xl_r64_color_rectangle_mean_effort10_b1024,992.0,540.0,1.0,3150,0.8469581007957458,0.008313662226847653,0.025812807881773397,0.0662287903667214,0.00583541558767638,0.01110016420361248,0.03196496989600438,0.008313662226847653,0.025812807881773397,0.0662287903667214,0.00583541558767638,0.01110016420361248,0.03196496989600438
kk,arcface_antelopev2,jpeg_xl,80,color,none,{},1024,winner,jpeg_xl_r80_color_none_def_b1024,1001.0,901.0,1.0,3150,0.8256133198738098,0.01245172138666821,0.05399014778325123,0.13974822112753146,0.006986603642927157,0.020361247947454843,0.0552599890530925,0.01245172138666821,0.05399014778325123,0.13974822112753146,0.006986603642927157,0.020361247947454843,0.0552599890530925
kk,cvlface_vit_b,jpeg_xl,80,color,none,{},1024,winner,jpeg_xl_r80_color_none_def_b1024,1001.0,901.0,1.0,3150,0.8393098711967468,0.014170373976548196,0.052939244663382595,0.12133552271483306,0.008527381109615532,0.023119868637110016,0.0572304324028462,0.014170373976548196,0.052939244663382595,0.12133552271483306,0.008527381109615532,0.023119868637110016,0.0572304324028462
kk,edgeface_xs,jpeg_xl,80,color,none,{},1024,winner,jpeg_xl_r80_color_none_def_b1024,1001.0,901.0,1.0,3150,0.8904421925544739,0.032837055554696314,0.1825287356321839,0.3601751505199781,0.023826266050866247,0.11689107827038861,0.2467870826491516,0.032837055554696314,0.1825287356321839,0.3601751505199781,0.023826266050866247,0.11689107827038861,0.2467870826491516
kk,lvface_l,jpeg_xl,80,color,none,{},1024,winner,jpeg_xl_r80_color_none_def_b1024,1001.0,901.0,1.0,3150,0.6733254194259644,0.012830827947051834,0.029666119321291734,0.0587192118226601,0.008552782803377242,0.017887246852764094,0.035489874110563764,0.012830827947051834,0.029666119321291734,0.0587192118226601,0.008552782803377242,0.017887246852764094,0.035489874110563764
kk,topofr_r100,jpeg_xl,80,color,none,{},1024,winner,jpeg_xl_r80_color_none_def_b1024,1001.0,901.0,1.0,3150,0.8321405053138733,0.010623306515720323,0.03619047619047619,0.08991789819376027,0.0069752186920085685,0.016420361247947456,0.0410727969348659,0.010623306515720323,0.03619047619047619,0.08991789819376027,0.0069752186920085685,0.016420361247947456,0.0410727969348659
kk,arcface_antelopev2,none,112,color,none,{},1024,baseline,none_r112_color_none_def_b1024,0.0,0.0,1.0,3150,1.0,0.0037139028652319874,0.005823754789272031,0.012742200328407225,0.0037139028652319874,0.005823754789272031,0.012742200328407225,0.0037139028652319874,0.005823754789272031,0.012742200328407225,0.0037139028652319874,0.005823754789272031,0.012742200328407225
kk,cvlface_vit_b,none,112,color,none,{},1024,baseline,none_r112_color_none_def_b1024,0.0,0.0,1.0,3150,1.0,0.004263816765228825,0.006940339354132458,0.017405582922824302,0.004263816765228825,0.006940339354132458,0.017405582922824302,0.004263816765228825,0.006940339354132458,0.017405582922824302,0.004263816765228825,0.006940339354132458,0.017405582922824302
kk,edgeface_xs,none,112,color,none,{},1024,baseline,none_r112_color_none_def_b1024,0.0,0.0,1.0,3150,1.0,0.01582548331248673,0.06428024083196497,0.1469950738916256,0.01582548331248673,0.06428024083196497,0.1469950738916256,0.01582548331248673,0.06428024083196497,0.1469950738916256,0.01582548331248673,0.06428024083196497,0.1469950738916256
kk,lvface_l,none,112,color,none,{},1024,baseline,none_r112_color_none_def_b1024,0.0,0.0,1.0,3150,1.0,0.0050123971087572584,0.007750410509031198,0.013267651888341543,0.0050123971087572584,0.007750410509031198,0.013267651888341543,0.0050123971087572584,0.007750410509031198,0.013267651888341543,0.0050123971087572584,0.007750410509031198,0.013267651888341543
kk,topofr_r100,none,112,color,none,{},1024,baseline,none_r112_color_none_def_b1024,0.0,0.0,1.0,3150,1.0,0.003508354260699781,0.0042474001094690746,0.009282977558839629,0.003508354260699781,0.0042474001094690746,0.009282977558839629,0.003508354260699781,0.0042474001094690746,0.009282977558839629,0.003508354260699781,0.0042474001094690746,0.009282977558839629
kk,arcface_antelopev2,none,168,color,none,{},1024,baseline,none_r168_color_none_def_b1024,0.0,0.0,1.0,3150,0.992650032043457,0.0035873211990332023,0.005539135194307608,0.011494252873563218,0.0036868010238398476,0.005561029009304871,0.01210727969348659,0.0035873211990332023,0.005539135194307608,0.011494252873563218,0.0036868010238398476,0.005561029009304871,0.01210727969348659
kk,cvlface_vit_b,none,168,color,none,{},1024,baseline,none_r168_color_none_def_b1024,0.0,0.0,1.0,3150,0.9944623708724976,0.004074423094590128,0.006721401204159825,0.016420361247947456,0.00416550623334368,0.006611932129173509,0.016967706622879036,0.004074423094590128,0.006721401204159825,0.016420361247947456,0.00416550623334368,0.006611932129173509,0.016967706622879036
kk,edgeface_xs,none,168,color,none,{},1024,baseline,none_r168_color_none_def_b1024,0.0,0.0,1.0,3150,0.9965667128562927,0.015701240232131,0.0616967706622879,0.14049261083743841,0.015715535408840933,0.06290093048713738,0.1407991242474001,0.015701240232131,0.0616967706622879,0.14049261083743841,0.015715535408840933,0.06290093048713738,0.1407991242474001
kk,lvface_l,none,168,color,none,{},1024,baseline,none_r168_color_none_def_b1024,0.0,0.0,1.0,3150,0.9030495285987854,0.004951259238923025,0.0075971538040503555,0.013793103448275862,0.005028871261757051,0.007750410509031198,0.01344280240831965,0.004951259238923025,0.0075971538040503555,0.013793103448275862,0.005028871261757051,0.007750410509031198,0.01344280240831965
kk,topofr_r100,none,168,color,none,{},1024,baseline,none_r168_color_none_def_b1024,0.0,0.0,1.0,3150,0.9927766919136047,0.0035298100322771423,0.004225506294471812,0.009414340448823208,0.0034899943374917712,0.004181718664477285,0.009589490968801314,0.0035298100322771423,0.004225506294471812,0.009414340448823208,0.0034899943374917712,0.004181718664477285,0.009589490968801314
kk,arcface_antelopev2,none,224,color,none,{},1024,baseline,none_r224_color_none_def_b1024,0.0,0.0,1.0,3150,0.9918119311332703,0.0035639796572476783,0.005385878489326765,0.0109688013136289,0.0035768791332187497,0.0053639846743295016,0.011647509578544062,0.0035639796572476783,0.005385878489326765,0.0109688013136289,0.0035768791332187497,0.0053639846743295016,0.011647509578544062
kk,cvlface_vit_b,none,224,color,none,{},1024,baseline,none_r224_color_none_def_b1024,0.0,0.0,1.0,3150,0.9936608672142029,0.003999587701019059,0.006458675424192666,0.015632183908045976,0.004049088199092586,0.006677613574165298,0.016704980842911877,0.003999587701019059,0.006458675424192666,0.015632183908045976,0.004049088199092586,0.006677613574165298,0.016704980842911877
kk,edgeface_xs,none,224,color,none,{},1024,baseline,none_r224_color_none_def_b1024,0.0,0.0,1.0,3150,0.9959713816642761,0.015592740055273517,0.06136836343732895,0.13845648604269295,0.0157828909884384,0.06204707170224412,0.14198139025725232,0.015592740055273517,0.06136836343732895,0.13845648604269295,0.0157828909884384,0.06204707170224412,0.14198139025725232
kk,lvface_l,none,224,color,none,{},1024,baseline,none_r224_color_none_def_b1024,0.0,0.0,1.0,3150,0.9041206240653992,0.004981044898289147,0.00748768472906404,0.014471811713191023,0.005094593491988363,0.007728516694033936,0.013464696223316914,0.004981044898289147,0.00748768472906404,0.014471811713191023,0.005094593491988363,0.007728516694033936,0.013464696223316914
kk,topofr_r100,none,224,color,none,{},1024,baseline,none_r224_color_none_def_b1024,0.0,0.0,1.0,3150,0.991944432258606,0.003459451415599353,0.004072249589490969,0.008910782703886152,0.003472165268992584,0.004225506294471812,0.009129720853858785,0.003459451415599353,0.004072249589490969,0.008910782703886152,0.003472165268992584,0.004225506294471812,0.009129720853858785
kk,arcface_antelopev2,none,56,color,none,{},1024,baseline,none_r56_color_none_def_b1024,0.0,0.0,1.0,3150,0.9199538826942444,0.006153276694722026,0.015960591133004926,0.04168582375478927,0.004875321350694623,0.009064039408866995,0.025856595511767926,0.006153276694722026,0.015960591133004926,0.04168582375478927,0.004875321350694623,0.009064039408866995,0.025856595511767926
kk,cvlface_vit_b,none,56,color,none,{},1024,baseline,none_r56_color_none_def_b1024,0.0,0.0,1.0,3150,0.9477347135543823,0.00580888538623264,0.012348111658456486,0.03362889983579639,0.004928953393530503,0.008976464148877941,0.024302134646962233,0.00580888538623264,0.012348111658456486,0.03362889983579639,0.004928953393530503,0.008976464148877941,0.024302134646962233
kk,edgeface_xs,none,56,color,none,{},1024,baseline,none_r56_color_none_def_b1024,0.0,0.0,1.0,3150,0.9541098475456238,0.022578812843491742,0.10244116037219486,0.21777777777777776,0.019280895994612704,0.08203612479474548,0.18200328407224958,0.022578812843491742,0.10244116037219486,0.21777777777777776,0.019280895994612704,0.08203612479474548,0.18200328407224958
kk,lvface_l,none,56,color,none,{},1024,baseline,none_r56_color_none_def_b1024,0.0,0.0,1.0,3150,0.7157062888145447,0.00726333492492756,0.012939244663382594,0.025637657361795293,0.006254935495818474,0.010290093048713738,0.019441707717569787,0.00726333492492756,0.012939244663382594,0.025637657361795293,0.006254935495818474,0.010290093048713738,0.019441707717569787
kk,topofr_r100,none,56,color,none,{},1024,baseline,none_r56_color_none_def_b1024,0.0,0.0,1.0,3150,0.9255257844924927,0.005387026892247547,0.009677066228790367,0.025112205801860975,0.004414656845292517,0.006677613574165298,0.017230432402846194,0.005387026892247547,0.009677066228790367,0.025112205801860975,0.004414656845292517,0.006677613574165298,0.017230432402846194
kk,arcface_antelopev2,none,64,color,none,{},1024,baseline,none_r64_color_none_def_b1024,0.0,0.0,1.0,3150,0.9439381957054138,0.00475605988891635,0.009764641488779419,0.026447728516694035,0.0044043075907669845,0.0074001094690749865,0.0191351943076081,0.00475605988891635,0.009764641488779419,0.026447728516694035,0.0044043075907669845,0.0074001094690749865,0.0191351943076081
kk,cvlface_vit_b,none,64,color,none,{},1024,baseline,none_r64_color_none_def_b1024,0.0,0.0,1.0,3150,0.9628183841705322,0.005198895325819325,0.010005473453749315,0.028396278051450466,0.004774672232966534,0.008735632183908045,0.022769567597153803,0.005198895325819325,0.010005473453749315,0.028396278051450466,0.004774672232966534,0.008735632183908045,0.022769567597153803
kk,edgeface_xs,none,64,color,none,{},1024,baseline,none_r64_color_none_def_b1024,0.0,0.0,1.0,3150,0.9701159596443176,0.019953857669019075,0.0853639846743295,0.18454296661193212,0.017865092857781602,0.07503010399562124,0.16461959496442255,0.019953857669019075,0.0853639846743295,0.18454296661193212,0.017865092857781602,0.07503010399562124,0.16461959496442255
kk,lvface_l,none,64,color,none,{},1024,baseline,none_r64_color_none_def_b1024,0.0,0.0,1.0,3150,0.7441509962081909,0.005995435629344104,0.009983579638752052,0.018938149972632733,0.005327269950937352,0.0088232074438971,0.01718664477285167,0.005995435629344104,0.009983579638752052,0.018938149972632733,0.005327269950937352,0.0088232074438971,0.01718664477285167
kk,topofr_r100,none,64,color,none,{},1024,baseline,none_r64_color_none_def_b1024,0.0,0.0,1.0,3150,0.9480271935462952,0.004726088606972333,0.006633825944170771,0.015303776683087028,0.004276411794308382,0.005692391899288451,0.012238642583470169,0.004726088606972333,0.006633825944170771,0.015303776683087028,0.004276411794308382,0.005692391899288451,0.012238642583470169
kk,arcface_antelopev2,none,80,color,none,{},1024,baseline,none_r80_color_none_def_b1024,0.0,0.0,1.0,3150,0.9717496037483215,0.00373756362612385,0.006414887794198139,0.016442255062944718,0.0037935342548027296,0.005845648604269294,0.01444991789819376,0.00373756362612385,0.006414887794198139,0.016442255062944718,0.0037935342548027296,0.005845648604269294,0.01444991789819376
kk,cvlface_vit_b,none,80,color,none,{},1024,baseline,none_r80_color_none_def_b1024,0.0,0.0,1.0,3150,0.9809026122093201,0.004417021444160216,0.007531472359058566,0.020032840722495896,0.004221343265494117,0.007422003284072249,0.018412698412698412,0.004417021444160216,0.007531472359058566,0.020032840722495896,0.004221343265494117,0.007422003284072249,0.018412698412698412
kk,edgeface_xs,none,80,color,none,{},1024,baseline,none_r80_color_none_def_b1024,0.0,0.0,1.0,3150,0.9863170981407166,0.017497597656133984,0.07170224411603722,0.15573070607553366,0.016640290727930655,0.06806787082649152,0.15095785440613027,0.017497597656133984,0.07170224411603722,0.15573070607553366,0.016640290727930655,0.06806787082649152,0.15095785440613027
kk,lvface_l,none,80,color,none,{},1024,baseline,none_r80_color_none_def_b1024,0.0,0.0,1.0,3150,0.8139516115188599,0.005445109698952063,0.008275862068965517,0.014756431308155446,0.005043764091440139,0.008341543513957307,0.01451559934318555,0.005445109698952063,0.008275862068965517,0.014756431308155446,0.005043764091440139,0.008341543513957307,0.01451559934318555
kk,topofr_r100,none,80,color,none,{},1024,baseline,none_r80_color_none_def_b1024,0.0,0.0,1.0,3150,0.97333163022995,0.003712640761021512,0.005385878489326765,0.013092501368363438,0.0035892477544809983,0.0049261083743842365,0.011603721948549535,0.003712640761021512,0.005385878489326765,0.013092501368363438,0.0035892477544809983,0.0049261083743842365,0.011603721948549535
kk,arcface_antelopev2,none,96,color,none,{},1024,baseline,none_r96_color_none_def_b1024,0.0,0.0,1.0,3150,0.9823144674301147,0.0035874808085863993,0.0057580733442802404,0.01405582922824302,0.003560219357641062,0.005692391899288451,0.013530377668308703,0.0035874808085863993,0.0057580733442802404,0.01405582922824302,0.003560219357641062,0.005692391899288451,0.013530377668308703
kk,cvlface_vit_b,none,96,color,none,{},1024,baseline,none_r96_color_none_def_b1024,0.0,0.0,1.0,3150,0.9888975620269775,0.004391341316531692,0.007137383689107827,0.018281335522714832,0.0042616377889389675,0.00702791461412151,0.01779967159277504,0.004391341316531692,0.007137383689107827,0.018281335522714832,0.0042616377889389675,0.00702791461412151,0.01779967159277504
kk,edgeface_xs,none,96,color,none,{},1024,baseline,none_r96_color_none_def_b1024,0.0,0.0,1.0,3150,0.9927701950073242,0.01604324092872793,0.0666447728516694,0.15240284619594965,0.015893410532032595,0.06559386973180077,0.1478927203065134,0.01604324092872793,0.0666447728516694,0.15240284619594965,0.015893410532032595,0.06559386973180077,0.1478927203065134
kk,lvface_l,none,96,color,none,{},1024,baseline,none_r96_color_none_def_b1024,0.0,0.0,1.0,3150,0.8508500456809998,0.005273478298548332,0.008516694033935414,0.014625068418171867,0.0051265173424048195,0.008078817733990148,0.01438423645320197,0.005273478298548332,0.008516694033935414,0.014625068418171867,0.0051265173424048195,0.008078817733990148,0.01438423645320197
kk,topofr_r100,none,96,color,none,{},1024,baseline,none_r96_color_none_def_b1024,0.0,0.0,1.0,3150,0.982934832572937,0.00351946077775161,0.004597701149425287,0.010443349753694582,0.0034101365401036114,0.004466338259441708,0.010443349753694582,0.00351946077775161,0.004597701149425287,0.010443349753694582,0.0034101365401036114,0.004466338259441708,0.010443349753694582
kk,arcface_antelopev2,webp,168,color,ofiq_landmarks,"{""method"": 3, ""sns"": 0}",1024,winner,webp_r168_color_ofiq_landmarks_method3-sns0_b1024,1002.0,1002.0,0.8358730158730159,3150,0.8536221981048584,0.009212299374888837,0.03242474001094691,0.08943623426382047,0.006034839293734216,0.014230979748221127,0.037131910235358515,0.009212299374888837,0.03242474001094691,0.08943623426382047,0.006034839293734216,0.014230979748221127,0.037131910235358515
kk,cvlface_vit_b,webp,168,color,ofiq_landmarks,"{""method"": 3, ""sns"": 0}",1024,winner,webp_r168_color_ofiq_landmarks_method3-sns0_b1024,1002.0,1002.0,0.8358730158730159,3150,0.8659897446632385,0.009873902111401371,0.03378215654077723,0.08532019704433498,0.00642656689622215,0.015807334428024084,0.040897646414887794,0.009873902111401371,0.03378215654077723,0.08532019704433498,0.00642656689622215,0.015807334428024084,0.040897646414887794
kk,edgeface_xs,webp,168,color,ofiq_landmarks,"{""method"": 3, ""sns"": 0}",1024,winner,webp_r168_color_ofiq_landmarks_method3-sns0_b1024,1002.0,1002.0,0.8358730158730159,3150,0.9064908027648926,0.028262723899867108,0.14964422550629447,0.2979310344827586,0.021594419407405557,0.10257252326217843,0.21683634373289545,0.028262723899867108,0.14964422550629447,0.2979310344827586,0.021594419407405557,0.10257252326217843,0.21683634373289545
kk,lvface_l,webp,168,color,ofiq_landmarks,"{""method"": 3, ""sns"": 0}",1024,winner,webp_r168_color_ofiq_landmarks_method3-sns0_b1024,1002.0,1002.0,0.8358730158730159,3150,0.690372884273529,0.009766916459596372,0.020733442802408318,0.042320744389709904,0.007278918218872667,0.01324575807334428,0.0236672140120416,0.009766916459596372,0.020733442802408318,0.042320744389709904,0.007278918218872667,0.01324575807334428,0.0236672140120416
kk,topofr_r100,webp,168,color,ofiq_landmarks,"{""method"": 3, ""sns"": 0}",1024,winner,webp_r168_color_ofiq_landmarks_method3-sns0_b1024,1002.0,1002.0,0.8358730158730159,3150,0.8622919917106628,0.007467714236538211,0.019376026272577996,0.05799671592775041,0.004938292964687677,0.009939792008757525,0.027432950191570882,0.007467714236538211,0.019376026272577996,0.05799671592775041,0.004938292964687677,0.009939792008757525,0.027432950191570882
kk,arcface_antelopev2,webp,64,color,rectangle_mean,"{""method"": 6, ""sns"": 40}",1024,annexE,webp_r64_color_rectangle_mean_method6-sns40_b1024,1018.0,1018.0,0.7063492063492064,3150,0.8832574486732483,0.007087571979761585,0.021368363437328956,0.06316365626710455,0.005424982829849399,0.010815544608648057,0.030892172961138477,0.007087571979761585,0.021368363437328956,0.06316365626710455,0.005424982829849399,0.010815544608648057,0.030892172961138477
kk,cvlface_vit_b,webp,64,color,rectangle_mean,"{""method"": 6, ""sns"": 40}",1024,annexE,webp_r64_color_rectangle_mean_method6-sns40_b1024,1018.0,1018.0,0.7063492063492064,3150,0.8928751349449158,0.007319743597026397,0.021346469622331693,0.06202517788724685,0.005607813558593768,0.012413793103448275,0.03367268746579091,0.007319743597026397,0.021346469622331693,0.06202517788724685,0.005607813558593768,0.012413793103448275,0.03367268746579091
kk,edgeface_xs,webp,64,color,rectangle_mean,"{""method"": 6, ""sns"": 40}",1024,annexE,webp_r64_color_rectangle_mean_method6-sns40_b1024,1018.0,1018.0,0.7063492063492064,3150,0.9238648414611816,0.025553500949377167,0.13002736726874659,0.25694581280788176,0.02059037793087613,0.0941871921182266,0.20111658456486042,0.025553500949377167,0.13002736726874659,0.25694581280788176,0.02059037793087613,0.0941871921182266,0.20111658456486042
kk,lvface_l,webp,64,color,rectangle_mean,"{""method"": 6, ""sns"": 40}",1024,annexE,webp_r64_color_rectangle_mean_method6-sns40_b1024,1018.0,1018.0,0.7063492063492064,3150,0.6965102553367615,0.008136477567918063,0.015960591133004926,0.03196496989600438,0.0066492133197519464,0.011538040503557745,0.022090859332238644,0.008136477567918063,0.015960591133004926,0.03196496989600438,0.0066492133197519464,0.011538040503557745,0.022090859332238644
kk,topofr_r100,webp,64,color,rectangle_mean,"{""method"": 6, ""sns"": 40}",1024,annexE,webp_r64_color_rectangle_mean_method6-sns40_b1024,1018.0,1018.0,0.7063492063492064,3150,0.8865867853164673,0.006063362848889973,0.013836891078270389,0.03908045977011494,0.004805467575701014,0.008319649698960044,0.02154351395730706,0.006063362848889973,0.013836891078270389,0.03908045977011494,0.004805467575701014,0.008319649698960044,0.02154351395730706
kk,arcface_antelopev2,webp,80,gray,ofiq_landmarks,"{""method"": 6, ""sns"": 40}",1024,annexF,webp_r80_gray_ofiq_landmarks_method6-sns40_b1024,1026.0,1026.0,0.4720634920634921,3150,0.8564512729644775,0.009076006892377197,0.030213464696223317,0.07905856595511768,0.005346706355777997,0.01331143951833607,0.03708812260536398,0.009076006892377197,0.030213464696223317,0.07905856595511768,0.005346706355777997,0.01331143951833607,0.03708812260536398
kk,cvlface_vit_b,webp,80,gray,ofiq_landmarks,"{""method"": 6, ""sns"": 40}",1024,annexF,webp_r80_gray_ofiq_landmarks_method6-sns40_b1024,1026.0,1026.0,0.4720634920634921,3150,0.8546189665794373,0.01097515162515861,0.03883962780514505,0.0926327312534209,0.006898868773384963,0.017602627257799673,0.04532019704433497,0.01097515162515861,0.03883962780514505,0.0926327312534209,0.006898868773384963,0.017602627257799673,0.04532019704433497
kk,edgeface_xs,webp,80,gray,ofiq_landmarks,"{""method"": 6, ""sns"": 40}",1024,annexF,webp_r80_gray_ofiq_landmarks_method6-sns40_b1024,1026.0,1026.0,0.4720634920634921,3150,0.9019946455955505,0.029297055877446833,0.15424192665571976,0.2990695128626163,0.02234616239756745,0.10662287903667214,0.22268199233716476,0.029297055877446833,0.15424192665571976,0.2990695128626163,0.02234616239756745,0.10662287903667214,0.22268199233716476
kk,lvface_l,webp,80,gray,ofiq_landmarks,"{""method"": 6, ""sns"": 40}",1024,annexF,webp_r80_gray_ofiq_landmarks_method6-sns40_b1024,1026.0,1026.0,0.4720634920634921,3150,0.6664896607398987,0.009540071693040058,0.020142309797482213,0.04024083196496989,0.007569146629817296,0.013836891078270389,0.02668856048166393,0.009540071693040058,0.020142309797482213,0.04024083196496989,0.007569146629817296,0.013836891078270389,0.02668856048166393
kk,topofr_r100,webp,80,gray,ofiq_landmarks,"{""method"": 6, ""sns"": 40}",1024,annexF,webp_r80_gray_ofiq_landmarks_method6-sns40_b1024,1026.0,1026.0,0.4720634920634921,3150,0.8592539429664612,0.007298447435002233,0.01992337164750958,0.05530377668308703,0.0052989728035990145,0.010071154898741106,0.028505747126436783,0.007298447435002233,0.01992337164750958,0.05530377668308703,0.0052989728035990145,0.010071154898741106,0.028505747126436783
kk,arcface_antelopev2,webp,96,color,none,{},1024,ours,webp_r96_color_none_def_b1024,1008.0,1054.0,1.0,3150,0.8911615014076233,0.0069365054918804755,0.020229885057471263,0.057843459222769567,0.004996123350550075,0.01077175697865353,0.028002189381499728,0.0069365054918804755,0.020229885057471263,0.057843459222769567,0.004996123350550075,0.01077175697865353,0.028002189381499728
kk,cvlface_vit_b,webp,96,color,none,{},1024,ours,webp_r96_color_none_def_b1024,1008.0,1054.0,1.0,3150,0.8996493816375732,0.008271574744483503,0.02362342638204707,0.05782156540777231,0.006044843316128767,0.01344280240831965,0.03524904214559387,0.008271574744483503,0.02362342638204707,0.05782156540777231,0.006044843316128767,0.01344280240831965,0.03524904214559387
kk,edgeface_xs,webp,96,color,none,{},1024,ours,webp_r96_color_none_def_b1024,1008.0,1054.0,1.0,3150,0.9376975893974304,0.023619960183807857,0.1138040503557745,0.23936507936507936,0.01939460419786506,0.08656814449917898,0.19846743295019156,0.023619960183807857,0.1138040503557745,0.23936507936507936,0.01939460419786506,0.08656814449917898,0.19846743295019156
kk,lvface_l,webp,96,color,none,{},1024,ours,webp_r96_color_none_def_b1024,1008.0,1054.0,1.0,3150,0.7064322829246521,0.007918281908256901,0.014537493158182813,0.02990695128626163,0.006253101751659653,0.011012588943623426,0.021521620142309798,0.007918281908256901,0.014537493158182813,0.02990695128626163,0.006253101751659653,0.011012588943623426,0.021521620142309798
kk,topofr_r100,webp,96,color,none,{},1024,ours,webp_r96_color_none_def_b1024,1008.0,1054.0,1.0,3150,0.9002448916435242,0.005914449324274023,0.012807881773399015,0.034132457580733445,0.0045598508555413746,0.008188286808976463,0.021565407772304323,0.005914449324274023,0.012807881773399015,0.034132457580733445,0.0045598508555413746,0.008188286808976463,0.021565407772304323
kk,arcface_antelopev2,webp,96,color,none,"{""method"": 6, ""sns"": 50}",1024,ours,webp_r96_color_none_method6-sns50_b1024,1016.0,1016.0,0.679047619047619,3150,0.8916289210319519,0.0069389368890123955,0.020842911877394635,0.05622331691297208,0.005159332051876016,0.011319102353585112,0.030388615216201422,0.0069389368890123955,0.020842911877394635,0.05622331691297208,0.005159332051876016,0.011319102353585112,0.030388615216201422
kk,cvlface_vit_b,webp,96,color,none,"{""method"": 6, ""sns"": 50}",1024,ours,webp_r96_color_none_method6-sns50_b1024,1016.0,1016.0,0.679047619047619,3150,0.8998287916183472,0.007931181384227971,0.024170771756978654,0.06239737274220033,0.0059775137495559965,0.013749315818281335,0.036825396825396824,0.007931181384227971,0.024170771756978654,0.06239737274220033,0.0059775137495559965,0.013749315818281335,0.036825396825396824
kk,edgeface_xs,webp,96,color,none,"{""method"": 6, ""sns"": 50}",1024,ours,webp_r96_color_none_method6-sns50_b1024,1016.0,1016.0,0.679047619047619,3150,0.9373204708099365,0.024232155233535675,0.11759168035030104,0.24433497536945814,0.019889969182946582,0.08766283524904214,0.19503010399562123,0.024232155233535675,0.11759168035030104,0.24433497536945814,0.019889969182946582,0.08766283524904214,0.19503010399562123
kk,lvface_l,webp,96,color,none,"{""method"": 6, ""sns"": 50}",1024,ours,webp_r96_color_none_method6-sns50_b1024,1016.0,1016.0,0.679047619047619,3150,0.7068986296653748,0.007566117579712277,0.01444991789819376,0.029250136836343733,0.005909400907432288,0.010574712643678161,0.020711548987411055,0.007566117579712277,0.01444991789819376,0.029250136836343733,0.005909400907432288,0.010574712643678161,0.020711548987411055
kk,topofr_r100,webp,96,color,none,"{""method"": 6, ""sns"": 50}",1024,ours,webp_r96_color_none_method6-sns50_b1024,1016.0,1016.0,0.679047619047619,3150,0.9000303745269775,0.005223725379632687,0.012632731253420909,0.03592775041050903,0.004391155693953796,0.008144499178981938,0.02139025725232622,0.005223725379632687,0.012632731253420909,0.03592775041050903,0.004391155693953796,0.008144499178981938,0.02139025725232622
