dataset,model,res,budget,codec,attribute,eer_min,eer_max,eer_std,n_subgroups
kk,arcface_antelopev2,112,0,aligned,skin_tone,0.00012519697124662382,0.0038257858705181193,0.0012095407143763702,6
kk,arcface_antelopev2,112,0,aligned,gender,0.002017794355765063,0.002703803696985626,0.00034300467061028155,2
kk,arcface_antelopev2,112,0,aligned,age,0.0014204487379409826,0.002682575897953684,0.0005411432752173526,3
kk,arcface_antelopev2,168,0,aligned,skin_tone,0.00012519697124662382,0.0036708007337412597,0.0011720594359447968,6
kk,arcface_antelopev2,168,0,aligned,gender,0.0019416324458981673,0.0025321628795127917,0.0002952652168073122,2
kk,arcface_antelopev2,168,0,aligned,age,0.0014156249043439464,0.0025841500570543867,0.0004963037317248075,3
kk,arcface_antelopev2,224,0,aligned,skin_tone,0.00014500483496852142,0.0037672670843645947,0.001195013439532691,6
kk,arcface_antelopev2,224,0,aligned,gender,0.0019280521449227858,0.002505726378766453,0.00028883711692183356,2
kk,arcface_antelopev2,224,0,aligned,age,0.0013537788096720442,0.0025731684581548056,0.0005195779100177002,3
kk,arcface_antelopev2,64,0,aligned,skin_tone,0.0007646399022864022,0.006701526481271604,0.002044073040680119,6
kk,arcface_antelopev2,64,0,aligned,gender,0.003845431203674493,0.005331846607485206,0.0007432077019053564,2
kk,arcface_antelopev2,64,0,aligned,age,0.0025968096852551316,0.005092336553245175,0.001064342180522667,3
kk,arcface_antelopev2,96,0,aligned,skin_tone,0.0001549087668294702,0.003829900114854862,0.0012484812914809373,6
kk,arcface_antelopev2,96,0,aligned,gender,0.0023054432987296035,0.0028703662907703254,0.000282461496020361,2
kk,arcface_antelopev2,96,0,aligned,age,0.0016991880350093265,0.0029043461261692048,0.0005181222786022389,3
kk,arcface_antelopev2,112,1024,avif,skin_tone,0.0016346689120975305,0.013310700856256616,0.0037110538279679617,6
kk,arcface_antelopev2,112,1024,avif,gender,0.007491648590993074,0.010506046071513168,0.0015071987402600472,2
kk,arcface_antelopev2,112,1024,avif,age,0.0055188485901971444,0.010189182572597153,0.00191016774803778,3
kk,arcface_antelopev2,112,512,avif,skin_tone,0.08523640349574768,0.12644938262097938,0.015151423494136075,6
kk,arcface_antelopev2,112,512,avif,gender,0.09923425556383104,0.13455404703913232,0.017659895737650637,2
kk,arcface_antelopev2,112,512,avif,age,0.08968015985343092,0.13170318155656957,0.01762205490498599,3
kk,arcface_antelopev2,168,1024,avif,skin_tone,0.0028442272511504454,0.015244624695918953,0.004016929838519073,6
kk,arcface_antelopev2,168,1024,avif,gender,0.008946661382607357,0.0124407942417694,0.0017470664295810212,2
kk,arcface_antelopev2,168,1024,avif,age,0.007287560805905055,0.012414978940896174,0.0021225254073690696,3
kk,arcface_antelopev2,168,512,avif,skin_tone,0.025054846001954192,0.061333725744933704,0.012164896318517164,6
kk,arcface_antelopev2,168,512,avif,gender,0.03798714953967058,0.0555512057617462,0.008782028111037812,2
kk,arcface_antelopev2,168,512,avif,age,0.030362761993739454,0.055482641490362986,0.010432283154967205,3
kk,arcface_antelopev2,224,1024,avif,skin_tone,0.002564121513074352,0.015429328908492138,0.003970568966539644,6
kk,arcface_antelopev2,224,1024,avif,gender,0.00879141370096912,0.012681186374554293,0.0019448863367925867,2
kk,arcface_antelopev2,224,1024,avif,age,0.006887983571922553,0.01229725018750658,0.002209484455800493,3
kk,arcface_antelopev2,224,512,avif,skin_tone,0.008021989936603894,0.028591434385767125,0.00626568795084703,6
kk,arcface_antelopev2,224,512,avif,gender,0.015683704182622785,0.024369978098701162,0.004343136958039189,2
kk,arcface_antelopev2,224,512,avif,age,0.012297611473567002,0.023970540851154378,0.004805516579340683,3
kk,arcface_antelopev2,64,1024,avif,skin_tone,0.0025740254449353006,0.014218684307214697,0.0036247678446884976,6
kk,arcface_antelopev2,64,1024,avif,gender,0.008596698906438091,0.01297113057645704,0.002187215835009474,2
kk,arcface_antelopev2,64,1024,avif,age,0.006793455551976531,0.01266676131437028,0.0024013103027075203,3
kk,arcface_antelopev2,64,512,avif,skin_tone,0.06407332603127594,0.1176529483877749,0.01726575343587071,6
kk,arcface_antelopev2,64,512,avif,gender,0.09575177688285214,0.12589299600342319,0.015070609560285525,2
kk,arcface_antelopev2,64,512,avif,age,0.08835182721863744,0.12567873076003166,0.016661737462106863,3
kk,arcface_antelopev2,96,1024,avif,skin_tone,0.0024191166781058304,0.014669021471076557,0.0039054415512323197,6
kk,arcface_antelopev2,96,1024,avif,gender,0.008148143559987511,0.011690295963749651,0.00177107620188107,2
kk,arcface_antelopev2,96,1024,avif,age,0.006714504871899438,0.01149018861373358,0.0019650055631833764,3
kk,arcface_antelopev2,96,512,avif,skin_tone,0.08099444320018628,0.12917836658362947,0.016492730616799067,6
kk,arcface_antelopev2,96,512,avif,gender,0.10694584891842292,0.14172650824791494,0.01739032966474601,2
kk,arcface_antelopev2,96,512,avif,age,0.09734160962145164,0.1403408746805503,0.018708489420757878,3
kk,arcface_antelopev2,112,1024,heif,skin_tone,0.0037835837839882156,0.0191115530098045,0.004772039709949978,6
kk,arcface_antelopev2,112,1024,heif,gender,0.010813166765410453,0.016775468960601125,0.002981151097595336,2
kk,arcface_antelopev2,112,1024,heif,age,0.00919596395728414,0.016455783219587662,0.003032945856282031,3
kk,arcface_antelopev2,112,512,heif,skin_tone,0.20410909590922943,0.2507650363603956,0.016968801037519517,6
kk,arcface_antelopev2,112,512,heif,gender,0.22358112562277122,0.27517653690901345,0.025797705643121116,2
kk,arcface_antelopev2,112,512,heif,age,0.21004322406053016,0.27114940199484483,0.026522461230644754,3
kk,arcface_antelopev2,168,1024,heif,skin_tone,0.004133017045090951,0.020617549638166942,0.005251000139973264,6
kk,arcface_antelopev2,168,1024,heif,gender,0.011235633812657424,0.01739805061468199,0.0030812084010122835,2
kk,arcface_antelopev2,168,1024,heif,age,0.009003853426319573,0.017347776153870547,0.003462245856479669,3
kk,arcface_antelopev2,168,512,heif,skin_tone,0.08993242766296033,0.13555385679630197,0.015276150450391952,6
kk,arcface_antelopev2,168,512,heif,gender,0.10507977980439252,0.14338389980185662,0.019152059998732048,2
kk,arcface_antelopev2,168,512,heif,age,0.09197800837762192,0.14149257422912526,0.02069291760154413,3
kk,arcface_antelopev2,224,1024,heif,skin_tone,0.0038132955795710625,0.019502452022073707,0.004805394481690028,6
kk,arcface_antelopev2,224,1024,heif,gender,0.01148789088110647,0.0176086567554725,0.0030603829371830156,2
kk,arcface_antelopev2,224,1024,heif,age,0.009411530152787197,0.01737346041044319,0.0033012138570495224,3
kk,arcface_antelopev2,224,512,heif,skin_tone,0.036211072859645574,0.06851255036954611,0.010790053536757247,6
kk,arcface_antelopev2,224,512,heif,gender,0.04647536002398196,0.06756499790845973,0.010544818942238882,2
kk,arcface_antelopev2,224,512,heif,age,0.036805763318966095,0.06658309695688489,0.012236478173264752,3
kk,arcface_antelopev2,64,1024,heif,skin_tone,0.004053785590203361,0.01886741064563866,0.00447799967982145,6
kk,arcface_antelopev2,64,1024,heif,gender,0.010746564021217122,0.016672430770600193,0.0029629333746915357,2
kk,arcface_antelopev2,64,1024,heif,age,0.008890693575432096,0.016427892365587476,0.003112533780375139,3
kk,arcface_antelopev2,64,512,heif,skin_tone,0.18543166699992067,0.23679041380717922,0.017622282521742076,6
kk,arcface_antelopev2,64,512,heif,gender,0.214385571464167,0.25887686980859126,0.022245649172212126,2
kk,arcface_antelopev2,64,512,heif,age,0.2061227471937811,0.2561604140332099,0.023299124625714332,3
kk,arcface_antelopev2,96,1024,heif,skin_tone,0.002728934211764771,0.01835535981672566,0.004896470168748124,6
kk,arcface_antelopev2,96,1024,heif,gender,0.010522086941593144,0.016185018760106903,0.00283146590925688,2
kk,arcface_antelopev2,96,1024,heif,age,0.008018497170892171,0.016157459559561577,0.0033440349194974912,3
kk,arcface_antelopev2,96,512,heif,skin_tone,0.18492732497198844,0.23488316639161178,0.01769362667078317,6
kk,arcface_antelopev2,96,512,heif,gender,0.21191180964146267,0.26003264201447207,0.0240604161865047,2
kk,arcface_antelopev2,96,512,heif,age,0.19907323985996456,0.25578403523480564,0.024681172610326492,3
kk,arcface_antelopev2,112,1024,jpeg2000,skin_tone,0.07303822664366333,0.12379992544874673,0.01811775562874772,6
kk,arcface_antelopev2,112,1024,jpeg2000,gender,0.09814911532146842,0.12998582095754932,0.01591835281804045,2
kk,arcface_antelopev2,112,1024,jpeg2000,age,0.08628369057706159,0.12805199043397714,0.01754059577524005,3
kk,arcface_antelopev2,112,512,jpeg2000,skin_tone,0.2977197182486533,0.3499158682833415,0.019920407614476086,6
kk,arcface_antelopev2,112,512,jpeg2000,gender,0.3270872866522882,0.3710140065621534,0.021963359954932593,2
kk,arcface_antelopev2,112,512,jpeg2000,age,0.3197410291671524,0.3647498174778371,0.021146161926305244,3
kk,arcface_antelopev2,168,1024,jpeg2000,skin_tone,0.0494865027936448,0.10148025160207305,0.017773837526980387,6
kk,arcface_antelopev2,168,1024,jpeg2000,gender,0.07469669269231771,0.09940127018797892,0.012352288747830606,2
kk,arcface_antelopev2,168,1024,jpeg2000,age,0.06554153640135427,0.09918167673450418,0.014298643605959395,3
kk,arcface_antelopev2,168,512,jpeg2000,skin_tone,0.2737258716078378,0.33671029904896194,0.02154097613962355,6
kk,arcface_antelopev2,168,512,jpeg2000,gender,0.3031633065486142,0.3492267480801805,0.023031720765783165,2
kk,arcface_antelopev2,168,512,jpeg2000,age,0.29445610335331435,0.34607991685180206,0.02369203155200353,3
kk,arcface_antelopev2,224,1024,jpeg2000,skin_tone,0.04831656018203567,0.09992033301475273,0.017326315811774004,6
kk,arcface_antelopev2,224,1024,jpeg2000,gender,0.07305096787228961,0.10131089504977303,0.01412996358874171,2
kk,arcface_antelopev2,224,1024,jpeg2000,age,0.061937821589782574,0.10015288861277694,0.015945983336713286,3
kk,arcface_antelopev2,224,512,jpeg2000,skin_tone,0.26203990356655327,0.3217798046712121,0.022003112635183862,6
kk,arcface_antelopev2,224,512,jpeg2000,gender,0.29761723074301094,0.34762941592639796,0.025006092591693507,2
kk,arcface_antelopev2,224,512,jpeg2000,age,0.2907859373897495,0.34130479960023047,0.02377616901517533,3
kk,arcface_antelopev2,64,1024,jpeg2000,skin_tone,0.12140786062794945,0.1808712728406087,0.02162244149260969,6
kk,arcface_antelopev2,64,1024,jpeg2000,gender,0.15598222294312913,0.20205541421544654,0.023036595636158702,2
kk,arcface_antelopev2,64,1024,jpeg2000,age,0.1467339930233485,0.19909775251507006,0.02336350386217497,3
kk,arcface_antelopev2,64,512,jpeg2000,skin_tone,0.3488134383330302,0.3886358785022572,0.01382120341157649,6
kk,arcface_antelopev2,64,512,jpeg2000,gender,0.37536543643841513,0.4068800277392477,0.01575729565041628,2
kk,arcface_antelopev2,64,512,jpeg2000,age,0.370515580420088,0.4045250119978623,0.015213659749564689,3
kk,arcface_antelopev2,96,1024,jpeg2000,skin_tone,0.06064907944025141,0.11215843484630289,0.016267292144808737,6
kk,arcface_antelopev2,96,1024,jpeg2000,gender,0.08754937210589808,0.11796916673575811,0.015209897314930013,2
kk,arcface_antelopev2,96,1024,jpeg2000,age,0.07883605859119208,0.11815408048274889,0.017234533821338823,3
kk,arcface_antelopev2,96,512,jpeg2000,skin_tone,0.2854367186497423,0.3286441079953538,0.015877898372507294,6
kk,arcface_antelopev2,96,512,jpeg2000,gender,0.3186117305459374,0.3564042540179669,0.018896261736014747,2
kk,arcface_antelopev2,96,512,jpeg2000,age,0.3027209246739226,0.352522342305286,0.020905429049410538,3
kk,arcface_antelopev2,112,1024,jpeg,skin_tone,0.0035791553578540013,0.0202431076032447,0.005776921442837454,6
kk,arcface_antelopev2,112,1024,jpeg,gender,0.01269246903100375,0.016593589309673192,0.0019505601393347213,2
kk,arcface_antelopev2,112,1024,jpeg,age,0.011091865189039506,0.01613433357883398,0.002099132490224492,3
kk,arcface_antelopev2,112,512,jpeg,skin_tone,0.23604570103176126,0.28898697203657014,0.01876372872966926,6
kk,arcface_antelopev2,112,512,jpeg,gender,0.27058500590398615,0.32033002832175794,0.024872511208885895,2
kk,arcface_antelopev2,112,512,jpeg,age,0.2599253166763379,0.31382122241914884,0.02398683652532215,3
kk,arcface_antelopev2,168,1024,jpeg,skin_tone,0.016433028861754316,0.04489079918074754,0.009576317692338219,6
kk,arcface_antelopev2,168,1024,jpeg,gender,0.03148025502645204,0.048335488400741616,0.008427616687144788,2
kk,arcface_antelopev2,168,1024,jpeg,age,0.027822532233928058,0.04844545780943873,0.008911522660775181,3
kk,arcface_antelopev2,168,512,jpeg,skin_tone,0.14364094048528275,0.18868334591105657,0.014184872167816082,6
kk,arcface_antelopev2,168,512,jpeg,gender,0.1536610346466608,0.20081453451666553,0.02357674993500236,2
kk,arcface_antelopev2,168,512,jpeg,age,0.1404132612877928,0.19831524008331852,0.024483576764065398,3
kk,arcface_antelopev2,224,1024,jpeg,skin_tone,0.041059210147718184,0.07917887346362462,0.012591427491210576,6
kk,arcface_antelopev2,224,1024,jpeg,gender,0.05566384849390386,0.08219281699464473,0.013264484250370436,2
kk,arcface_antelopev2,224,1024,jpeg,age,0.05008457071781016,0.08134815220887782,0.013353697452245827,3
kk,arcface_antelopev2,224,512,jpeg,skin_tone,0.08693092169985928,0.12494609828865566,0.011801682045591226,6
kk,arcface_antelopev2,224,512,jpeg,gender,0.09461578377341608,0.12492998364096812,0.015157099933776022,2
kk,arcface_antelopev2,224,512,jpeg,age,0.08275684034244746,0.12364013786989841,0.016989240424119225,3
kk,arcface_antelopev2,64,1024,jpeg,skin_tone,0.004867945151794508,0.022426207416848743,0.005398639091363884,6
kk,arcface_antelopev2,64,1024,jpeg,gender,0.012499676545805638,0.016946396223795887,0.0022233598389951245,2
kk,arcface_antelopev2,64,1024,jpeg,age,0.010090067851653606,0.01674629612468379,0.002730802555947704,3
kk,arcface_antelopev2,64,512,jpeg,skin_tone,0.11013989487381812,0.17003135328115407,0.018143974869651452,6
kk,arcface_antelopev2,64,512,jpeg,gender,0.1407589086152354,0.1795719733305993,0.019406532357681944,2
kk,arcface_antelopev2,64,512,jpeg,age,0.13529977760765843,0.17880984905814312,0.020217241139372785,3
kk,arcface_antelopev2,96,1024,jpeg,skin_tone,0.0036682907446025405,0.017805361423342853,0.004499511190950631,6
kk,arcface_antelopev2,96,1024,jpeg,gender,0.010494126274357054,0.015232353204739067,0.0023691134651910063,2
kk,arcface_antelopev2,96,1024,jpeg,age,0.008986085337467689,0.015044161305697884,0.0025327292785469026,3
kk,arcface_antelopev2,96,512,jpeg,skin_tone,0.21603072116618338,0.27343734027201716,0.019325410026342405,6
kk,arcface_antelopev2,96,512,jpeg,gender,0.24854165007515475,0.30007961234415037,0.025768981134497812,2
kk,arcface_antelopev2,96,512,jpeg,age,0.24370709245867794,0.29782758520553043,0.0254125179518985,3
kk,arcface_antelopev2,112,1024,jpeg_ai,skin_tone,0.001334755310299539,0.008534869725973861,0.0023712975831669094,6
kk,arcface_antelopev2,112,1024,jpeg_ai,gender,0.0052317132927012875,0.007639058150085041,0.001203672428691877,2
kk,arcface_antelopev2,112,1024,jpeg_ai,age,0.0042734057978155385,0.007523464797176754,0.0013269490848167112,3
kk,arcface_antelopev2,112,512,jpeg_ai,skin_tone,0.005118339094287754,0.01936895747241969,0.004851072915341956,6
kk,arcface_antelopev2,112,512,jpeg_ai,gender,0.012462969263506422,0.019305526636455524,0.0034212786864745506,2
kk,arcface_antelopev2,112,512,jpeg_ai,age,0.010680228371064415,0.019081443062002254,0.003500388686411233,3
kk,arcface_antelopev2,224,1024,jpeg_ai,skin_tone,0.0009096447372549236,0.0077100905271897625,0.0021555361533836235,6
kk,arcface_antelopev2,224,1024,jpeg_ai,gender,0.00403187726966546,0.005142648961196731,0.0005553858457656357,2
kk,arcface_antelopev2,224,1024,jpeg_ai,age,0.003161745197602938,0.005060781511250938,0.0007895853097183554,3
kk,arcface_antelopev2,224,512,jpeg_ai,skin_tone,0.004478896163247976,0.021775518655069548,0.0059387546304344825,6
kk,arcface_antelopev2,224,512,jpeg_ai,gender,0.012609177283744527,0.0190681738254617,0.0032294982708585863,2
kk,arcface_antelopev2,224,512,jpeg_ai,age,0.011104367108663225,0.01896182547167162,0.003315591897427274,3
kk,arcface_antelopev2,112,1024,jpeg_fzt,skin_tone,0.0054677723553904906,0.021033134116456607,0.004995235756209734,6
kk,arcface_antelopev2,112,1024,jpeg_fzt,gender,0.012475930177607498,0.01617637048131612,0.0018502201518543118,2
kk,arcface_antelopev2,112,1024,jpeg_fzt,age,0.010006514505795042,0.016152377181473308,0.002532524018999697,3
kk,arcface_antelopev2,112,512,jpeg_fzt,skin_tone,0.10361671444922799,0.14807843004971488,0.01633282380193312,6
kk,arcface_antelopev2,112,512,jpeg_fzt,gender,0.12705524833575657,0.16454045351001628,0.018742602587129856,2
kk,arcface_antelopev2,112,512,jpeg_fzt,age,0.12254825800355199,0.16338819653666742,0.018939029163594977,3
kk,arcface_antelopev2,168,1024,jpeg_fzt,skin_tone,0.004208694357032831,0.01910516325200927,0.0046742882364556775,6
kk,arcface_antelopev2,168,1024,jpeg_fzt,gender,0.010489807930943191,0.015244557418806358,0.0023773747439315837,2
kk,arcface_antelopev2,168,1024,jpeg_fzt,age,0.008036928763190745,0.014858376273297193,0.0027880644230077398,3
kk,arcface_antelopev2,168,512,jpeg_fzt,skin_tone,0.22178494904856522,0.28058421233250885,0.019828674424441448,6
kk,arcface_antelopev2,168,512,jpeg_fzt,gender,0.25086941469293556,0.3055462777115582,0.02733843150931131,2
kk,arcface_antelopev2,168,512,jpeg_fzt,age,0.2455144829750397,0.303142094797976,0.026613785544832284,3
kk,arcface_antelopev2,224,1024,jpeg_fzt,skin_tone,0.0034539583866073777,0.018121284672111566,0.004701529213153641,6
kk,arcface_antelopev2,224,1024,jpeg_fzt,gender,0.010159101124697253,0.014525245646955266,0.0021830722611290067,2
kk,arcface_antelopev2,224,1024,jpeg_fzt,age,0.00793319541168178,0.014025511474522231,0.002488912040066421,3
kk,arcface_antelopev2,224,512,jpeg_fzt,skin_tone,0.19460455018138795,0.25272858266659237,0.02032691552248482,6
kk,arcface_antelopev2,224,512,jpeg_fzt,gender,0.22864141585118233,0.2758092178927241,0.02358390102077089,2
kk,arcface_antelopev2,224,512,jpeg_fzt,age,0.21837000085447383,0.27002112323463545,0.02285047969517677,3
kk,arcface_antelopev2,64,1024,jpeg_fzt,skin_tone,0.0216369491998449,0.05122519275033126,0.010236690620522227,6
kk,arcface_antelopev2,64,1024,jpeg_fzt,gender,0.033613788333212186,0.04706657113648559,0.006726391401636701,2
kk,arcface_antelopev2,64,1024,jpeg_fzt,age,0.02803592860962085,0.0479480701319744,0.008543422695327072,3
kk,arcface_antelopev2,64,512,jpeg_fzt,skin_tone,0.08741427166624502,0.13787412862131654,0.0179223392262145,6
kk,arcface_antelopev2,64,512,jpeg_fzt,gender,0.1176396044690334,0.15396116967954365,0.018160782605255124,2
kk,arcface_antelopev2,64,512,jpeg_fzt,age,0.11348653950324067,0.1528716189411376,0.018545091153161695,3
kk,arcface_antelopev2,96,1024,jpeg_fzt,skin_tone,0.007062825540044226,0.02231555960233693,0.0048876455005573555,6
kk,arcface_antelopev2,96,1024,jpeg_fzt,gender,0.013810563496050574,0.018873345882823835,0.0025313911933866305,2
kk,arcface_antelopev2,96,1024,jpeg_fzt,age,0.010996252259188351,0.018852162880377776,0.003247322577638427,3
kk,arcface_antelopev2,96,512,jpeg_fzt,skin_tone,0.0760147591519518,0.11845628279971483,0.015340862707425218,6
kk,arcface_antelopev2,96,512,jpeg_fzt,gender,0.10217453968786022,0.13123006394818357,0.014527762130161673,2
kk,arcface_antelopev2,96,512,jpeg_fzt,age,0.09611813710641764,0.12988919450782777,0.015379022621072547,3
kk,arcface_antelopev2,112,1024,jpeg_xl,skin_tone,0.0036286750171587454,0.019747513751678672,0.004836484171186836,6
kk,arcface_antelopev2,112,1024,jpeg_xl,gender,0.01134298994510201,0.01707577934444944,0.002866394699673715,2
kk,arcface_antelopev2,112,1024,jpeg_xl,age,0.008817872806672736,0.016842016285919,0.0032908847470843423,3
kk,arcface_antelopev2,112,512,jpeg_xl,skin_tone,0.044582496057352206,0.08855725487918803,0.01418040166895082,6
kk,arcface_antelopev2,112,512,jpeg_xl,gender,0.0655297376746146,0.09486081801380161,0.014665540169593504,2
kk,arcface_antelopev2,112,512,jpeg_xl,age,0.05643213842265585,0.09414648843544463,0.015725263143152406,3
kk,arcface_antelopev2,168,1024,jpeg_xl,skin_tone,0.006067599558986473,0.024556258836655367,0.00566846152394761,6
kk,arcface_antelopev2,168,1024,jpeg_xl,gender,0.013757595155908096,0.02166470036625639,0.003953552605174146,2
kk,arcface_antelopev2,168,1024,jpeg_xl,age,0.010965982250712748,0.02145105525124833,0.004348589888097327,3
kk,arcface_antelopev2,168,512,jpeg_xl,skin_tone,0.01430392185358553,0.037724317289145354,0.007934787402119474,6
kk,arcface_antelopev2,168,512,jpeg_xl,gender,0.023819649437819217,0.03599446163404216,0.00608740609811147,2
kk,arcface_antelopev2,168,512,jpeg_xl,age,0.01868294796344478,0.0360582335394771,0.007229735512990438,3
kk,arcface_antelopev2,224,1024,jpeg_xl,skin_tone,0.002438924541827728,0.01744829573120671,0.0044852026879165065,6
kk,arcface_antelopev2,224,1024,jpeg_xl,gender,0.009170124424334694,0.014555099905202332,0.0026924877404338188,2
kk,arcface_antelopev2,224,1024,jpeg_xl,age,0.0066651606968512545,0.01395447141150365,0.0029774452291664207,3
kk,arcface_antelopev2,224,512,jpeg_xl,skin_tone,0.003038751745423711,0.018619154037136085,0.00470497419647998,6
kk,arcface_antelopev2,224,512,jpeg_xl,gender,0.009674823401418842,0.015262150026018755,0.0027936633122999568,2
kk,arcface_antelopev2,224,512,jpeg_xl,age,0.007410368323986602,0.014842601621406128,0.003042614920210755,3
kk,arcface_antelopev2,64,1024,jpeg_xl,skin_tone,0.00406368952206431,0.019520747730298934,0.004983088487521391,6
kk,arcface_antelopev2,64,1024,jpeg_xl,gender,0.012009056565095119,0.01753298031955663,0.002761961877230756,2
kk,arcface_antelopev2,64,1024,jpeg_xl,age,0.009293988803933815,0.017502431652439435,0.0033744576163012895,3
kk,arcface_antelopev2,64,512,jpeg_xl,skin_tone,0.03772054480049648,0.07838153782717835,0.013317751652580916,6
kk,arcface_antelopev2,64,512,jpeg_xl,gender,0.060039833914464075,0.08541913914023139,0.012689652612883656,2
kk,arcface_antelopev2,64,512,jpeg_xl,age,0.051610722388427496,0.08600568964490382,0.01473372731885165,3
kk,arcface_antelopev2,96,1024,jpeg_xl,skin_tone,0.004053785590203361,0.01955961466020787,0.005181756908202522,6
kk,arcface_antelopev2,96,1024,jpeg_xl,gender,0.011418875455732044,0.01733299144793087,0.002957057996099412,2
kk,arcface_antelopev2,96,1024,jpeg_xl,age,0.008309517219768667,0.017212633324931705,0.003642573724636841,3
kk,arcface_antelopev2,96,512,jpeg_xl,skin_tone,0.043000142450528946,0.08241303591453361,0.012269775433170716,6
kk,arcface_antelopev2,96,512,jpeg_xl,gender,0.06129014896242617,0.0886605633533598,0.013685207195466814,2
kk,arcface_antelopev2,96,512,jpeg_xl,age,0.053562519113007225,0.08811256030328299,0.014646888967134522,3
kk,arcface_antelopev2,112,1024,ours_accurate,skin_tone,0.001219462270913864,0.008726883061781408,0.002595563796655719,6
kk,arcface_antelopev2,112,1024,ours_accurate,gender,0.00529297949380908,0.007465025263337876,0.0010860228847643979,2
kk,arcface_antelopev2,112,1024,ours_accurate,age,0.004199500119151045,0.007384345757969466,0.0013005314762923102,3
kk,arcface_antelopev2,112,512,ours_accurate,skin_tone,0.0030288478135627626,0.015236155036007667,0.004379728409759125,6
kk,arcface_antelopev2,112,512,ours_accurate,gender,0.009138423182808681,0.013570788667147775,0.002216182742169547,2
kk,arcface_antelopev2,112,512,ours_accurate,age,0.007343698395717664,0.013599991923552907,0.0025891164061614897,3
kk,arcface_antelopev2,168,1024,ours_accurate,skin_tone,0.0009393565328377699,0.011182924949908482,0.003228941218477113,6
kk,arcface_antelopev2,168,1024,ours_accurate,gender,0.006061894900871818,0.0091429863735044,0.0015405457363162909,2
kk,arcface_antelopev2,168,1024,ours_accurate,age,0.004061778764647261,0.008995972982991134,0.002018301399017332,3
kk,arcface_antelopev2,168,512,ours_accurate,skin_tone,0.016838331571077038,0.05233665870494664,0.012380366596575973,6
kk,arcface_antelopev2,168,512,ours_accurate,gender,0.03391620640960028,0.05650488485000565,0.011294339220202683,2
kk,arcface_antelopev2,168,512,ours_accurate,age,0.02854864476531814,0.056310866122506784,0.011790373841945976,3
kk,arcface_antelopev2,224,1024,ours_accurate,skin_tone,0.0007250241748426071,0.010115122976797113,0.003169429388277693,6
kk,arcface_antelopev2,224,1024,ours_accurate,gender,0.004629036670435092,0.006374623719714655,0.0008727935246397815,2
kk,arcface_antelopev2,224,1024,ours_accurate,age,0.0034551771632779543,0.00644523288694103,0.0012219517196757957,3
kk,arcface_antelopev2,224,512,ours_accurate,skin_tone,0.010111481217328886,0.03395146981875846,0.008336005442545931,6
kk,arcface_antelopev2,224,512,ours_accurate,gender,0.020739467978868196,0.0348529837683981,0.007056757894764952,2
kk,arcface_antelopev2,224,512,ours_accurate,age,0.018133147455334772,0.03459784104443019,0.007035211019028984,3
kk,arcface_antelopev2,64,1024,ours_accurate,skin_tone,0.03747650064691847,0.07294365854070295,0.012540108407461113,6
kk,arcface_antelopev2,64,1024,ours_accurate,gender,0.05200653007519157,0.07891767109248632,0.013455570508647374,2
kk,arcface_antelopev2,64,1024,ours_accurate,age,0.04403457437961715,0.07928207153140002,0.015043278330760934,3
kk,arcface_antelopev2,64,512,ours_accurate,skin_tone,0.037182936834035715,0.07390105872398059,0.013316994048449006,6
kk,arcface_antelopev2,64,512,ours_accurate,gender,0.05295797617940382,0.08034243388491649,0.013692228852756335,2
kk,arcface_antelopev2,64,512,ours_accurate,age,0.045461153028875864,0.08062457039893114,0.015089845951364499,3
kk,arcface_antelopev2,96,1024,ours_accurate,skin_tone,0.003869165027791044,0.01558842828960574,0.0041396657840791435,6
kk,arcface_antelopev2,96,1024,ours_accurate,gender,0.00986370711924112,0.014340979181785191,0.0022386360312720358,2
kk,arcface_antelopev2,96,1024,ours_accurate,age,0.008210828869672303,0.014437201825650139,0.002604915420361596,3
kk,arcface_antelopev2,96,512,ours_accurate,skin_tone,0.009271164003100605,0.03065074960120857,0.007354708552251212,6
kk,arcface_antelopev2,96,512,ours_accurate,gender,0.018960761688699278,0.03048704180258931,0.005763140056945016,2
kk,arcface_antelopev2,96,512,ours_accurate,age,0.0168881469985843,0.0304147356618084,0.005838719491672558,3
kk,arcface_antelopev2,112,1024,ours_fast,skin_tone,0.00469322852124314,0.02044334942772573,0.005475096977402907,6
kk,arcface_antelopev2,112,1024,ours_fast,gender,0.012599819605357169,0.019082938809943675,0.0032415596022932532,2
kk,arcface_antelopev2,112,1024,ours_fast,age,0.011159841195029142,0.018908460373909364,0.003316748945061056,3
kk,arcface_antelopev2,112,512,ours_fast,skin_tone,0.01265579486668134,0.03789851749958656,0.00878637964844203,6
kk,arcface_antelopev2,112,512,ours_fast,gender,0.023787784164982326,0.03847146348743738,0.007341839661227527,2
kk,arcface_antelopev2,112,512,ours_fast,age,0.020827539651608454,0.03865994482022895,0.007797124324154827,3
kk,arcface_antelopev2,168,1024,ours_fast,skin_tone,0.0022444000475544627,0.014467860281156403,0.004156506010145703,6
kk,arcface_antelopev2,168,1024,ours_fast,gender,0.007820314836120619,0.012053816972162998,0.0021167510680211894,2
kk,arcface_antelopev2,168,1024,ours_fast,age,0.005748243712217304,0.011782442951951713,0.002464196491894011,3
kk,arcface_antelopev2,168,512,ours_fast,skin_tone,0.012494536310936631,0.0426500999464291,0.01025474589854378,6
kk,arcface_antelopev2,168,512,ours_fast,gender,0.02512708053656116,0.039756858065077054,0.007314888764257947,2
kk,arcface_antelopev2,168,512,ours_fast,age,0.019644385289529876,0.03998974909112821,0.008521320345023694,3
kk,arcface_antelopev2,224,1024,ours_fast,skin_tone,0.0007448320385645046,0.00721038243128699,0.002247149179754705,6
kk,arcface_antelopev2,224,1024,ours_fast,gender,0.004185533144283117,0.006194944133079667,0.0010047054943982752,2
kk,arcface_antelopev2,224,1024,ours_fast,age,0.0032746838806748486,0.006056929406247788,0.0011359013312841884,3
kk,arcface_antelopev2,224,512,ours_fast,skin_tone,0.003658386812741592,0.016860349773354086,0.004487900385490054,6
kk,arcface_antelopev2,224,512,ours_fast,gender,0.009713222373339516,0.01593991961981999,0.0031133486232402374,2
kk,arcface_antelopev2,224,512,ours_fast,age,0.007262556966657617,0.015805702710240413,0.0035098639582426773,3
kk,arcface_antelopev2,64,1024,ours_fast,skin_tone,0.07206280852632746,0.12090637171262691,0.016431802510366376,6
kk,arcface_antelopev2,64,1024,ours_fast,gender,0.09846673219858713,0.13664794956376847,0.019090608682590667,2
kk,arcface_antelopev2,64,1024,ours_fast,age,0.09137669387465347,0.1361321354069107,0.02023929398890486,3
kk,arcface_antelopev2,64,512,ours_fast,skin_tone,0.09013685608909455,0.1419166590939413,0.017644586535233733,6
kk,arcface_antelopev2,64,512,ours_fast,gender,0.11963241540493617,0.16132004587429602,0.020843815234679923,2
kk,arcface_antelopev2,64,512,ours_fast,age,0.11065137146139067,0.16117921264087565,0.02286759994313713,3
kk,arcface_antelopev2,96,1024,ours_fast,skin_tone,0.008641625003921773,0.037135451965853605,0.009866861538853904,6
kk,arcface_antelopev2,96,1024,ours_fast,gender,0.021148200739463434,0.034473057322615575,0.00666242829157607,2
kk,arcface_antelopev2,96,1024,ours_fast,age,0.017829846654650122,0.0345176915161584,0.007167927992468666,3
kk,arcface_antelopev2,96,512,ours_fast,skin_tone,0.022556497868960773,0.06071881880760213,0.012846151705978902,6
kk,arcface_antelopev2,96,512,ours_fast,gender,0.038865671451132566,0.06369901583135296,0.012416672190110195,2
kk,arcface_antelopev2,96,512,ours_fast,age,0.03390919151807534,0.06380385361011941,0.013039987609699797,3
kk,arcface_antelopev2,112,1024,webp,skin_tone,0.0018192894745098472,0.010850544723792797,0.0029098592466944456,6
kk,arcface_antelopev2,112,1024,webp,gender,0.00658717327921309,0.00881281812164725,0.0011128224212170797,2
kk,arcface_antelopev2,112,1024,webp,age,0.004823648641556672,0.008348099071071431,0.0014750893591263159,3
kk,arcface_antelopev2,112,512,webp,skin_tone,0.012500886099851869,0.042473187439949156,0.009185624061220005,6
kk,arcface_antelopev2,112,512,webp,gender,0.025301914390435068,0.03708679081538946,0.005892438212477195,2
kk,arcface_antelopev2,112,512,webp,age,0.020539795261620038,0.036542302320089946,0.006612996669929567,3
kk,arcface_antelopev2,168,1024,webp,skin_tone,0.0024191166781058304,0.014243369773235152,0.003722998181762319,6
kk,arcface_antelopev2,168,1024,webp,gender,0.007730011503254548,0.01208481704760339,0.002177402772174421,2
kk,arcface_antelopev2,168,1024,webp,age,0.005821707055250669,0.011797338407799023,0.002442801058535236,3
kk,arcface_antelopev2,168,512,webp,skin_tone,0.006387321024506363,0.02276817227965728,0.005435924671445592,6
kk,arcface_antelopev2,168,512,webp,gender,0.012459689928639418,0.019079332657223336,0.0033098213642919587,2
kk,arcface_antelopev2,168,512,webp,age,0.008655589948552644,0.01886044428215456,0.004170206946591793,3
kk,arcface_antelopev2,224,1024,webp,skin_tone,0.0016346689120975305,0.011274357690755948,0.0031042055226323377,6
kk,arcface_antelopev2,224,1024,webp,gender,0.005903694224903876,0.009312990028630855,0.0017046479018634894,2
kk,arcface_antelopev2,224,1024,webp,age,0.004576927766315755,0.009002932977267057,0.001807842437995992,3
kk,arcface_antelopev2,224,512,webp,skin_tone,0.0036385789490196944,0.013255376949000707,0.0031432366353253386,6
kk,arcface_antelopev2,224,512,webp,gender,0.007133116016396667,0.010910700298902145,0.001888792141252739,2
kk,arcface_antelopev2,224,512,webp,age,0.0053142361396088566,0.010797883485766907,0.0022442356689508333,3
kk,arcface_antelopev2,64,1024,webp,skin_tone,0.0021192030763078386,0.011511190931687426,0.003099628991209298,6
kk,arcface_antelopev2,64,1024,webp,gender,0.006886010650847103,0.00987495235192595,0.001494470850539423,2
kk,arcface_antelopev2,64,1024,webp,age,0.0054197179044696495,0.009543350639649638,0.0016915806178070336,3
kk,arcface_antelopev2,64,512,webp,skin_tone,0.014979426369123392,0.03548773229916365,0.006772706884242168,6
kk,arcface_antelopev2,64,512,webp,gender,0.025684290776139904,0.03406349160818746,0.004189600416023778,2
kk,arcface_antelopev2,64,512,webp,age,0.022816863064232022,0.0340787173966136,0.004891483673043478,3
kk,arcface_antelopev2,96,1024,webp,skin_tone,0.0016742846395413258,0.010607321725066088,0.002821589581669999,6
kk,arcface_antelopev2,96,1024,webp,gender,0.006506433273795617,0.008243304764581282,0.0008684357453928324,2
kk,arcface_antelopev2,96,1024,webp,age,0.005356123396445921,0.008005083305291306,0.0010846717703425776,3
kk,arcface_antelopev2,96,512,webp,skin_tone,0.016498802241835246,0.04352289392923474,0.008862523999478131,6
kk,arcface_antelopev2,96,512,webp,gender,0.02762882627506734,0.03877759978237825,0.005574386753655455,2
kk,arcface_antelopev2,96,512,webp,age,0.023067523101807715,0.03894828504582852,0.006672261202732088,3
kk,lvface_l,112,0,aligned,skin_tone,0.0011798465434700689,0.006666304760685884,0.0017946686776268927,6
kk,lvface_l,112,0,aligned,gender,0.003102072106216826,0.0032448183475671582,7.137312067516605e-05,2
kk,lvface_l,112,0,aligned,age,0.0013461007236453618,0.0034194346866199257,0.0009730476444156346,3
kk,lvface_l,168,0,aligned,skin_tone,0.0009096447372549236,0.006939950146097121,0.0020690970226599262,6
kk,lvface_l,168,0,aligned,gender,0.0029995344218223946,0.003048014816227052,2.424019720232871e-05,2
kk,lvface_l,168,0,aligned,age,0.001366059561480199,0.003310063251869026,0.0008881038681247941,3
kk,lvface_l,224,0,aligned,skin_tone,0.0009195486691158724,0.0071183896752903585,0.0021075342455144763,6
kk,lvface_l,224,0,aligned,gender,0.002941563502562318,0.0030016484856533977,3.004249154553982e-05,2
kk,lvface_l,224,0,aligned,age,0.0013732953118757534,0.003338481666855745,0.0008726991043865013,3
kk,lvface_l,64,0,aligned,skin_tone,0.0012095583390529152,0.00854721245898409,0.0026182704392701305,6
kk,lvface_l,64,0,aligned,gender,0.004012189492744466,0.00529297810929343,0.0006403943082744818,2
kk,lvface_l,64,0,aligned,age,0.0020097245860895337,0.005498042633063451,0.0014837171964048553,3
kk,lvface_l,96,0,aligned,skin_tone,0.0007547359704254534,0.006519600516898647,0.0020484289740769547,6
kk,lvface_l,96,0,aligned,gender,0.003077328347222191,0.0035819189395516595,0.00025229529616473427,2
kk,lvface_l,96,0,aligned,age,0.0015314178398455037,0.0038076553788036725,0.0010080523628149918,3
kk,lvface_l,112,1024,avif,skin_tone,0.003608867153436848,0.011733842708730423,0.0027646768544365287,6
kk,lvface_l,112,1024,avif,gender,0.006894773913010375,0.009251391617300757,0.001178308852145191,2
kk,lvface_l,112,1024,avif,age,0.003424907154802352,0.009434981276137764,0.002604584952109416,3
kk,lvface_l,112,512,avif,skin_tone,0.11068944392113317,0.14888784117028103,0.012771630529960313,6
kk,lvface_l,112,512,avif,gender,0.11508016247093286,0.16452289599359304,0.02472136676133009,2
kk,lvface_l,112,512,avif,age,0.08900950047923406,0.1607830026453424,0.030334575143632577,3
kk,lvface_l,168,1024,avif,skin_tone,0.0037934877158491646,0.013784694435976241,0.0033034712396771975,6
kk,lvface_l,168,1024,avif,gender,0.007145430850888765,0.010143000323935378,0.0014987847365233063,2
kk,lvface_l,168,1024,avif,age,0.004411127152319323,0.00980751010493994,0.002387229546128395,3
kk,lvface_l,168,512,avif,skin_tone,0.035865193741488555,0.053212693307107525,0.005948771692278018,6
kk,lvface_l,168,512,avif,gender,0.03484815617854322,0.06107464341084369,0.013113243616150235,2
kk,lvface_l,168,512,avif,age,0.021920326323891348,0.060454118102392054,0.01598014208904794,3
kk,lvface_l,224,1024,avif,skin_tone,0.003938492550817686,0.012880524606767293,0.0032553791011947866,6
kk,lvface_l,224,1024,avif,gender,0.007615525533417636,0.009602767493884602,0.0009936209802334827,2
kk,lvface_l,224,1024,avif,age,0.004714870288635105,0.009481783452396815,0.002124343285148265,3
kk,lvface_l,224,512,avif,skin_tone,0.011489406398017932,0.022727029836289853,0.003623618914942488,6
kk,lvface_l,224,512,avif,gender,0.013772156200579828,0.021093693279652014,0.003660768539536093,2
kk,lvface_l,224,512,avif,age,0.008012367259574438,0.020877607741668688,0.005436006926690234,3
kk,lvface_l,64,1024,avif,skin_tone,0.002488444201132472,0.011253786469072234,0.0028212099538577487,6
kk,lvface_l,64,1024,avif,gender,0.006791170840180819,0.01057205936969717,0.0018904442647581757,2
kk,lvface_l,64,1024,avif,age,0.003686984202096633,0.010453636845525527,0.002865577967348184,3
kk,lvface_l,64,512,avif,skin_tone,0.10023563772859295,0.1422086503674447,0.01396388783965847,6
kk,lvface_l,64,512,avif,gender,0.1066998158556205,0.15449704176916706,0.023898612956773285,2
kk,lvface_l,64,512,avif,age,0.08128775279125036,0.15302267859891605,0.029940210421232988,3
kk,lvface_l,96,1024,avif,skin_tone,0.0027388381436257193,0.011766179962959106,0.003035368695554168,6
kk,lvface_l,96,1024,avif,gender,0.006364250550634366,0.009828977557434282,0.0017323635033999578,2
kk,lvface_l,96,1024,avif,age,0.0037674621277099876,0.009722362993407375,0.002516135053458857,3
kk,lvface_l,96,512,avif,skin_tone,0.12219043969455629,0.14714960812818273,0.010363412351302176,6
kk,lvface_l,96,512,avif,gender,0.12031261512437838,0.16456574122224943,0.022126563048935524,2
kk,lvface_l,96,512,avif,age,0.09423761297588833,0.16199054574389682,0.02840070951943789,3
kk,lvface_l,112,1024,heif,skin_tone,0.004403218851306096,0.014146903422611818,0.0032105662611576504,6
kk,lvface_l,112,1024,heif,gender,0.008927170931197534,0.013471103578156656,0.002271966323479561,2
kk,lvface_l,112,1024,heif,age,0.006510998260388971,0.013366922591622126,0.0028320183589906336,3
kk,lvface_l,112,512,heif,skin_tone,0.23809633508201863,0.2857232498873028,0.017591572767054153,6
kk,lvface_l,112,512,heif,gender,0.2449222627874746,0.2963212644704288,0.025699500841477096,2
kk,lvface_l,112,512,heif,age,0.2178581936907392,0.29278123946836254,0.03066071840970995,3
kk,lvface_l,168,1024,heif,skin_tone,0.004838233356211661,0.016872692506364313,0.0036530725144722958,6
kk,lvface_l,168,1024,heif,gender,0.009269475742150972,0.015012632389116171,0.0028715783234825997,2
kk,lvface_l,168,1024,heif,age,0.005176514785105072,0.015421488925703653,0.004222654922973674,3
kk,lvface_l,168,512,heif,skin_tone,0.13028642149955783,0.15578447559773295,0.009989483471826975,6
kk,lvface_l,168,512,heif,gender,0.11861214531700116,0.17355155671996064,0.02746970570147974,2
kk,lvface_l,168,512,heif,age,0.0893059660068089,0.17056483971446307,0.03406249973929636,3
kk,lvface_l,224,1024,heif,skin_tone,0.007886889033496321,0.014349903343410228,0.0020771646608184783,6
kk,lvface_l,224,1024,heif,gender,0.009955020328228797,0.0144370745215944,0.002241027096682802,2
kk,lvface_l,224,1024,heif,age,0.0063136215601962385,0.014226787571929307,0.0033803727639674388,3
kk,lvface_l,224,512,heif,skin_tone,0.04688276555312665,0.06599280609666214,0.006751486076336162,6
kk,lvface_l,224,512,heif,gender,0.04526286373912601,0.0731787174608296,0.013957926860851795,2
kk,lvface_l,224,512,heif,age,0.030421290571177893,0.0722926203553459,0.017402812830706563,3
kk,lvface_l,64,1024,heif,skin_tone,0.004838233356211661,0.014983666507533763,0.0033025097053265445,6
kk,lvface_l,64,1024,heif,gender,0.008612897537655805,0.013922499981520977,0.002654801221932586,2
kk,lvface_l,64,1024,heif,age,0.004592062770553558,0.013991063437230944,0.003920225805529801,3
kk,lvface_l,64,512,heif,skin_tone,0.2419885102650939,0.2820977516415444,0.014784810011145772,6
kk,lvface_l,64,512,heif,gender,0.2431870415882036,0.29440474039480513,0.02560884940330077,2
kk,lvface_l,64,512,heif,age,0.21585583043008133,0.29316241259811243,0.03183885141262512,3
kk,lvface_l,96,1024,heif,skin_tone,0.0035232859096340193,0.014516311847758187,0.0035082307307154875,6
kk,lvface_l,96,1024,heif,gender,0.00874472935340824,0.013116949977065289,0.0021861103118285246,2
kk,lvface_l,96,1024,heif,age,0.00474930062726105,0.013357670949420336,0.0035785642944891815,3
kk,lvface_l,96,512,heif,skin_tone,0.24937636406147323,0.2852930929628231,0.011924301355100293,6
kk,lvface_l,96,512,heif,gender,0.2485453032521689,0.29530818602830367,0.023381441388067387,2
kk,lvface_l,96,512,heif,age,0.21793264635089823,0.2915290142064534,0.030793699004971736,3
kk,lvface_l,112,1024,jpeg2000,skin_tone,0.08558583675685041,0.12294930510089991,0.012986281400718157,6
kk,lvface_l,112,1024,jpeg2000,gender,0.09584034934803698,0.13777993431887048,0.02096979248541675,2
kk,lvface_l,112,1024,jpeg2000,age,0.07072172732263318,0.1355005354847894,0.027313403326979065,3
kk,lvface_l,112,512,jpeg2000,skin_tone,0.30476425291892795,0.36354065365748855,0.019690026995049983,6
kk,lvface_l,112,512,jpeg2000,gender,0.32602319092550847,0.36699578176988623,0.020486295422188883,2
kk,lvface_l,112,512,jpeg2000,age,0.3090478220358407,0.362934906350038,0.02225436719210318,3
kk,lvface_l,168,1024,jpeg2000,skin_tone,0.06163795563239393,0.0875915285704121,0.008623381416716154,6
kk,lvface_l,168,1024,jpeg2000,gender,0.06912612039453143,0.0964683267245551,0.013671103165011834,2
kk,lvface_l,168,1024,jpeg2000,age,0.049284973914214034,0.09568766024152423,0.019493158522642166,3
kk,lvface_l,168,512,jpeg2000,skin_tone,0.2806436923129135,0.3435956561776462,0.021382764170169852,6
kk,lvface_l,168,512,jpeg2000,gender,0.30174852520128714,0.347082929170543,0.022667201984627933,2
kk,lvface_l,168,512,jpeg2000,age,0.2806504226670371,0.34459391571962317,0.026353186920018312,3
kk,lvface_l,224,1024,jpeg2000,skin_tone,0.062498080710344114,0.08862400215401506,0.008628030072817077,6
kk,lvface_l,224,1024,jpeg2000,gender,0.06949787291775951,0.09923081160453805,0.014866469343389269,2
kk,lvface_l,224,1024,jpeg2000,age,0.04731578864889549,0.09737063955183886,0.021203824987343984,3
kk,lvface_l,224,512,jpeg2000,skin_tone,0.28557106105587365,0.33930123743504104,0.01900114133588367,6
kk,lvface_l,224,512,jpeg2000,gender,0.2997090996635208,0.34485440880492535,0.02257265457070229,2
kk,lvface_l,224,512,jpeg2000,age,0.27821316716250855,0.3402742151443665,0.025407113959222898,3
kk,lvface_l,64,1024,jpeg2000,skin_tone,0.15550608020020243,0.1982717939840665,0.01466585320919448,6
kk,lvface_l,64,1024,jpeg2000,gender,0.1630763986699782,0.21592973801213342,0.02642666967107761,2
kk,lvface_l,64,1024,jpeg2000,age,0.1325896451836041,0.21301228445065556,0.03352253055926971,3
kk,lvface_l,64,512,jpeg2000,skin_tone,0.3302632588606725,0.379550619400599,0.01686674156212252,6
kk,lvface_l,64,512,jpeg2000,gender,0.3598216979011993,0.3945381082070655,0.0173582051529331,2
kk,lvface_l,64,512,jpeg2000,age,0.34933075154594045,0.3929753889645585,0.019318933490748272,3
kk,lvface_l,96,1024,jpeg2000,skin_tone,0.08365125424295489,0.10869655101305617,0.008431745791832977,6
kk,lvface_l,96,1024,jpeg2000,gender,0.08690044568275926,0.1215856098366126,0.01734258207692667,2
kk,lvface_l,96,1024,jpeg2000,age,0.06518539459891778,0.12047969372500585,0.023109813803065128,3
kk,lvface_l,96,512,jpeg2000,skin_tone,0.29441076469701444,0.3446141958425588,0.015325565663629451,6
kk,lvface_l,96,512,jpeg2000,gender,0.32305495818883434,0.3567994640753739,0.016872252943269772,2
kk,lvface_l,96,512,jpeg2000,age,0.30918217213867694,0.35552291239045575,0.020450140202992392,3
kk,lvface_l,112,1024,jpeg,skin_tone,0.005533545735471422,0.016450235687420524,0.003432553978986156,6
kk,lvface_l,112,1024,jpeg,gender,0.00999975739580654,0.015716001190656966,0.002858121897425213,2
kk,lvface_l,112,1024,jpeg,age,0.0056796042027809765,0.015893113034309132,0.004248469125256583,3
kk,lvface_l,112,512,jpeg,skin_tone,0.23636466400030498,0.2880138942370784,0.019017038398407633,6
kk,lvface_l,112,512,jpeg,gender,0.24639349186188508,0.3016126126860651,0.027609560412090006,2
kk,lvface_l,112,512,jpeg,age,0.22266513822417644,0.29809793321672884,0.03079630704578191,3
kk,lvface_l,168,1024,jpeg,skin_tone,0.014590377380576862,0.03575652634998766,0.0076581457916566975,6
kk,lvface_l,168,1024,jpeg,gender,0.021876739040112655,0.04186568933952428,0.009994475149705813,2
kk,lvface_l,168,1024,jpeg,age,0.01573128162430117,0.04061576181471256,0.010247318627534979,3
kk,lvface_l,168,512,jpeg,skin_tone,0.1397532773839465,0.1874983061412387,0.01642182141567899,6
kk,lvface_l,168,512,jpeg,gender,0.1374326150197563,0.1934751890277483,0.028021287003996004,2
kk,lvface_l,168,512,jpeg,age,0.11362023797871892,0.19012158127113493,0.03175008627249023,3
kk,lvface_l,224,1024,jpeg,skin_tone,0.039976671707177974,0.06448473825404055,0.0096029207070388,6
kk,lvface_l,224,1024,jpeg,gender,0.04197682899827493,0.07300977330783494,0.015516472154780005,2
kk,lvface_l,224,1024,jpeg,age,0.03338328901013496,0.07104830888051376,0.015486058710572351,3
kk,lvface_l,224,512,jpeg,skin_tone,0.07316928218574062,0.10978244813173084,0.011482622106686168,6
kk,lvface_l,224,512,jpeg,gender,0.07908947776178532,0.11455888303942616,0.017734702638820418,2
kk,lvface_l,224,512,jpeg,age,0.062478900960306144,0.11227264766876713,0.020866739300836032,3
kk,lvface_l,64,1024,jpeg,skin_tone,0.0061468310138740635,0.016861705921373447,0.003263071375339243,6
kk,lvface_l,64,1024,jpeg,gender,0.010282853213870721,0.014800043138125553,0.002258594962127416,2
kk,lvface_l,64,1024,jpeg,age,0.005272570050587356,0.014736268498654333,0.004067502704543056,3
kk,lvface_l,64,512,jpeg,skin_tone,0.1451838207678241,0.20133462572735433,0.020370016479700097,6
kk,lvface_l,64,512,jpeg,gender,0.15722350909293178,0.2125103150110786,0.0276434029590734,2
kk,lvface_l,64,512,jpeg,age,0.13550571255752586,0.21178251828727823,0.03131534772922634,3
kk,lvface_l,96,1024,jpeg,skin_tone,0.005652392917802807,0.014605469075147164,0.0027872839476452403,6
kk,lvface_l,96,1024,jpeg,gender,0.008529601628621548,0.013769821762070245,0.0026201100667243484,2
kk,lvface_l,96,1024,jpeg,age,0.004734607958654378,0.013832602085061083,0.0038037863671299037,3
kk,lvface_l,96,512,jpeg,skin_tone,0.23315271261828224,0.2812962101602041,0.01852664431979896,6
kk,lvface_l,96,512,jpeg,gender,0.23375392286053875,0.3001445204901833,0.03319529881482228,2
kk,lvface_l,96,512,jpeg,age,0.21147557400216624,0.29717198482216667,0.03499037687481905,3
kk,lvface_l,112,1024,jpeg_ai,skin_tone,0.0026899094420118454,0.00899982513630444,0.0023389263701800054,6
kk,lvface_l,112,1024,jpeg_ai,gender,0.004973914032105462,0.00578291479258371,0.00040450038023912395,2
kk,lvface_l,112,1024,jpeg_ai,age,0.002670715363919624,0.005840615114184882,0.0014807525246989359,3
kk,lvface_l,112,512,jpeg_ai,skin_tone,0.00476890583318502,0.01783827537803679,0.00409936027096814,6
kk,lvface_l,112,512,jpeg_ai,gender,0.009750688103173696,0.014518942829756748,0.002384127363291526,2
kk,lvface_l,112,512,jpeg_ai,age,0.006344534142945846,0.014313908570901238,0.0033611541573122694,3
kk,lvface_l,224,1024,jpeg_ai,skin_tone,0.0017554643517155829,0.010399346790677014,0.003145286444903305,6
kk,lvface_l,224,1024,jpeg_ai,gender,0.004509670601805724,0.004558936456988407,2.4632927591341537e-05,2
kk,lvface_l,224,1024,jpeg_ai,age,0.0023845191486401617,0.00511917578503991,0.0011799934061518754,3
kk,lvface_l,224,512,jpeg_ai,skin_tone,0.005757782025327533,0.023659301067542212,0.005865960289611847,6
kk,lvface_l,224,512,jpeg_ai,gender,0.01027698884296168,0.012938240606180674,0.0013306258816094966,2
kk,lvface_l,224,512,jpeg_ai,age,0.00707352185593826,0.01257791035870056,0.002497718101939387,3
kk,lvface_l,112,1024,jpeg_fzt,skin_tone,0.005757782025327533,0.015401448563574066,0.0032109134956332234,6
kk,lvface_l,112,1024,jpeg_fzt,gender,0.009722220416989284,0.012934241897924536,0.0016060107404676262,2
kk,lvface_l,112,1024,jpeg_fzt,age,0.005201297456536946,0.012965890340695188,0.0033500613647023205,3
kk,lvface_l,112,512,jpeg_fzt,skin_tone,0.1448209294319147,0.18263283520070805,0.01350982903226256,6
kk,lvface_l,112,512,jpeg_fzt,gender,0.15013161703223768,0.19594830969892107,0.022908346333341698,2
kk,lvface_l,112,512,jpeg_fzt,age,0.12606059487902962,0.19196353300362184,0.027931979922090913,3
kk,lvface_l,168,1024,jpeg_fzt,skin_tone,0.004788713696906917,0.012348424332969943,0.0024974366012346285,6
kk,lvface_l,168,1024,jpeg_fzt,gender,0.008171667632024263,0.013307958741872681,0.002568145554924209,2
kk,lvface_l,168,1024,jpeg_fzt,age,0.00446573749659567,0.01341297027847885,0.003713471635074483,3
kk,lvface_l,168,512,jpeg_fzt,skin_tone,0.2422999583021534,0.296280426151754,0.019756780206089924,6
kk,lvface_l,168,512,jpeg_fzt,gender,0.24969552302906156,0.31525213849953304,0.03277830773523574,2
kk,lvface_l,168,512,jpeg_fzt,age,0.22516977807184999,0.31342219376940517,0.036045605705062225,3
kk,lvface_l,224,1024,jpeg_fzt,skin_tone,0.0062783777740359255,0.01406142365697935,0.0025303172708020494,6
kk,lvface_l,224,1024,jpeg_fzt,gender,0.009145607123276481,0.013542424528677353,0.002198408702700436,2
kk,lvface_l,224,1024,jpeg_fzt,age,0.0050449233419190215,0.013657440979259534,0.0036216902230032854,3
kk,lvface_l,224,512,jpeg_fzt,skin_tone,0.2081042164052433,0.2643701240780194,0.019425810406104506,6
kk,lvface_l,224,512,jpeg_fzt,gender,0.21702827119772033,0.278257305499479,0.030614517150879345,2
kk,lvface_l,224,512,jpeg_fzt,age,0.19366859417221466,0.2751920270189445,0.03331841243191132,3
kk,lvface_l,64,1024,jpeg_fzt,skin_tone,0.01954745791911991,0.031482712608428456,0.004599024311978255,6
kk,lvface_l,64,1024,jpeg_fzt,gender,0.022063478152440627,0.03254913812058474,0.005242829984072057,2
kk,lvface_l,64,1024,jpeg_fzt,age,0.013087781777784625,0.03331878672466871,0.008328103835990412,3
kk,lvface_l,64,512,jpeg_fzt,skin_tone,0.11902404703736552,0.153030504538042,0.012569979236505888,6
kk,lvface_l,64,512,jpeg_fzt,gender,0.1250109394576497,0.16416952978728558,0.019579295164817934,2
kk,lvface_l,64,512,jpeg_fzt,age,0.09979448432419451,0.16180495197564543,0.02605867375023203,3
kk,lvface_l,96,1024,jpeg_fzt,skin_tone,0.006143276870928353,0.014101646734907648,0.0026824577318161737,6
kk,lvface_l,96,1024,jpeg_fzt,gender,0.010072793956482782,0.01390538789017632,0.001916296966846769,2
kk,lvface_l,96,1024,jpeg_fzt,age,0.00581973747408328,0.013869477697673053,0.003400531624615619,3
kk,lvface_l,96,512,jpeg_fzt,skin_tone,0.11020770540289238,0.1459019913547262,0.0131191042693392,6
kk,lvface_l,96,512,jpeg_fzt,gender,0.11695840075732908,0.15744113291584627,0.020241366079258596,2
kk,lvface_l,96,512,jpeg_fzt,age,0.09210331152919274,0.15451934510353293,0.026550887549636373,3
kk,lvface_l,112,1024,jpeg_xl,skin_tone,0.003948396482678635,0.01432245978107239,0.0032046713125014254,6
kk,lvface_l,112,1024,jpeg_xl,gender,0.009229204402197818,0.013354697308086257,0.0020627464529442193,2
kk,lvface_l,112,1024,jpeg_xl,age,0.00567674995035133,0.013260005336135475,0.003202172259852001,3
kk,lvface_l,112,512,jpeg_xl,skin_tone,0.05347451500376722,0.08846669546036975,0.013864271941301423,6
kk,lvface_l,112,512,jpeg_xl,gender,0.05972753104947124,0.09973144706262752,0.020001958006578138,2
kk,lvface_l,112,512,jpeg_xl,age,0.03955651427286795,0.09710331498079106,0.024152201428249247,3
kk,lvface_l,168,1024,jpeg_xl,skin_tone,0.00742216273300791,0.01766271901957622,0.0032284847992873175,6
kk,lvface_l,168,1024,jpeg_xl,gender,0.010896005596796828,0.01889988807349003,0.004001941238346601,2
kk,lvface_l,168,1024,jpeg_xl,age,0.006154835528779796,0.019226092684637854,0.00536567338398495,3
kk,lvface_l,168,512,jpeg_xl,skin_tone,0.01678881191177229,0.03213017450746691,0.005302788896159639,6
kk,lvface_l,168,512,jpeg_xl,gender,0.02117353475290712,0.03652152528930746,0.00767399526820017,2
kk,lvface_l,168,512,jpeg_xl,age,0.011634651114569522,0.03669931181990542,0.010386372904723499,3
kk,lvface_l,224,1024,jpeg_xl,skin_tone,0.003928588618956737,0.013477109360604577,0.0028963234010533387,6
kk,lvface_l,224,1024,jpeg_xl,gender,0.00833942747366577,0.01189800260579529,0.0017792875660647602,2
kk,lvface_l,224,1024,jpeg_xl,age,0.004377360317140069,0.011745692045981169,0.0031979544524223026,3
kk,lvface_l,224,512,jpeg_xl,skin_tone,0.004343795260140403,0.013991918285834959,0.003002024960334148,6
kk,lvface_l,224,512,jpeg_xl,gender,0.008970353647730023,0.012525070703523572,0.0017773585278967746,2
kk,lvface_l,224,512,jpeg_xl,age,0.004307393800810356,0.012404434070912414,0.0035345543225513234,3
kk,lvface_l,64,1024,jpeg_xl,skin_tone,0.005592969326637115,0.01591957162214871,0.0033020303600854142,6
kk,lvface_l,64,1024,jpeg_xl,gender,0.009682242123373139,0.015044018119789756,0.0026808879982083084,2
kk,lvface_l,64,1024,jpeg_xl,age,0.00615001169518276,0.015214585973616555,0.0037197789254512148,3
kk,lvface_l,64,512,jpeg_xl,skin_tone,0.048280498597537594,0.08172105392245915,0.010927694283415572,6
kk,lvface_l,64,512,jpeg_xl,gender,0.05858178144885044,0.09248429956976115,0.016951259060455352,2
kk,lvface_l,64,512,jpeg_xl,age,0.042281618813248364,0.09117588981670705,0.0203561145695928,3
kk,lvface_l,96,1024,jpeg_xl,skin_tone,0.003483670182190224,0.015193841322133,0.0042021890354571635,6
kk,lvface_l,96,1024,jpeg_xl,gender,0.009488971751651962,0.013455668037316904,0.001983348142832471,2
kk,lvface_l,96,1024,jpeg_xl,age,0.0051962524551243455,0.013606464056345684,0.003542027237177272,3
kk,lvface_l,96,512,jpeg_xl,skin_tone,0.060237426942013464,0.08226196115016239,0.007970938617933767,6
kk,lvface_l,96,512,jpeg_xl,gender,0.060473084693723644,0.09428895467484752,0.016907934990561937,2
kk,lvface_l,96,512,jpeg_xl,age,0.04338407408189801,0.09143918704491909,0.02019748672609084,3
kk,lvface_l,112,1024,ours_accurate,skin_tone,0.0021192030763078386,0.01008338769139111,0.00273434457361008,6
kk,lvface_l,112,1024,ours_accurate,gender,0.0049914988212825155,0.00632844641017723,0.000668473794447357,2
kk,lvface_l,112,1024,ours_accurate,age,0.002342410723987533,0.006162837020837152,0.0017815217195411874,3
kk,lvface_l,112,512,ours_accurate,skin_tone,0.003938492550817686,0.016055697437467282,0.003969153865722136,6
kk,lvface_l,112,512,ours_accurate,gender,0.00818441041173899,0.01116915668997322,0.0014923731391171154,2
kk,lvface_l,112,512,ours_accurate,age,0.004268139628587374,0.01131720018742858,0.003000681634788046,3
kk,lvface_l,168,1024,ours_accurate,skin_tone,0.0021192030763078386,0.012197108020626249,0.003253566445995879,6
kk,lvface_l,168,1024,ours_accurate,gender,0.005564408996680724,0.007510246796172007,0.0009729188997456414,2
kk,lvface_l,168,1024,ours_accurate,age,0.002877518563490865,0.007779246078096913,0.0020653340905292476,3
kk,lvface_l,168,512,ours_accurate,skin_tone,0.02898343462091093,0.05029621815701591,0.007301671877794848,6
kk,lvface_l,168,512,ours_accurate,gender,0.03395656270713862,0.059618680630860586,0.012831058961860983,2
kk,lvface_l,168,512,ours_accurate,age,0.02328091947750051,0.05842036888647593,0.014484721643236597,3
kk,lvface_l,224,1024,ours_accurate,skin_tone,0.0018390973382317447,0.01784288023894785,0.005357209100484194,6
kk,lvface_l,224,1024,ours_accurate,gender,0.005255999974048039,0.005468798810718481,0.00010639941833522071,2
kk,lvface_l,224,1024,ours_accurate,age,0.0026139142706603224,0.00590559743909525,0.0014930182709937275,3
kk,lvface_l,224,512,ours_accurate,skin_tone,0.014504796136774033,0.028600499842785433,0.0045982556223320755,6
kk,lvface_l,224,512,ours_accurate,gender,0.018246857622587993,0.029570427313526264,0.005661784845469135,2
kk,lvface_l,224,512,ours_accurate,age,0.012312746477804802,0.02840391988411645,0.006776556391125474,3
kk,lvface_l,64,1024,ours_accurate,skin_tone,0.035587883649381986,0.06006775723640035,0.008797469148947556,6
kk,lvface_l,64,1024,ours_accurate,gender,0.04239491527548249,0.06810844566174454,0.012856765193131024,2
kk,lvface_l,64,1024,ours_accurate,age,0.027466169263676007,0.06696287510505977,0.016369827775410285,3
kk,lvface_l,64,512,ours_accurate,skin_tone,0.035196039014865926,0.06194500102078741,0.009352612623144877,6
kk,lvface_l,64,512,ours_accurate,gender,0.04318815309778286,0.06980992243456284,0.013310884668389991,2
kk,lvface_l,64,512,ours_accurate,age,0.02836403301091006,0.06824394322407454,0.016574204990606696,3
kk,lvface_l,96,1024,ours_accurate,skin_tone,0.0038331034432929597,0.011881148921340342,0.0028451278263216177,6
kk,lvface_l,96,1024,ours_accurate,gender,0.008107469245461948,0.011452469856411629,0.0016725003054748402,2
kk,lvface_l,96,1024,ours_accurate,age,0.005542967758182325,0.01178547187464358,0.0025521337800782145,3
kk,lvface_l,96,512,ours_accurate,skin_tone,0.00813728297598957,0.02215965510012094,0.004731334931758611,6
kk,lvface_l,96,512,ours_accurate,gender,0.01433287639473703,0.024819091732472782,0.0052431076688678755,2
kk,lvface_l,96,512,ours_accurate,age,0.010387681076651655,0.024805277783575712,0.005886298093368615,3
kk,lvface_l,112,1024,ours_fast,skin_tone,0.004238406152615677,0.015231362597469598,0.003660230284627523,6
kk,lvface_l,112,1024,ours_fast,gender,0.009396561269266916,0.014637057818967042,0.002620248274850063,2
kk,lvface_l,112,1024,ours_fast,age,0.005994743419642656,0.014671366104647355,0.0035836677199141066,3
kk,lvface_l,112,512,ours_fast,skin_tone,0.011904613039201598,0.028768154980228517,0.006009521641732144,6
kk,lvface_l,112,512,ours_fast,gender,0.018787120829048584,0.03184941125016104,0.006531145210556227,2
kk,lvface_l,112,512,ours_fast,age,0.012727458716025104,0.03203180293721877,0.007897657858972517,3
kk,lvface_l,168,1024,ours_fast,skin_tone,0.003338665347221703,0.011303516619885965,0.0027252952297522936,6
kk,lvface_l,168,1024,ours_fast,gender,0.006951273016606496,0.010086655737736372,0.0015676913605649381,2
kk,lvface_l,168,1024,ours_fast,age,0.003777994466166317,0.010363174901587334,0.0027396142181214497,3
kk,lvface_l,168,512,ours_fast,skin_tone,0.017167956968457875,0.03177175468297349,0.005187231735421027,6
kk,lvface_l,168,512,ours_fast,gender,0.020588611112903894,0.036399811686121296,0.0079056002866087,2
kk,lvface_l,168,512,ours_fast,age,0.013175495453793533,0.0368189807984742,0.009672573589519414,3
kk,lvface_l,224,1024,ours_fast,skin_tone,0.0022543039794154117,0.010441660504551682,0.00299926621993366,6
kk,lvface_l,224,1024,ours_fast,gender,0.00471504663053752,0.005337699432180557,0.00031132640082151856,2
kk,lvface_l,224,1024,ours_fast,age,0.0020667468471643998,0.00546325439377888,0.0015826339546811737,3
kk,lvface_l,224,512,ours_fast,skin_tone,0.005128243026148704,0.01656067449441509,0.003956804303259227,6
kk,lvface_l,224,512,ours_fast,gender,0.008434267284332053,0.012557645249310783,0.002061688982489365,2
kk,lvface_l,224,512,ours_fast,age,0.004206735869546599,0.012542787399963985,0.003546809808464402,3
kk,lvface_l,64,1024,ours_fast,skin_tone,0.09339704847840485,0.12101923894048411,0.010513363346324611,6
kk,lvface_l,64,1024,ours_fast,gender,0.09824223775425689,0.13756420334670977,0.01966098279622644,2
kk,lvface_l,64,1024,ours_fast,age,0.07701105040537405,0.13699233561801152,0.024684524333078554,3
kk,lvface_l,64,512,ours_fast,skin_tone,0.12639820710502103,0.15532242435252325,0.010159417637993093,6
kk,lvface_l,64,512,ours_fast,gender,0.12762044014139784,0.16899337906295608,0.020686469460779122,2
kk,lvface_l,64,512,ours_fast,age,0.10231966279645885,0.16838899889608555,0.02723152947840726,3
kk,lvface_l,96,1024,ours_fast,skin_tone,0.012570213622878511,0.028358589742780195,0.005094916370675375,6
kk,lvface_l,96,1024,ours_fast,gender,0.015943764578413934,0.02604674285500958,0.005051489138297824,2
kk,lvface_l,96,1024,ours_fast,age,0.011383769909178262,0.025779354477426644,0.005891346010715836,3
kk,lvface_l,96,512,ours_fast,skin_tone,0.02782339594116276,0.049628245963980244,0.007904354663733505,6
kk,lvface_l,96,512,ours_fast,gender,0.034081345481308874,0.05605431294587144,0.010986483732281282,2
kk,lvface_l,96,512,ours_fast,age,0.02340965666825691,0.05554913791367294,0.013211480346603195,3
kk,lvface_l,112,1024,webp,skin_tone,0.0022741118431373088,0.007499781483156995,0.0017005130099402934,6
kk,lvface_l,112,1024,webp,gender,0.005446111702378271,0.00751662870890852,0.0010352585032651243,2
kk,lvface_l,112,1024,webp,age,0.0027005430367640984,0.007198844312453453,0.0020981181860993173,3
kk,lvface_l,112,512,webp,skin_tone,0.01402660453598148,0.03004603330478571,0.006660944710389991,6
kk,lvface_l,112,512,webp,gender,0.01838096061917028,0.03317537418033843,0.0073972067805840765,2
kk,lvface_l,112,512,webp,age,0.010891413068601564,0.03296799463323127,0.00915626050642269,3
kk,lvface_l,168,1024,webp,skin_tone,0.0024191166781058304,0.01289110303523596,0.0037819546945259516,6
kk,lvface_l,168,1024,webp,gender,0.006481178334077625,0.009633857174927356,0.0015763394204248659,2
kk,lvface_l,168,1024,webp,age,0.0033856529825793697,0.0096865027599048,0.0026701427379337054,3
kk,lvface_l,168,512,webp,skin_tone,0.007537455772393585,0.018385998257961115,0.0040410372828130195,6
kk,lvface_l,168,512,webp,gender,0.010904592342324115,0.017300883298185257,0.0031981454779305713,2
kk,lvface_l,168,512,webp,age,0.004878037818017455,0.01746056445044962,0.005302882765258144,3
kk,lvface_l,224,1024,webp,skin_tone,0.002883842978594241,0.0092910629190527,0.0023431404565962127,6
kk,lvface_l,224,1024,webp,gender,0.005373137568327576,0.006884828335345829,0.0007558453835091266,2
kk,lvface_l,224,1024,webp,age,0.0027224714557663255,0.006896731502121066,0.0018613556073610615,3
kk,lvface_l,224,512,webp,skin_tone,0.00445273851061084,0.011771790273200232,0.002493892356875593,6
kk,lvface_l,224,512,webp,gender,0.007225580601857188,0.008604647048051365,0.0006895332230970885,2
kk,lvface_l,224,512,webp,age,0.003511535920906128,0.008984004440371871,0.002394198366292498,3
kk,lvface_l,64,1024,webp,skin_tone,0.0021489148718906856,0.011912884206746344,0.0032687106494971854,6
kk,lvface_l,64,1024,webp,gender,0.0064103321584210865,0.008382950341751901,0.0009863090916654074,2
kk,lvface_l,64,1024,webp,age,0.0027566806265767073,0.008184447337466545,0.0025012628896161626,3
kk,lvface_l,64,512,webp,skin_tone,0.017049109786126487,0.02849950496406381,0.004188061209056776,6
kk,lvface_l,64,512,webp,gender,0.021029001775190327,0.03111157636272665,0.005041287293768161,2
kk,lvface_l,64,512,webp,age,0.01437772398244469,0.031077584597532452,0.00693297999520213,3
kk,lvface_l,96,1024,webp,skin_tone,0.0019642943094783684,0.009110472950816257,0.0022496117687154345,6
kk,lvface_l,96,1024,webp,gender,0.005406958444697672,0.007090700555031517,0.0008418710551669228,2
kk,lvface_l,96,1024,webp,age,0.0031040594330813795,0.007179195459757766,0.0017672502816991822,3
kk,lvface_l,96,512,webp,skin_tone,0.017764230029108145,0.03295899016099457,0.005090130739738738,6
kk,lvface_l,96,512,webp,gender,0.021552386976623934,0.035660958010763105,0.0070542855170695855,2
kk,lvface_l,96,512,webp,age,0.014281468478319528,0.035348565212857674,0.0087472526883862,3
kk,topofr_r100,112,0,aligned,skin_tone,0.0001549087668294702,0.003616679316835798,0.0011777503171042248,6
kk,topofr_r100,112,0,aligned,gender,0.0015836651551005914,0.0022813668218942176,0.0003488508333968131,2
kk,topofr_r100,112,0,aligned,age,0.0007421322068901371,0.002278673604578129,0.0006768057017728716,3
kk,topofr_r100,168,0,aligned,skin_tone,0.0001351009031075726,0.003701306744585131,0.0012123011926813924,6
kk,topofr_r100,168,0,aligned,gender,0.0015501040308672101,0.0020842147570137672,0.00026705536307327857,2
kk,topofr_r100,168,0,aligned,age,0.0007026568668515907,0.002138522227295945,0.0006397041337405722,3
kk,topofr_r100,224,0,aligned,skin_tone,0.0001549087668294702,0.0036589930307104647,0.0011982719891355837,6
kk,topofr_r100,224,0,aligned,gender,0.001526399280419435,0.0020647142061565498,0.0002691574628685574,2
kk,topofr_r100,224,0,aligned,age,0.0006609907778300902,0.0021243528254612444,0.0006486963126098614,3
kk,topofr_r100,64,0,aligned,skin_tone,0.0009492604646987188,0.006897636432222454,0.0020493929864419274,6
kk,topofr_r100,64,0,aligned,gender,0.00287914105408803,0.0040777550552193575,0.0005993070005656637,2
kk,topofr_r100,64,0,aligned,age,0.0014351414065476554,0.0037633368338932834,0.0010651059921142768,3
kk,topofr_r100,96,0,aligned,skin_tone,0.00029000966993704283,0.004605476573794081,0.0014309167701230666,6
kk,topofr_r100,96,0,aligned,gender,0.0017655789050663824,0.0024368943226459874,0.0003356577087898025,2
kk,topofr_r100,96,0,aligned,age,0.0008901647320346867,0.0023518633942448235,0.0006662992097519954,3
kk,topofr_r100,112,1024,avif,skin_tone,0.0018093855426488982,0.008596583391025002,0.0024904913066318354,6
kk,topofr_r100,112,1024,avif,gender,0.005166500868242331,0.00851361581210415,0.0016735574719309093,2
kk,topofr_r100,112,1024,avif,age,0.002655580359681823,0.008176993999166193,0.00231112622376634,3
kk,topofr_r100,112,512,avif,skin_tone,0.07762886170335126,0.12677668343704052,0.015313379645399357,6
kk,topofr_r100,112,512,avif,gender,0.09176999819450019,0.1411278505771182,0.024678926191309014,2
kk,topofr_r100,112,512,avif,age,0.07884964542072093,0.13829645512099648,0.024431403441912806,3
kk,topofr_r100,168,1024,avif,skin_tone,0.0028541311830113944,0.01195519792062101,0.003074698693956423,6
kk,topofr_r100,168,1024,avif,gender,0.00601294769603116,0.009839404786108997,0.0019132285450389184,2
kk,topofr_r100,168,1024,avif,age,0.004399288736142296,0.00938594980527356,0.0020454480293676893,3
kk,topofr_r100,168,512,avif,skin_tone,0.024290206099667793,0.05167461054875399,0.009174289410538031,6
kk,topofr_r100,168,512,avif,gender,0.030995058986102827,0.05368713458003476,0.011346037796965967,2
kk,topofr_r100,168,512,avif,age,0.0221433912959509,0.0528332428434254,0.012542398611174782,3
kk,topofr_r100,224,1024,avif,skin_tone,0.002564121513074352,0.010346722383553282,0.0026171427240398726,6
kk,topofr_r100,224,1024,avif,gender,0.005707450049977813,0.010362455613292017,0.0023275027816571023,2
kk,topofr_r100,224,1024,avif,age,0.0034207468246520083,0.009651776873940943,0.0026112295796358867,3
kk,topofr_r100,224,512,avif,skin_tone,0.005487580219112388,0.019932217964251854,0.004552469732256031,6
kk,topofr_r100,224,512,avif,gender,0.01053082107133116,0.02094209096587151,0.005205634947270175,2
kk,topofr_r100,224,512,avif,age,0.007188872455808688,0.020407883946428465,0.005398000115486507,3
kk,topofr_r100,64,1024,avif,skin_tone,0.0026992224161819242,0.010819696419875489,0.0029038632580221458,6
kk,topofr_r100,64,1024,avif,gender,0.005771883218026624,0.010116787996805415,0.0021724523893893954,2
kk,topofr_r100,64,1024,avif,age,0.004285907717439258,0.009580458962249792,0.002167795520113482,3
kk,topofr_r100,64,512,avif,skin_tone,0.06540883983855167,0.11764660443025833,0.01667146926999336,6
kk,topofr_r100,64,512,avif,gender,0.09035151961271805,0.13261565958985794,0.021132069988569945,2
kk,topofr_r100,64,512,avif,age,0.0798293559588071,0.13238154897000642,0.022053295725822104,3
kk,topofr_r100,96,1024,avif,skin_tone,0.002438924541827728,0.012216871122789484,0.003282460466557989,6
kk,topofr_r100,96,1024,avif,gender,0.005569984483027797,0.009185485973527967,0.001807750745250085,2
kk,topofr_r100,96,1024,avif,age,0.0038617689798404464,0.008800873955067939,0.0020233862059484088,3
kk,topofr_r100,96,512,avif,skin_tone,0.08412512597832805,0.1312562889750778,0.014911295726397975,6
kk,topofr_r100,96,512,avif,gender,0.10155277214458772,0.1456358318346424,0.022041529845027344,2
kk,topofr_r100,96,512,avif,age,0.09004725540078216,0.1438310339316911,0.02235203549278233,3
kk,topofr_r100,112,1024,heif,skin_tone,0.003608867153436848,0.01355336276443967,0.0033719243753038046,6
kk,topofr_r100,112,1024,heif,gender,0.007606704006403854,0.013747640311831406,0.0030704681527137763,2
kk,topofr_r100,112,1024,heif,age,0.00508001718399166,0.013265053540621921,0.0033440534010250895,3
kk,topofr_r100,112,512,heif,skin_tone,0.19532881585925438,0.25278942777518765,0.020042217838153884,6
kk,topofr_r100,112,512,heif,gender,0.2182558737197778,0.27888210065007135,0.03031311346514677,2
kk,topofr_r100,112,512,heif,age,0.20564112293030362,0.27562049018643653,0.030117385943780575,3
kk,topofr_r100,168,1024,heif,skin_tone,0.0035989632215758993,0.01606627586593595,0.004625350847122372,6
kk,topofr_r100,168,1024,heif,gender,0.0084115973806561,0.014845205588721894,0.003216804104032897,2
kk,topofr_r100,168,1024,heif,age,0.0055999900192571905,0.014771153264861442,0.00374706820001792,3
kk,topofr_r100,168,512,heif,skin_tone,0.09338994019251343,0.13481736125974636,0.01402607766193277,6
kk,topofr_r100,168,512,heif,gender,0.09833077276346638,0.15027960896814213,0.025974418102337873,2
kk,topofr_r100,168,512,heif,age,0.08100702298384194,0.14829917850676014,0.02760901455165727,3
kk,topofr_r100,224,1024,heif,skin_tone,0.0036682907446025405,0.012907459110977178,0.0031220299658044856,6
kk,topofr_r100,224,1024,heif,gender,0.008123701170879955,0.014975162759828256,0.0034257307944741506,2
kk,topofr_r100,224,1024,heif,age,0.005673895697921683,0.014328077972735939,0.0035359786033989844,3
kk,topofr_r100,224,512,heif,skin_tone,0.034731312714377516,0.059280488819505824,0.008179290844756958,6
kk,topofr_r100,224,512,heif,gender,0.03915783017916265,0.06704944396862103,0.013945806894729192,2
kk,topofr_r100,224,512,heif,age,0.028164444632561687,0.0654744271375573,0.015232162506782393,3
kk,topofr_r100,64,1024,heif,skin_tone,0.0054380605598076445,0.013630738349362074,0.002850611720561801,6
kk,topofr_r100,64,1024,heif,gender,0.0075009937840553225,0.01332795063788295,0.002913478426913814,2
kk,topofr_r100,64,1024,heif,age,0.00568376453293132,0.013011319976886057,0.002997959865220079,3
kk,topofr_r100,64,512,heif,skin_tone,0.18403469245248588,0.2418383482567134,0.019143875296901584,6
kk,topofr_r100,64,512,heif,gender,0.21484261539562846,0.26876151088580247,0.026959447745087003,2
kk,topofr_r100,64,512,heif,age,0.2065892364530208,0.2672403432406881,0.027503330612327903,3
kk,topofr_r100,96,1024,heif,skin_tone,0.002603737240518147,0.014028027119426516,0.003955116997976402,6
kk,topofr_r100,96,1024,heif,gender,0.007321949792918506,0.013706695488075394,0.003192372847578444,2
kk,topofr_r100,96,1024,heif,age,0.004759611797901815,0.013489620237211952,0.003564250305739008,3
kk,topofr_r100,96,512,heif,skin_tone,0.19251074626074105,0.2436076107223487,0.019754963743915097,6
kk,topofr_r100,96,512,heif,gender,0.2095162977913535,0.2700521668273177,0.030267934517982098,2
kk,topofr_r100,96,512,heif,age,0.19498638259246312,0.26644666712127446,0.030306903672115762,3
kk,topofr_r100,112,1024,jpeg2000,skin_tone,0.06379322029319986,0.11599109305747514,0.017745602538858065,6
kk,topofr_r100,112,1024,jpeg2000,gender,0.08673817809196407,0.12849173476384562,0.020876778335940774,2
kk,topofr_r100,112,1024,jpeg2000,age,0.07006644504966239,0.12757185298061918,0.023618954778819597,3
kk,topofr_r100,112,512,jpeg2000,skin_tone,0.2786936145752179,0.3442165160901928,0.024444288472962053,6
kk,topofr_r100,112,512,jpeg2000,gender,0.31275149371471844,0.3701315082329818,0.028690007259131678,2
kk,topofr_r100,112,512,jpeg2000,age,0.3020194212372822,0.36409426899405306,0.027865651136070112,3
kk,topofr_r100,168,1024,jpeg2000,skin_tone,0.04771317883549399,0.09241324240836138,0.015062310925014711,6
kk,topofr_r100,168,1024,jpeg2000,gender,0.06804258860628953,0.10298775530515786,0.017472583349434162,2
kk,topofr_r100,168,1024,jpeg2000,age,0.055697020798345695,0.10217108441036596,0.019138584266123637,3
kk,topofr_r100,168,512,jpeg2000,skin_tone,0.26861388230246525,0.33308339885490545,0.021242723239302864,6
kk,topofr_r100,168,512,jpeg2000,gender,0.3018096697064405,0.35257461019200176,0.02538247024278062,2
kk,topofr_r100,168,512,jpeg2000,age,0.29450722285131925,0.34776488127030947,0.024722615617357183,3
kk,topofr_r100,224,1024,jpeg2000,skin_tone,0.0490883083702135,0.0925115016895843,0.014049619139157504,6
kk,topofr_r100,224,1024,jpeg2000,gender,0.06668821340784999,0.10135613563824453,0.01733396111519727,2
kk,topofr_r100,224,1024,jpeg2000,age,0.05119401963986712,0.10020669043945502,0.02002327233026199,3
kk,topofr_r100,224,512,jpeg2000,skin_tone,0.25847420628350587,0.3241325536683404,0.025024895563031772,6
kk,topofr_r100,224,512,jpeg2000,gender,0.2871360754283895,0.34973741548209153,0.031300670026851024,2
kk,topofr_r100,224,512,jpeg2000,age,0.27499783374301634,0.34412341448213224,0.030121269032664533,3
kk,topofr_r100,64,1024,jpeg2000,skin_tone,0.12522395185349006,0.18550242563324543,0.02064401823785442,6
kk,topofr_r100,64,1024,jpeg2000,gender,0.15403702643957706,0.21668925578513004,0.03132611467277649,2
kk,topofr_r100,64,1024,jpeg2000,age,0.14206032555893106,0.21502405504383199,0.031261060164358014,3
kk,topofr_r100,64,512,jpeg2000,skin_tone,0.344429232192752,0.38379247233226566,0.014955966284535882,6
kk,topofr_r100,64,512,jpeg2000,gender,0.3677435578843248,0.40293000776388443,0.017593224939779828,2
kk,topofr_r100,64,512,jpeg2000,age,0.3613950596578075,0.40094542186250404,0.017417863524788506,3
kk,topofr_r100,96,1024,jpeg2000,skin_tone,0.06186574606519575,0.10973578949572865,0.014778859319039425,6
kk,topofr_r100,96,1024,jpeg2000,gender,0.08233098940766997,0.1229084556755104,0.02028873313392021,2
kk,topofr_r100,96,1024,jpeg2000,age,0.06853062478267828,0.12230530286481986,0.022227569395893553,3
kk,topofr_r100,96,512,jpeg2000,skin_tone,0.28360117545445623,0.33541146238601327,0.017188490798627235,6
kk,topofr_r100,96,512,jpeg2000,gender,0.315998282921232,0.3599218641302708,0.021961790604519388,2
kk,topofr_r100,96,512,jpeg2000,age,0.30216770714366326,0.356579442503941,0.023385308106222018,3
kk,topofr_r100,112,1024,jpeg,skin_tone,0.0036286750171587454,0.014870182660996713,0.0036376364433187043,6
kk,topofr_r100,112,1024,jpeg,gender,0.009152556282257786,0.015300055527983697,0.0030737496228629554,2
kk,topofr_r100,112,1024,jpeg,age,0.007215403540592387,0.014451360006731449,0.0029561908061658533,3
kk,topofr_r100,112,512,jpeg,skin_tone,0.2131694816972806,0.2711442830088332,0.021149891939683477,6
kk,topofr_r100,112,512,jpeg,gender,0.23005796997081318,0.2987186424039244,0.034330336216555596,2
kk,topofr_r100,112,512,jpeg,age,0.2150717272496634,0.2966907681023536,0.034774525870935644,3
kk,topofr_r100,168,1024,jpeg,skin_tone,0.014185074671254145,0.036987775952311105,0.0073806063077783,6
kk,topofr_r100,168,1024,jpeg,gender,0.023196212735884875,0.043850366050116676,0.010327076657115901,2
kk,topofr_r100,168,1024,jpeg,age,0.01790220415860566,0.04281713923017284,0.010221276376518077,3
kk,topofr_r100,168,512,jpeg,skin_tone,0.13938442614231727,0.1874246407254789,0.015541777302919228,6
kk,topofr_r100,168,512,jpeg,gender,0.13828774187420767,0.1917508251575442,0.02673154164166827,2
kk,topofr_r100,168,512,jpeg,age,0.12245696378414868,0.18938657565083156,0.027415790160201365,3
kk,topofr_r100,224,1024,jpeg,skin_tone,0.028123309542960752,0.06302490916872822,0.011268875183698904,6
kk,topofr_r100,224,1024,jpeg,gender,0.04180762717351416,0.06959837856587789,0.013895375696181864,2
kk,topofr_r100,224,1024,jpeg,age,0.03322580905643921,0.06753701997759148,0.014100198598540276,3
kk,topofr_r100,224,512,jpeg,skin_tone,0.0706159737918935,0.11454225906724685,0.013928979945550353,6
kk,topofr_r100,224,512,jpeg,gender,0.07676598183299013,0.11012607471733002,0.016680046442169943,2
kk,topofr_r100,224,512,jpeg,age,0.06129554635958469,0.10817284569942126,0.01917142468295307,3
kk,topofr_r100,64,1024,jpeg,skin_tone,0.0037835837839882156,0.014776911189270995,0.003684039566450224,6
kk,topofr_r100,64,1024,jpeg,gender,0.008940776202823134,0.013071039839064536,0.002065131818120701,2
kk,topofr_r100,64,1024,jpeg,age,0.00604211801352345,0.012626998444673368,0.002702526994129145,3
kk,topofr_r100,64,512,jpeg,skin_tone,0.10282591689430445,0.16215709516482693,0.018919373447478637,6
kk,topofr_r100,64,512,jpeg,gender,0.1319795083788713,0.18031360340441552,0.024167047512772113,2
kk,topofr_r100,64,512,jpeg,age,0.12483919659102645,0.1811672886858423,0.02483572560409861,3
kk,topofr_r100,96,1024,jpeg,skin_tone,0.0032431801715579254,0.012764161893611958,0.0033901284609056982,6
kk,topofr_r100,96,1024,jpeg,gender,0.0073222761334558045,0.01207277596042333,0.002375249913483763,2
kk,topofr_r100,96,1024,jpeg,age,0.00599299500629083,0.011551211324394652,0.0022698191843517454,3
kk,topofr_r100,96,512,jpeg,skin_tone,0.20600482119265734,0.26079767422605843,0.018666836232653444,6
kk,topofr_r100,96,512,jpeg,gender,0.22805126315663837,0.28812030440533587,0.03003452062434875,2
kk,topofr_r100,96,512,jpeg,age,0.22480941315174507,0.2865547014699067,0.02791396026894795,3
kk,topofr_r100,112,1024,jpeg_ai,skin_tone,0.002503054499856101,0.007296829204483596,0.0017426683807699659,6
kk,topofr_r100,112,1024,jpeg_ai,gender,0.004037193003875816,0.00632802497654728,0.0011454159863357322,2
kk,topofr_r100,112,1024,jpeg_ai,age,0.0025029451687558013,0.005813927772457823,0.0014676635855321418,3
kk,topofr_r100,112,512,jpeg_ai,skin_tone,0.005447964491668593,0.01753653359315656,0.004332601053655361,6
kk,topofr_r100,112,512,jpeg_ai,gender,0.01037503307654431,0.018770278814728748,0.004197622869092219,2
kk,topofr_r100,112,512,jpeg_ai,age,0.007584931933914851,0.018456417282137576,0.004440348777631785,3
kk,topofr_r100,224,1024,jpeg_ai,skin_tone,0.0011366146424512278,0.005226168294144615,0.0014681792009262392,6
kk,topofr_r100,224,1024,jpeg_ai,gender,0.002879157701188176,0.004267781129720653,0.0006943117142662384,2
kk,topofr_r100,224,1024,jpeg_ai,age,0.0017235283708100717,0.00404590361574526,0.0010055686904637152,3
kk,topofr_r100,224,512,jpeg_ai,skin_tone,0.0038430073751539087,0.024299010185034497,0.006346663215024655,6
kk,topofr_r100,224,512,jpeg_ai,gender,0.010433082369410648,0.01733727702180294,0.003452097326196146,2
kk,topofr_r100,224,512,jpeg_ai,age,0.007646999196402318,0.017008668506826044,0.003822087667508303,3
kk,topofr_r100,112,1024,jpeg_fzt,skin_tone,0.004073593453925259,0.015282572260388764,0.004149502707285053,6
kk,topofr_r100,112,1024,jpeg_fzt,gender,0.00878740505099241,0.012444599299773733,0.0018285971243906613,2
kk,topofr_r100,112,1024,jpeg_fzt,age,0.0062607596292717175,0.011976651307406938,0.0023550818458571536,3
kk,topofr_r100,112,512,jpeg_fzt,skin_tone,0.1033599707178195,0.14641035449530976,0.013498533173591532,6
kk,topofr_r100,112,512,jpeg_fzt,gender,0.12175800043983406,0.16853663763275362,0.023389318596459777,2
kk,topofr_r100,112,512,jpeg_fzt,age,0.11313493757906759,0.16674433506297143,0.022746038533870725,3
kk,topofr_r100,168,1024,jpeg_fzt,skin_tone,0.003318857483499805,0.01373862806755651,0.003381827391167249,6
kk,topofr_r100,168,1024,jpeg_fzt,gender,0.007618436909996975,0.012694152715073074,0.0025378579025380496,2
kk,topofr_r100,168,1024,jpeg_fzt,age,0.004722548374661788,0.012042143828031709,0.003013521683755225,3
kk,topofr_r100,168,512,jpeg_fzt,skin_tone,0.2058534665687736,0.27339638559386603,0.023588602092813882,6
kk,topofr_r100,168,512,jpeg_fzt,gender,0.22996662418523134,0.2986412546459354,0.03433731523035202,2
kk,topofr_r100,168,512,jpeg_fzt,age,0.21974167671956157,0.2966069322002518,0.03281179763208065,3
kk,topofr_r100,224,1024,jpeg_fzt,skin_tone,0.0036484828808806434,0.011728809098954553,0.0027384825115601167,6
kk,topofr_r100,224,1024,jpeg_fzt,gender,0.007650628523371161,0.012992279118945942,0.0026708252977873906,2
kk,topofr_r100,224,1024,jpeg_fzt,age,0.00556533851281568,0.012392312386262008,0.0027871178977381403,3
kk,topofr_r100,224,512,jpeg_fzt,skin_tone,0.18161912991732576,0.23818947489267522,0.0204722206788462,6
kk,topofr_r100,224,512,jpeg_fzt,gender,0.1996734964139068,0.2653093170857753,0.03281791033593426,2
kk,topofr_r100,224,512,jpeg_fzt,age,0.18543614176804646,0.26290306422709764,0.03275913353152014,3
kk,topofr_r100,64,1024,jpeg_fzt,skin_tone,0.015249628175338537,0.03920195098973083,0.008700939183081187,6
kk,topofr_r100,64,1024,jpeg_fzt,gender,0.025398354331672,0.03621969983657105,0.005410672752449525,2
kk,topofr_r100,64,1024,jpeg_fzt,age,0.019521114506644514,0.03655054432139444,0.007029757654769095,3
kk,topofr_r100,64,512,jpeg_fzt,skin_tone,0.07505839040136167,0.13063814135856996,0.01755287851245345,6
kk,topofr_r100,64,512,jpeg_fzt,gender,0.10518229564945925,0.1469489662828558,0.02088333531669828,2
kk,topofr_r100,64,512,jpeg_fzt,age,0.0975212182327925,0.14655513032441675,0.0215443842553365,3
kk,topofr_r100,96,1024,jpeg_fzt,skin_tone,0.004208694357032831,0.015122553513836035,0.003971611097356013,6
kk,topofr_r100,96,1024,jpeg_fzt,gender,0.00973026684936796,0.014043699254933992,0.0021567162027830164,2
kk,topofr_r100,96,1024,jpeg_fzt,age,0.006796752140037306,0.013422567860886032,0.0027312342231000193,3
kk,topofr_r100,96,512,jpeg_fzt,skin_tone,0.06760372022680139,0.11287527852661391,0.01438148435288834,6
kk,topofr_r100,96,512,jpeg_fzt,gender,0.09268547221538243,0.12811708873757605,0.01771580826109681,2
kk,topofr_r100,96,512,jpeg_fzt,age,0.08406917423091356,0.12778831385897035,0.018562671317591664,3
kk,topofr_r100,112,1024,jpeg_xl,skin_tone,0.0034638623184683266,0.014264860360357992,0.003462126910839797,6
kk,topofr_r100,112,1024,jpeg_xl,gender,0.008143125033889196,0.01451414064239924,0.0031855078042550217,2
kk,topofr_r100,112,1024,jpeg_xl,age,0.005542967758182325,0.013726898489399357,0.0033557911508879266,3
kk,topofr_r100,112,512,jpeg_xl,skin_tone,0.045172419329087235,0.08426970847723694,0.01216163869256418,6
kk,topofr_r100,112,512,jpeg_xl,gender,0.05870701713889355,0.096108628186777,0.018700805523941724,2
kk,topofr_r100,112,512,jpeg_xl,age,0.046350633328291174,0.0951293119510487,0.020000778665960166,3
kk,topofr_r100,168,1024,jpeg_xl,skin_tone,0.005757782025327533,0.018366783184296763,0.004100390798593274,6
kk,topofr_r100,168,1024,jpeg_xl,gender,0.01032282734571183,0.018429753245719986,0.004053462950004078,2
kk,topofr_r100,168,1024,jpeg_xl,age,0.006879420814633614,0.01799830461288701,0.004539414159383742,3
kk,topofr_r100,168,512,jpeg_xl,skin_tone,0.010935544710780981,0.029059147892415087,0.005735655829086406,6
kk,topofr_r100,168,512,jpeg_xl,gender,0.018256048829973892,0.031078608942182704,0.006411280056104406,2
kk,topofr_r100,168,512,jpeg_xl,age,0.012095189771961667,0.030494346707371375,0.0075116241344857105,3
kk,topofr_r100,224,1024,jpeg_xl,skin_tone,0.001334755310299539,0.011258820078848104,0.0032594248201008764,6
kk,topofr_r100,224,1024,jpeg_xl,gender,0.006615917364634362,0.012553698403768897,0.0029688905195672678,2
kk,topofr_r100,224,1024,jpeg_xl,age,0.004096209103273208,0.011361597485544552,0.003014451505767389,3
kk,topofr_r100,224,512,jpeg_xl,skin_tone,0.001664380707680377,0.011254705834511363,0.003271906826109651,6
kk,topofr_r100,224,512,jpeg_xl,gender,0.006830621305973461,0.013159612703976087,0.003164495699001313,2
kk,topofr_r100,224,512,jpeg_xl,age,0.004330428058890404,0.012055411336645049,0.0031727338293594046,3
kk,topofr_r100,64,1024,jpeg_xl,skin_tone,0.0044230267150279935,0.01777022499444128,0.004441151902209705,6
kk,topofr_r100,64,1024,jpeg_xl,gender,0.008827898687106948,0.015151983881147316,0.0031620425970201836,2
kk,topofr_r100,64,1024,jpeg_xl,age,0.006423705990838503,0.01477618451038239,0.003411397648804974,3
kk,topofr_r100,64,512,jpeg_xl,skin_tone,0.03442784496963382,0.07280740589473154,0.01271023570896081,6
kk,topofr_r100,64,512,jpeg_xl,gender,0.0537038828569282,0.08731273243294138,0.01680442478800659,2
kk,topofr_r100,64,512,jpeg_xl,age,0.04282949159853635,0.08780692471489265,0.018606598866216326,3
kk,topofr_r100,96,1024,jpeg_xl,skin_tone,0.0036385789490196944,0.014125412835488977,0.0037928950513865137,6
kk,topofr_r100,96,1024,jpeg_xl,gender,0.007816842337517487,0.014790661291756498,0.003486909477119505,2
kk,topofr_r100,96,1024,jpeg_xl,age,0.004980665330448601,0.014504588921428061,0.0038884283023005845,3
kk,topofr_r100,96,512,jpeg_xl,skin_tone,0.03956954607058918,0.07337206833486173,0.011020902678099763,6
kk,topofr_r100,96,512,jpeg_xl,gender,0.053148555748622595,0.08885984360651875,0.017855643928948076,2
kk,topofr_r100,96,512,jpeg_xl,age,0.04360975120939896,0.08795166015503905,0.018290104605426093,3
kk,topofr_r100,112,1024,ours_accurate,skin_tone,0.00195439037761742,0.008790603518389686,0.002402472331412713,6
kk,topofr_r100,112,1024,ours_accurate,gender,0.00400285262323229,0.006215841588349393,0.0011064944825585517,2
kk,topofr_r100,112,1024,ours_accurate,age,0.0021579782790496476,0.005875058230794825,0.0015926925838197902,3
kk,topofr_r100,112,512,ours_accurate,skin_tone,0.0027784538710695144,0.014646550551310526,0.004068337989203525,6
kk,topofr_r100,112,512,ours_accurate,gender,0.007254902456402399,0.012044766953821527,0.002394932248709564,2
kk,topofr_r100,112,512,ours_accurate,age,0.005094931020413897,0.011852280320227927,0.0027588207107340627,3
kk,topofr_r100,168,1024,ours_accurate,skin_tone,0.001334755310299539,0.007739809602986088,0.002231973622267994,6
kk,topofr_r100,168,1024,ours_accurate,gender,0.004310733818041473,0.007876446739475618,0.0017828564607170728,2
kk,topofr_r100,168,1024,ours_accurate,age,0.002323115389599388,0.00749025337255883,0.0021513581006693426,3
kk,topofr_r100,168,512,ours_accurate,skin_tone,0.019886987248361694,0.048842770477685316,0.009960272934447132,6
kk,topofr_r100,168,512,ours_accurate,gender,0.030036523944642485,0.05833969323428981,0.014151584644823662,2
kk,topofr_r100,168,512,ours_accurate,age,0.024298294154755335,0.057871323370769515,0.013984641231772213,3
kk,topofr_r100,224,1024,ours_accurate,skin_tone,0.0010645535040843938,0.014573895306803954,0.00448440160219561,6
kk,topofr_r100,224,1024,ours_accurate,gender,0.0037167830019632217,0.005286885026664208,0.0007850510123504932,2
kk,topofr_r100,224,1024,ours_accurate,age,0.0017829625486834558,0.005196905545697355,0.0014757054263370576,3
kk,topofr_r100,224,512,ours_accurate,skin_tone,0.010886025051476237,0.03541350884725856,0.008289933088341113,6
kk,topofr_r100,224,512,ours_accurate,gender,0.017878984016704375,0.03414046286835774,0.008130739425826684,2
kk,topofr_r100,224,512,ours_accurate,age,0.014495507428286324,0.03392103271968201,0.008058400559050327,3
kk,topofr_r100,64,1024,ours_accurate,skin_tone,0.03524200453122496,0.0663248995290251,0.010996232200296345,6
kk,topofr_r100,64,1024,ours_accurate,gender,0.04448653204979956,0.07355158453721525,0.014532526243707843,2
kk,topofr_r100,64,1024,ours_accurate,age,0.03443768525228444,0.07371136037674236,0.016279289911684855,3
kk,topofr_r100,64,512,ours_accurate,skin_tone,0.035377105434332534,0.06723975532063729,0.011826336944841063,6
kk,topofr_r100,64,512,ours_accurate,gender,0.045739151572791806,0.07513904843528696,0.014699948431247577,2
kk,topofr_r100,64,512,ours_accurate,age,0.03607701770296194,0.07556160498743027,0.01644162177676288,3
kk,topofr_r100,96,1024,ours_accurate,skin_tone,0.00343415052288548,0.01669680030973366,0.004490019576611488,6
kk,topofr_r100,96,1024,ours_accurate,gender,0.0078011257545978745,0.01260061814567855,0.0023997461955403377,2
kk,topofr_r100,96,1024,ours_accurate,age,0.005895833901730726,0.012261111849660609,0.0025986714123528098,3
kk,topofr_r100,96,512,ours_accurate,skin_tone,0.008166994771572414,0.03121919722896838,0.007577370948281001,6
kk,topofr_r100,96,512,ours_accurate,gender,0.015980698318649574,0.029300222275144186,0.006659761978247306,2
kk,topofr_r100,96,512,ours_accurate,age,0.012460336667318224,0.029367769724140954,0.007018902253061389,3
kk,topofr_r100,112,1024,ours_fast,skin_tone,0.003338665347221703,0.016539517637477755,0.00463433962791836,6
kk,topofr_r100,112,1024,ours_fast,gender,0.009279851620210007,0.01627854807446924,0.0034993482271296165,2
kk,topofr_r100,112,1024,ours_fast,age,0.007059914097236719,0.01562103506641294,0.003497325676631473,3
kk,topofr_r100,112,512,ours_fast,skin_tone,0.009551269741176698,0.0310648526166803,0.007719640080182381,6
kk,topofr_r100,112,512,ours_fast,gender,0.018764035465475115,0.03455023109783162,0.007893097816178252,2
kk,topofr_r100,112,512,ours_fast,age,0.014519184260640378,0.03454559359091198,0.00833243103439098,3
kk,topofr_r100,168,1024,ours_fast,skin_tone,0.0015292798045728044,0.009942561272834716,0.0029500703408736023,6
kk,topofr_r100,168,1024,ours_fast,gender,0.005689027739540104,0.01026741123004159,0.0022891917452507434,2
kk,topofr_r100,168,1024,ours_fast,age,0.0037407098751107244,0.009597952350085256,0.0024129661054834565,3
kk,topofr_r100,168,512,ours_fast,skin_tone,0.011195842585135177,0.03511648514313903,0.007912408616254729,6
kk,topofr_r100,168,512,ours_fast,gender,0.020298104896435486,0.03790172595675504,0.008801810530159777,2
kk,topofr_r100,168,512,ours_fast,age,0.01453387692924705,0.038050364711015444,0.009697066760279224,3
kk,topofr_r100,224,1024,ours_fast,skin_tone,0.00046472630048841057,0.005499067974534364,0.0017705987937080248,6
kk,topofr_r100,224,1024,ours_fast,gender,0.003087436149594439,0.005061445954359973,0.0009870049023827671,2
kk,topofr_r100,224,1024,ours_fast,age,0.0019259500724154047,0.004830604918946383,0.001215676042200685,3
kk,topofr_r100,224,512,ours_fast,skin_tone,0.0037538719884053695,0.014300249921392717,0.003702768395491557,6
kk,topofr_r100,224,512,ours_fast,gender,0.007063404570112827,0.013437480040302017,0.0031870377350945948,2
kk,topofr_r100,224,512,ours_fast,age,0.0045962231007039,0.012927108932176676,0.00340389098857164,3
kk,topofr_r100,64,1024,ours_fast,skin_tone,0.07241224178743019,0.12389914989568744,0.016542138667700927,6
kk,topofr_r100,64,1024,ours_fast,gender,0.09266382883492821,0.14243258194028602,0.024884376552678902,2
kk,topofr_r100,64,1024,ours_fast,age,0.08336675946105024,0.14377212026885172,0.026091230993809167,3
kk,topofr_r100,64,512,ours_fast,skin_tone,0.09124737510953798,0.15062064962030186,0.01920995525087275,6
kk,topofr_r100,64,512,ours_fast,gender,0.11605004997237355,0.16992955615643401,0.026939753092030234,2
kk,topofr_r100,64,512,ours_fast,age,0.10411205184452083,0.17216721529728296,0.029456113860062173,3
kk,topofr_r100,96,1024,ours_fast,skin_tone,0.007606783295420227,0.034352056345793705,0.00880352727178008,6
kk,topofr_r100,96,1024,ours_fast,gender,0.017022387768792932,0.03187875807893756,0.007428185155072313,2
kk,topofr_r100,96,1024,ours_fast,age,0.012862325818099244,0.03192100574271539,0.007921916511614054,3
kk,topofr_r100,96,512,ours_fast,skin_tone,0.02196302045428003,0.054845266404012244,0.011272984954879687,6
kk,topofr_r100,96,512,ours_fast,gender,0.03362490428962159,0.06289091259522706,0.014633004152802734,2
kk,topofr_r100,96,512,ours_fast,age,0.026404295174142715,0.0631589522614538,0.015361273457910064,3
kk,topofr_r100,112,1024,webp,skin_tone,0.0022840157749982578,0.006962125822784411,0.00151732721855934,6
kk,topofr_r100,112,1024,webp,gender,0.0043786394846934175,0.007168609543096255,0.0013949850292014187,2
kk,topofr_r100,112,1024,webp,age,0.002732340290775962,0.006362887981995084,0.0016042073520194874,3
kk,topofr_r100,112,512,webp,skin_tone,0.011031029886444759,0.03530486681746872,0.007541851673147862,6
kk,topofr_r100,112,512,webp,gender,0.019127260225632537,0.033211985177269886,0.007042362475818674,2
kk,topofr_r100,112,512,webp,age,0.013812588231454006,0.032013316611780696,0.007431501718474135,3
kk,topofr_r100,168,1024,webp,skin_tone,0.0013941789014652317,0.010031718500223694,0.0029899962718569957,6
kk,topofr_r100,168,1024,webp,gender,0.005199760622588633,0.00935428637449372,0.002077262875952544,2
kk,topofr_r100,168,1024,webp,age,0.0030729256825162083,0.00888971368998427,0.002414435482474434,3
kk,topofr_r100,168,512,webp,skin_tone,0.004963430327458285,0.017522352129268077,0.0041836884829959155,6
kk,topofr_r100,168,512,webp,gender,0.009178413961749936,0.01627896228857565,0.003550274163412857,2
kk,topofr_r100,168,512,webp,age,0.00470061995565956,0.015718025758252516,0.004538114875012956,3
kk,topofr_r100,224,1024,webp,skin_tone,0.001664380707680377,0.006957092213008541,0.002013328465183708,6
kk,topofr_r100,224,1024,webp,gender,0.004037456917787568,0.007383076214367121,0.0016728096482897764,2
kk,topofr_r100,224,1024,webp,age,0.0025226828387750746,0.006646599773058536,0.001763791563719556,3
kk,topofr_r100,224,512,webp,skin_tone,0.0031342369210874887,0.008143970713704653,0.0019291645215907434,6
kk,topofr_r100,224,512,webp,gender,0.005059936477532999,0.008989316598953613,0.001964690060710307,2
kk,topofr_r100,224,512,webp,age,0.003400787986817171,0.00874679427971729,0.002187340972929058,3
kk,topofr_r100,64,1024,webp,skin_tone,0.00210929914444689,0.00988379130526054,0.002785727347917932,6
kk,topofr_r100,64,1024,webp,gender,0.00505327204133863,0.007796683634971666,0.0013717057968165181,2
kk,topofr_r100,64,1024,webp,age,0.003161081694156245,0.007246417937080327,0.0017771470556396036,3
kk,topofr_r100,64,512,webp,skin_tone,0.012550405759156613,0.02979249435035172,0.006155321422280186,6
kk,topofr_r100,64,512,webp,gender,0.02050126493614256,0.029733265590115035,0.004616000326986237,2
kk,topofr_r100,64,512,webp,age,0.01648571551217215,0.029497994282105235,0.005362584629138959,3
kk,topofr_r100,96,1024,webp,skin_tone,0.0009393565328377699,0.006655726332217217,0.00209495485549605,6
kk,topofr_r100,96,1024,webp,gender,0.003980484089443417,0.006607328605444244,0.0013134222580004134,2
kk,topofr_r100,96,1024,webp,age,0.0029270839063546125,0.005874751946732539,0.001257785200722922,3
kk,topofr_r100,96,512,webp,skin_tone,0.013664478922545752,0.0354630468331432,0.0072694360170337344,6
kk,topofr_r100,96,512,webp,gender,0.021016624514072678,0.035217724115289645,0.007100549800608483,2
kk,topofr_r100,96,512,webp,age,0.016486579254261717,0.03460630976183994,0.007447731902011401,3
kk,edgeface_xs,112,0,aligned,skin_tone,0.004413122783167045,0.03794757880569217,0.010895509185725868,6
kk,edgeface_xs,112,0,aligned,gender,0.017256845006211628,0.017462875873989654,0.00010301543388901296,2
kk,edgeface_xs,112,0,aligned,age,0.01448716583881295,0.017197720910118893,0.0011108757814774267,3
kk,edgeface_xs,168,0,aligned,skin_tone,0.004238406152615677,0.03682265573341531,0.010618789258496778,6
kk,edgeface_xs,168,0,aligned,gender,0.016822845914537483,0.016918231897489654,4.769299147608548e-05,2
kk,edgeface_xs,168,0,aligned,age,0.01414242011692236,0.01662010413642573,0.0010195683983464272,3
kk,edgeface_xs,224,0,aligned,skin_tone,0.004083497385786207,0.03693762469179655,0.010689458056545505,6
kk,edgeface_xs,224,0,aligned,gender,0.016620676672698044,0.016763830060662142,7.157669398204919e-05,2
kk,edgeface_xs,224,0,aligned,age,0.014114783193060839,0.01640566827808124,0.0009391831599212189,3
kk,edgeface_xs,64,0,aligned,skin_tone,0.008021989936603894,0.04686512346570586,0.012762179215176205,6
kk,edgeface_xs,64,0,aligned,gender,0.022114243622238294,0.023786937144440266,0.000836346761100986,2
kk,edgeface_xs,64,0,aligned,age,0.018436890591650556,0.02354366571908237,0.0020849570730240904,3
kk,edgeface_xs,96,0,aligned,skin_tone,0.0045482236862746175,0.038011049376504166,0.0108025342032566,6
kk,edgeface_xs,96,0,aligned,gender,0.0178285965508289,0.018008376191981312,8.988982057620692e-05,2
kk,edgeface_xs,96,0,aligned,age,0.014810646645148005,0.017799200939305655,0.001224850467467525,3
kk,edgeface_xs,112,1024,avif,skin_tone,0.010925640778920031,0.05265759992781469,0.013150895673463853,6
kk,edgeface_xs,112,1024,avif,gender,0.030083740281801906,0.03449262582050453,0.0022044427693513127,2
kk,edgeface_xs,112,1024,avif,age,0.024740843555480035,0.03467363998683843,0.004099943782480281,3
kk,edgeface_xs,112,512,avif,skin_tone,0.13146626804302788,0.18580386185756503,0.01985570362918269,6
kk,edgeface_xs,112,512,avif,gender,0.14978318709376015,0.18968737424544896,0.019952093575844404,2
kk,edgeface_xs,112,512,avif,age,0.14038204382053687,0.1885143393169203,0.020467117080039003,3
kk,edgeface_xs,168,1024,avif,skin_tone,0.012695410594125135,0.058639094347585435,0.014658440982077909,6
kk,edgeface_xs,168,1024,avif,gender,0.030953087632978143,0.03603873986472872,0.0025428261158752883,2
kk,edgeface_xs,168,1024,avif,age,0.025330119403628587,0.03647394549522867,0.004610946548990912,3
kk,edgeface_xs,168,512,avif,skin_tone,0.061572182252313,0.12166430578067114,0.02046384721213552,6
kk,edgeface_xs,168,512,avif,gender,0.07836950367570376,0.10293012279500703,0.012280309559651634,2
kk,edgeface_xs,168,512,avif,age,0.06571738515983053,0.10332141116320195,0.015505965405693245,3
kk,edgeface_xs,224,1024,avif,skin_tone,0.013479858360133434,0.056632552057811064,0.013720945715158882,6
kk,edgeface_xs,224,1024,avif,gender,0.031280295247886274,0.036600485233930974,0.00266009499302235,2
kk,edgeface_xs,224,1024,avif,age,0.02583278741484605,0.036761695849881273,0.0045109164567499315,3
kk,edgeface_xs,224,512,avif,skin_tone,0.02609959164231669,0.07413831634053566,0.01584360868898991,6
kk,edgeface_xs,224,512,avif,gender,0.04343665710661687,0.05613209097568393,0.00634771693453353,2
kk,edgeface_xs,224,512,avif,age,0.03553797070112383,0.05670809200849109,0.008753641352262032,3
kk,edgeface_xs,64,1024,avif,skin_tone,0.013044843855227872,0.06011310555932829,0.01499302721557863,6
kk,edgeface_xs,64,1024,avif,gender,0.03199327683515173,0.037791524033486845,0.0028991235991675593,2
kk,edgeface_xs,64,1024,avif,age,0.02741222242284635,0.037654772510477205,0.0042940780414953954,3
kk,edgeface_xs,64,512,avif,skin_tone,0.11752803317132128,0.16949706964639794,0.019703945274681823,6
kk,edgeface_xs,64,512,avif,gender,0.14121767753051861,0.17630045492051089,0.017541388694996135,2
kk,edgeface_xs,64,512,avif,age,0.13089488050490605,0.17771854346015162,0.020359348222770992,3
kk,edgeface_xs,96,1024,avif,skin_tone,0.011756054061287366,0.05613815342933191,0.014158271006883032,6
kk,edgeface_xs,96,1024,avif,gender,0.02974011173951467,0.035205668908283444,0.0027327785843843863,2
kk,edgeface_xs,96,1024,avif,age,0.024794126892863,0.035317123912422296,0.004382553622693561,3
kk,edgeface_xs,96,512,avif,skin_tone,0.1386316870446273,0.18251372006848382,0.018208963035859768,6
kk,edgeface_xs,96,512,avif,gender,0.15590429758898683,0.1970067514614179,0.02055122693621554,2
kk,edgeface_xs,96,512,avif,age,0.14401228971689228,0.19600298093419818,0.022119348998096172,3
kk,edgeface_xs,112,1024,heif,skin_tone,0.01452460400049593,0.06281503661848648,0.015183429913522261,6
kk,edgeface_xs,112,1024,heif,gender,0.034487065260639445,0.04184691678199222,0.003679925760676387,2
kk,edgeface_xs,112,1024,heif,age,0.0297570450636324,0.042319791464522444,0.005364799511536236,3
kk,edgeface_xs,112,512,heif,skin_tone,0.23499990634884,0.28173434199189173,0.01693052960572008,6
kk,edgeface_xs,112,512,heif,gender,0.25278724150130677,0.29943667904560034,0.023324718772146785,2
kk,edgeface_xs,112,512,heif,age,0.24182504499779917,0.29773928918019343,0.02430234781953768,3
kk,edgeface_xs,168,1024,heif,skin_tone,0.01484432546601582,0.06482297266303494,0.01564055334451263,6
kk,edgeface_xs,168,1024,heif,gender,0.03462962842741347,0.04262722600111779,0.003998798786852161,2
kk,edgeface_xs,168,1024,heif,age,0.028554595367165682,0.04338081331813656,0.006200450899079675,3
kk,edgeface_xs,168,512,heif,skin_tone,0.1374411780723201,0.18131154278491882,0.018360032748101444,6
kk,edgeface_xs,168,512,heif,gender,0.15235813514633792,0.19452742054996885,0.021084642701815468,2
kk,edgeface_xs,168,512,heif,age,0.13581323647587895,0.19435687749216635,0.024362072849490046,3
kk,edgeface_xs,224,1024,heif,skin_tone,0.014274210058002685,0.06000732127464162,0.014444021168713371,6
kk,edgeface_xs,224,1024,heif,gender,0.034735253692176817,0.04224106829493026,0.003752907301376722,2
kk,edgeface_xs,224,1024,heif,age,0.029089703206669013,0.04246528011571704,0.005570254123447749,3
kk,edgeface_xs,224,512,heif,skin_tone,0.06994360545001962,0.1162181299484801,0.016529994832826453,6
kk,edgeface_xs,224,512,heif,gender,0.08563341422139045,0.11325992476697386,0.013813255272791702,2
kk,edgeface_xs,224,512,heif,age,0.07214720013281407,0.11300972344776158,0.016772677184882772,3
kk,edgeface_xs,64,1024,heif,skin_tone,0.016617649424166634,0.06323538624768493,0.015057764982416785,6
kk,edgeface_xs,64,1024,heif,gender,0.03576047815750012,0.043698758162083046,0.003969140002291462,2
kk,edgeface_xs,64,1024,heif,age,0.03020355455586457,0.04397148758763249,0.005773341545632202,3
kk,edgeface_xs,64,512,heif,skin_tone,0.22621787969545415,0.27052576641024495,0.018133497397712774,6
kk,edgeface_xs,64,512,heif,gender,0.24304016007801568,0.2848255197745445,0.020892679848264414,2
kk,edgeface_xs,64,512,heif,age,0.23526460696958257,0.28502975277672904,0.022578799004792514,3
kk,edgeface_xs,96,1024,heif,skin_tone,0.015213566590840454,0.057347703929358104,0.01330723879588801,6
kk,edgeface_xs,96,1024,heif,gender,0.03388419547463712,0.04156153615478353,0.0038386703400732046,2
kk,edgeface_xs,96,1024,heif,age,0.028720817387620556,0.042075354681672755,0.005621338628089186,3
kk,edgeface_xs,96,512,heif,skin_tone,0.2288774863841923,0.27826141596861564,0.019286234820315513,6
kk,edgeface_xs,96,512,heif,gender,0.2463004460631317,0.2953689133818873,0.024534233659377805,2
kk,edgeface_xs,96,512,heif,age,0.2359899722808352,0.29299291354327606,0.025074462504236835,3
kk,edgeface_xs,112,1024,jpeg2000,skin_tone,0.1094699816502193,0.17556458524869212,0.02394187789304251,6
kk,edgeface_xs,112,1024,jpeg2000,gender,0.13711641931688162,0.17645082149227476,0.019667201087696567,2
kk,edgeface_xs,112,1024,jpeg2000,age,0.1219245518167775,0.17738486884692958,0.023224551398454793,3
kk,edgeface_xs,112,512,jpeg2000,skin_tone,0.28063099273508296,0.3559745158818062,0.026551594143403644,6
kk,edgeface_xs,112,512,jpeg2000,gender,0.3116702240661502,0.36196290804329556,0.025146341988572685,2
kk,edgeface_xs,112,512,jpeg2000,age,0.3035831833126341,0.35756752551519627,0.024325980384748307,3
kk,edgeface_xs,168,1024,jpeg2000,skin_tone,0.08026306923642844,0.14516771793073155,0.023172506891107905,6
kk,edgeface_xs,168,1024,jpeg2000,gender,0.11008180188794481,0.1448593972658233,0.01738879768893925,2
kk,edgeface_xs,168,1024,jpeg2000,age,0.09856025830288861,0.14668550330888336,0.020433086034821874,3
kk,edgeface_xs,168,512,jpeg2000,skin_tone,0.2764024334771823,0.34837187829023053,0.02505036216966651,6
kk,edgeface_xs,168,512,jpeg2000,gender,0.29696841597019197,0.3455976025198031,0.024314593274805563,2
kk,edgeface_xs,168,512,jpeg2000,age,0.2863180510025163,0.3458657653473547,0.02672900526122461,3
kk,edgeface_xs,224,1024,jpeg2000,skin_tone,0.07962362630538866,0.14904607044973583,0.02399405244680909,6
kk,edgeface_xs,224,1024,jpeg2000,gender,0.11255265233406979,0.1467117871088136,0.01707956738737191,2
kk,edgeface_xs,224,1024,jpeg2000,age,0.09691089863690397,0.14771777780963113,0.021065311888388616,3
kk,edgeface_xs,224,512,jpeg2000,skin_tone,0.26035216085220525,0.33100315514972,0.02559974385835516,6
kk,edgeface_xs,224,512,jpeg2000,gender,0.28984483486642476,0.34254555415733934,0.02635035964545729,2
kk,edgeface_xs,224,512,jpeg2000,age,0.2782100289547453,0.3395490662064816,0.026693941538827308,3
kk,edgeface_xs,64,1024,jpeg2000,skin_tone,0.15512693514351686,0.22162992941510157,0.025194192857831834,6
kk,edgeface_xs,64,1024,jpeg2000,gender,0.18651134084119997,0.23991334999612723,0.026701004577463633,2
kk,edgeface_xs,64,1024,jpeg2000,age,0.1760050323255375,0.24057426501135815,0.028026107553160068,3
kk,edgeface_xs,64,512,jpeg2000,skin_tone,0.3366392572555709,0.38856278726991367,0.017126664138314353,6
kk,edgeface_xs,64,512,jpeg2000,gender,0.35866496652544855,0.39538592408552675,0.018360478780039102,2
kk,edgeface_xs,64,512,jpeg2000,age,0.35261514416456224,0.39555589051423024,0.01936399038084501,3
kk,edgeface_xs,96,1024,jpeg2000,skin_tone,0.09782642498234809,0.15237625900518625,0.01802094957807578,6
kk,edgeface_xs,96,1024,jpeg2000,gender,0.12238066864859892,0.15942216865298436,0.01852075000219272,2
kk,edgeface_xs,96,1024,jpeg2000,age,0.11262487543715707,0.16185539615406255,0.021397555147325956,3
kk,edgeface_xs,96,512,jpeg2000,skin_tone,0.28650762194274193,0.3399490125267879,0.019008489953854717,6
kk,edgeface_xs,96,512,jpeg2000,gender,0.3104599653810516,0.3495248918944204,0.019532463256684396,2
kk,edgeface_xs,96,512,jpeg2000,age,0.30276553731049993,0.3474969389042666,0.021078011297449694,3
kk,edgeface_xs,112,1024,jpeg,skin_tone,0.019497938259815165,0.06909272703537989,0.01573346312139219,6
kk,edgeface_xs,112,1024,jpeg,gender,0.03921676033312446,0.04846901037191844,0.004626125019396989,2
kk,edgeface_xs,112,1024,jpeg,age,0.034301290904674035,0.04898890439451318,0.0063094167426549375,3
kk,edgeface_xs,112,512,jpeg,skin_tone,0.25690722323123094,0.3045151418053782,0.01831345232464486,6
kk,edgeface_xs,112,512,jpeg,gender,0.2833042883875282,0.3206035549309567,0.01864963327171426,2
kk,edgeface_xs,112,512,jpeg,age,0.2691240468693865,0.3205336825832027,0.0226395187543444,3
kk,edgeface_xs,168,1024,jpeg,skin_tone,0.03663618343269019,0.10469525384030035,0.020673063326972545,6
kk,edgeface_xs,168,1024,jpeg,gender,0.06347525196604434,0.08903680258639264,0.012780775310174151,2
kk,edgeface_xs,168,1024,jpeg,age,0.056698617897088716,0.09022069600972524,0.014566716815254298,3
kk,edgeface_xs,168,512,jpeg,skin_tone,0.16455794173177984,0.2112558273931498,0.016530715036934474,6
kk,edgeface_xs,168,512,jpeg,gender,0.180071431237872,0.22229920276735154,0.02111388576473977,2
kk,edgeface_xs,168,512,jpeg,age,0.1681050658206244,0.22484447944494282,0.024895843050962912,3
kk,edgeface_xs,224,1024,jpeg,skin_tone,0.0821841936755173,0.138173481887517,0.019432610480836394,6
kk,edgeface_xs,224,1024,jpeg,gender,0.10180818297704654,0.13371121744587872,0.01595151723441609,2
kk,edgeface_xs,224,1024,jpeg,age,0.09423777135618583,0.1352435121086546,0.018285238268812412,3
kk,edgeface_xs,224,512,jpeg,skin_tone,0.12907766192583164,0.17738193564026433,0.017751788726114215,6
kk,edgeface_xs,224,512,jpeg,gender,0.14577196413730248,0.17679971962296462,0.01551387774283107,2
kk,edgeface_xs,224,512,jpeg,age,0.13527027124087876,0.1790623637351836,0.019430634658112955,3
kk,edgeface_xs,64,1024,jpeg,skin_tone,0.0208525014338366,0.06732670109083665,0.01515009663316909,6
kk,edgeface_xs,64,1024,jpeg,gender,0.03895325484907099,0.046282684004291946,0.0036647145776104798,2
kk,edgeface_xs,64,1024,jpeg,age,0.03333965333994607,0.0464430256986582,0.005556227672822395,3
kk,edgeface_xs,64,512,jpeg,skin_tone,0.16946977281340564,0.21359400397258543,0.01794296044856129,6
kk,edgeface_xs,64,512,jpeg,gender,0.18651580972612128,0.2199928419991427,0.016738516136510714,2
kk,edgeface_xs,64,512,jpeg,age,0.1781927171861788,0.22155692471527616,0.019483732728829622,3
kk,edgeface_xs,96,1024,jpeg,skin_tone,0.014709224562908248,0.06255196966154389,0.014919113147205034,6
kk,edgeface_xs,96,1024,jpeg,gender,0.03392222648827013,0.04260229931422736,0.004340036412978615,2
kk,edgeface_xs,96,1024,jpeg,age,0.02894669475376438,0.04327452010719869,0.006118713884162141,3
kk,edgeface_xs,96,512,jpeg,skin_tone,0.22799539294060162,0.278090901442276,0.01648059344522689,6
kk,edgeface_xs,96,512,jpeg,gender,0.24805542607637154,0.297624710512578,0.024784642218103226,2
kk,edgeface_xs,96,512,jpeg,age,0.2403064215220478,0.29866234903931654,0.02655847101018068,3
kk,edgeface_xs,112,1024,jpeg_ai,skin_tone,0.009426072769930073,0.04471966785106472,0.011705483595896748,6
kk,edgeface_xs,112,1024,jpeg_ai,gender,0.024251367835355114,0.024271569076721983,1.0100620683434203e-05,2
kk,edgeface_xs,112,1024,jpeg_ai,age,0.020505164684351214,0.02460405256306513,0.0016864681961292311,3
kk,edgeface_xs,112,512,jpeg_ai,skin_tone,0.01673929225246755,0.06715605248056389,0.016349314957767626,6
kk,edgeface_xs,112,512,jpeg_ai,gender,0.035140015258770675,0.039039101069493515,0.0019495429053614198,2
kk,edgeface_xs,112,512,jpeg_ai,age,0.03036234058728101,0.039395790747445446,0.00382553831151561,3
kk,edgeface_xs,224,1024,jpeg_ai,skin_tone,0.007062825540044226,0.04324705039409596,0.011894430922354565,6
kk,edgeface_xs,224,1024,jpeg_ai,gender,0.02152314684544095,0.021902609204929917,0.0001897311797444835,2
kk,edgeface_xs,224,1024,jpeg_ai,age,0.018798740898946335,0.021603107079616955,0.00115933819448054,3
kk,edgeface_xs,224,512,jpeg_ai,skin_tone,0.016459186514391454,0.06385533226301399,0.01542188459002182,6
kk,edgeface_xs,224,512,jpeg_ai,gender,0.034074914104516546,0.03685191967927234,0.0013885027873778953,2
kk,edgeface_xs,224,512,jpeg_ai,age,0.030764529976704907,0.0372027688191777,0.0029053147125740995,3
kk,edgeface_xs,112,1024,jpeg_fzt,skin_tone,0.018341453723012706,0.06541257714773208,0.015392099372405064,6
kk,edgeface_xs,112,1024,jpeg_fzt,gender,0.03538899299235272,0.04241745189830187,0.003514229452974575,2
kk,edgeface_xs,112,1024,jpeg_fzt,age,0.03163606287779814,0.042914799360916425,0.005091501819454014,3
kk,edgeface_xs,112,512,jpeg_fzt,skin_tone,0.16377566843333002,0.21777133999826054,0.01973703362834407,6
kk,edgeface_xs,112,512,jpeg_fzt,gender,0.18125601263501723,0.2210592893553382,0.019901638360160484,2
kk,edgeface_xs,112,512,jpeg_fzt,age,0.1765140724496818,0.221589664470364,0.020728244202197668,3
kk,edgeface_xs,168,1024,jpeg_fzt,skin_tone,0.015394633010307059,0.06587245298125702,0.01597471091598955,6
kk,edgeface_xs,168,1024,jpeg_fzt,gender,0.03376841074411663,0.04131641700119641,0.003774003128539892,2
kk,edgeface_xs,168,1024,jpeg_fzt,age,0.029207444794165274,0.04103326110928301,0.004958042103349912,3
kk,edgeface_xs,168,512,jpeg_fzt,skin_tone,0.2424526167654705,0.2894459701805885,0.0192559263618048,6
kk,edgeface_xs,168,512,jpeg_fzt,gender,0.25942416965658976,0.3066314697540201,0.023603650048715175,2
kk,edgeface_xs,168,512,jpeg_fzt,age,0.25233161535937026,0.3062322713509011,0.02489641832081802,3
kk,edgeface_xs,224,1024,jpeg_fzt,skin_tone,0.018278475988901303,0.060627267289970664,0.013586077057799179,6
kk,edgeface_xs,224,1024,jpeg_fzt,gender,0.03472313202142085,0.04352767499152459,0.0044022714850518695,2
kk,edgeface_xs,224,1024,jpeg_fzt,age,0.030183595718029733,0.04349001074512486,0.005629473124574052,3
kk,edgeface_xs,224,512,jpeg_fzt,skin_tone,0.23067571959597594,0.28965981019424253,0.021897827354918516,6
kk,edgeface_xs,224,512,jpeg_fzt,gender,0.2573861919858022,0.2956151514390649,0.019114479726631356,2
kk,edgeface_xs,224,512,jpeg_fzt,age,0.24462888012749573,0.29641148672078155,0.023507565694389214,3
kk,edgeface_xs,64,1024,jpeg_fzt,skin_tone,0.042640805257565265,0.09862773823800616,0.018575110372325752,6
kk,edgeface_xs,64,1024,jpeg_fzt,gender,0.06342975472884718,0.07754347257601611,0.007056858923584465,2
kk,edgeface_xs,64,1024,jpeg_fzt,age,0.05637690643327818,0.07922480902431386,0.010217688510493326,3
kk,edgeface_xs,64,512,jpeg_fzt,skin_tone,0.13900092816945192,0.18315238220885244,0.01688491678287453,6
kk,edgeface_xs,64,512,jpeg_fzt,gender,0.1580066325113943,0.19723165587142785,0.019612511680016778,2
kk,edgeface_xs,64,512,jpeg_fzt,age,0.15184492279008976,0.19763850661099858,0.02147577126010661,3
kk,edgeface_xs,96,1024,jpeg_fzt,skin_tone,0.020157189054576842,0.06583292677693056,0.01477876015347278,6
kk,edgeface_xs,96,1024,jpeg_fzt,gender,0.037167443692159956,0.043766507412230676,0.0032995318600353603,2
kk,edgeface_xs,96,1024,jpeg_fzt,age,0.03267162705036329,0.04369649418293246,0.004760088074648984,3
kk,edgeface_xs,96,512,jpeg_fzt,skin_tone,0.13266668094719603,0.17946409462463372,0.01703086238261329,6
kk,edgeface_xs,96,512,jpeg_fzt,gender,0.15025732788224105,0.18361996766215666,0.016681319889957802,2
kk,edgeface_xs,96,512,jpeg_fzt,age,0.14564958979888432,0.1825269923831246,0.017168881492561187,3
kk,edgeface_xs,112,1024,jpeg_xl,skin_tone,0.014659704903603504,0.06938613552295435,0.016951965113825306,6
kk,edgeface_xs,112,1024,jpeg_xl,gender,0.03531688551198793,0.04335446166819629,0.004018788078104178,2
kk,edgeface_xs,112,1024,jpeg_xl,age,0.02866226788100943,0.04308173516870815,0.005910010175493996,3
kk,edgeface_xs,112,512,jpeg_xl,skin_tone,0.08949385901510906,0.14979156385191478,0.019603749541160093,6
kk,edgeface_xs,112,512,jpeg_xl,gender,0.11073255906136575,0.14425472132670752,0.016761081132670885,2
kk,edgeface_xs,112,512,jpeg_xl,age,0.09727323313817626,0.1449501455888553,0.01976259922022704,3
kk,edgeface_xs,168,1024,jpeg_xl,skin_tone,0.020213058502796824,0.07114297679380302,0.016246085044762007,6
kk,edgeface_xs,168,1024,jpeg_xl,gender,0.0401913774761015,0.050772086673756774,0.005290354598827637,2
kk,edgeface_xs,168,1024,jpeg_xl,age,0.032983711776152454,0.05103709537839529,0.0074710867479929706,3
kk,edgeface_xs,168,512,jpeg_xl,skin_tone,0.040666607016225945,0.09190993508975104,0.016632768733769416,6
kk,edgeface_xs,168,512,jpeg_xl,gender,0.05808435725367877,0.07490872346349692,0.008412183104909075,2
kk,edgeface_xs,168,512,jpeg_xl,age,0.048274834987354756,0.0758449309264744,0.011405558335181736,3
kk,edgeface_xs,224,1024,jpeg_xl,skin_tone,0.015829647515212625,0.06112166591844981,0.01467211184753665,6
kk,edgeface_xs,224,1024,jpeg_xl,gender,0.034163286804499635,0.041454131650102116,0.003645422422801241,2
kk,edgeface_xs,224,1024,jpeg_xl,age,0.028047767025797875,0.0412646401406591,0.005431302098022707,3
kk,edgeface_xs,224,512,jpeg_xl,skin_tone,0.017998370250825207,0.06486528637690961,0.015379780334933178,6
kk,edgeface_xs,224,512,jpeg_xl,gender,0.03506601876327327,0.043007749801194164,0.003970865518960448,2
kk,edgeface_xs,224,512,jpeg_xl,age,0.02925813690527953,0.04287522928939376,0.005613489749561593,3
kk,edgeface_xs,64,1024,jpeg_xl,skin_tone,0.01788307721143953,0.06329885681849695,0.01438999394702752,6
kk,edgeface_xs,64,1024,jpeg_xl,gender,0.036941158393213505,0.04437372704675666,0.003716284326771579,2
kk,edgeface_xs,64,1024,jpeg_xl,age,0.03156038785660914,0.04471294889310479,0.00550900292366328,3
kk,edgeface_xs,64,512,jpeg_xl,skin_tone,0.0837134734800901,0.14155743577804214,0.019087047964980074,6
kk,edgeface_xs,64,512,jpeg_xl,gender,0.1020788540323832,0.13119414155641873,0.014557643762017763,2
kk,edgeface_xs,64,512,jpeg_xl,age,0.09169707833157062,0.13223315661410304,0.017135199728623034,3
kk,edgeface_xs,96,1024,jpeg_xl,skin_tone,0.016139465048871565,0.0666404969951474,0.01595161093472265,6
kk,edgeface_xs,96,1024,jpeg_xl,gender,0.03495009253240154,0.042629815330405704,0.0038398613990020813,2
kk,edgeface_xs,96,1024,jpeg_xl,age,0.028324315573883267,0.042973014382449604,0.006033556942013569,3
kk,edgeface_xs,96,512,jpeg_xl,skin_tone,0.08352885291767778,0.14041135584882794,0.018668342407890223,6
kk,edgeface_xs,96,512,jpeg_xl,gender,0.10167564093297513,0.13345967534612616,0.015892017206575515,2
kk,edgeface_xs,96,512,jpeg_xl,age,0.09151813322367647,0.13316185480433043,0.017442822706076933,3
kk,edgeface_xs,112,1024,ours_accurate,skin_tone,0.0071123451993489704,0.04301571872255939,0.011503344416993718,6
kk,edgeface_xs,112,1024,ours_accurate,gender,0.021069160747217493,0.022962569939261795,0.0009467045960221514,2
kk,edgeface_xs,112,1024,ours_accurate,age,0.017708124046473706,0.022927857407817658,0.002152827190423933,3
kk,edgeface_xs,112,512,ours_accurate,skin_tone,0.01117603472141328,0.05272246425340078,0.013488029057056249,6
kk,edgeface_xs,112,512,ours_accurate,gender,0.026465311206858466,0.02955980117956756,0.0015472449863545464,2
kk,edgeface_xs,112,512,ours_accurate,age,0.02170542363183498,0.0299136553609603,0.003412147254451129,3
kk,edgeface_xs,168,1024,ours_accurate,skin_tone,0.008417388714065662,0.04741102048175423,0.012659127303682816,6
kk,edgeface_xs,168,1024,ours_accurate,gender,0.023227868197885485,0.026428048475616715,0.0016000901388656154,2
kk,edgeface_xs,168,1024,ours_accurate,age,0.01824827688738964,0.026387726665027332,0.0033229266049277224,3
kk,edgeface_xs,168,512,ours_accurate,skin_tone,0.032757114473038196,0.09370769631970027,0.019256001946586332,6
kk,edgeface_xs,168,512,ours_accurate,gender,0.05521955494810109,0.07230426941771306,0.008542357234805988,2
kk,edgeface_xs,168,512,ours_accurate,age,0.04705921986781762,0.07288304470021731,0.010803002412420595,3
kk,edgeface_xs,224,1024,ours_accurate,skin_tone,0.00625222012139879,0.04428734603862348,0.012216821613598116,6
kk,edgeface_xs,224,1024,ours_accurate,gender,0.021359037531177065,0.022675729715641035,0.0006583460922319848,2
kk,edgeface_xs,224,1024,ours_accurate,age,0.017954844921714622,0.02269786813114607,0.0019617948511602436,3
kk,edgeface_xs,224,512,ours_accurate,skin_tone,0.027589255719445697,0.07296050112591548,0.015138492571313897,6
kk,edgeface_xs,224,512,ours_accurate,gender,0.042420285022817056,0.053163908470629725,0.005371811723906335,2
kk,edgeface_xs,224,512,ours_accurate,age,0.03659459955060164,0.05344059340236293,0.007109530100644879,3
kk,edgeface_xs,64,1024,ours_accurate,skin_tone,0.054664265479098244,0.1104164688126767,0.01859878256275416,6
kk,edgeface_xs,64,1024,ours_accurate,gender,0.0743415036012983,0.09434207711828896,0.010000286758495326,2
kk,edgeface_xs,64,1024,ours_accurate,age,0.06525069566194797,0.09610009934384234,0.013353543839215951,3
kk,edgeface_xs,64,512,ours_accurate,skin_tone,0.0551388957114476,0.11344075613526716,0.019400214887285456,6
kk,edgeface_xs,64,512,ours_accurate,gender,0.07531825114236007,0.09560679119475174,0.010144270026195834,2
kk,edgeface_xs,64,512,ours_accurate,age,0.06669508425840392,0.09769558901780205,0.013543741456491912,3
kk,edgeface_xs,96,1024,ours_accurate,skin_tone,0.011505660118794118,0.052120887585460886,0.013167559414703819,6
kk,edgeface_xs,96,1024,ours_accurate,gender,0.02590106441102265,0.029651897811120632,0.0018754167000489905,2
kk,edgeface_xs,96,1024,ours_accurate,age,0.022536154185996287,0.029661101794789195,0.003040059523814619,3
kk,edgeface_xs,96,512,ours_accurate,skin_tone,0.02024277029837967,0.07061684287991787,0.016230070266459905,6
kk,edgeface_xs,96,512,ours_accurate,gender,0.0366683451720731,0.04578511390115196,0.004558384364539432,2
kk,edgeface_xs,96,512,ours_accurate,age,0.032733051738576754,0.046236065875791675,0.0060114166609222044,3
kk,edgeface_xs,112,1024,ours_fast,skin_tone,0.014234594330558889,0.06705166195065132,0.01689406581384882,6
kk,edgeface_xs,112,1024,ours_fast,gender,0.030786998672082913,0.03737342655947311,0.0032932139436950975,2
kk,edgeface_xs,112,1024,ours_fast,age,0.02704028211272537,0.03745953704381754,0.004505416032135881,3
kk,edgeface_xs,112,512,ours_fast,skin_tone,0.02484051364395903,0.08442269417283145,0.01904795544900545,6
kk,edgeface_xs,112,512,ours_fast,gender,0.04386645547854237,0.05616929046211528,0.006151417491786455,2
kk,edgeface_xs,112,512,ours_fast,age,0.03763213330433418,0.05685990016178897,0.00824665176635397,3
kk,edgeface_xs,168,1024,ours_fast,skin_tone,0.01102112595458381,0.058377421145416955,0.015323352769089508,6
kk,edgeface_xs,168,1024,ours_fast,gender,0.026546524937023964,0.030167087435075807,0.0018102812490259218,2
kk,edgeface_xs,168,1024,ours_fast,age,0.02263922403405856,0.030439240176487116,0.003325587855195724,3
kk,edgeface_xs,168,512,ours_fast,skin_tone,0.02899968834168712,0.08670427560279115,0.019012892973351923,6
kk,edgeface_xs,168,512,ours_fast,gender,0.04613668341939246,0.05934064852237701,0.006601982551492275,2
kk,edgeface_xs,168,512,ours_fast,age,0.03746458427698592,0.05970438062201343,0.009198574131347819,3
kk,edgeface_xs,224,1024,ours_fast,skin_tone,0.007102441267488021,0.04456238517880881,0.012226988081242536,6
kk,edgeface_xs,224,1024,ours_fast,gender,0.021611425336736698,0.022879415990859922,0.0006339953270616122,2
kk,edgeface_xs,224,1024,ours_fast,age,0.018156160784242134,0.02302460990712777,0.002016256276001426,3
kk,edgeface_xs,224,512,ours_fast,skin_tone,0.014943364784625308,0.05622138710230716,0.013507998148326254,6
kk,edgeface_xs,224,512,ours_fast,gender,0.03020941884208333,0.035604165396552284,0.002697373277234478,2
kk,edgeface_xs,224,512,ours_fast,age,0.023560101110199978,0.035915529368891155,0.005055569628860894,3
kk,edgeface_xs,64,1024,ours_fast,skin_tone,0.09158055464986453,0.15542675764176772,0.021690362350431525,6
kk,edgeface_xs,64,1024,ours_fast,gender,0.11904545364350513,0.14968607580949467,0.015320311082994767,2
kk,edgeface_xs,64,1024,ours_fast,age,0.11184608028431266,0.15253752583631935,0.018915562306188745,3
kk,edgeface_xs,64,512,ours_fast,skin_tone,0.10999133589590387,0.1665320716302972,0.020402622078934184,6
kk,edgeface_xs,64,512,ours_fast,gender,0.13570063713458919,0.16714715258250473,0.015723257723957773,2
kk,edgeface_xs,64,512,ours_fast,age,0.12838585796820207,0.16992769645413514,0.019576635871738822,3
kk,edgeface_xs,96,1024,ours_fast,skin_tone,0.02546649850019215,0.07627458728148223,0.01656903442767107,6
kk,edgeface_xs,96,1024,ours_fast,gender,0.04072005344109525,0.05122083795613623,0.005250392257520491,2
kk,edgeface_xs,96,1024,ours_fast,age,0.03461534521163058,0.051909711570442954,0.007412141026961861,3
kk,edgeface_xs,96,512,ours_fast,skin_tone,0.04186981556636362,0.0990904015810793,0.018801176207748266,6
kk,edgeface_xs,96,512,ours_fast,gender,0.05852620238440958,0.07723862027604436,0.009356208945817391,2
kk,edgeface_xs,96,512,ours_fast,age,0.05068128255499714,0.07885037465527597,0.01217203589044278,3
kk,edgeface_xs,112,1024,webp,skin_tone,0.009481942218150057,0.047946339069333946,0.012350344673720657,6
kk,edgeface_xs,112,1024,webp,gender,0.027111999743367733,0.030005111719826196,0.0014465559882292315,2
kk,edgeface_xs,112,1024,webp,age,0.02279604048430761,0.029987786699991463,0.0029741151291023437,3
kk,edgeface_xs,112,512,webp,skin_tone,0.037750256596079335,0.08047947732824108,0.015540212330800437,6
kk,edgeface_xs,112,512,webp,gender,0.05693192656976345,0.07187881424095932,0.007473443835597934,2
kk,edgeface_xs,112,512,webp,age,0.0489948176074271,0.0725118949167079,0.009791560742884457,3
kk,edgeface_xs,168,1024,webp,skin_tone,0.011350751351964648,0.054299472240282115,0.01385845479463038,6
kk,edgeface_xs,168,1024,webp,gender,0.030143221512152985,0.03541285893684365,0.0026348187123453326,2
kk,edgeface_xs,168,1024,webp,age,0.025393713911652314,0.03556059045484698,0.004224476914633102,3
kk,edgeface_xs,168,512,webp,skin_tone,0.024355979479748723,0.0644237798907738,0.013848850083051128,6
kk,edgeface_xs,168,512,webp,gender,0.03845780118244821,0.046763249670498476,0.004152724244025133,2
kk,edgeface_xs,168,512,webp,age,0.030773535069624977,0.04651047463641519,0.0064245787735801585,3
kk,edgeface_xs,224,1024,webp,skin_tone,0.010411394819126878,0.048756696797098986,0.01261911140696272,6
kk,edgeface_xs,224,1024,webp,gender,0.026197019538502585,0.031416561585441996,0.0026097710234697057,2
kk,edgeface_xs,224,1024,webp,age,0.021445115927065217,0.03106363617359089,0.00393078878634212,3
kk,edgeface_xs,224,512,webp,skin_tone,0.013179944758335442,0.04923912324233537,0.011903220099250107,6
kk,edgeface_xs,224,512,webp,gender,0.028055268678090724,0.03355834716743557,0.002751539244672422,2
kk,edgeface_xs,224,512,webp,age,0.02296248367257805,0.033308088968324635,0.004237288319144354,3
kk,edgeface_xs,64,1024,webp,skin_tone,0.01327542993399922,0.0547170343599324,0.01355930869020433,6
kk,edgeface_xs,64,1024,webp,gender,0.028552058561372405,0.03254306834179655,0.001995504890212073,2
kk,edgeface_xs,64,1024,webp,age,0.024595444114949568,0.032214485217182676,0.0031632405012352017,3
kk,edgeface_xs,64,512,webp,skin_tone,0.03586163959854284,0.0871338099056842,0.016591603122212147,6
kk,edgeface_xs,64,512,webp,gender,0.05712368248610529,0.0689188513615424,0.005897584437718553,2
kk,edgeface_xs,64,512,webp,age,0.05042274419275189,0.06950646789120099,0.00822247328137498,3
kk,edgeface_xs,96,1024,webp,skin_tone,0.008991058265024509,0.05103967198183279,0.013320793874195415,6
kk,edgeface_xs,96,1024,webp,gender,0.026604640818290885,0.029212546104698138,0.0013039526432036264,2
kk,edgeface_xs,96,1024,webp,age,0.02244558625755773,0.029090649034299594,0.0027509134555925357,3
kk,edgeface_xs,96,512,webp,skin_tone,0.04305956604169464,0.08862897797436439,0.015555721792084936,6
kk,edgeface_xs,96,512,webp,gender,0.0597106939445885,0.0754308021104382,0.007860054082924853,2
kk,edgeface_xs,96,512,webp,age,0.05028783523233238,0.07628184610808152,0.010772349890720715,3
