dataset,model,res,budget,codec,attribute,subgroup,n_pos,n_neg,eer
kk,arcface_antelopev2,112,0,aligned,skin_tone,__overall__,1515807,1413163,0.0022379303670302234
kk,arcface_antelopev2,112,0,aligned,skin_tone,MST10,50485,6607,0.00012519697124662382
kk,arcface_antelopev2,112,0,aligned,skin_tone,MST5,178369,62240,0.0008682971679935449
kk,arcface_antelopev2,112,0,aligned,skin_tone,MST6,671757,932109,0.002313634501565762
kk,arcface_antelopev2,112,0,aligned,skin_tone,MST7,415396,384592,0.0016916175245359029
kk,arcface_antelopev2,112,0,aligned,skin_tone,MST8,47266,4349,0.0027019310591581817
kk,arcface_antelopev2,112,0,aligned,skin_tone,MST9,121529,23266,0.0038257858705181193
kk,arcface_antelopev2,112,0,aligned,gender,__overall__,1515807,2515222,0.002568721668747093
kk,arcface_antelopev2,112,0,aligned,gender,F,890858,1575354,0.002703803696985626
kk,arcface_antelopev2,112,0,aligned,gender,M,624949,939868,0.002017794355765063
kk,arcface_antelopev2,112,0,aligned,age,__overall__,1515807,1848306,0.002529614937679543
kk,arcface_antelopev2,112,0,aligned,age,26-35,607008,840462,0.0024022807221359657
kk,arcface_antelopev2,112,0,aligned,age,36-50,207304,99108,0.0014204487379409826
kk,arcface_antelopev2,112,0,aligned,age,<=25,688654,908736,0.002682575897953684
kk,arcface_antelopev2,168,0,aligned,skin_tone,__overall__,1515807,1413163,0.0021771313412908425
kk,arcface_antelopev2,168,0,aligned,skin_tone,MST10,50485,6607,0.00012519697124662382
kk,arcface_antelopev2,168,0,aligned,skin_tone,MST5,178369,62240,0.0008819369423811223
kk,arcface_antelopev2,168,0,aligned,skin_tone,MST6,671757,932109,0.0022453270168162898
kk,arcface_antelopev2,168,0,aligned,skin_tone,MST7,415396,384592,0.0016324419760419418
kk,arcface_antelopev2,168,0,aligned,skin_tone,MST8,47266,4349,0.002754823201501515
kk,arcface_antelopev2,168,0,aligned,skin_tone,MST9,121529,23266,0.0036708007337412597
kk,arcface_antelopev2,168,0,aligned,gender,__overall__,1515807,2515222,0.0024669657829507513
kk,arcface_antelopev2,168,0,aligned,gender,F,890858,1575354,0.0025321628795127917
kk,arcface_antelopev2,168,0,aligned,gender,M,624949,939868,0.0019416324458981673
kk,arcface_antelopev2,168,0,aligned,age,__overall__,1515807,1848306,0.0024287047667823497
kk,arcface_antelopev2,168,0,aligned,age,26-35,607008,840462,0.0022903009775792965
kk,arcface_antelopev2,168,0,aligned,age,36-50,207304,99108,0.0014156249043439464
kk,arcface_antelopev2,168,0,aligned,age,<=25,688654,908736,0.0025841500570543867
kk,arcface_antelopev2,224,0,aligned,skin_tone,__overall__,1515807,1413163,0.0021389598509041936
kk,arcface_antelopev2,224,0,aligned,skin_tone,MST10,50485,6607,0.00014500483496852142
kk,arcface_antelopev2,224,0,aligned,skin_tone,MST5,178369,62240,0.000835411263853949
kk,arcface_antelopev2,224,0,aligned,skin_tone,MST6,671757,932109,0.0022368443550322675
kk,arcface_antelopev2,224,0,aligned,skin_tone,MST7,415396,384592,0.0016203088605692454
kk,arcface_antelopev2,224,0,aligned,skin_tone,MST8,47266,4349,0.0027230879160955153
kk,arcface_antelopev2,224,0,aligned,skin_tone,MST9,121529,23266,0.0037672670843645947
kk,arcface_antelopev2,224,0,aligned,gender,__overall__,1515807,2515222,0.0024272014052714418
kk,arcface_antelopev2,224,0,aligned,gender,F,890858,1575354,0.002505726378766453
kk,arcface_antelopev2,224,0,aligned,gender,M,624949,939868,0.0019280521449227858
kk,arcface_antelopev2,224,0,aligned,age,__overall__,1515807,1848306,0.0023982043064415936
kk,arcface_antelopev2,224,0,aligned,age,26-35,607008,840462,0.002279134978525719
kk,arcface_antelopev2,224,0,aligned,age,36-50,207304,99108,0.0013537788096720442
kk,arcface_antelopev2,224,0,aligned,age,<=25,688654,908736,0.0025731684581548056
kk,arcface_antelopev2,64,0,aligned,skin_tone,__overall__,1515807,1413163,0.004246699173590898
kk,arcface_antelopev2,64,0,aligned,skin_tone,MST10,50485,6607,0.0007646399022864022
kk,arcface_antelopev2,64,0,aligned,skin_tone,MST5,178369,62240,0.0018926143236384077
kk,arcface_antelopev2,64,0,aligned,skin_tone,MST6,671757,932109,0.004475493115805638
kk,arcface_antelopev2,64,0,aligned,skin_tone,MST7,415396,384592,0.003080281328230872
kk,arcface_antelopev2,64,0,aligned,skin_tone,MST8,47266,4349,0.005488489546065697
kk,arcface_antelopev2,64,0,aligned,skin_tone,MST9,121529,23266,0.006701526481271604
kk,arcface_antelopev2,64,0,aligned,gender,__overall__,1515807,2515222,0.004990568883026425
kk,arcface_antelopev2,64,0,aligned,gender,F,890858,1575354,0.005331846607485206
kk,arcface_antelopev2,64,0,aligned,gender,M,624949,939868,0.003845431203674493
kk,arcface_antelopev2,64,0,aligned,age,__overall__,1515807,1848306,0.004816227979002526
kk,arcface_antelopev2,64,0,aligned,age,26-35,607008,840462,0.004498001375398988
kk,arcface_antelopev2,64,0,aligned,age,36-50,207304,99108,0.0025968096852551316
kk,arcface_antelopev2,64,0,aligned,age,<=25,688654,908736,0.005092336553245175
kk,arcface_antelopev2,96,0,aligned,skin_tone,__overall__,1515807,1413163,0.0024857923900062553
kk,arcface_antelopev2,96,0,aligned,skin_tone,MST10,50485,6607,0.0001549087668294702
kk,arcface_antelopev2,96,0,aligned,skin_tone,MST5,178369,62240,0.001076449189536477
kk,arcface_antelopev2,96,0,aligned,skin_tone,MST6,671757,932109,0.0026073307022296036
kk,arcface_antelopev2,96,0,aligned,skin_tone,MST7,415396,384592,0.0018336564024856426
kk,arcface_antelopev2,96,0,aligned,skin_tone,MST8,47266,4349,0.0031963296876373233
kk,arcface_antelopev2,96,0,aligned,skin_tone,MST9,121529,23266,0.003829900114854862
kk,arcface_antelopev2,96,0,aligned,gender,__overall__,1515807,2515222,0.0028574024824105384
kk,arcface_antelopev2,96,0,aligned,gender,F,890858,1575354,0.0028703662907703254
kk,arcface_antelopev2,96,0,aligned,gender,M,624949,939868,0.0023054432987296035
kk,arcface_antelopev2,96,0,aligned,age,__overall__,1515807,1848306,0.002798532452913418
kk,arcface_antelopev2,96,0,aligned,age,26-35,607008,840462,0.002646330008966364
kk,arcface_antelopev2,96,0,aligned,age,36-50,207304,99108,0.0016991880350093265
kk,arcface_antelopev2,96,0,aligned,age,<=25,688654,908736,0.0029043461261692048
kk,arcface_antelopev2,112,1024,avif,skin_tone,__overall__,1515807,1413163,0.00784846407250874
kk,arcface_antelopev2,112,1024,avif,skin_tone,MST10,50485,6607,0.0016346689120975305
kk,arcface_antelopev2,112,1024,avif,skin_tone,MST5,178369,62240,0.005886747220505206
kk,arcface_antelopev2,112,1024,avif,skin_tone,MST6,671757,932109,0.008265862788775589
kk,arcface_antelopev2,112,1024,avif,skin_tone,MST7,415396,384592,0.005242168536555859
kk,arcface_antelopev2,112,1024,avif,skin_tone,MST8,47266,4349,0.010000154018415874
kk,arcface_antelopev2,112,1024,avif,skin_tone,MST9,121529,23266,0.013310700856256616
kk,arcface_antelopev2,112,1024,avif,gender,__overall__,1515807,2515222,0.009528890843455014
kk,arcface_antelopev2,112,1024,avif,gender,F,890858,1575354,0.010506046071513168
kk,arcface_antelopev2,112,1024,avif,gender,M,624949,939868,0.007491648590993074
kk,arcface_antelopev2,112,1024,avif,age,__overall__,1515807,1848306,0.009133626123805378
kk,arcface_antelopev2,112,1024,avif,age,26-35,607008,840462,0.008099615021597065
kk,arcface_antelopev2,112,1024,avif,age,36-50,207304,99108,0.0055188485901971444
kk,arcface_antelopev2,112,1024,avif,age,<=25,688654,908736,0.010189182572597153
kk,arcface_antelopev2,112,512,avif,skin_tone,__overall__,1515807,1413163,0.10406346680048165
kk,arcface_antelopev2,112,512,avif,skin_tone,MST10,50485,6607,0.08523640349574768
kk,arcface_antelopev2,112,512,avif,skin_tone,MST5,178369,62240,0.11807285914762847
kk,arcface_antelopev2,112,512,avif,skin_tone,MST6,671757,932109,0.10035055100991722
kk,arcface_antelopev2,112,512,avif,skin_tone,MST7,415396,384592,0.09570600999128195
kk,arcface_antelopev2,112,512,avif,skin_tone,MST8,47266,4349,0.12241258669239828
kk,arcface_antelopev2,112,512,avif,skin_tone,MST9,121529,23266,0.12644938262097938
kk,arcface_antelopev2,112,512,avif,gender,__overall__,1515807,2515222,0.12061064314591118
kk,arcface_antelopev2,112,512,avif,gender,F,890858,1575354,0.13455404703913232
kk,arcface_antelopev2,112,512,avif,gender,M,624949,939868,0.09923425556383104
kk,arcface_antelopev2,112,512,avif,age,__overall__,1515807,1848306,0.11385576392285204
kk,arcface_antelopev2,112,512,avif,age,26-35,607008,840462,0.10214972004735262
kk,arcface_antelopev2,112,512,avif,age,36-50,207304,99108,0.08968015985343092
kk,arcface_antelopev2,112,512,avif,age,<=25,688654,908736,0.13170318155656957
kk,arcface_antelopev2,168,1024,avif,skin_tone,__overall__,1515807,1413163,0.009421161709886364
kk,arcface_antelopev2,168,1024,avif,skin_tone,MST10,50485,6607,0.0028442272511504454
kk,arcface_antelopev2,168,1024,avif,skin_tone,MST5,178369,62240,0.007292055451437642
kk,arcface_antelopev2,168,1024,avif,skin_tone,MST6,671757,932109,0.01011527606792333
kk,arcface_antelopev2,168,1024,avif,skin_tone,MST7,415396,384592,0.006108609132253044
kk,arcface_antelopev2,168,1024,avif,skin_tone,MST8,47266,4349,0.011734444677553106
kk,arcface_antelopev2,168,1024,avif,skin_tone,MST9,121529,23266,0.015244624695918953
kk,arcface_antelopev2,168,1024,avif,gender,__overall__,1515807,2515222,0.011362121896885435
kk,arcface_antelopev2,168,1024,avif,gender,F,890858,1575354,0.0124407942417694
kk,arcface_antelopev2,168,1024,avif,gender,M,624949,939868,0.008946661382607357
kk,arcface_antelopev2,168,1024,avif,age,__overall__,1515807,1848306,0.010883257581028373
kk,arcface_antelopev2,168,1024,avif,age,26-35,607008,840462,0.009106151813026486
kk,arcface_antelopev2,168,1024,avif,age,36-50,207304,99108,0.007287560805905055
kk,arcface_antelopev2,168,1024,avif,age,<=25,688654,908736,0.012414978940896174
kk,arcface_antelopev2,168,512,avif,skin_tone,__overall__,1515807,1413163,0.0399447957520533
kk,arcface_antelopev2,168,512,avif,skin_tone,MST10,50485,6607,0.025054846001954192
kk,arcface_antelopev2,168,512,avif,skin_tone,MST5,178369,62240,0.040178400019609276
kk,arcface_antelopev2,168,512,avif,skin_tone,MST6,671757,932109,0.04074772701355872
kk,arcface_antelopev2,168,512,avif,skin_tone,MST7,415396,384592,0.031398752495701586
kk,arcface_antelopev2,168,512,avif,skin_tone,MST8,47266,4349,0.05247916039862145
kk,arcface_antelopev2,168,512,avif,skin_tone,MST9,121529,23266,0.061333725744933704
kk,arcface_antelopev2,168,512,avif,gender,__overall__,1515807,2515222,0.048796703045031885
kk,arcface_antelopev2,168,512,avif,gender,F,890858,1575354,0.0555512057617462
kk,arcface_antelopev2,168,512,avif,gender,M,624949,939868,0.03798714953967058
kk,arcface_antelopev2,168,512,avif,age,__overall__,1515807,1848306,0.04595586049820253
kk,arcface_antelopev2,168,512,avif,age,26-35,607008,840462,0.03886189717020949
kk,arcface_antelopev2,168,512,avif,age,36-50,207304,99108,0.030362761993739454
kk,arcface_antelopev2,168,512,avif,age,<=25,688654,908736,0.055482641490362986
kk,arcface_antelopev2,224,1024,avif,skin_tone,__overall__,1515807,1413163,0.009424056860695678
kk,arcface_antelopev2,224,1024,avif,skin_tone,MST10,50485,6607,0.002564121513074352
kk,arcface_antelopev2,224,1024,avif,skin_tone,MST5,178369,62240,0.006617894416575926
kk,arcface_antelopev2,224,1024,avif,skin_tone,MST6,671757,932109,0.010207293815906356
kk,arcface_antelopev2,224,1024,avif,skin_tone,MST7,415396,384592,0.006514409409874824
kk,arcface_antelopev2,224,1024,avif,skin_tone,MST8,47266,4349,0.009474020104530733
kk,arcface_antelopev2,224,1024,avif,skin_tone,MST9,121529,23266,0.015429328908492138
kk,arcface_antelopev2,224,1024,avif,gender,__overall__,1515807,2515222,0.01136435026461374
kk,arcface_antelopev2,224,1024,avif,gender,F,890858,1575354,0.012681186374554293
kk,arcface_antelopev2,224,1024,avif,gender,M,624949,939868,0.00879141370096912
kk,arcface_antelopev2,224,1024,avif,age,__overall__,1515807,1848306,0.010830049324432565
kk,arcface_antelopev2,224,1024,avif,age,26-35,607008,840462,0.00944071877882421
kk,arcface_antelopev2,224,1024,avif,age,36-50,207304,99108,0.006887983571922553
kk,arcface_antelopev2,224,1024,avif,age,<=25,688654,908736,0.01229725018750658
kk,arcface_antelopev2,224,512,avif,skin_tone,__overall__,1515807,1413163,0.017158914709798842
kk,arcface_antelopev2,224,512,avif,skin_tone,MST10,50485,6607,0.008021989936603894
kk,arcface_antelopev2,224,512,avif,skin_tone,MST5,178369,62240,0.01527973939664173
kk,arcface_antelopev2,224,512,avif,skin_tone,MST6,671757,932109,0.01801187145957945
kk,arcface_antelopev2,224,512,avif,skin_tone,MST7,415396,384592,0.01285143535334542
kk,arcface_antelopev2,224,512,avif,skin_tone,MST8,47266,4349,0.017244091080556134
kk,arcface_antelopev2,224,512,avif,skin_tone,MST9,121529,23266,0.028591434385767125
kk,arcface_antelopev2,224,512,avif,gender,__overall__,1515807,2515222,0.021064577299373118
kk,arcface_antelopev2,224,512,avif,gender,F,890858,1575354,0.024369978098701162
kk,arcface_antelopev2,224,512,avif,gender,M,624949,939868,0.015683704182622785
kk,arcface_antelopev2,224,512,avif,age,__overall__,1515807,1848306,0.019953301515427783
kk,arcface_antelopev2,224,512,avif,age,26-35,607008,840462,0.016820495946376524
kk,arcface_antelopev2,224,512,avif,age,36-50,207304,99108,0.012297611473567002
kk,arcface_antelopev2,224,512,avif,age,<=25,688654,908736,0.023970540851154378
kk,arcface_antelopev2,64,1024,avif,skin_tone,__overall__,1515807,1413163,0.009439739001592323
kk,arcface_antelopev2,64,1024,avif,skin_tone,MST10,50485,6607,0.0025740254449353006
kk,arcface_antelopev2,64,1024,avif,skin_tone,MST5,178369,62240,0.00802245041946131
kk,arcface_antelopev2,64,1024,avif,skin_tone,MST6,671757,932109,0.010046116393020249
kk,arcface_antelopev2,64,1024,avif,skin_tone,MST7,415396,384592,0.00625912334278579
kk,arcface_antelopev2,64,1024,avif,skin_tone,MST8,47266,4349,0.010346454648333682
kk,arcface_antelopev2,64,1024,avif,skin_tone,MST9,121529,23266,0.014218684307214697
kk,arcface_antelopev2,64,1024,avif,gender,__overall__,1515807,2515222,0.011499011246772044
kk,arcface_antelopev2,64,1024,avif,gender,F,890858,1575354,0.01297113057645704
kk,arcface_antelopev2,64,1024,avif,gender,M,624949,939868,0.008596698906438091
kk,arcface_antelopev2,64,1024,avif,age,__overall__,1515807,1848306,0.010956349775468947
kk,arcface_antelopev2,64,1024,avif,age,26-35,607008,840462,0.009453486252978009
kk,arcface_antelopev2,64,1024,avif,age,36-50,207304,99108,0.006793455551976531
kk,arcface_antelopev2,64,1024,avif,age,<=25,688654,908736,0.01266676131437028
kk,arcface_antelopev2,64,512,avif,skin_tone,__overall__,1515807,1413163,0.09635084944185723
kk,arcface_antelopev2,64,512,avif,skin_tone,MST10,50485,6607,0.06407332603127594
kk,arcface_antelopev2,64,512,avif,skin_tone,MST5,178369,62240,0.11058218954976513
kk,arcface_antelopev2,64,512,avif,skin_tone,MST6,671757,932109,0.0950820222656174
kk,arcface_antelopev2,64,512,avif,skin_tone,MST7,415396,384592,0.08735304168824348
kk,arcface_antelopev2,64,512,avif,skin_tone,MST8,47266,4349,0.0995636433526211
kk,arcface_antelopev2,64,512,avif,skin_tone,MST9,121529,23266,0.1176529483877749
kk,arcface_antelopev2,64,512,avif,gender,__overall__,1515807,2515222,0.11417244210453181
kk,arcface_antelopev2,64,512,avif,gender,F,890858,1575354,0.12589299600342319
kk,arcface_antelopev2,64,512,avif,gender,M,624949,939868,0.09575177688285214
kk,arcface_antelopev2,64,512,avif,age,__overall__,1515807,1848306,0.10731166292014827
kk,arcface_antelopev2,64,512,avif,age,26-35,607008,840462,0.09272236351832666
kk,arcface_antelopev2,64,512,avif,age,36-50,207304,99108,0.08835182721863744
kk,arcface_antelopev2,64,512,avif,age,<=25,688654,908736,0.12567873076003166
kk,arcface_antelopev2,96,1024,avif,skin_tone,__overall__,1515807,1413163,0.008731956368686178
kk,arcface_antelopev2,96,1024,avif,skin_tone,MST10,50485,6607,0.0024191166781058304
kk,arcface_antelopev2,96,1024,avif,skin_tone,MST5,178369,62240,0.007406403887879177
kk,arcface_antelopev2,96,1024,avif,skin_tone,MST6,671757,932109,0.00900321392475761
kk,arcface_antelopev2,96,1024,avif,skin_tone,MST7,415396,384592,0.005726739089837809
kk,arcface_antelopev2,96,1024,avif,skin_tone,MST8,47266,4349,0.011218889192136632
kk,arcface_antelopev2,96,1024,avif,skin_tone,MST9,121529,23266,0.014669021471076557
kk,arcface_antelopev2,96,1024,avif,gender,__overall__,1515807,2515222,0.010596267122645393
kk,arcface_antelopev2,96,1024,avif,gender,F,890858,1575354,0.011690295963749651
kk,arcface_antelopev2,96,1024,avif,gender,M,624949,939868,0.008148143559987511
kk,arcface_antelopev2,96,1024,avif,age,__overall__,1515807,1848306,0.010116313053785533
kk,arcface_antelopev2,96,1024,avif,age,26-35,607008,840462,0.00858249629939738
kk,arcface_antelopev2,96,1024,avif,age,36-50,207304,99108,0.006714504871899438
kk,arcface_antelopev2,96,1024,avif,age,<=25,688654,908736,0.01149018861373358
kk,arcface_antelopev2,96,512,avif,skin_tone,__overall__,1515807,1413163,0.10941925350403867
kk,arcface_antelopev2,96,512,avif,skin_tone,MST10,50485,6607,0.08099444320018628
kk,arcface_antelopev2,96,512,avif,skin_tone,MST5,178369,62240,0.12539636675708848
kk,arcface_antelopev2,96,512,avif,skin_tone,MST6,671757,932109,0.10835302473674274
kk,arcface_antelopev2,96,512,avif,skin_tone,MST7,415396,384592,0.09834665368332494
kk,arcface_antelopev2,96,512,avif,skin_tone,MST8,47266,4349,0.11689096810615249
kk,arcface_antelopev2,96,512,avif,skin_tone,MST9,121529,23266,0.12917836658362947
kk,arcface_antelopev2,96,512,avif,gender,__overall__,1515807,2515222,0.12836967808718214
kk,arcface_antelopev2,96,512,avif,gender,F,890858,1575354,0.14172650824791494
kk,arcface_antelopev2,96,512,avif,gender,M,624949,939868,0.10694584891842292
kk,arcface_antelopev2,96,512,avif,age,__overall__,1515807,1848306,0.12103282988349481
kk,arcface_antelopev2,96,512,avif,age,26-35,607008,840462,0.10511784981846249
kk,arcface_antelopev2,96,512,avif,age,36-50,207304,99108,0.09734160962145164
kk,arcface_antelopev2,96,512,avif,age,<=25,688654,908736,0.1403408746805503
kk,arcface_antelopev2,112,1024,heif,skin_tone,__overall__,1515807,1413163,0.012197942728502425
kk,arcface_antelopev2,112,1024,heif,skin_tone,MST10,50485,6607,0.0037835837839882156
kk,arcface_antelopev2,112,1024,heif,skin_tone,MST5,178369,62240,0.010221498363037913
kk,arcface_antelopev2,112,1024,heif,skin_tone,MST6,671757,932109,0.012745177513861656
kk,arcface_antelopev2,112,1024,heif,skin_tone,MST7,415396,384592,0.008766478380271447
kk,arcface_antelopev2,112,1024,heif,skin_tone,MST8,47266,4349,0.014415218879773956
kk,arcface_antelopev2,112,1024,heif,skin_tone,MST9,121529,23266,0.0191115530098045
kk,arcface_antelopev2,112,1024,heif,gender,__overall__,1515807,2515222,0.01468417918765538
kk,arcface_antelopev2,112,1024,heif,gender,F,890858,1575354,0.016775468960601125
kk,arcface_antelopev2,112,1024,heif,gender,M,624949,939868,0.010813166765410453
kk,arcface_antelopev2,112,1024,heif,age,__overall__,1515807,1848306,0.014005903681294583
kk,arcface_antelopev2,112,1024,heif,age,26-35,607008,840462,0.011459970677853456
kk,arcface_antelopev2,112,1024,heif,age,36-50,207304,99108,0.00919596395728414
kk,arcface_antelopev2,112,1024,heif,age,<=25,688654,908736,0.016455783219587662
kk,arcface_antelopev2,112,512,heif,skin_tone,__overall__,1515807,1413163,0.22704096935347717
kk,arcface_antelopev2,112,512,heif,skin_tone,MST10,50485,6607,0.20410909590922943
kk,arcface_antelopev2,112,512,heif,skin_tone,MST5,178369,62240,0.24433249856587558
kk,arcface_antelopev2,112,512,heif,skin_tone,MST6,671757,932109,0.2235806528511008
kk,arcface_antelopev2,112,512,heif,skin_tone,MST7,415396,384592,0.20939402422545547
kk,arcface_antelopev2,112,512,heif,skin_tone,MST8,47266,4349,0.23113289729549014
kk,arcface_antelopev2,112,512,heif,skin_tone,MST9,121529,23266,0.2507650363603956
kk,arcface_antelopev2,112,512,heif,gender,__overall__,1515807,2515222,0.25689252777328864
kk,arcface_antelopev2,112,512,heif,gender,F,890858,1575354,0.27517653690901345
kk,arcface_antelopev2,112,512,heif,gender,M,624949,939868,0.22358112562277122
kk,arcface_antelopev2,112,512,heif,age,__overall__,1515807,1848306,0.24459002140027394
kk,arcface_antelopev2,112,512,heif,age,26-35,607008,840462,0.2214910640765576
kk,arcface_antelopev2,112,512,heif,age,36-50,207304,99108,0.21004322406053016
kk,arcface_antelopev2,112,512,heif,age,<=25,688654,908736,0.27114940199484483
kk,arcface_antelopev2,168,1024,heif,skin_tone,__overall__,1515807,1413163,0.012619548094470088
kk,arcface_antelopev2,168,1024,heif,skin_tone,MST10,50485,6607,0.004133017045090951
kk,arcface_antelopev2,168,1024,heif,skin_tone,MST5,178369,62240,0.010849885947419508
kk,arcface_antelopev2,168,1024,heif,skin_tone,MST6,671757,932109,0.012962316960671079
kk,arcface_antelopev2,168,1024,heif,skin_tone,MST7,415396,384592,0.009042276487085587
kk,arcface_antelopev2,168,1024,heif,skin_tone,MST8,47266,4349,0.016350499679815854
kk,arcface_antelopev2,168,1024,heif,skin_tone,MST9,121529,23266,0.020617549638166942
kk,arcface_antelopev2,168,1024,heif,gender,__overall__,1515807,2515222,0.015262377655441809
kk,arcface_antelopev2,168,1024,heif,gender,F,890858,1575354,0.01739805061468199
kk,arcface_antelopev2,168,1024,heif,gender,M,624949,939868,0.011235633812657424
kk,arcface_antelopev2,168,1024,heif,age,__overall__,1515807,1848306,0.014519629451112726
kk,arcface_antelopev2,168,1024,heif,age,26-35,607008,840462,0.011861899341638955
kk,arcface_antelopev2,168,1024,heif,age,36-50,207304,99108,0.009003853426319573
kk,arcface_antelopev2,168,1024,heif,age,<=25,688654,908736,0.017347776153870547
kk,arcface_antelopev2,168,512,heif,skin_tone,__overall__,1515807,1413163,0.10911075779863841
kk,arcface_antelopev2,168,512,heif,skin_tone,MST10,50485,6607,0.08993242766296033
kk,arcface_antelopev2,168,512,heif,skin_tone,MST5,178369,62240,0.12120471270087813
kk,arcface_antelopev2,168,512,heif,skin_tone,MST6,671757,932109,0.10815322522137605
kk,arcface_antelopev2,168,512,heif,skin_tone,MST7,415396,384592,0.09605143678336853
kk,arcface_antelopev2,168,512,heif,skin_tone,MST8,47266,4349,0.1152109633441327
kk,arcface_antelopev2,168,512,heif,skin_tone,MST9,121529,23266,0.13555385679630197
kk,arcface_antelopev2,168,512,heif,gender,__overall__,1515807,2515222,0.12861108176592523
kk,arcface_antelopev2,168,512,heif,gender,F,890858,1575354,0.14338389980185662
kk,arcface_antelopev2,168,512,heif,gender,M,624949,939868,0.10507977980439252
kk,arcface_antelopev2,168,512,heif,age,__overall__,1515807,1848306,0.12137726374036006
kk,arcface_antelopev2,168,512,heif,age,26-35,607008,840462,0.10734824697130713
kk,arcface_antelopev2,168,512,heif,age,36-50,207304,99108,0.09197800837762192
kk,arcface_antelopev2,168,512,heif,age,<=25,688654,908736,0.14149257422912526
kk,arcface_antelopev2,224,1024,heif,skin_tone,__overall__,1515807,1413163,0.01289772965369932
kk,arcface_antelopev2,224,1024,heif,skin_tone,MST10,50485,6607,0.0038132955795710625
kk,arcface_antelopev2,224,1024,heif,skin_tone,MST5,178369,62240,0.009662437992664783
kk,arcface_antelopev2,224,1024,heif,skin_tone,MST6,671757,932109,0.013912336743866641
kk,arcface_antelopev2,224,1024,heif,skin_tone,MST7,415396,384592,0.00930623070341882
kk,arcface_antelopev2,224,1024,heif,skin_tone,MST8,47266,4349,0.01269150664910539
kk,arcface_antelopev2,224,1024,heif,skin_tone,MST9,121529,23266,0.019502452022073707
kk,arcface_antelopev2,224,1024,heif,gender,__overall__,1515807,2515222,0.015509788784056715
kk,arcface_antelopev2,224,1024,heif,gender,F,890858,1575354,0.0176086567554725
kk,arcface_antelopev2,224,1024,heif,gender,M,624949,939868,0.01148789088110647
kk,arcface_antelopev2,224,1024,heif,age,__overall__,1515807,1848306,0.01478762719858591
kk,arcface_antelopev2,224,1024,heif,age,26-35,607008,840462,0.01216905418615636
kk,arcface_antelopev2,224,1024,heif,age,36-50,207304,99108,0.009411530152787197
kk,arcface_antelopev2,224,1024,heif,age,<=25,688654,908736,0.01737346041044319
kk,arcface_antelopev2,224,512,heif,skin_tone,__overall__,1515807,1413163,0.049709190593933555
kk,arcface_antelopev2,224,512,heif,skin_tone,MST10,50485,6607,0.036211072859645574
kk,arcface_antelopev2,224,512,heif,skin_tone,MST5,178369,62240,0.05329686685911983
kk,arcface_antelopev2,224,512,heif,skin_tone,MST6,671757,932109,0.04997065460149705
kk,arcface_antelopev2,224,512,heif,skin_tone,MST7,415396,384592,0.03967805443092852
kk,arcface_antelopev2,224,512,heif,skin_tone,MST8,47266,4349,0.05723134121620277
kk,arcface_antelopev2,224,512,heif,skin_tone,MST9,121529,23266,0.06851255036954611
kk,arcface_antelopev2,224,512,heif,gender,__overall__,1515807,2515222,0.05958409134109524
kk,arcface_antelopev2,224,512,heif,gender,F,890858,1575354,0.06756499790845973
kk,arcface_antelopev2,224,512,heif,gender,M,624949,939868,0.04647536002398196
kk,arcface_antelopev2,224,512,heif,age,__overall__,1515807,1848306,0.056140488906262
kk,arcface_antelopev2,224,512,heif,age,26-35,607008,840462,0.04873232067951859
kk,arcface_antelopev2,224,512,heif,age,36-50,207304,99108,0.036805763318966095
kk,arcface_antelopev2,224,512,heif,age,<=25,688654,908736,0.06658309695688489
kk,arcface_antelopev2,64,1024,heif,skin_tone,__overall__,1515807,1413163,0.012104637151635445
kk,arcface_antelopev2,64,1024,heif,skin_tone,MST10,50485,6607,0.004053785590203361
kk,arcface_antelopev2,64,1024,heif,skin_tone,MST5,178369,62240,0.010114807231595989
kk,arcface_antelopev2,64,1024,heif,skin_tone,MST6,671757,932109,0.012399345797534963
kk,arcface_antelopev2,64,1024,heif,skin_tone,MST7,415396,384592,0.008760702480945123
kk,arcface_antelopev2,64,1024,heif,skin_tone,MST8,47266,4349,0.012585722364418721
kk,arcface_antelopev2,64,1024,heif,skin_tone,MST9,121529,23266,0.01886741064563866
kk,arcface_antelopev2,64,1024,heif,gender,__overall__,1515807,2515222,0.014586484537652857
kk,arcface_antelopev2,64,1024,heif,gender,F,890858,1575354,0.016672430770600193
kk,arcface_antelopev2,64,1024,heif,gender,M,624949,939868,0.010746564021217122
kk,arcface_antelopev2,64,1024,heif,age,__overall__,1515807,1848306,0.013932841148215473
kk,arcface_antelopev2,64,1024,heif,age,26-35,607008,840462,0.01166512236082864
kk,arcface_antelopev2,64,1024,heif,age,36-50,207304,99108,0.008890693575432096
kk,arcface_antelopev2,64,1024,heif,age,<=25,688654,908736,0.016427892365587476
kk,arcface_antelopev2,64,512,heif,skin_tone,__overall__,1515807,1413163,0.21403684748328172
kk,arcface_antelopev2,64,512,heif,skin_tone,MST10,50485,6607,0.18543166699992067
kk,arcface_antelopev2,64,512,heif,skin_tone,MST5,178369,62240,0.23679041380717922
kk,arcface_antelopev2,64,512,heif,skin_tone,MST6,671757,932109,0.21157206845847246
kk,arcface_antelopev2,64,512,heif,skin_tone,MST7,415396,384592,0.19976428099072355
kk,arcface_antelopev2,64,512,heif,skin_tone,MST8,47266,4349,0.22155448666104682
kk,arcface_antelopev2,64,512,heif,skin_tone,MST9,121529,23266,0.23019821380228894
kk,arcface_antelopev2,64,512,heif,gender,__overall__,1515807,2515222,0.24263394864027227
kk,arcface_antelopev2,64,512,heif,gender,F,890858,1575354,0.25887686980859126
kk,arcface_antelopev2,64,512,heif,gender,M,624949,939868,0.214385571464167
kk,arcface_antelopev2,64,512,heif,age,__overall__,1515807,1848306,0.23043072181154134
kk,arcface_antelopev2,64,512,heif,age,26-35,607008,840462,0.2073719495601892
kk,arcface_antelopev2,64,512,heif,age,36-50,207304,99108,0.2061227471937811
kk,arcface_antelopev2,64,512,heif,age,<=25,688654,908736,0.2561604140332099
kk,arcface_antelopev2,96,1024,heif,skin_tone,__overall__,1515807,1413163,0.011825128907427585
kk,arcface_antelopev2,96,1024,heif,skin_tone,MST10,50485,6607,0.002728934211764771
kk,arcface_antelopev2,96,1024,heif,skin_tone,MST5,178369,62240,0.0107319821052487
kk,arcface_antelopev2,96,1024,heif,skin_tone,MST6,671757,932109,0.011945719566894145
kk,arcface_antelopev2,96,1024,heif,skin_tone,MST7,415396,384592,0.008363281127575754
kk,arcface_antelopev2,96,1024,heif,skin_tone,MST8,47266,4349,0.014678285836716525
kk,arcface_antelopev2,96,1024,heif,skin_tone,MST9,121529,23266,0.01835535981672566
kk,arcface_antelopev2,96,1024,heif,gender,__overall__,1515807,2515222,0.014209158983082022
kk,arcface_antelopev2,96,1024,heif,gender,F,890858,1575354,0.016185018760106903
kk,arcface_antelopev2,96,1024,heif,gender,M,624949,939868,0.010522086941593144
kk,arcface_antelopev2,96,1024,heif,age,__overall__,1515807,1848306,0.013584642685766452
kk,arcface_antelopev2,96,1024,heif,age,26-35,607008,840462,0.011288271312893165
kk,arcface_antelopev2,96,1024,heif,age,36-50,207304,99108,0.008018497170892171
kk,arcface_antelopev2,96,1024,heif,age,<=25,688654,908736,0.016157459559561577
kk,arcface_antelopev2,96,512,heif,skin_tone,__overall__,1515807,1413163,0.2136527253734281
kk,arcface_antelopev2,96,512,heif,skin_tone,MST10,50485,6607,0.18492732497198844
kk,arcface_antelopev2,96,512,heif,skin_tone,MST5,178369,62240,0.23488316639161178
kk,arcface_antelopev2,96,512,heif,skin_tone,MST6,671757,932109,0.2116136423241694
kk,arcface_antelopev2,96,512,heif,skin_tone,MST7,415396,384592,0.19960731315571384
kk,arcface_antelopev2,96,512,heif,skin_tone,MST8,47266,4349,0.21270320008139332
kk,arcface_antelopev2,96,512,heif,skin_tone,MST9,121529,23266,0.23373910584757537
kk,arcface_antelopev2,96,512,heif,gender,__overall__,1515807,2515222,0.24265383076603145
kk,arcface_antelopev2,96,512,heif,gender,F,890858,1575354,0.26003264201447207
kk,arcface_antelopev2,96,512,heif,gender,M,624949,939868,0.21191180964146267
kk,arcface_antelopev2,96,512,heif,age,__overall__,1515807,1848306,0.23034047702105248
kk,arcface_antelopev2,96,512,heif,age,26-35,607008,840462,0.20928654471447397
kk,arcface_antelopev2,96,512,heif,age,36-50,207304,99108,0.19907323985996456
kk,arcface_antelopev2,96,512,heif,age,<=25,688654,908736,0.25578403523480564
kk,arcface_antelopev2,112,1024,jpeg2000,skin_tone,__overall__,1515807,1413163,0.10032137335745415
kk,arcface_antelopev2,112,1024,jpeg2000,skin_tone,MST10,50485,6607,0.07303822664366333
kk,arcface_antelopev2,112,1024,jpeg2000,skin_tone,MST5,178369,62240,0.11422469722474313
kk,arcface_antelopev2,112,1024,jpeg2000,skin_tone,MST6,671757,932109,0.09764227565745293
kk,arcface_antelopev2,112,1024,jpeg2000,skin_tone,MST7,415396,384592,0.09110399195615179
kk,arcface_antelopev2,112,1024,jpeg2000,skin_tone,MST8,47266,4349,0.12157049367922723
kk,arcface_antelopev2,112,1024,jpeg2000,skin_tone,MST9,121529,23266,0.12379992544874673
kk,arcface_antelopev2,112,1024,jpeg2000,gender,__overall__,1515807,2515222,0.11778157381588064
kk,arcface_antelopev2,112,1024,jpeg2000,gender,F,890858,1575354,0.12998582095754932
kk,arcface_antelopev2,112,1024,jpeg2000,gender,M,624949,939868,0.09814911532146842
kk,arcface_antelopev2,112,1024,jpeg2000,age,__overall__,1515807,1848306,0.11108984553290441
kk,arcface_antelopev2,112,1024,jpeg2000,age,26-35,607008,840462,0.09844527803949185
kk,arcface_antelopev2,112,1024,jpeg2000,age,36-50,207304,99108,0.08628369057706159
kk,arcface_antelopev2,112,1024,jpeg2000,age,<=25,688654,908736,0.12805199043397714
kk,arcface_antelopev2,112,512,jpeg2000,skin_tone,__overall__,1515807,1413163,0.32502167740320287
kk,arcface_antelopev2,112,512,jpeg2000,skin_tone,MST10,50485,6607,0.2977197182486533
kk,arcface_antelopev2,112,512,jpeg2000,skin_tone,MST5,178369,62240,0.3419782928009454
kk,arcface_antelopev2,112,512,jpeg2000,skin_tone,MST6,671757,932109,0.32734606137228417
kk,arcface_antelopev2,112,512,jpeg2000,skin_tone,MST7,415396,384592,0.29773741202068443
kk,arcface_antelopev2,112,512,jpeg2000,skin_tone,MST8,47266,4349,0.32253646157351923
kk,arcface_antelopev2,112,512,jpeg2000,skin_tone,MST9,121529,23266,0.3499158682833415
kk,arcface_antelopev2,112,512,jpeg2000,gender,__overall__,1515807,2515222,0.355934551994732
kk,arcface_antelopev2,112,512,jpeg2000,gender,F,890858,1575354,0.3710140065621534
kk,arcface_antelopev2,112,512,jpeg2000,gender,M,624949,939868,0.3270872866522882
kk,arcface_antelopev2,112,512,jpeg2000,age,__overall__,1515807,1848306,0.34139078335359924
kk,arcface_antelopev2,112,512,jpeg2000,age,26-35,607008,840462,0.3197410291671524
kk,arcface_antelopev2,112,512,jpeg2000,age,36-50,207304,99108,0.3200445794181782
kk,arcface_antelopev2,112,512,jpeg2000,age,<=25,688654,908736,0.3647498174778371
kk,arcface_antelopev2,168,1024,jpeg2000,skin_tone,__overall__,1515807,1413163,0.075218412396514
kk,arcface_antelopev2,168,1024,jpeg2000,skin_tone,MST10,50485,6607,0.0494865027936448
kk,arcface_antelopev2,168,1024,jpeg2000,skin_tone,MST5,178369,62240,0.08388136851703729
kk,arcface_antelopev2,168,1024,jpeg2000,skin_tone,MST6,671757,932109,0.07464599556167038
kk,arcface_antelopev2,168,1024,jpeg2000,skin_tone,MST7,415396,384592,0.06454616561381402
kk,arcface_antelopev2,168,1024,jpeg2000,skin_tone,MST8,47266,4349,0.09545395916208027
kk,arcface_antelopev2,168,1024,jpeg2000,skin_tone,MST9,121529,23266,0.10148025160207305
kk,arcface_antelopev2,168,1024,jpeg2000,gender,__overall__,1515807,2515222,0.09002040004954931
kk,arcface_antelopev2,168,1024,jpeg2000,gender,F,890858,1575354,0.09940127018797892
kk,arcface_antelopev2,168,1024,jpeg2000,gender,M,624949,939868,0.07469669269231771
kk,arcface_antelopev2,168,1024,jpeg2000,age,__overall__,1515807,1848306,0.08509840218294845
kk,arcface_antelopev2,168,1024,jpeg2000,age,26-35,607008,840462,0.07391849344890841
kk,arcface_antelopev2,168,1024,jpeg2000,age,36-50,207304,99108,0.06554153640135427
kk,arcface_antelopev2,168,1024,jpeg2000,age,<=25,688654,908736,0.09918167673450418
kk,arcface_antelopev2,168,512,jpeg2000,skin_tone,__overall__,1515807,1413163,0.3001472005780347
kk,arcface_antelopev2,168,512,jpeg2000,skin_tone,MST10,50485,6607,0.2737258716078378
kk,arcface_antelopev2,168,512,jpeg2000,skin_tone,MST5,178369,62240,0.31879089184985965
kk,arcface_antelopev2,168,512,jpeg2000,skin_tone,MST6,671757,932109,0.29842082391103775
kk,arcface_antelopev2,168,512,jpeg2000,skin_tone,MST7,415396,384592,0.27997569671951217
kk,arcface_antelopev2,168,512,jpeg2000,skin_tone,MST8,47266,4349,0.30034198704402537
kk,arcface_antelopev2,168,512,jpeg2000,skin_tone,MST9,121529,23266,0.33671029904896194
kk,arcface_antelopev2,168,512,jpeg2000,gender,__overall__,1515807,2515222,0.3328464506828155
kk,arcface_antelopev2,168,512,jpeg2000,gender,F,890858,1575354,0.3492267480801805
kk,arcface_antelopev2,168,512,jpeg2000,gender,M,624949,939868,0.3031633065486142
kk,arcface_antelopev2,168,512,jpeg2000,age,__overall__,1515807,1848306,0.31921807241785294
kk,arcface_antelopev2,168,512,jpeg2000,age,26-35,607008,840462,0.29445610335331435
kk,arcface_antelopev2,168,512,jpeg2000,age,36-50,207304,99108,0.2973084363765478
kk,arcface_antelopev2,168,512,jpeg2000,age,<=25,688654,908736,0.34607991685180206
kk,arcface_antelopev2,224,1024,jpeg2000,skin_tone,__overall__,1515807,1413163,0.0761429865265805
kk,arcface_antelopev2,224,1024,jpeg2000,skin_tone,MST10,50485,6607,0.04831656018203567
kk,arcface_antelopev2,224,1024,jpeg2000,skin_tone,MST5,178369,62240,0.08598363931831274
kk,arcface_antelopev2,224,1024,jpeg2000,skin_tone,MST6,671757,932109,0.07468563655336108
kk,arcface_antelopev2,224,1024,jpeg2000,skin_tone,MST7,415396,384592,0.06694663354514324
kk,arcface_antelopev2,224,1024,jpeg2000,skin_tone,MST8,47266,4349,0.09358993985177085
kk,arcface_antelopev2,224,1024,jpeg2000,skin_tone,MST9,121529,23266,0.09992033301475273
kk,arcface_antelopev2,224,1024,jpeg2000,gender,__overall__,1515807,2515222,0.0906715032186734
kk,arcface_antelopev2,224,1024,jpeg2000,gender,F,890858,1575354,0.10131089504977303
kk,arcface_antelopev2,224,1024,jpeg2000,gender,M,624949,939868,0.07305096787228961
kk,arcface_antelopev2,224,1024,jpeg2000,age,__overall__,1515807,1848306,0.0854437925339947
kk,arcface_antelopev2,224,1024,jpeg2000,age,26-35,607008,840462,0.07404955493922849
kk,arcface_antelopev2,224,1024,jpeg2000,age,36-50,207304,99108,0.061937821589782574
kk,arcface_antelopev2,224,1024,jpeg2000,age,<=25,688654,908736,0.10015288861277694
kk,arcface_antelopev2,224,512,jpeg2000,skin_tone,__overall__,1515807,1413163,0.29715335980506674
kk,arcface_antelopev2,224,512,jpeg2000,skin_tone,MST10,50485,6607,0.26203990356655327
kk,arcface_antelopev2,224,512,jpeg2000,skin_tone,MST5,178369,62240,0.3182994195433311
kk,arcface_antelopev2,224,512,jpeg2000,skin_tone,MST6,671757,932109,0.29758753139443694
kk,arcface_antelopev2,224,512,jpeg2000,skin_tone,MST7,415396,384592,0.2714605984355224
kk,arcface_antelopev2,224,512,jpeg2000,skin_tone,MST8,47266,4349,0.2934048244074764
kk,arcface_antelopev2,224,512,jpeg2000,skin_tone,MST9,121529,23266,0.3217798046712121
kk,arcface_antelopev2,224,512,jpeg2000,gender,__overall__,1515807,2515222,0.331247099032605
kk,arcface_antelopev2,224,512,jpeg2000,gender,F,890858,1575354,0.34762941592639796
kk,arcface_antelopev2,224,512,jpeg2000,gender,M,624949,939868,0.29761723074301094
kk,arcface_antelopev2,224,512,jpeg2000,age,__overall__,1515807,1848306,0.3162444466797729
kk,arcface_antelopev2,224,512,jpeg2000,age,26-35,607008,840462,0.29095032158547707
kk,arcface_antelopev2,224,512,jpeg2000,age,36-50,207304,99108,0.2907859373897495
kk,arcface_antelopev2,224,512,jpeg2000,age,<=25,688654,908736,0.34130479960023047
kk,arcface_antelopev2,64,1024,jpeg2000,skin_tone,__overall__,1515807,1413163,0.15862662349677192
kk,arcface_antelopev2,64,1024,jpeg2000,skin_tone,MST10,50485,6607,0.12140786062794945
kk,arcface_antelopev2,64,1024,jpeg2000,skin_tone,MST5,178369,62240,0.17869524921085506
kk,arcface_antelopev2,64,1024,jpeg2000,skin_tone,MST6,671757,932109,0.1564399421592101
kk,arcface_antelopev2,64,1024,jpeg2000,skin_tone,MST7,415396,384592,0.14503807102105132
kk,arcface_antelopev2,64,1024,jpeg2000,skin_tone,MST8,47266,4349,0.17715217166404212
kk,arcface_antelopev2,64,1024,jpeg2000,skin_tone,MST9,121529,23266,0.1808712728406087
kk,arcface_antelopev2,64,1024,jpeg2000,gender,__overall__,1515807,2515222,0.18477045437373524
kk,arcface_antelopev2,64,1024,jpeg2000,gender,F,890858,1575354,0.20205541421544654
kk,arcface_antelopev2,64,1024,jpeg2000,gender,M,624949,939868,0.15598222294312913
kk,arcface_antelopev2,64,1024,jpeg2000,age,__overall__,1515807,1848306,0.17426238706692043
kk,arcface_antelopev2,64,1024,jpeg2000,age,26-35,607008,840462,0.15291918739012092
kk,arcface_antelopev2,64,1024,jpeg2000,age,36-50,207304,99108,0.1467339930233485
kk,arcface_antelopev2,64,1024,jpeg2000,age,<=25,688654,908736,0.19909775251507006
kk,arcface_antelopev2,64,512,jpeg2000,skin_tone,__overall__,1515807,1413163,0.36795885684606555
kk,arcface_antelopev2,64,512,jpeg2000,skin_tone,MST10,50485,6607,0.35675749078347474
kk,arcface_antelopev2,64,512,jpeg2000,skin_tone,MST5,178369,62240,0.38321393123532754
kk,arcface_antelopev2,64,512,jpeg2000,skin_tone,MST6,671757,932109,0.3684984289748954
kk,arcface_antelopev2,64,512,jpeg2000,skin_tone,MST7,415396,384592,0.3488134383330302
kk,arcface_antelopev2,64,512,jpeg2000,skin_tone,MST8,47266,4349,0.3703283054801455
kk,arcface_antelopev2,64,512,jpeg2000,skin_tone,MST9,121529,23266,0.3886358785022572
kk,arcface_antelopev2,64,512,jpeg2000,gender,__overall__,1515807,2515222,0.3971005997953565
kk,arcface_antelopev2,64,512,jpeg2000,gender,F,890858,1575354,0.4068800277392477
kk,arcface_antelopev2,64,512,jpeg2000,gender,M,624949,939868,0.37536543643841513
kk,arcface_antelopev2,64,512,jpeg2000,age,__overall__,1515807,1848306,0.3899189202945174
kk,arcface_antelopev2,64,512,jpeg2000,age,26-35,607008,840462,0.370515580420088
kk,arcface_antelopev2,64,512,jpeg2000,age,36-50,207304,99108,0.37432679719592415
kk,arcface_antelopev2,64,512,jpeg2000,age,<=25,688654,908736,0.4045250119978623
kk,arcface_antelopev2,96,1024,jpeg2000,skin_tone,__overall__,1515807,1413163,0.08992819004183925
kk,arcface_antelopev2,96,1024,jpeg2000,skin_tone,MST10,50485,6607,0.06064907944025141
kk,arcface_antelopev2,96,1024,jpeg2000,skin_tone,MST5,178369,62240,0.10160440842963234
kk,arcface_antelopev2,96,1024,jpeg2000,skin_tone,MST6,671757,932109,0.08828812767236777
kk,arcface_antelopev2,96,1024,jpeg2000,skin_tone,MST7,415396,384592,0.08048399992412844
kk,arcface_antelopev2,96,1024,jpeg2000,skin_tone,MST8,47266,4349,0.09307577812112847
kk,arcface_antelopev2,96,1024,jpeg2000,skin_tone,MST9,121529,23266,0.11215843484630289
kk,arcface_antelopev2,96,1024,jpeg2000,gender,__overall__,1515807,2515222,0.10676669403986812
kk,arcface_antelopev2,96,1024,jpeg2000,gender,F,890858,1575354,0.11796916673575811
kk,arcface_antelopev2,96,1024,jpeg2000,gender,M,624949,939868,0.08754937210589808
kk,arcface_antelopev2,96,1024,jpeg2000,age,__overall__,1515807,1848306,0.10091027489800752
kk,arcface_antelopev2,96,1024,jpeg2000,age,26-35,607008,840462,0.08518338038509282
kk,arcface_antelopev2,96,1024,jpeg2000,age,36-50,207304,99108,0.07883605859119208
kk,arcface_antelopev2,96,1024,jpeg2000,age,<=25,688654,908736,0.11815408048274889
kk,arcface_antelopev2,96,512,jpeg2000,skin_tone,__overall__,1515807,1413163,0.3089594565269828
kk,arcface_antelopev2,96,512,jpeg2000,skin_tone,MST10,50485,6607,0.2854367186497423
kk,arcface_antelopev2,96,512,jpeg2000,skin_tone,MST5,178369,62240,0.32286262646925246
kk,arcface_antelopev2,96,512,jpeg2000,skin_tone,MST6,671757,932109,0.3091230677357413
kk,arcface_antelopev2,96,512,jpeg2000,skin_tone,MST7,415396,384592,0.28909535559539196
kk,arcface_antelopev2,96,512,jpeg2000,skin_tone,MST8,47266,4349,0.30876513307555986
kk,arcface_antelopev2,96,512,jpeg2000,skin_tone,MST9,121529,23266,0.3286441079953538
kk,arcface_antelopev2,96,512,jpeg2000,gender,__overall__,1515807,2515222,0.3437387880666566
kk,arcface_antelopev2,96,512,jpeg2000,gender,F,890858,1575354,0.3564042540179669
kk,arcface_antelopev2,96,512,jpeg2000,gender,M,624949,939868,0.3186117305459374
kk,arcface_antelopev2,96,512,jpeg2000,age,__overall__,1515807,1848306,0.32847719430465594
kk,arcface_antelopev2,96,512,jpeg2000,age,26-35,607008,840462,0.3027209246739226
kk,arcface_antelopev2,96,512,jpeg2000,age,36-50,207304,99108,0.3173002751361891
kk,arcface_antelopev2,96,512,jpeg2000,age,<=25,688654,908736,0.352522342305286
kk,arcface_antelopev2,112,1024,jpeg,skin_tone,__overall__,1515807,1413163,0.012182763725121091
kk,arcface_antelopev2,112,1024,jpeg,skin_tone,MST10,50485,6607,0.0035791553578540013
kk,arcface_antelopev2,112,1024,jpeg,skin_tone,MST5,178369,62240,0.010525881033340938
kk,arcface_antelopev2,112,1024,jpeg,skin_tone,MST6,671757,932109,0.01267877935926721
kk,arcface_antelopev2,112,1024,jpeg,skin_tone,MST7,415396,384592,0.008491597586016204
kk,arcface_antelopev2,112,1024,jpeg,skin_tone,MST8,47266,4349,0.018884569638249464
kk,arcface_antelopev2,112,1024,jpeg,skin_tone,MST9,121529,23266,0.0202431076032447
kk,arcface_antelopev2,112,1024,jpeg,gender,__overall__,1515807,2515222,0.015133162546543535
kk,arcface_antelopev2,112,1024,jpeg,gender,F,890858,1575354,0.016593589309673192
kk,arcface_antelopev2,112,1024,jpeg,gender,M,624949,939868,0.01269246903100375
kk,arcface_antelopev2,112,1024,jpeg,age,__overall__,1515807,1848306,0.014342632174879851
kk,arcface_antelopev2,112,1024,jpeg,age,26-35,607008,840462,0.012742041489612273
kk,arcface_antelopev2,112,1024,jpeg,age,36-50,207304,99108,0.011091865189039506
kk,arcface_antelopev2,112,1024,jpeg,age,<=25,688654,908736,0.01613433357883398
kk,arcface_antelopev2,112,512,jpeg,skin_tone,__overall__,1515807,1413163,0.26400898646637855
kk,arcface_antelopev2,112,512,jpeg,skin_tone,MST10,50485,6607,0.23604570103176126
kk,arcface_antelopev2,112,512,jpeg,skin_tone,MST5,178369,62240,0.28419123666017104
kk,arcface_antelopev2,112,512,jpeg,skin_tone,MST6,671757,932109,0.2608854923516313
kk,arcface_antelopev2,112,512,jpeg,skin_tone,MST7,415396,384592,0.2509786072253446
kk,arcface_antelopev2,112,512,jpeg,skin_tone,MST8,47266,4349,0.28898697203657014
kk,arcface_antelopev2,112,512,jpeg,skin_tone,MST9,121529,23266,0.27621597074928106
kk,arcface_antelopev2,112,512,jpeg,gender,__overall__,1515807,2515222,0.30275389132585484
kk,arcface_antelopev2,112,512,jpeg,gender,F,890858,1575354,0.32033002832175794
kk,arcface_antelopev2,112,512,jpeg,gender,M,624949,939868,0.27058500590398615
kk,arcface_antelopev2,112,512,jpeg,age,__overall__,1515807,1848306,0.2859473544699841
kk,arcface_antelopev2,112,512,jpeg,age,26-35,607008,840462,0.2599253166763379
kk,arcface_antelopev2,112,512,jpeg,age,36-50,207304,99108,0.2666104716822484
kk,arcface_antelopev2,112,512,jpeg,age,<=25,688654,908736,0.31382122241914884
kk,arcface_antelopev2,168,1024,jpeg,skin_tone,__overall__,1515807,1413163,0.03465327622542004
kk,arcface_antelopev2,168,1024,jpeg,skin_tone,MST10,50485,6607,0.016433028861754316
kk,arcface_antelopev2,168,1024,jpeg,skin_tone,MST5,178369,62240,0.037287449367513034
kk,arcface_antelopev2,168,1024,jpeg,skin_tone,MST6,671757,932109,0.034990403796532926
kk,arcface_antelopev2,168,1024,jpeg,skin_tone,MST7,415396,384592,0.029350831238740646
kk,arcface_antelopev2,168,1024,jpeg,skin_tone,MST8,47266,4349,0.04352069577950719
kk,arcface_antelopev2,168,1024,jpeg,skin_tone,MST9,121529,23266,0.04489079918074754
kk,arcface_antelopev2,168,1024,jpeg,gender,__overall__,1515807,2515222,0.041932397948861826
kk,arcface_antelopev2,168,1024,jpeg,gender,F,890858,1575354,0.048335488400741616
kk,arcface_antelopev2,168,1024,jpeg,gender,M,624949,939868,0.03148025502645204
kk,arcface_antelopev2,168,1024,jpeg,age,__overall__,1515807,1848306,0.03952284805137627
kk,arcface_antelopev2,168,1024,jpeg,age,26-35,607008,840462,0.031938047303133474
kk,arcface_antelopev2,168,1024,jpeg,age,36-50,207304,99108,0.027822532233928058
kk,arcface_antelopev2,168,1024,jpeg,age,<=25,688654,908736,0.04844545780943873
kk,arcface_antelopev2,168,512,jpeg,skin_tone,__overall__,1515807,1413163,0.16039042223264274
kk,arcface_antelopev2,168,512,jpeg,skin_tone,MST10,50485,6607,0.15623465851799073
kk,arcface_antelopev2,168,512,jpeg,skin_tone,MST5,178369,62240,0.17291067975350943
kk,arcface_antelopev2,168,512,jpeg,skin_tone,MST6,671757,932109,0.15906930913720696
kk,arcface_antelopev2,168,512,jpeg,skin_tone,MST7,415396,384592,0.14364094048528275
kk,arcface_antelopev2,168,512,jpeg,skin_tone,MST8,47266,4349,0.1592641902016714
kk,arcface_antelopev2,168,512,jpeg,skin_tone,MST9,121529,23266,0.18868334591105657
kk,arcface_antelopev2,168,512,jpeg,gender,__overall__,1515807,2515222,0.18408021482320217
kk,arcface_antelopev2,168,512,jpeg,gender,F,890858,1575354,0.20081453451666553
kk,arcface_antelopev2,168,512,jpeg,gender,M,624949,939868,0.1536610346466608
kk,arcface_antelopev2,168,512,jpeg,age,__overall__,1515807,1848306,0.17526155464727927
kk,arcface_antelopev2,168,512,jpeg,age,26-35,607008,840462,0.15583555788468456
kk,arcface_antelopev2,168,512,jpeg,age,36-50,207304,99108,0.1404132612877928
kk,arcface_antelopev2,168,512,jpeg,age,<=25,688654,908736,0.19831524008331852
kk,arcface_antelopev2,224,1024,jpeg,skin_tone,__overall__,1515807,1413163,0.06060957665182546
kk,arcface_antelopev2,224,1024,jpeg,skin_tone,MST10,50485,6607,0.041059210147718184
kk,arcface_antelopev2,224,1024,jpeg,skin_tone,MST5,178369,62240,0.06534278067385826
kk,arcface_antelopev2,224,1024,jpeg,skin_tone,MST6,671757,932109,0.06110527488656584
kk,arcface_antelopev2,224,1024,jpeg,skin_tone,MST7,415396,384592,0.05224007713362701
kk,arcface_antelopev2,224,1024,jpeg,skin_tone,MST8,47266,4349,0.07250980996608511
kk,arcface_antelopev2,224,1024,jpeg,skin_tone,MST9,121529,23266,0.07917887346362462
kk,arcface_antelopev2,224,1024,jpeg,gender,__overall__,1515807,2515222,0.07207216594152742
kk,arcface_antelopev2,224,1024,jpeg,gender,F,890858,1575354,0.08219281699464473
kk,arcface_antelopev2,224,1024,jpeg,gender,M,624949,939868,0.05566384849390386
kk,arcface_antelopev2,224,1024,jpeg,age,__overall__,1515807,1848306,0.06811894966595791
kk,arcface_antelopev2,224,1024,jpeg,age,26-35,607008,840462,0.057386480631600144
kk,arcface_antelopev2,224,1024,jpeg,age,36-50,207304,99108,0.05008457071781016
kk,arcface_antelopev2,224,1024,jpeg,age,<=25,688654,908736,0.08134815220887782
kk,arcface_antelopev2,224,512,jpeg,skin_tone,__overall__,1515807,1413163,0.09808102432315954
kk,arcface_antelopev2,224,512,jpeg,skin_tone,MST10,50485,6607,0.09411496436735603
kk,arcface_antelopev2,224,512,jpeg,skin_tone,MST5,178369,62240,0.10168607669644025
kk,arcface_antelopev2,224,512,jpeg,skin_tone,MST6,671757,932109,0.09837878245123174
kk,arcface_antelopev2,224,512,jpeg,skin_tone,MST7,415396,384592,0.08693092169985928
kk,arcface_antelopev2,224,512,jpeg,skin_tone,MST8,47266,4349,0.10464096794318291
kk,arcface_antelopev2,224,512,jpeg,skin_tone,MST9,121529,23266,0.12494609828865566
kk,arcface_antelopev2,224,512,jpeg,gender,__overall__,1515807,2515222,0.11372248360448933
kk,arcface_antelopev2,224,512,jpeg,gender,F,890858,1575354,0.12492998364096812
kk,arcface_antelopev2,224,512,jpeg,gender,M,624949,939868,0.09461578377341608
kk,arcface_antelopev2,224,512,jpeg,age,__overall__,1515807,1848306,0.1080137843480704
kk,arcface_antelopev2,224,512,jpeg,age,26-35,607008,840462,0.09647009454953372
kk,arcface_antelopev2,224,512,jpeg,age,36-50,207304,99108,0.08275684034244746
kk,arcface_antelopev2,224,512,jpeg,age,<=25,688654,908736,0.12364013786989841
kk,arcface_antelopev2,64,1024,jpeg,skin_tone,__overall__,1515807,1413163,0.012727500514042756
kk,arcface_antelopev2,64,1024,jpeg,skin_tone,MST10,50485,6607,0.004867945151794508
kk,arcface_antelopev2,64,1024,jpeg,skin_tone,MST5,178369,62240,0.010535042794434651
kk,arcface_antelopev2,64,1024,jpeg,skin_tone,MST6,671757,932109,0.013299470863326005
kk,arcface_antelopev2,64,1024,jpeg,skin_tone,MST7,415396,384592,0.008822042916622776
kk,arcface_antelopev2,64,1024,jpeg,skin_tone,MST8,47266,4349,0.013270532705333864
kk,arcface_antelopev2,64,1024,jpeg,skin_tone,MST9,121529,23266,0.022426207416848743
kk,arcface_antelopev2,64,1024,jpeg,gender,__overall__,1515807,2515222,0.01563276264421167
kk,arcface_antelopev2,64,1024,jpeg,gender,F,890858,1575354,0.016946396223795887
kk,arcface_antelopev2,64,1024,jpeg,gender,M,624949,939868,0.012499676545805638
kk,arcface_antelopev2,64,1024,jpeg,age,__overall__,1515807,1848306,0.014889048744075645
kk,arcface_antelopev2,64,1024,jpeg,age,26-35,607008,840462,0.012844822954881048
kk,arcface_antelopev2,64,1024,jpeg,age,36-50,207304,99108,0.010090067851653606
kk,arcface_antelopev2,64,1024,jpeg,age,<=25,688654,908736,0.01674629612468379
kk,arcface_antelopev2,64,512,jpeg,skin_tone,__overall__,1515807,1413163,0.14202397861653515
kk,arcface_antelopev2,64,512,jpeg,skin_tone,MST10,50485,6607,0.11013989487381812
kk,arcface_antelopev2,64,512,jpeg,skin_tone,MST5,178369,62240,0.17003135328115407
kk,arcface_antelopev2,64,512,jpeg,skin_tone,MST6,671757,932109,0.1390162584054494
kk,arcface_antelopev2,64,512,jpeg,skin_tone,MST7,415396,384592,0.13487052656447576
kk,arcface_antelopev2,64,512,jpeg,skin_tone,MST8,47266,4349,0.14617488453507899
kk,arcface_antelopev2,64,512,jpeg,skin_tone,MST9,121529,23266,0.1518610132973756
kk,arcface_antelopev2,64,512,jpeg,gender,__overall__,1515807,2515222,0.1645032966293239
kk,arcface_antelopev2,64,512,jpeg,gender,F,890858,1575354,0.1795719733305993
kk,arcface_antelopev2,64,512,jpeg,gender,M,624949,939868,0.1407589086152354
kk,arcface_antelopev2,64,512,jpeg,age,__overall__,1515807,1848306,0.15559403871121946
kk,arcface_antelopev2,64,512,jpeg,age,26-35,607008,840462,0.13529977760765843
kk,arcface_antelopev2,64,512,jpeg,age,36-50,207304,99108,0.13657382120424033
kk,arcface_antelopev2,64,512,jpeg,age,<=25,688654,908736,0.17880984905814312
kk,arcface_antelopev2,96,1024,jpeg,skin_tone,__overall__,1515807,1413163,0.01111376019439847
kk,arcface_antelopev2,96,1024,jpeg,skin_tone,MST10,50485,6607,0.0036682907446025405
kk,arcface_antelopev2,96,1024,jpeg,skin_tone,MST5,178369,62240,0.009812305131410591
kk,arcface_antelopev2,96,1024,jpeg,skin_tone,MST6,671757,932109,0.01170552689511703
kk,arcface_antelopev2,96,1024,jpeg,skin_tone,MST7,415396,384592,0.0077453369787517864
kk,arcface_antelopev2,96,1024,jpeg,skin_tone,MST8,47266,4349,0.01402660453598148
kk,arcface_antelopev2,96,1024,jpeg,skin_tone,MST9,121529,23266,0.017805361423342853
kk,arcface_antelopev2,96,1024,jpeg,gender,__overall__,1515807,2515222,0.013611942789206154
kk,arcface_antelopev2,96,1024,jpeg,gender,F,890858,1575354,0.015232353204739067
kk,arcface_antelopev2,96,1024,jpeg,gender,M,624949,939868,0.010494126274357054
kk,arcface_antelopev2,96,1024,jpeg,age,__overall__,1515807,1848306,0.012920395491097632
kk,arcface_antelopev2,96,1024,jpeg,age,26-35,607008,840462,0.01085710092749749
kk,arcface_antelopev2,96,1024,jpeg,age,36-50,207304,99108,0.008986085337467689
kk,arcface_antelopev2,96,1024,jpeg,age,<=25,688654,908736,0.015044161305697884
kk,arcface_antelopev2,96,512,jpeg,skin_tone,__overall__,1515807,1413163,0.25191933800891586
kk,arcface_antelopev2,96,512,jpeg,skin_tone,MST10,50485,6607,0.21603072116618338
kk,arcface_antelopev2,96,512,jpeg,skin_tone,MST5,178369,62240,0.27343734027201716
kk,arcface_antelopev2,96,512,jpeg,skin_tone,MST6,671757,932109,0.25014960520916296
kk,arcface_antelopev2,96,512,jpeg,skin_tone,MST7,415396,384592,0.23621452854113692
kk,arcface_antelopev2,96,512,jpeg,skin_tone,MST8,47266,4349,0.2589350115937533
kk,arcface_antelopev2,96,512,jpeg,skin_tone,MST9,121529,23266,0.2663684738787716
kk,arcface_antelopev2,96,512,jpeg,gender,__overall__,1515807,2515222,0.2831559795530421
kk,arcface_antelopev2,96,512,jpeg,gender,F,890858,1575354,0.30007961234415037
kk,arcface_antelopev2,96,512,jpeg,gender,M,624949,939868,0.24854165007515475
kk,arcface_antelopev2,96,512,jpeg,age,__overall__,1515807,1848306,0.2713640486627673
kk,arcface_antelopev2,96,512,jpeg,age,26-35,607008,840462,0.24370709245867794
kk,arcface_antelopev2,96,512,jpeg,age,36-50,207304,99108,0.24413443610674487
kk,arcface_antelopev2,96,512,jpeg,age,<=25,688654,908736,0.29782758520553043
kk,arcface_antelopev2,112,1024,jpeg_ai,skin_tone,__overall__,1515807,1413163,0.005799515105136226
kk,arcface_antelopev2,112,1024,jpeg_ai,skin_tone,MST10,50485,6607,0.001334755310299539
kk,arcface_antelopev2,112,1024,jpeg_ai,skin_tone,MST5,178369,62240,0.003369300718214476
kk,arcface_antelopev2,112,1024,jpeg_ai,skin_tone,MST6,671757,932109,0.006483642968713375
kk,arcface_antelopev2,112,1024,jpeg_ai,skin_tone,MST7,415396,384592,0.004023277674820997
kk,arcface_antelopev2,112,1024,jpeg_ai,skin_tone,MST8,47266,4349,0.00641381623221198
kk,arcface_antelopev2,112,1024,jpeg_ai,skin_tone,MST9,121529,23266,0.008534869725973861
kk,arcface_antelopev2,112,1024,jpeg_ai,gender,__overall__,1515807,2515222,0.006943337700238559
kk,arcface_antelopev2,112,1024,jpeg_ai,gender,F,890858,1575354,0.007639058150085041
kk,arcface_antelopev2,112,1024,jpeg_ai,gender,M,624949,939868,0.0052317132927012875
kk,arcface_antelopev2,112,1024,jpeg_ai,age,__overall__,1515807,1848306,0.006733257673547771
kk,arcface_antelopev2,112,1024,jpeg_ai,age,26-35,607008,840462,0.005860887898984885
kk,arcface_antelopev2,112,1024,jpeg_ai,age,36-50,207304,99108,0.0042734057978155385
kk,arcface_antelopev2,112,1024,jpeg_ai,age,<=25,688654,908736,0.007523464797176754
kk,arcface_antelopev2,112,512,jpeg_ai,skin_tone,__overall__,1515807,1413163,0.01395345588032245
kk,arcface_antelopev2,112,512,jpeg_ai,skin_tone,MST10,50485,6607,0.005118339094287754
kk,arcface_antelopev2,112,512,jpeg_ai,skin_tone,MST5,178369,62240,0.013245497087786632
kk,arcface_antelopev2,112,512,jpeg_ai,skin_tone,MST6,671757,932109,0.0148246866501691
kk,arcface_antelopev2,112,512,jpeg_ai,skin_tone,MST7,415396,384592,0.010171657578226509
kk,arcface_antelopev2,112,512,jpeg_ai,skin_tone,MST8,47266,4349,0.018358435724364325
kk,arcface_antelopev2,112,512,jpeg_ai,skin_tone,MST9,121529,23266,0.01936895747241969
kk,arcface_antelopev2,112,512,jpeg_ai,gender,__overall__,1515807,2515222,0.01684874351475113
kk,arcface_antelopev2,112,512,jpeg_ai,gender,F,890858,1575354,0.019305526636455524
kk,arcface_antelopev2,112,512,jpeg_ai,gender,M,624949,939868,0.012462969263506422
kk,arcface_antelopev2,112,512,jpeg_ai,age,__overall__,1515807,1848306,0.01611024697863302
kk,arcface_antelopev2,112,512,jpeg_ai,age,26-35,607008,840462,0.01339694283314229
kk,arcface_antelopev2,112,512,jpeg_ai,age,36-50,207304,99108,0.010680228371064415
kk,arcface_antelopev2,112,512,jpeg_ai,age,<=25,688654,908736,0.019081443062002254
kk,arcface_antelopev2,224,1024,jpeg_ai,skin_tone,__overall__,1515807,1413163,0.00418371650913114
kk,arcface_antelopev2,224,1024,jpeg_ai,skin_tone,MST10,50485,6607,0.0009096447372549236
kk,arcface_antelopev2,224,1024,jpeg_ai,skin_tone,MST5,178369,62240,0.0020133213434914343
kk,arcface_antelopev2,224,1024,jpeg_ai,skin_tone,MST6,671757,932109,0.004406574681532044
kk,arcface_antelopev2,224,1024,jpeg_ai,skin_tone,MST7,415396,384592,0.0029062225158139636
kk,arcface_antelopev2,224,1024,jpeg_ai,skin_tone,MST8,47266,4349,0.003932638416121702
kk,arcface_antelopev2,224,1024,jpeg_ai,skin_tone,MST9,121529,23266,0.0077100905271897625
kk,arcface_antelopev2,224,1024,jpeg_ai,gender,__overall__,1515807,2515222,0.0050187882553059705
kk,arcface_antelopev2,224,1024,jpeg_ai,gender,F,890858,1575354,0.005142648961196731
kk,arcface_antelopev2,224,1024,jpeg_ai,gender,M,624949,939868,0.00403187726966546
kk,arcface_antelopev2,224,1024,jpeg_ai,age,__overall__,1515807,1848306,0.00486482521551122
kk,arcface_antelopev2,224,1024,jpeg_ai,age,26-35,607008,840462,0.004428671822395741
kk,arcface_antelopev2,224,1024,jpeg_ai,age,36-50,207304,99108,0.003161745197602938
kk,arcface_antelopev2,224,1024,jpeg_ai,age,<=25,688654,908736,0.005060781511250938
kk,arcface_antelopev2,224,512,jpeg_ai,skin_tone,__overall__,1515807,1413163,0.014033152607715791
kk,arcface_antelopev2,224,512,jpeg_ai,skin_tone,MST10,50485,6607,0.004478896163247976
kk,arcface_antelopev2,224,512,jpeg_ai,skin_tone,MST5,178369,62240,0.012934209340531048
kk,arcface_antelopev2,224,512,jpeg_ai,skin_tone,MST6,671757,932109,0.014900162720170869
kk,arcface_antelopev2,224,512,jpeg_ai,skin_tone,MST7,415396,384592,0.00981294937120953
kk,arcface_antelopev2,224,512,jpeg_ai,skin_tone,MST8,47266,4349,0.021775518655069548
kk,arcface_antelopev2,224,512,jpeg_ai,skin_tone,MST9,121529,23266,0.020406321228695047
kk,arcface_antelopev2,224,512,jpeg_ai,gender,__overall__,1515807,2515222,0.016879451093532755
kk,arcface_antelopev2,224,512,jpeg_ai,gender,F,890858,1575354,0.0190681738254617
kk,arcface_antelopev2,224,512,jpeg_ai,gender,M,624949,939868,0.012609177283744527
kk,arcface_antelopev2,224,512,jpeg_ai,age,__overall__,1515807,1848306,0.016157449732819948
kk,arcface_antelopev2,224,512,jpeg_ai,age,26-35,607008,840462,0.013254210573917971
kk,arcface_antelopev2,224,512,jpeg_ai,age,36-50,207304,99108,0.011104367108663225
kk,arcface_antelopev2,224,512,jpeg_ai,age,<=25,688654,908736,0.01896182547167162
kk,arcface_antelopev2,112,1024,jpeg_fzt,skin_tone,__overall__,1515807,1413163,0.012638298666394224
kk,arcface_antelopev2,112,1024,jpeg_fzt,skin_tone,MST10,50485,6607,0.0054677723553904906
kk,arcface_antelopev2,112,1024,jpeg_fzt,skin_tone,MST5,178369,62240,0.009729338143014552
kk,arcface_antelopev2,112,1024,jpeg_fzt,skin_tone,MST6,671757,932109,0.012962558201300564
kk,arcface_antelopev2,112,1024,jpeg_fzt,skin_tone,MST7,415396,384592,0.00842144295518022
kk,arcface_antelopev2,112,1024,jpeg_fzt,skin_tone,MST8,47266,4349,0.014561923123561192
kk,arcface_antelopev2,112,1024,jpeg_fzt,skin_tone,MST9,121529,23266,0.021033134116456607
kk,arcface_antelopev2,112,1024,jpeg_fzt,gender,__overall__,1515807,2515222,0.015325162025397285
kk,arcface_antelopev2,112,1024,jpeg_fzt,gender,F,890858,1575354,0.01617637048131612
kk,arcface_antelopev2,112,1024,jpeg_fzt,gender,M,624949,939868,0.012475930177607498
kk,arcface_antelopev2,112,1024,jpeg_fzt,age,__overall__,1515807,1848306,0.014494897119303097
kk,arcface_antelopev2,112,1024,jpeg_fzt,age,26-35,607008,840462,0.012349494092197613
kk,arcface_antelopev2,112,1024,jpeg_fzt,age,36-50,207304,99108,0.010006514505795042
kk,arcface_antelopev2,112,1024,jpeg_fzt,age,<=25,688654,908736,0.016152377181473308
kk,arcface_antelopev2,112,512,jpeg_fzt,skin_tone,__overall__,1515807,1413163,0.12988059664828686
kk,arcface_antelopev2,112,512,jpeg_fzt,skin_tone,MST10,50485,6607,0.10361671444922799
kk,arcface_antelopev2,112,512,jpeg_fzt,skin_tone,MST5,178369,62240,0.14582438963220018
kk,arcface_antelopev2,112,512,jpeg_fzt,skin_tone,MST6,671757,932109,0.12674336997711413
kk,arcface_antelopev2,112,512,jpeg_fzt,skin_tone,MST7,415396,384592,0.12144274385806719
kk,arcface_antelopev2,112,512,jpeg_fzt,skin_tone,MST8,47266,4349,0.14807843004971488
kk,arcface_antelopev2,112,512,jpeg_fzt,skin_tone,MST9,121529,23266,0.1463610293635475
kk,arcface_antelopev2,112,512,jpeg_fzt,gender,__overall__,1515807,2515222,0.15017513936123944
kk,arcface_antelopev2,112,512,jpeg_fzt,gender,F,890858,1575354,0.16454045351001628
kk,arcface_antelopev2,112,512,jpeg_fzt,gender,M,624949,939868,0.12705524833575657
kk,arcface_antelopev2,112,512,jpeg_fzt,age,__overall__,1515807,1848306,0.14205791995849598
kk,arcface_antelopev2,112,512,jpeg_fzt,age,26-35,607008,840462,0.123911331381055
kk,arcface_antelopev2,112,512,jpeg_fzt,age,36-50,207304,99108,0.12254825800355199
kk,arcface_antelopev2,112,512,jpeg_fzt,age,<=25,688654,908736,0.16338819653666742
kk,arcface_antelopev2,168,1024,jpeg_fzt,skin_tone,__overall__,1515807,1413163,0.011285931695405396
kk,arcface_antelopev2,168,1024,jpeg_fzt,skin_tone,MST10,50485,6607,0.004208694357032831
kk,arcface_antelopev2,168,1024,jpeg_fzt,skin_tone,MST5,178369,62240,0.00866372555018343
kk,arcface_antelopev2,168,1024,jpeg_fzt,skin_tone,MST6,671757,932109,0.012040709682974372
kk,arcface_antelopev2,168,1024,jpeg_fzt,skin_tone,MST7,415396,384592,0.007501558806404815
kk,arcface_antelopev2,168,1024,jpeg_fzt,skin_tone,MST8,47266,4349,0.012175951163688914
kk,arcface_antelopev2,168,1024,jpeg_fzt,skin_tone,MST9,121529,23266,0.01910516325200927
kk,arcface_antelopev2,168,1024,jpeg_fzt,gender,__overall__,1515807,2515222,0.013669392552357218
kk,arcface_antelopev2,168,1024,jpeg_fzt,gender,F,890858,1575354,0.015244557418806358
kk,arcface_antelopev2,168,1024,jpeg_fzt,gender,M,624949,939868,0.010489807930943191
kk,arcface_antelopev2,168,1024,jpeg_fzt,age,__overall__,1515807,1848306,0.012961226242144294
kk,arcface_antelopev2,168,1024,jpeg_fzt,age,26-35,607008,840462,0.011163478415036857
kk,arcface_antelopev2,168,1024,jpeg_fzt,age,36-50,207304,99108,0.008036928763190745
kk,arcface_antelopev2,168,1024,jpeg_fzt,age,<=25,688654,908736,0.014858376273297193
kk,arcface_antelopev2,168,512,jpeg_fzt,skin_tone,__overall__,1515807,1413163,0.2565239109083804
kk,arcface_antelopev2,168,512,jpeg_fzt,skin_tone,MST10,50485,6607,0.22178494904856522
kk,arcface_antelopev2,168,512,jpeg_fzt,skin_tone,MST5,178369,62240,0.28058421233250885
kk,arcface_antelopev2,168,512,jpeg_fzt,skin_tone,MST6,671757,932109,0.2544162306921546
kk,arcface_antelopev2,168,512,jpeg_fzt,skin_tone,MST7,415396,384592,0.24057841545835118
kk,arcface_antelopev2,168,512,jpeg_fzt,skin_tone,MST8,47266,4349,0.2647380664843308
kk,arcface_antelopev2,168,512,jpeg_fzt,skin_tone,MST9,121529,23266,0.2723618677512646
kk,arcface_antelopev2,168,512,jpeg_fzt,gender,__overall__,1515807,2515222,0.28677943516521454
kk,arcface_antelopev2,168,512,jpeg_fzt,gender,F,890858,1575354,0.3055462777115582
kk,arcface_antelopev2,168,512,jpeg_fzt,gender,M,624949,939868,0.25086941469293556
kk,arcface_antelopev2,168,512,jpeg_fzt,age,__overall__,1515807,1848306,0.2753822154987102
kk,arcface_antelopev2,168,512,jpeg_fzt,age,26-35,607008,840462,0.24793482603474876
kk,arcface_antelopev2,168,512,jpeg_fzt,age,36-50,207304,99108,0.2455144829750397
kk,arcface_antelopev2,168,512,jpeg_fzt,age,<=25,688654,908736,0.303142094797976
kk,arcface_antelopev2,224,1024,jpeg_fzt,skin_tone,__overall__,1515807,1413163,0.010386641343320869
kk,arcface_antelopev2,224,1024,jpeg_fzt,skin_tone,MST10,50485,6607,0.0034539583866073777
kk,arcface_antelopev2,224,1024,jpeg_fzt,skin_tone,MST5,178369,62240,0.008693432162617282
kk,arcface_antelopev2,224,1024,jpeg_fzt,skin_tone,MST6,671757,932109,0.010729114758932314
kk,arcface_antelopev2,224,1024,jpeg_fzt,skin_tone,MST7,415396,384592,0.0074306825465076005
kk,arcface_antelopev2,224,1024,jpeg_fzt,skin_tone,MST8,47266,4349,0.01399486925057548
kk,arcface_antelopev2,224,1024,jpeg_fzt,skin_tone,MST9,121529,23266,0.018121284672111566
kk,arcface_antelopev2,224,1024,jpeg_fzt,gender,__overall__,1515807,2515222,0.012883141002100126
kk,arcface_antelopev2,224,1024,jpeg_fzt,gender,F,890858,1575354,0.014525245646955266
kk,arcface_antelopev2,224,1024,jpeg_fzt,gender,M,624949,939868,0.010159101124697253
kk,arcface_antelopev2,224,1024,jpeg_fzt,age,__overall__,1515807,1848306,0.012204748147728213
kk,arcface_antelopev2,224,1024,jpeg_fzt,age,26-35,607008,840462,0.010782280139008504
kk,arcface_antelopev2,224,1024,jpeg_fzt,age,36-50,207304,99108,0.00793319541168178
kk,arcface_antelopev2,224,1024,jpeg_fzt,age,<=25,688654,908736,0.014025511474522231
kk,arcface_antelopev2,224,512,jpeg_fzt,skin_tone,__overall__,1515807,1413163,0.22300118704438987
kk,arcface_antelopev2,224,512,jpeg_fzt,skin_tone,MST10,50485,6607,0.19460455018138795
kk,arcface_antelopev2,224,512,jpeg_fzt,skin_tone,MST5,178369,62240,0.2419530892880838
kk,arcface_antelopev2,224,512,jpeg_fzt,skin_tone,MST6,671757,932109,0.2211046504194023
kk,arcface_antelopev2,224,512,jpeg_fzt,skin_tone,MST7,415396,384592,0.2066867729429532
kk,arcface_antelopev2,224,512,jpeg_fzt,skin_tone,MST8,47266,4349,0.25272858266659237
kk,arcface_antelopev2,224,512,jpeg_fzt,skin_tone,MST9,121529,23266,0.23731261246581148
kk,arcface_antelopev2,224,512,jpeg_fzt,gender,__overall__,1515807,2515222,0.258426284747723
kk,arcface_antelopev2,224,512,jpeg_fzt,gender,F,890858,1575354,0.2758092178927241
kk,arcface_antelopev2,224,512,jpeg_fzt,gender,M,624949,939868,0.22864141585118233
kk,arcface_antelopev2,224,512,jpeg_fzt,age,__overall__,1515807,1848306,0.2427006106516177
kk,arcface_antelopev2,224,512,jpeg_fzt,age,26-35,607008,840462,0.21837000085447383
kk,arcface_antelopev2,224,512,jpeg_fzt,age,36-50,207304,99108,0.2255201485819091
kk,arcface_antelopev2,224,512,jpeg_fzt,age,<=25,688654,908736,0.27002112323463545
kk,arcface_antelopev2,64,1024,jpeg_fzt,skin_tone,__overall__,1515807,1413163,0.03514909003589419
kk,arcface_antelopev2,64,1024,jpeg_fzt,skin_tone,MST10,50485,6607,0.0216369491998449
kk,arcface_antelopev2,64,1024,jpeg_fzt,skin_tone,MST5,178369,62240,0.03646044763670575
kk,arcface_antelopev2,64,1024,jpeg_fzt,skin_tone,MST6,671757,932109,0.0354055364029583
kk,arcface_antelopev2,64,1024,jpeg_fzt,skin_tone,MST7,415396,384592,0.026339787228786857
kk,arcface_antelopev2,64,1024,jpeg_fzt,skin_tone,MST8,47266,4349,0.04584319716856747
kk,arcface_antelopev2,64,1024,jpeg_fzt,skin_tone,MST9,121529,23266,0.05122519275033126
kk,arcface_antelopev2,64,1024,jpeg_fzt,gender,__overall__,1515807,2515222,0.043088214935016085
kk,arcface_antelopev2,64,1024,jpeg_fzt,gender,F,890858,1575354,0.04706657113648559
kk,arcface_antelopev2,64,1024,jpeg_fzt,gender,M,624949,939868,0.033613788333212186
kk,arcface_antelopev2,64,1024,jpeg_fzt,age,__overall__,1515807,1848306,0.0408441588504482
kk,arcface_antelopev2,64,1024,jpeg_fzt,age,26-35,607008,840462,0.03241658135284091
kk,arcface_antelopev2,64,1024,jpeg_fzt,age,36-50,207304,99108,0.02803592860962085
kk,arcface_antelopev2,64,1024,jpeg_fzt,age,<=25,688654,908736,0.0479480701319744
kk,arcface_antelopev2,64,512,jpeg_fzt,skin_tone,__overall__,1515807,1413163,0.11836443619838866
kk,arcface_antelopev2,64,512,jpeg_fzt,skin_tone,MST10,50485,6607,0.08741427166624502
kk,arcface_antelopev2,64,512,jpeg_fzt,skin_tone,MST5,178369,62240,0.1364555330681215
kk,arcface_antelopev2,64,512,jpeg_fzt,skin_tone,MST6,671757,932109,0.11717606496561572
kk,arcface_antelopev2,64,512,jpeg_fzt,skin_tone,MST7,415396,384592,0.11052412787957028
kk,arcface_antelopev2,64,512,jpeg_fzt,skin_tone,MST8,47266,4349,0.13336840892759233
kk,arcface_antelopev2,64,512,jpeg_fzt,skin_tone,MST9,121529,23266,0.13787412862131654
kk,arcface_antelopev2,64,512,jpeg_fzt,gender,__overall__,1515807,2515222,0.1404435306932501
kk,arcface_antelopev2,64,512,jpeg_fzt,gender,F,890858,1575354,0.15396116967954365
kk,arcface_antelopev2,64,512,jpeg_fzt,gender,M,624949,939868,0.1176396044690334
kk,arcface_antelopev2,64,512,jpeg_fzt,age,__overall__,1515807,1848306,0.1323618224385704
kk,arcface_antelopev2,64,512,jpeg_fzt,age,26-35,607008,840462,0.11357669506339982
kk,arcface_antelopev2,64,512,jpeg_fzt,age,36-50,207304,99108,0.11348653950324067
kk,arcface_antelopev2,64,512,jpeg_fzt,age,<=25,688654,908736,0.1528716189411376
kk,arcface_antelopev2,96,1024,jpeg_fzt,skin_tone,__overall__,1515807,1413163,0.014468468226587365
kk,arcface_antelopev2,96,1024,jpeg_fzt,skin_tone,MST10,50485,6607,0.007062825540044226
kk,arcface_antelopev2,96,1024,jpeg_fzt,skin_tone,MST5,178369,62240,0.011794791520397599
kk,arcface_antelopev2,96,1024,jpeg_fzt,skin_tone,MST6,671757,932109,0.015195763352009704
kk,arcface_antelopev2,96,1024,jpeg_fzt,skin_tone,MST7,415396,384592,0.009324382172462566
kk,arcface_antelopev2,96,1024,jpeg_fzt,skin_tone,MST8,47266,4349,0.014531581592929287
kk,arcface_antelopev2,96,1024,jpeg_fzt,skin_tone,MST9,121529,23266,0.02231555960233693
kk,arcface_antelopev2,96,1024,jpeg_fzt,gender,__overall__,1515807,2515222,0.017623893262918074
kk,arcface_antelopev2,96,1024,jpeg_fzt,gender,F,890858,1575354,0.018873345882823835
kk,arcface_antelopev2,96,1024,jpeg_fzt,gender,M,624949,939868,0.013810563496050574
kk,arcface_antelopev2,96,1024,jpeg_fzt,age,__overall__,1515807,1848306,0.016706644768654265
kk,arcface_antelopev2,96,1024,jpeg_fzt,age,26-35,607008,840462,0.013844175677432825
kk,arcface_antelopev2,96,1024,jpeg_fzt,age,36-50,207304,99108,0.010996252259188351
kk,arcface_antelopev2,96,1024,jpeg_fzt,age,<=25,688654,908736,0.018852162880377776
kk,arcface_antelopev2,96,512,jpeg_fzt,skin_tone,__overall__,1515807,1413163,0.10144243579132159
kk,arcface_antelopev2,96,512,jpeg_fzt,skin_tone,MST10,50485,6607,0.0760147591519518
kk,arcface_antelopev2,96,512,jpeg_fzt,skin_tone,MST5,178369,62240,0.11445377021164971
kk,arcface_antelopev2,96,512,jpeg_fzt,skin_tone,MST6,671757,932109,0.09996158521175233
kk,arcface_antelopev2,96,512,jpeg_fzt,skin_tone,MST7,415396,384592,0.0933314854027559
kk,arcface_antelopev2,96,512,jpeg_fzt,skin_tone,MST8,47266,4349,0.11754543691643572
kk,arcface_antelopev2,96,512,jpeg_fzt,skin_tone,MST9,121529,23266,0.11845628279971483
kk,arcface_antelopev2,96,512,jpeg_fzt,gender,__overall__,1515807,2515222,0.12010163975559335
kk,arcface_antelopev2,96,512,jpeg_fzt,gender,F,890858,1575354,0.13123006394818357
kk,arcface_antelopev2,96,512,jpeg_fzt,gender,M,624949,939868,0.10217453968786022
kk,arcface_antelopev2,96,512,jpeg_fzt,age,__overall__,1515807,1848306,0.1131038986479822
kk,arcface_antelopev2,96,512,jpeg_fzt,age,26-35,607008,840462,0.09854851873071521
kk,arcface_antelopev2,96,512,jpeg_fzt,age,36-50,207304,99108,0.09611813710641764
kk,arcface_antelopev2,96,512,jpeg_fzt,age,<=25,688654,908736,0.12988919450782777
kk,arcface_antelopev2,112,1024,jpeg_xl,skin_tone,__overall__,1515807,1413163,0.012237853773378885
kk,arcface_antelopev2,112,1024,jpeg_xl,skin_tone,MST10,50485,6607,0.0036286750171587454
kk,arcface_antelopev2,112,1024,jpeg_xl,skin_tone,MST5,178369,62240,0.010963858269837517
kk,arcface_antelopev2,112,1024,jpeg_xl,skin_tone,MST6,671757,932109,0.012706822155871426
kk,arcface_antelopev2,112,1024,jpeg_xl,skin_tone,MST7,415396,384592,0.008612163207771355
kk,arcface_antelopev2,112,1024,jpeg_xl,skin_tone,MST8,47266,4349,0.012207686449094915
kk,arcface_antelopev2,112,1024,jpeg_xl,skin_tone,MST9,121529,23266,0.019747513751678672
kk,arcface_antelopev2,112,1024,jpeg_xl,gender,__overall__,1515807,2515222,0.014941123899314387
kk,arcface_antelopev2,112,1024,jpeg_xl,gender,F,890858,1575354,0.01707577934444944
kk,arcface_antelopev2,112,1024,jpeg_xl,gender,M,624949,939868,0.01134298994510201
kk,arcface_antelopev2,112,1024,jpeg_xl,age,__overall__,1515807,1848306,0.014160166966051525
kk,arcface_antelopev2,112,1024,jpeg_xl,age,26-35,607008,840462,0.012163242249901209
kk,arcface_antelopev2,112,1024,jpeg_xl,age,36-50,207304,99108,0.008817872806672736
kk,arcface_antelopev2,112,1024,jpeg_xl,age,<=25,688654,908736,0.016842016285919
kk,arcface_antelopev2,112,512,jpeg_xl,skin_tone,__overall__,1515807,1413163,0.0700856003426004
kk,arcface_antelopev2,112,512,jpeg_xl,skin_tone,MST10,50485,6607,0.044582496057352206
kk,arcface_antelopev2,112,512,jpeg_xl,skin_tone,MST5,178369,62240,0.07841807150606492
kk,arcface_antelopev2,112,512,jpeg_xl,skin_tone,MST6,671757,932109,0.07044817027502911
kk,arcface_antelopev2,112,512,jpeg_xl,skin_tone,MST7,415396,384592,0.06198103724888276
kk,arcface_antelopev2,112,512,jpeg_xl,skin_tone,MST8,47266,4349,0.07907033044208432
kk,arcface_antelopev2,112,512,jpeg_xl,skin_tone,MST9,121529,23266,0.08855725487918803
kk,arcface_antelopev2,112,512,jpeg_xl,gender,__overall__,1515807,2515222,0.08329715990014619
kk,arcface_antelopev2,112,512,jpeg_xl,gender,F,890858,1575354,0.09486081801380161
kk,arcface_antelopev2,112,512,jpeg_xl,gender,M,624949,939868,0.0655297376746146
kk,arcface_antelopev2,112,512,jpeg_xl,age,__overall__,1515807,1848306,0.07885403396754585
kk,arcface_antelopev2,112,512,jpeg_xl,age,26-35,607008,840462,0.06850710092272991
kk,arcface_antelopev2,112,512,jpeg_xl,age,36-50,207304,99108,0.05643213842265585
kk,arcface_antelopev2,112,512,jpeg_xl,age,<=25,688654,908736,0.09414648843544463
kk,arcface_antelopev2,168,1024,jpeg_xl,skin_tone,__overall__,1515807,1413163,0.015440633585891712
kk,arcface_antelopev2,168,1024,jpeg_xl,skin_tone,MST10,50485,6607,0.006067599558986473
kk,arcface_antelopev2,168,1024,jpeg_xl,skin_tone,MST5,178369,62240,0.013324156442406351
kk,arcface_antelopev2,168,1024,jpeg_xl,skin_tone,MST6,671757,932109,0.016149758706611735
kk,arcface_antelopev2,168,1024,jpeg_xl,skin_tone,MST7,415396,384592,0.011086005415083844
kk,arcface_antelopev2,168,1024,jpeg_xl,skin_tone,MST8,47266,4349,0.016720744676219187
kk,arcface_antelopev2,168,1024,jpeg_xl,skin_tone,MST9,121529,23266,0.024556258836655367
kk,arcface_antelopev2,168,1024,jpeg_xl,gender,__overall__,1515807,2515222,0.018851030528997066
kk,arcface_antelopev2,168,1024,jpeg_xl,gender,F,890858,1575354,0.02166470036625639
kk,arcface_antelopev2,168,1024,jpeg_xl,gender,M,624949,939868,0.013757595155908096
kk,arcface_antelopev2,168,1024,jpeg_xl,age,__overall__,1515807,1848306,0.0178055741266094
kk,arcface_antelopev2,168,1024,jpeg_xl,age,26-35,607008,840462,0.014582638621032368
kk,arcface_antelopev2,168,1024,jpeg_xl,age,36-50,207304,99108,0.010965982250712748
kk,arcface_antelopev2,168,1024,jpeg_xl,age,<=25,688654,908736,0.02145105525124833
kk,arcface_antelopev2,168,512,jpeg_xl,skin_tone,__overall__,1515807,1413163,0.02569689390151167
kk,arcface_antelopev2,168,512,jpeg_xl,skin_tone,MST10,50485,6607,0.01430392185358553
kk,arcface_antelopev2,168,512,jpeg_xl,skin_tone,MST5,178369,62240,0.02455335862950179
kk,arcface_antelopev2,168,512,jpeg_xl,skin_tone,MST6,671757,932109,0.02667420499885556
kk,arcface_antelopev2,168,512,jpeg_xl,skin_tone,MST7,415396,384592,0.01997368037151403
kk,arcface_antelopev2,168,512,jpeg_xl,skin_tone,MST8,47266,4349,0.034057254103445136
kk,arcface_antelopev2,168,512,jpeg_xl,skin_tone,MST9,121529,23266,0.037724317289145354
kk,arcface_antelopev2,168,512,jpeg_xl,gender,__overall__,1515807,2515222,0.03147095099552117
kk,arcface_antelopev2,168,512,jpeg_xl,gender,F,890858,1575354,0.03599446163404216
kk,arcface_antelopev2,168,512,jpeg_xl,gender,M,624949,939868,0.023819649437819217
kk,arcface_antelopev2,168,512,jpeg_xl,age,__overall__,1515807,1848306,0.029704883115735443
kk,arcface_antelopev2,168,512,jpeg_xl,age,26-35,607008,840462,0.024406568398547514
kk,arcface_antelopev2,168,512,jpeg_xl,age,36-50,207304,99108,0.01868294796344478
kk,arcface_antelopev2,168,512,jpeg_xl,age,<=25,688654,908736,0.0360582335394771
kk,arcface_antelopev2,224,1024,jpeg_xl,skin_tone,__overall__,1515807,1413163,0.010388760361043428
kk,arcface_antelopev2,224,1024,jpeg_xl,skin_tone,MST10,50485,6607,0.002438924541827728
kk,arcface_antelopev2,224,1024,jpeg_xl,skin_tone,MST5,178369,62240,0.008702217809687468
kk,arcface_antelopev2,224,1024,jpeg_xl,skin_tone,MST6,671757,932109,0.010909931747191653
kk,arcface_antelopev2,224,1024,jpeg_xl,skin_tone,MST7,415396,384592,0.007230961015769897
kk,arcface_antelopev2,224,1024,jpeg_xl,skin_tone,MST8,47266,4349,0.009474020104530733
kk,arcface_antelopev2,224,1024,jpeg_xl,skin_tone,MST9,121529,23266,0.01744829573120671
kk,arcface_antelopev2,224,1024,jpeg_xl,gender,__overall__,1515807,2515222,0.012711548914091715
kk,arcface_antelopev2,224,1024,jpeg_xl,gender,F,890858,1575354,0.014555099905202332
kk,arcface_antelopev2,224,1024,jpeg_xl,gender,M,624949,939868,0.009170124424334694
kk,arcface_antelopev2,224,1024,jpeg_xl,age,__overall__,1515807,1848306,0.012054862025112852
kk,arcface_antelopev2,224,1024,jpeg_xl,age,26-35,607008,840462,0.01051663093765251
kk,arcface_antelopev2,224,1024,jpeg_xl,age,36-50,207304,99108,0.0066651606968512545
kk,arcface_antelopev2,224,1024,jpeg_xl,age,<=25,688654,908736,0.01395447141150365
kk,arcface_antelopev2,224,512,jpeg_xl,skin_tone,__overall__,1515807,1413163,0.010933526676607465
kk,arcface_antelopev2,224,512,jpeg_xl,skin_tone,MST10,50485,6607,0.003038751745423711
kk,arcface_antelopev2,224,512,jpeg_xl,skin_tone,MST5,178369,62240,0.008920454199888706
kk,arcface_antelopev2,224,512,jpeg_xl,skin_tone,MST6,671757,932109,0.011599005267572925
kk,arcface_antelopev2,224,512,jpeg_xl,skin_tone,MST7,415396,384592,0.0076685884111976545
kk,arcface_antelopev2,224,512,jpeg_xl,skin_tone,MST8,47266,4349,0.01101929280600606
kk,arcface_antelopev2,224,512,jpeg_xl,skin_tone,MST9,121529,23266,0.018619154037136085
kk,arcface_antelopev2,224,512,jpeg_xl,gender,__overall__,1515807,2515222,0.013317754619030743
kk,arcface_antelopev2,224,512,jpeg_xl,gender,F,890858,1575354,0.015262150026018755
kk,arcface_antelopev2,224,512,jpeg_xl,gender,M,624949,939868,0.009674823401418842
kk,arcface_antelopev2,224,512,jpeg_xl,age,__overall__,1515807,1848306,0.012672740682217203
kk,arcface_antelopev2,224,512,jpeg_xl,age,26-35,607008,840462,0.010646686945764927
kk,arcface_antelopev2,224,512,jpeg_xl,age,36-50,207304,99108,0.007410368323986602
kk,arcface_antelopev2,224,512,jpeg_xl,age,<=25,688654,908736,0.014842601621406128
kk,arcface_antelopev2,64,1024,jpeg_xl,skin_tone,__overall__,1515807,1413163,0.012848051628422374
kk,arcface_antelopev2,64,1024,jpeg_xl,skin_tone,MST10,50485,6607,0.00406368952206431
kk,arcface_antelopev2,64,1024,jpeg_xl,skin_tone,MST5,178369,62240,0.010934903885450716
kk,arcface_antelopev2,64,1024,jpeg_xl,skin_tone,MST6,671757,932109,0.01345734250000195
kk,arcface_antelopev2,64,1024,jpeg_xl,skin_tone,MST7,415396,384592,0.009161638438126528
kk,arcface_antelopev2,64,1024,jpeg_xl,skin_tone,MST8,47266,4349,0.01629760753747252
kk,arcface_antelopev2,64,1024,jpeg_xl,skin_tone,MST9,121529,23266,0.019520747730298934
kk,arcface_antelopev2,64,1024,jpeg_xl,gender,__overall__,1515807,2515222,0.015655811190034945
kk,arcface_antelopev2,64,1024,jpeg_xl,gender,F,890858,1575354,0.01753298031955663
kk,arcface_antelopev2,64,1024,jpeg_xl,gender,M,624949,939868,0.012009056565095119
kk,arcface_antelopev2,64,1024,jpeg_xl,age,__overall__,1515807,1848306,0.014962331170954704
kk,arcface_antelopev2,64,1024,jpeg_xl,age,26-35,607008,840462,0.012557116641791675
kk,arcface_antelopev2,64,1024,jpeg_xl,age,36-50,207304,99108,0.009293988803933815
kk,arcface_antelopev2,64,1024,jpeg_xl,age,<=25,688654,908736,0.017502431652439435
kk,arcface_antelopev2,64,512,jpeg_xl,skin_tone,__overall__,1515807,1413163,0.06230219521563081
kk,arcface_antelopev2,64,512,jpeg_xl,skin_tone,MST10,50485,6607,0.03772054480049648
kk,arcface_antelopev2,64,512,jpeg_xl,skin_tone,MST5,178369,62240,0.06966652484016807
kk,arcface_antelopev2,64,512,jpeg_xl,skin_tone,MST6,671757,932109,0.06298455301396938
kk,arcface_antelopev2,64,512,jpeg_xl,skin_tone,MST7,415396,384592,0.05376157138628157
kk,arcface_antelopev2,64,512,jpeg_xl,skin_tone,MST8,47266,4349,0.07089048826532912
kk,arcface_antelopev2,64,512,jpeg_xl,skin_tone,MST9,121529,23266,0.07838153782717835
kk,arcface_antelopev2,64,512,jpeg_xl,gender,__overall__,1515807,2515222,0.07564142812125099
kk,arcface_antelopev2,64,512,jpeg_xl,gender,F,890858,1575354,0.08541913914023139
kk,arcface_antelopev2,64,512,jpeg_xl,gender,M,624949,939868,0.060039833914464075
kk,arcface_antelopev2,64,512,jpeg_xl,age,__overall__,1515807,1848306,0.07146910308475836
kk,arcface_antelopev2,64,512,jpeg_xl,age,26-35,607008,840462,0.05934184907496519
kk,arcface_antelopev2,64,512,jpeg_xl,age,36-50,207304,99108,0.051610722388427496
kk,arcface_antelopev2,64,512,jpeg_xl,age,<=25,688654,908736,0.08600568964490382
kk,arcface_antelopev2,96,1024,jpeg_xl,skin_tone,__overall__,1515807,1413163,0.012551339510750815
kk,arcface_antelopev2,96,1024,jpeg_xl,skin_tone,MST10,50485,6607,0.004053785590203361
kk,arcface_antelopev2,96,1024,jpeg_xl,skin_tone,MST5,178369,62240,0.011065319159938525
kk,arcface_antelopev2,96,1024,jpeg_xl,skin_tone,MST6,671757,932109,0.01349689916215957
kk,arcface_antelopev2,96,1024,jpeg_xl,skin_tone,MST7,415396,384592,0.008051708895074158
kk,arcface_antelopev2,96,1024,jpeg_xl,skin_tone,MST8,47266,4349,0.016717957166670995
kk,arcface_antelopev2,96,1024,jpeg_xl,skin_tone,MST9,121529,23266,0.01955961466020787
kk,arcface_antelopev2,96,1024,jpeg_xl,gender,__overall__,1515807,2515222,0.01528737679150079
kk,arcface_antelopev2,96,1024,jpeg_xl,gender,F,890858,1575354,0.01733299144793087
kk,arcface_antelopev2,96,1024,jpeg_xl,gender,M,624949,939868,0.011418875455732044
kk,arcface_antelopev2,96,1024,jpeg_xl,age,__overall__,1515807,1848306,0.014540305746337617
kk,arcface_antelopev2,96,1024,jpeg_xl,age,26-35,607008,840462,0.012252707550266933
kk,arcface_antelopev2,96,1024,jpeg_xl,age,36-50,207304,99108,0.008309517219768667
kk,arcface_antelopev2,96,1024,jpeg_xl,age,<=25,688654,908736,0.017212633324931705
kk,arcface_antelopev2,96,512,jpeg_xl,skin_tone,__overall__,1515807,1413163,0.06477821825604663
kk,arcface_antelopev2,96,512,jpeg_xl,skin_tone,MST10,50485,6607,0.043000142450528946
kk,arcface_antelopev2,96,512,jpeg_xl,skin_tone,MST5,178369,62240,0.07223777821196206
kk,arcface_antelopev2,96,512,jpeg_xl,skin_tone,MST6,671757,932109,0.06467589950455344
kk,arcface_antelopev2,96,512,jpeg_xl,skin_tone,MST7,415396,384592,0.0571900314442757
kk,arcface_antelopev2,96,512,jpeg_xl,skin_tone,MST8,47266,4349,0.0671165262762374
kk,arcface_antelopev2,96,512,jpeg_xl,skin_tone,MST9,121529,23266,0.08241303591453361
kk,arcface_antelopev2,96,512,jpeg_xl,gender,__overall__,1515807,2515222,0.07796156966702564
kk,arcface_antelopev2,96,512,jpeg_xl,gender,F,890858,1575354,0.0886605633533598
kk,arcface_antelopev2,96,512,jpeg_xl,gender,M,624949,939868,0.06129014896242617
kk,arcface_antelopev2,96,512,jpeg_xl,age,__overall__,1515807,1848306,0.07351869878591528
kk,arcface_antelopev2,96,512,jpeg_xl,age,26-35,607008,840462,0.06246424321376863
kk,arcface_antelopev2,96,512,jpeg_xl,age,36-50,207304,99108,0.053562519113007225
kk,arcface_antelopev2,96,512,jpeg_xl,age,<=25,688654,908736,0.08811256030328299
kk,arcface_antelopev2,224,1024,neural_bmshj2018,skin_tone,__overall__,1515807,1413163,
kk,arcface_antelopev2,224,1024,neural_bmshj2018,skin_tone,MST10,50485,6607,
kk,arcface_antelopev2,224,1024,neural_bmshj2018,skin_tone,MST5,178369,62240,
kk,arcface_antelopev2,224,1024,neural_bmshj2018,skin_tone,MST6,671757,932109,
kk,arcface_antelopev2,224,1024,neural_bmshj2018,skin_tone,MST7,415396,384592,
kk,arcface_antelopev2,224,1024,neural_bmshj2018,skin_tone,MST8,47266,4349,
kk,arcface_antelopev2,224,1024,neural_bmshj2018,skin_tone,MST9,121529,23266,
kk,arcface_antelopev2,224,1024,neural_bmshj2018,gender,__overall__,1515807,2515222,
kk,arcface_antelopev2,224,1024,neural_bmshj2018,gender,F,890858,1575354,
kk,arcface_antelopev2,224,1024,neural_bmshj2018,gender,M,624949,939868,
kk,arcface_antelopev2,224,1024,neural_bmshj2018,age,__overall__,1515807,1848306,
kk,arcface_antelopev2,224,1024,neural_bmshj2018,age,26-35,607008,840462,
kk,arcface_antelopev2,224,1024,neural_bmshj2018,age,36-50,207304,99108,
kk,arcface_antelopev2,224,1024,neural_bmshj2018,age,<=25,688654,908736,
kk,arcface_antelopev2,224,1024,neural_mbt2018_mean,skin_tone,__overall__,1515807,1413163,
kk,arcface_antelopev2,224,1024,neural_mbt2018_mean,skin_tone,MST10,50485,6607,
kk,arcface_antelopev2,224,1024,neural_mbt2018_mean,skin_tone,MST5,178369,62240,
kk,arcface_antelopev2,224,1024,neural_mbt2018_mean,skin_tone,MST6,671757,932109,
kk,arcface_antelopev2,224,1024,neural_mbt2018_mean,skin_tone,MST7,415396,384592,
kk,arcface_antelopev2,224,1024,neural_mbt2018_mean,skin_tone,MST8,47266,4349,
kk,arcface_antelopev2,224,1024,neural_mbt2018_mean,skin_tone,MST9,121529,23266,
kk,arcface_antelopev2,224,1024,neural_mbt2018_mean,gender,__overall__,1515807,2515222,
kk,arcface_antelopev2,224,1024,neural_mbt2018_mean,gender,F,890858,1575354,
kk,arcface_antelopev2,224,1024,neural_mbt2018_mean,gender,M,624949,939868,
kk,arcface_antelopev2,224,1024,neural_mbt2018_mean,age,__overall__,1515807,1848306,
kk,arcface_antelopev2,224,1024,neural_mbt2018_mean,age,26-35,607008,840462,
kk,arcface_antelopev2,224,1024,neural_mbt2018_mean,age,36-50,207304,99108,
kk,arcface_antelopev2,224,1024,neural_mbt2018_mean,age,<=25,688654,908736,
kk,arcface_antelopev2,112,1024,ours_accurate,skin_tone,__overall__,1515807,1413163,0.005664039088248447
kk,arcface_antelopev2,112,1024,ours_accurate,skin_tone,MST10,50485,6607,0.001219462270913864
kk,arcface_antelopev2,112,1024,ours_accurate,skin_tone,MST5,178369,62240,0.0034459091231990252
kk,arcface_antelopev2,112,1024,ours_accurate,skin_tone,MST6,671757,932109,0.006332765360282836
kk,arcface_antelopev2,112,1024,ours_accurate,skin_tone,MST7,415396,384592,0.003764526641503465
kk,arcface_antelopev2,112,1024,ours_accurate,skin_tone,MST8,47266,4349,0.0075916314468321665
kk,arcface_antelopev2,112,1024,ours_accurate,skin_tone,MST9,121529,23266,0.008726883061781408
kk,arcface_antelopev2,112,1024,ours_accurate,gender,__overall__,1515807,2515222,0.006838766047243856
kk,arcface_antelopev2,112,1024,ours_accurate,gender,F,890858,1575354,0.007465025263337876
kk,arcface_antelopev2,112,1024,ours_accurate,gender,M,624949,939868,0.00529297949380908
kk,arcface_antelopev2,112,1024,ours_accurate,age,__overall__,1515807,1848306,0.006576249066251558
kk,arcface_antelopev2,112,1024,ours_accurate,age,26-35,607008,840462,0.005730374287915322
kk,arcface_antelopev2,112,1024,ours_accurate,age,36-50,207304,99108,0.004199500119151045
kk,arcface_antelopev2,112,1024,ours_accurate,age,<=25,688654,908736,0.007384345757969466
kk,arcface_antelopev2,112,512,ours_accurate,skin_tone,__overall__,1515807,1413163,0.00992458501252898
kk,arcface_antelopev2,112,512,ours_accurate,skin_tone,MST10,50485,6607,0.0030288478135627626
kk,arcface_antelopev2,112,512,ours_accurate,skin_tone,MST5,178369,62240,0.00821378337491092
kk,arcface_antelopev2,112,512,ours_accurate,skin_tone,MST6,671757,932109,0.011021268389365391
kk,arcface_antelopev2,112,512,ours_accurate,skin_tone,MST7,415396,384592,0.006439440096182
kk,arcface_antelopev2,112,512,ours_accurate,skin_tone,MST8,47266,4349,0.015236155036007667
kk,arcface_antelopev2,112,512,ours_accurate,skin_tone,MST9,121529,23266,0.014738963624801184
kk,arcface_antelopev2,112,512,ours_accurate,gender,__overall__,1515807,2515222,0.01201866929380068
kk,arcface_antelopev2,112,512,ours_accurate,gender,F,890858,1575354,0.013570788667147775
kk,arcface_antelopev2,112,512,ours_accurate,gender,M,624949,939868,0.009138423182808681
kk,arcface_antelopev2,112,512,ours_accurate,age,__overall__,1515807,1848306,0.011486025641119599
kk,arcface_antelopev2,112,512,ours_accurate,age,26-35,607008,840462,0.009571872709434286
kk,arcface_antelopev2,112,512,ours_accurate,age,36-50,207304,99108,0.007343698395717664
kk,arcface_antelopev2,112,512,ours_accurate,age,<=25,688654,908736,0.013599991923552907
kk,arcface_antelopev2,168,1024,ours_accurate,skin_tone,__overall__,1515807,1413163,0.006763113118582128
kk,arcface_antelopev2,168,1024,ours_accurate,skin_tone,MST10,50485,6607,0.0009393565328377699
kk,arcface_antelopev2,168,1024,ours_accurate,skin_tone,MST5,178369,62240,0.004670344881363683
kk,arcface_antelopev2,168,1024,ours_accurate,skin_tone,MST6,671757,932109,0.007408189272695985
kk,arcface_antelopev2,168,1024,ours_accurate,skin_tone,MST7,415396,384592,0.004819806093926926
kk,arcface_antelopev2,168,1024,ours_accurate,skin_tone,MST8,47266,4349,0.008285626461441879
kk,arcface_antelopev2,168,1024,ours_accurate,skin_tone,MST9,121529,23266,0.011182924949908482
kk,arcface_antelopev2,168,1024,ours_accurate,gender,__overall__,1515807,2515222,0.00808948444812281
kk,arcface_antelopev2,168,1024,ours_accurate,gender,F,890858,1575354,0.0091429863735044
kk,arcface_antelopev2,168,1024,ours_accurate,gender,M,624949,939868,0.006061894900871818
kk,arcface_antelopev2,168,1024,ours_accurate,age,__overall__,1515807,1848306,0.007798292015436402
kk,arcface_antelopev2,168,1024,ours_accurate,age,26-35,607008,840462,0.006795761578729283
kk,arcface_antelopev2,168,1024,ours_accurate,age,36-50,207304,99108,0.004061778764647261
kk,arcface_antelopev2,168,1024,ours_accurate,age,<=25,688654,908736,0.008995972982991134
kk,arcface_antelopev2,168,512,ours_accurate,skin_tone,__overall__,1515807,1413163,0.03960898719310149
kk,arcface_antelopev2,168,512,ours_accurate,skin_tone,MST10,50485,6607,0.016838331571077038
kk,arcface_antelopev2,168,512,ours_accurate,skin_tone,MST5,178369,62240,0.04165433418613829
kk,arcface_antelopev2,168,512,ours_accurate,skin_tone,MST6,671757,932109,0.04189408166480475
kk,arcface_antelopev2,168,512,ours_accurate,skin_tone,MST7,415396,384592,0.03023267423264136
kk,arcface_antelopev2,168,512,ours_accurate,skin_tone,MST8,47266,4349,0.05158556899788117
kk,arcface_antelopev2,168,512,ours_accurate,skin_tone,MST9,121529,23266,0.05233665870494664
kk,arcface_antelopev2,168,512,ours_accurate,gender,__overall__,1515807,2515222,0.04794615076853381
kk,arcface_antelopev2,168,512,ours_accurate,gender,F,890858,1575354,0.05650488485000565
kk,arcface_antelopev2,168,512,ours_accurate,gender,M,624949,939868,0.03391620640960028
kk,arcface_antelopev2,168,512,ours_accurate,age,__overall__,1515807,1848306,0.045154649171964864
kk,arcface_antelopev2,168,512,ours_accurate,age,26-35,607008,840462,0.03553755565112919
kk,arcface_antelopev2,168,512,ours_accurate,age,36-50,207304,99108,0.02854864476531814
kk,arcface_antelopev2,168,512,ours_accurate,age,<=25,688654,908736,0.056310866122506784
kk,arcface_antelopev2,224,1024,ours_accurate,skin_tone,__overall__,1515807,1413163,0.004999646609198381
kk,arcface_antelopev2,224,1024,ours_accurate,skin_tone,MST10,50485,6607,0.0007250241748426071
kk,arcface_antelopev2,224,1024,ours_accurate,skin_tone,MST5,178369,62240,0.0028928312222138612
kk,arcface_antelopev2,224,1024,ours_accurate,skin_tone,MST6,671757,932109,0.005429509065288522
kk,arcface_antelopev2,224,1024,ours_accurate,skin_tone,MST7,415396,384592,0.003333399641299737
kk,arcface_antelopev2,224,1024,ours_accurate,skin_tone,MST8,47266,4349,0.010115122976797113
kk,arcface_antelopev2,224,1024,ours_accurate,skin_tone,MST9,121529,23266,0.007908056838212302
kk,arcface_antelopev2,224,1024,ours_accurate,gender,__overall__,1515807,2515222,0.005951007618091916
kk,arcface_antelopev2,224,1024,ours_accurate,gender,F,890858,1575354,0.006374623719714655
kk,arcface_antelopev2,224,1024,ours_accurate,gender,M,624949,939868,0.004629036670435092
kk,arcface_antelopev2,224,1024,ours_accurate,age,__overall__,1515807,1848306,0.005759838158916387
kk,arcface_antelopev2,224,1024,ours_accurate,age,26-35,607008,840462,0.005068196976216827
kk,arcface_antelopev2,224,1024,ours_accurate,age,36-50,207304,99108,0.0034551771632779543
kk,arcface_antelopev2,224,1024,ours_accurate,age,<=25,688654,908736,0.00644523288694103
kk,arcface_antelopev2,224,512,ours_accurate,skin_tone,__overall__,1515807,1413163,0.024304328378494777
kk,arcface_antelopev2,224,512,ours_accurate,skin_tone,MST10,50485,6607,0.010111481217328886
kk,arcface_antelopev2,224,512,ours_accurate,skin_tone,MST5,178369,62240,0.02395505377157757
kk,arcface_antelopev2,224,512,ours_accurate,skin_tone,MST6,671757,932109,0.025776646301485406
kk,arcface_antelopev2,224,512,ours_accurate,skin_tone,MST7,415396,384592,0.0188223907532726
kk,arcface_antelopev2,224,512,ours_accurate,skin_tone,MST8,47266,4349,0.03395146981875846
kk,arcface_antelopev2,224,512,ours_accurate,skin_tone,MST9,121529,23266,0.03379887018910628
kk,arcface_antelopev2,224,512,ours_accurate,gender,__overall__,1515807,2515222,0.029513148658210656
kk,arcface_antelopev2,224,512,ours_accurate,gender,F,890858,1575354,0.0348529837683981
kk,arcface_antelopev2,224,512,ours_accurate,gender,M,624949,939868,0.020739467978868196
kk,arcface_antelopev2,224,512,ours_accurate,age,__overall__,1515807,1848306,0.027825170921273627
kk,arcface_antelopev2,224,512,ours_accurate,age,26-35,607008,840462,0.021959898701820805
kk,arcface_antelopev2,224,512,ours_accurate,age,36-50,207304,99108,0.018133147455334772
kk,arcface_antelopev2,224,512,ours_accurate,age,<=25,688654,908736,0.03459784104443019
kk,arcface_antelopev2,64,1024,ours_accurate,skin_tone,__overall__,1515807,1413163,0.05597318525787506
kk,arcface_antelopev2,64,1024,ours_accurate,skin_tone,MST10,50485,6607,0.03747650064691847
kk,arcface_antelopev2,64,1024,ours_accurate,skin_tone,MST5,178369,62240,0.05972209424366959
kk,arcface_antelopev2,64,1024,ours_accurate,skin_tone,MST6,671757,932109,0.05779290069574579
kk,arcface_antelopev2,64,1024,ours_accurate,skin_tone,MST7,415396,384592,0.045844734716128384
kk,arcface_antelopev2,64,1024,ours_accurate,skin_tone,MST8,47266,4349,0.07028112067846873
kk,arcface_antelopev2,64,1024,ours_accurate,skin_tone,MST9,121529,23266,0.07294365854070295
kk,arcface_antelopev2,64,1024,ours_accurate,gender,__overall__,1515807,2515222,0.06883020816913128
kk,arcface_antelopev2,64,1024,ours_accurate,gender,F,890858,1575354,0.07891767109248632
kk,arcface_antelopev2,64,1024,ours_accurate,gender,M,624949,939868,0.05200653007519157
kk,arcface_antelopev2,64,1024,ours_accurate,age,__overall__,1515807,1848306,0.06462950396774941
kk,arcface_antelopev2,64,1024,ours_accurate,age,26-35,607008,840462,0.052354481726390865
kk,arcface_antelopev2,64,1024,ours_accurate,age,36-50,207304,99108,0.04403457437961715
kk,arcface_antelopev2,64,1024,ours_accurate,age,<=25,688654,908736,0.07928207153140002
kk,arcface_antelopev2,64,512,ours_accurate,skin_tone,__overall__,1515807,1413163,0.05707664815538885
kk,arcface_antelopev2,64,512,ours_accurate,skin_tone,MST10,50485,6607,0.037182936834035715
kk,arcface_antelopev2,64,512,ours_accurate,skin_tone,MST5,178369,62240,0.06013409065297913
kk,arcface_antelopev2,64,512,ours_accurate,skin_tone,MST6,671757,932109,0.059143592345577006
kk,arcface_antelopev2,64,512,ours_accurate,skin_tone,MST7,415396,384592,0.04645169691577385
kk,arcface_antelopev2,64,512,ours_accurate,skin_tone,MST8,47266,4349,0.07347605661133196
kk,arcface_antelopev2,64,512,ours_accurate,skin_tone,MST9,121529,23266,0.07390105872398059
kk,arcface_antelopev2,64,512,ours_accurate,gender,__overall__,1515807,2515222,0.0699682026804999
kk,arcface_antelopev2,64,512,ours_accurate,gender,F,890858,1575354,0.08034243388491649
kk,arcface_antelopev2,64,512,ours_accurate,gender,M,624949,939868,0.05295797617940382
kk,arcface_antelopev2,64,512,ours_accurate,age,__overall__,1515807,1848306,0.06579218831726283
kk,arcface_antelopev2,64,512,ours_accurate,age,26-35,607008,840462,0.05317797003147369
kk,arcface_antelopev2,64,512,ours_accurate,age,36-50,207304,99108,0.045461153028875864
kk,arcface_antelopev2,64,512,ours_accurate,age,<=25,688654,908736,0.08062457039893114
kk,arcface_antelopev2,96,1024,ours_accurate,skin_tone,__overall__,1515807,1413163,0.010540167555469994
kk,arcface_antelopev2,96,1024,ours_accurate,skin_tone,MST10,50485,6607,0.003869165027791044
kk,arcface_antelopev2,96,1024,ours_accurate,skin_tone,MST5,178369,62240,0.00751029184163888
kk,arcface_antelopev2,96,1024,ours_accurate,skin_tone,MST6,671757,932109,0.011703373375362142
kk,arcface_antelopev2,96,1024,ours_accurate,skin_tone,MST7,415396,384592,0.007020935261004342
kk,arcface_antelopev2,96,1024,ours_accurate,skin_tone,MST8,47266,4349,0.014005447679044146
kk,arcface_antelopev2,96,1024,ours_accurate,skin_tone,MST9,121529,23266,0.01558842828960574
kk,arcface_antelopev2,96,1024,ours_accurate,gender,__overall__,1515807,2515222,0.01279066280264384
kk,arcface_antelopev2,96,1024,ours_accurate,gender,F,890858,1575354,0.014340979181785191
kk,arcface_antelopev2,96,1024,ours_accurate,gender,M,624949,939868,0.00986370711924112
kk,arcface_antelopev2,96,1024,ours_accurate,age,__overall__,1515807,1848306,0.012201814342417955
kk,arcface_antelopev2,96,1024,ours_accurate,age,26-35,607008,840462,0.010115984130196126
kk,arcface_antelopev2,96,1024,ours_accurate,age,36-50,207304,99108,0.008210828869672303
kk,arcface_antelopev2,96,1024,ours_accurate,age,<=25,688654,908736,0.014437201825650139
kk,arcface_antelopev2,96,512,ours_accurate,skin_tone,__overall__,1515807,1413163,0.021545515046408052
kk,arcface_antelopev2,96,512,ours_accurate,skin_tone,MST10,50485,6607,0.009271164003100605
kk,arcface_antelopev2,96,512,ours_accurate,skin_tone,MST5,178369,62240,0.02025727012599066
kk,arcface_antelopev2,96,512,ours_accurate,skin_tone,MST6,671757,932109,0.02322223367247929
kk,arcface_antelopev2,96,512,ours_accurate,skin_tone,MST7,415396,384592,0.015743646224658306
kk,arcface_antelopev2,96,512,ours_accurate,skin_tone,MST8,47266,4349,0.03065074960120857
kk,arcface_antelopev2,96,512,ours_accurate,skin_tone,MST9,121529,23266,0.028834657384493836
kk,arcface_antelopev2,96,512,ours_accurate,gender,__overall__,1515807,2515222,0.026280354357966128
kk,arcface_antelopev2,96,512,ours_accurate,gender,F,890858,1575354,0.03048704180258931
kk,arcface_antelopev2,96,512,ours_accurate,gender,M,624949,939868,0.018960761688699278
kk,arcface_antelopev2,96,512,ours_accurate,age,__overall__,1515807,1848306,0.024829696165294936
kk,arcface_antelopev2,96,512,ours_accurate,age,26-35,607008,840462,0.019628823623662507
kk,arcface_antelopev2,96,512,ours_accurate,age,36-50,207304,99108,0.0168881469985843
kk,arcface_antelopev2,96,512,ours_accurate,age,<=25,688654,908736,0.0304147356618084
kk,arcface_antelopev2,112,1024,ours_fast,skin_tone,__overall__,1515807,1413163,0.01413785606025271
kk,arcface_antelopev2,112,1024,ours_fast,skin_tone,MST10,50485,6607,0.00469322852124314
kk,arcface_antelopev2,112,1024,ours_fast,skin_tone,MST5,178369,62240,0.011697808643590456
kk,arcface_antelopev2,112,1024,ours_fast,skin_tone,MST6,671757,932109,0.015116129305644163
kk,arcface_antelopev2,112,1024,ours_fast,skin_tone,MST7,415396,384592,0.009378693400516152
kk,arcface_antelopev2,112,1024,ours_fast,skin_tone,MST8,47266,4349,0.0190947444528487
kk,arcface_antelopev2,112,1024,ours_fast,skin_tone,MST9,121529,23266,0.02044334942772573
kk,arcface_antelopev2,112,1024,ours_fast,gender,__overall__,1515807,2515222,0.01696449530658678
kk,arcface_antelopev2,112,1024,ours_fast,gender,F,890858,1575354,0.019082938809943675
kk,arcface_antelopev2,112,1024,ours_fast,gender,M,624949,939868,0.012599819605357169
kk,arcface_antelopev2,112,1024,ours_fast,age,__overall__,1515807,1848306,0.016085294753023442
kk,arcface_antelopev2,112,1024,ours_fast,age,26-35,607008,840462,0.01291923195480852
kk,arcface_antelopev2,112,1024,ours_fast,age,36-50,207304,99108,0.011159841195029142
kk,arcface_antelopev2,112,1024,ours_fast,age,<=25,688654,908736,0.018908460373909364
kk,arcface_antelopev2,112,512,ours_fast,skin_tone,__overall__,1515807,1413163,0.027507583489957556
kk,arcface_antelopev2,112,512,ours_fast,skin_tone,MST10,50485,6607,0.01265579486668134
kk,arcface_antelopev2,112,512,ours_fast,skin_tone,MST5,178369,62240,0.026042556456394854
kk,arcface_antelopev2,112,512,ours_fast,skin_tone,MST6,671757,932109,0.029418030050269366
kk,arcface_antelopev2,112,512,ours_fast,skin_tone,MST7,415396,384592,0.019148985484328293
kk,arcface_antelopev2,112,512,ours_fast,skin_tone,MST8,47266,4349,0.03540293041878989
kk,arcface_antelopev2,112,512,ours_fast,skin_tone,MST9,121529,23266,0.03789851749958656
kk,arcface_antelopev2,112,512,ours_fast,gender,__overall__,1515807,2515222,0.03329699104782424
kk,arcface_antelopev2,112,512,ours_fast,gender,F,890858,1575354,0.03847146348743738
kk,arcface_antelopev2,112,512,ours_fast,gender,M,624949,939868,0.023787784164982326
kk,arcface_antelopev2,112,512,ours_fast,age,__overall__,1515807,1848306,0.03134842441772896
kk,arcface_antelopev2,112,512,ours_fast,age,26-35,607008,840462,0.02382072280364527
kk,arcface_antelopev2,112,512,ours_fast,age,36-50,207304,99108,0.020827539651608454
kk,arcface_antelopev2,112,512,ours_fast,age,<=25,688654,908736,0.03865994482022895
kk,arcface_antelopev2,168,1024,ours_fast,skin_tone,__overall__,1515807,1413163,0.008887102340678611
kk,arcface_antelopev2,168,1024,ours_fast,skin_tone,MST10,50485,6607,0.0022444000475544627
kk,arcface_antelopev2,168,1024,ours_fast,skin_tone,MST5,178369,62240,0.006337988117365836
kk,arcface_antelopev2,168,1024,ours_fast,skin_tone,MST6,671757,932109,0.009688981658928716
kk,arcface_antelopev2,168,1024,ours_fast,skin_tone,MST7,415396,384592,0.0058435008827891375
kk,arcface_antelopev2,168,1024,ours_fast,skin_tone,MST8,47266,4349,0.012470753406037486
kk,arcface_antelopev2,168,1024,ours_fast,skin_tone,MST9,121529,23266,0.014467860281156403
kk,arcface_antelopev2,168,1024,ours_fast,gender,__overall__,1515807,2515222,0.010650689417559134
kk,arcface_antelopev2,168,1024,ours_fast,gender,F,890858,1575354,0.012053816972162998
kk,arcface_antelopev2,168,1024,ours_fast,gender,M,624949,939868,0.007820314836120619
kk,arcface_antelopev2,168,1024,ours_fast,age,__overall__,1515807,1848306,0.010091837292404534
kk,arcface_antelopev2,168,1024,ours_fast,age,26-35,607008,840462,0.008636816177856733
kk,arcface_antelopev2,168,1024,ours_fast,age,36-50,207304,99108,0.005748243712217304
kk,arcface_antelopev2,168,1024,ours_fast,age,<=25,688654,908736,0.011782442951951713
kk,arcface_antelopev2,168,512,ours_fast,skin_tone,__overall__,1515807,1413163,0.028120190061434264
kk,arcface_antelopev2,168,512,ours_fast,skin_tone,MST10,50485,6607,0.012494536310936631
kk,arcface_antelopev2,168,512,ours_fast,skin_tone,MST5,178369,62240,0.026109626986262166
kk,arcface_antelopev2,168,512,ours_fast,skin_tone,MST6,671757,932109,0.029134592474299385
kk,arcface_antelopev2,168,512,ours_fast,skin_tone,MST7,415396,384592,0.021340239964610822
kk,arcface_antelopev2,168,512,ours_fast,skin_tone,MST8,47266,4349,0.039324990406442925
kk,arcface_antelopev2,168,512,ours_fast,skin_tone,MST9,121529,23266,0.0426500999464291
kk,arcface_antelopev2,168,512,ours_fast,gender,__overall__,1515807,2515222,0.03422218002505416
kk,arcface_antelopev2,168,512,ours_fast,gender,F,890858,1575354,0.039756858065077054
kk,arcface_antelopev2,168,512,ours_fast,gender,M,624949,939868,0.02512708053656116
kk,arcface_antelopev2,168,512,ours_fast,age,__overall__,1515807,1848306,0.032233656804928096
kk,arcface_antelopev2,168,512,ours_fast,age,26-35,607008,840462,0.02577879023885883
kk,arcface_antelopev2,168,512,ours_fast,age,36-50,207304,99108,0.019644385289529876
kk,arcface_antelopev2,168,512,ours_fast,age,<=25,688654,908736,0.03998974909112821
kk,arcface_antelopev2,224,1024,ours_fast,skin_tone,__overall__,1515807,1413163,0.004717420374035447
kk,arcface_antelopev2,224,1024,ours_fast,skin_tone,MST10,50485,6607,0.0007448320385645046
kk,arcface_antelopev2,224,1024,ours_fast,skin_tone,MST5,178369,62240,0.00237786946670921
kk,arcface_antelopev2,224,1024,ours_fast,skin_tone,MST6,671757,932109,0.005058070502503689
kk,arcface_antelopev2,224,1024,ours_fast,skin_tone,MST7,415396,384592,0.003357329876506283
kk,arcface_antelopev2,224,1024,ours_fast,skin_tone,MST8,47266,4349,0.006329188804462646
kk,arcface_antelopev2,224,1024,ours_fast,skin_tone,MST9,121529,23266,0.00721038243128699
kk,arcface_antelopev2,224,1024,ours_fast,gender,__overall__,1515807,2515222,0.005582474864531277
kk,arcface_antelopev2,224,1024,ours_fast,gender,F,890858,1575354,0.006194944133079667
kk,arcface_antelopev2,224,1024,ours_fast,gender,M,624949,939868,0.004185533144283117
kk,arcface_antelopev2,224,1024,ours_fast,age,__overall__,1515807,1848306,0.005373465250681172
kk,arcface_antelopev2,224,1024,ours_fast,age,26-35,607008,840462,0.004689378479015247
kk,arcface_antelopev2,224,1024,ours_fast,age,36-50,207304,99108,0.0032746838806748486
kk,arcface_antelopev2,224,1024,ours_fast,age,<=25,688654,908736,0.006056929406247788
kk,arcface_antelopev2,224,512,ours_fast,skin_tone,__overall__,1515807,1413163,0.011242417867266749
kk,arcface_antelopev2,224,512,ours_fast,skin_tone,MST10,50485,6607,0.003658386812741592
kk,arcface_antelopev2,224,512,ours_fast,skin_tone,MST5,178369,62240,0.00804655067653072
kk,arcface_antelopev2,224,512,ours_fast,skin_tone,MST6,671757,932109,0.012308167492775099
kk,arcface_antelopev2,224,512,ours_fast,skin_tone,MST7,415396,384592,0.007977510848026101
kk,arcface_antelopev2,224,512,ours_fast,skin_tone,MST8,47266,4349,0.014741756407528527
kk,arcface_antelopev2,224,512,ours_fast,skin_tone,MST9,121529,23266,0.016860349773354086
kk,arcface_antelopev2,224,512,ours_fast,gender,__overall__,1515807,2515222,0.013651554218409603
kk,arcface_antelopev2,224,512,ours_fast,gender,F,890858,1575354,0.01593991961981999
kk,arcface_antelopev2,224,512,ours_fast,gender,M,624949,939868,0.009713222373339516
kk,arcface_antelopev2,224,512,ours_fast,age,__overall__,1515807,1848306,0.012979741892888176
kk,arcface_antelopev2,224,512,ours_fast,age,26-35,607008,840462,0.010699175871396547
kk,arcface_antelopev2,224,512,ours_fast,age,36-50,207304,99108,0.007262556966657617
kk,arcface_antelopev2,224,512,ours_fast,age,<=25,688654,908736,0.015805702710240413
kk,arcface_antelopev2,64,1024,ours_fast,skin_tone,__overall__,1515807,1413163,0.1023372608386891
kk,arcface_antelopev2,64,1024,ours_fast,skin_tone,MST10,50485,6607,0.07206280852632746
kk,arcface_antelopev2,64,1024,ours_fast,skin_tone,MST5,178369,62240,0.11603769423120877
kk,arcface_antelopev2,64,1024,ours_fast,skin_tone,MST6,671757,932109,0.101821932798731
kk,arcface_antelopev2,64,1024,ours_fast,skin_tone,MST7,415396,384592,0.09006223637290348
kk,arcface_antelopev2,64,1024,ours_fast,skin_tone,MST8,47266,4349,0.10738939398053804
kk,arcface_antelopev2,64,1024,ours_fast,skin_tone,MST9,121529,23266,0.12090637171262691
kk,arcface_antelopev2,64,1024,ours_fast,gender,__overall__,1515807,2515222,0.1228001281461542
kk,arcface_antelopev2,64,1024,ours_fast,gender,F,890858,1575354,0.13664794956376847
kk,arcface_antelopev2,64,1024,ours_fast,gender,M,624949,939868,0.09846673219858713
kk,arcface_antelopev2,64,1024,ours_fast,age,__overall__,1515807,1848306,0.11464824187102493
kk,arcface_antelopev2,64,1024,ours_fast,age,26-35,607008,840462,0.0952870532915944
kk,arcface_antelopev2,64,1024,ours_fast,age,36-50,207304,99108,0.09137669387465347
kk,arcface_antelopev2,64,1024,ours_fast,age,<=25,688654,908736,0.1361321354069107
kk,arcface_antelopev2,64,512,ours_fast,skin_tone,__overall__,1515807,1413163,0.12299719190628047
kk,arcface_antelopev2,64,512,ours_fast,skin_tone,MST10,50485,6607,0.09013685608909455
kk,arcface_antelopev2,64,512,ours_fast,skin_tone,MST5,178369,62240,0.13923138305572913
kk,arcface_antelopev2,64,512,ours_fast,skin_tone,MST6,671757,932109,0.12160464358006444
kk,arcface_antelopev2,64,512,ours_fast,skin_tone,MST7,415396,384592,0.10953429051712951
kk,arcface_antelopev2,64,512,ours_fast,skin_tone,MST8,47266,4349,0.12473648183623266
kk,arcface_antelopev2,64,512,ours_fast,skin_tone,MST9,121529,23266,0.1419166590939413
kk,arcface_antelopev2,64,512,ours_fast,gender,__overall__,1515807,2515222,0.14663010499332002
kk,arcface_antelopev2,64,512,ours_fast,gender,F,890858,1575354,0.16132004587429602
kk,arcface_antelopev2,64,512,ours_fast,gender,M,624949,939868,0.11963241540493617
kk,arcface_antelopev2,64,512,ours_fast,age,__overall__,1515807,1848306,0.13691709316936623
kk,arcface_antelopev2,64,512,ours_fast,age,26-35,607008,840462,0.11497788482094584
kk,arcface_antelopev2,64,512,ours_fast,age,36-50,207304,99108,0.11065137146139067
kk,arcface_antelopev2,64,512,ours_fast,age,<=25,688654,908736,0.16117921264087565
kk,arcface_antelopev2,96,1024,ours_fast,skin_tone,__overall__,1515807,1413163,0.024525282480527426
kk,arcface_antelopev2,96,1024,ours_fast,skin_tone,MST10,50485,6607,0.008641625003921773
kk,arcface_antelopev2,96,1024,ours_fast,skin_tone,MST5,178369,62240,0.02470582321142383
kk,arcface_antelopev2,96,1024,ours_fast,skin_tone,MST6,671757,932109,0.0258111388604335
kk,arcface_antelopev2,96,1024,ours_fast,skin_tone,MST7,415396,384592,0.01664499613790406
kk,arcface_antelopev2,96,1024,ours_fast,skin_tone,MST8,47266,4349,0.034972002361122745
kk,arcface_antelopev2,96,1024,ours_fast,skin_tone,MST9,121529,23266,0.037135451965853605
kk,arcface_antelopev2,96,1024,ours_fast,gender,__overall__,1515807,2515222,0.02979959256887437
kk,arcface_antelopev2,96,1024,ours_fast,gender,F,890858,1575354,0.034473057322615575
kk,arcface_antelopev2,96,1024,ours_fast,gender,M,624949,939868,0.021148200739463434
kk,arcface_antelopev2,96,1024,ours_fast,age,__overall__,1515807,1848306,0.02798466129860769
kk,arcface_antelopev2,96,1024,ours_fast,age,26-35,607008,840462,0.021446905634642712
kk,arcface_antelopev2,96,1024,ours_fast,age,36-50,207304,99108,0.017829846654650122
kk,arcface_antelopev2,96,1024,ours_fast,age,<=25,688654,908736,0.0345176915161584
kk,arcface_antelopev2,96,512,ours_fast,skin_tone,__overall__,1515807,1413163,0.045151085045588846
kk,arcface_antelopev2,96,512,ours_fast,skin_tone,MST10,50485,6607,0.022556497868960773
kk,arcface_antelopev2,96,512,ours_fast,skin_tone,MST5,178369,62240,0.0466595205782859
kk,arcface_antelopev2,96,512,ours_fast,skin_tone,MST6,671757,932109,0.04668873171355674
kk,arcface_antelopev2,96,512,ours_fast,skin_tone,MST7,415396,384592,0.03441734879200653
kk,arcface_antelopev2,96,512,ours_fast,skin_tone,MST8,47266,4349,0.05609583971545725
kk,arcface_antelopev2,96,512,ours_fast,skin_tone,MST9,121529,23266,0.06071881880760213
kk,arcface_antelopev2,96,512,ours_fast,gender,__overall__,1515807,2515222,0.054869192127338665
kk,arcface_antelopev2,96,512,ours_fast,gender,F,890858,1575354,0.06369901583135296
kk,arcface_antelopev2,96,512,ours_fast,gender,M,624949,939868,0.038865671451132566
kk,arcface_antelopev2,96,512,ours_fast,age,__overall__,1515807,1848306,0.05171660446073402
kk,arcface_antelopev2,96,512,ours_fast,age,26-35,607008,840462,0.03911395464403972
kk,arcface_antelopev2,96,512,ours_fast,age,36-50,207304,99108,0.03390919151807534
kk,arcface_antelopev2,96,512,ours_fast,age,<=25,688654,908736,0.06380385361011941
kk,arcface_antelopev2,112,1024,webp,skin_tone,__overall__,1515807,1413163,0.006953515350858657
kk,arcface_antelopev2,112,1024,webp,skin_tone,MST10,50485,6607,0.0018192894745098472
kk,arcface_antelopev2,112,1024,webp,skin_tone,MST5,178369,62240,0.004330273129238843
kk,arcface_antelopev2,112,1024,webp,skin_tone,MST6,671757,932109,0.007318001424314947
kk,arcface_antelopev2,112,1024,webp,skin_tone,MST7,415396,384592,0.004609155118430736
kk,arcface_antelopev2,112,1024,webp,skin_tone,MST8,47266,4349,0.007854698403774736
kk,arcface_antelopev2,112,1024,webp,skin_tone,MST9,121529,23266,0.010850544723792797
kk,arcface_antelopev2,112,1024,webp,gender,__overall__,1515807,2515222,0.008228617156723718
kk,arcface_antelopev2,112,1024,webp,gender,F,890858,1575354,0.00881281812164725
kk,arcface_antelopev2,112,1024,webp,gender,M,624949,939868,0.00658717327921309
kk,arcface_antelopev2,112,1024,webp,age,__overall__,1515807,1848306,0.007917396694923423
kk,arcface_antelopev2,112,1024,webp,age,26-35,607008,840462,0.0072752109696008
kk,arcface_antelopev2,112,1024,webp,age,36-50,207304,99108,0.004823648641556672
kk,arcface_antelopev2,112,1024,webp,age,<=25,688654,908736,0.008348099071071431
kk,arcface_antelopev2,112,512,webp,skin_tone,__overall__,1515807,1413163,0.02705361920607416
kk,arcface_antelopev2,112,512,webp,skin_tone,MST10,50485,6607,0.012500886099851869
kk,arcface_antelopev2,112,512,webp,skin_tone,MST5,178369,62240,0.022958392278731386
kk,arcface_antelopev2,112,512,webp,skin_tone,MST6,671757,932109,0.028470209875570432
kk,arcface_antelopev2,112,512,webp,skin_tone,MST7,415396,384592,0.020037954094183665
kk,arcface_antelopev2,112,512,webp,skin_tone,MST8,47266,4349,0.027558810443483815
kk,arcface_antelopev2,112,512,webp,skin_tone,MST9,121529,23266,0.042473187439949156
kk,arcface_antelopev2,112,512,webp,gender,__overall__,1515807,2515222,0.03277886599353598
kk,arcface_antelopev2,112,512,webp,gender,F,890858,1575354,0.03708679081538946
kk,arcface_antelopev2,112,512,webp,gender,M,624949,939868,0.025301914390435068
kk,arcface_antelopev2,112,512,webp,age,__overall__,1515807,1848306,0.031168706264510196
kk,arcface_antelopev2,112,512,webp,age,26-35,607008,840462,0.02636559753031994
kk,arcface_antelopev2,112,512,webp,age,36-50,207304,99108,0.020539795261620038
kk,arcface_antelopev2,112,512,webp,age,<=25,688654,908736,0.036542302320089946
kk,arcface_antelopev2,168,1024,webp,skin_tone,__overall__,1515807,1413163,0.008938361151807357
kk,arcface_antelopev2,168,1024,webp,skin_tone,MST10,50485,6607,0.0024191166781058304
kk,arcface_antelopev2,168,1024,webp,skin_tone,MST5,178369,62240,0.006365643780164516
kk,arcface_antelopev2,168,1024,webp,skin_tone,MST6,671757,932109,0.009648064831497632
kk,arcface_antelopev2,168,1024,webp,skin_tone,MST7,415396,384592,0.005804740965689687
kk,arcface_antelopev2,168,1024,webp,skin_tone,MST8,47266,4349,0.00968419491912997
kk,arcface_antelopev2,168,1024,webp,skin_tone,MST9,121529,23266,0.014243369773235152
kk,arcface_antelopev2,168,1024,webp,gender,__overall__,1515807,2515222,0.010646986592609566
kk,arcface_antelopev2,168,1024,webp,gender,F,890858,1575354,0.01208481704760339
kk,arcface_antelopev2,168,1024,webp,gender,M,624949,939868,0.007730011503254548
kk,arcface_antelopev2,168,1024,webp,age,__overall__,1515807,1848306,0.010182666744354448
kk,arcface_antelopev2,168,1024,webp,age,26-35,607008,840462,0.008541905456400899
kk,arcface_antelopev2,168,1024,webp,age,36-50,207304,99108,0.005821707055250669
kk,arcface_antelopev2,168,1024,webp,age,<=25,688654,908736,0.011797338407799023
kk,arcface_antelopev2,168,512,webp,skin_tone,__overall__,1515807,1413163,0.014034208488682028
kk,arcface_antelopev2,168,512,webp,skin_tone,MST10,50485,6607,0.006387321024506363
kk,arcface_antelopev2,168,512,webp,skin_tone,MST5,178369,62240,0.01123778209965964
kk,arcface_antelopev2,168,512,webp,skin_tone,MST6,671757,932109,0.015053601798042262
kk,arcface_antelopev2,168,512,webp,skin_tone,MST7,415396,384592,0.009554919966953228
kk,arcface_antelopev2,168,512,webp,skin_tone,MST8,47266,4349,0.01777022499444128
kk,arcface_antelopev2,168,512,webp,skin_tone,MST9,121529,23266,0.02276817227965728
kk,arcface_antelopev2,168,512,webp,gender,__overall__,1515807,2515222,0.016859891157975242
kk,arcface_antelopev2,168,512,webp,gender,F,890858,1575354,0.019079332657223336
kk,arcface_antelopev2,168,512,webp,gender,M,624949,939868,0.012459689928639418
kk,arcface_antelopev2,168,512,webp,age,__overall__,1515807,1848306,0.016034102283644706
kk,arcface_antelopev2,168,512,webp,age,26-35,607008,840462,0.013366190724224004
kk,arcface_antelopev2,168,512,webp,age,36-50,207304,99108,0.008655589948552644
kk,arcface_antelopev2,168,512,webp,age,<=25,688654,908736,0.01886044428215456
kk,arcface_antelopev2,224,1024,webp,skin_tone,__overall__,1515807,1413163,0.006855810778349498
kk,arcface_antelopev2,224,1024,webp,skin_tone,MST10,50485,6607,0.0016346689120975305
kk,arcface_antelopev2,224,1024,webp,skin_tone,MST5,178369,62240,0.0043250428878979265
kk,arcface_antelopev2,224,1024,webp,skin_tone,MST6,671757,932109,0.0076088409782163
kk,arcface_antelopev2,224,1024,webp,skin_tone,MST7,415396,384592,0.004441500292907262
kk,arcface_antelopev2,224,1024,webp,skin_tone,MST8,47266,4349,0.007822963118368737
kk,arcface_antelopev2,224,1024,webp,skin_tone,MST9,121529,23266,0.011274357690755948
kk,arcface_antelopev2,224,1024,webp,gender,__overall__,1515807,2515222,0.008165056995472654
kk,arcface_antelopev2,224,1024,webp,gender,F,890858,1575354,0.009312990028630855
kk,arcface_antelopev2,224,1024,webp,gender,M,624949,939868,0.005903694224903876
kk,arcface_antelopev2,224,1024,webp,age,__overall__,1515807,1848306,0.00783468278228356
kk,arcface_antelopev2,224,1024,webp,age,26-35,607008,840462,0.0066667124053224145
kk,arcface_antelopev2,224,1024,webp,age,36-50,207304,99108,0.004576927766315755
kk,arcface_antelopev2,224,1024,webp,age,<=25,688654,908736,0.009002932977267057
kk,arcface_antelopev2,224,512,webp,skin_tone,__overall__,1515807,1413163,0.008060636886396253
kk,arcface_antelopev2,224,512,webp,skin_tone,MST10,50485,6607,0.0036385789490196944
kk,arcface_antelopev2,224,512,webp,skin_tone,MST5,178369,62240,0.005297228009651175
kk,arcface_antelopev2,224,512,webp,skin_tone,MST6,671757,932109,0.008923446511146883
kk,arcface_antelopev2,224,512,webp,skin_tone,MST7,415396,384592,0.005412183932760694
kk,arcface_antelopev2,224,512,webp,skin_tone,MST8,47266,4349,0.0077912278329627365
kk,arcface_antelopev2,224,512,webp,skin_tone,MST9,121529,23266,0.013255376949000707
kk,arcface_antelopev2,224,512,webp,gender,__overall__,1515807,2515222,0.009613837135570544
kk,arcface_antelopev2,224,512,webp,gender,F,890858,1575354,0.010910700298902145
kk,arcface_antelopev2,224,512,webp,gender,M,624949,939868,0.007133116016396667
kk,arcface_antelopev2,224,512,webp,age,__overall__,1515807,1848306,0.00920804822884229
kk,arcface_antelopev2,224,512,webp,age,26-35,607008,840462,0.007721574151873098
kk,arcface_antelopev2,224,512,webp,age,36-50,207304,99108,0.0053142361396088566
kk,arcface_antelopev2,224,512,webp,age,<=25,688654,908736,0.010797883485766907
kk,arcface_antelopev2,64,1024,webp,skin_tone,__overall__,1515807,1413163,0.007508516186501008
kk,arcface_antelopev2,64,1024,webp,skin_tone,MST10,50485,6607,0.0021192030763078386
kk,arcface_antelopev2,64,1024,webp,skin_tone,MST5,178369,62240,0.004615409669789849
kk,arcface_antelopev2,64,1024,webp,skin_tone,MST6,671757,932109,0.008099957629763295
kk,arcface_antelopev2,64,1024,webp,skin_tone,MST7,415396,384592,0.0051807784632946705
kk,arcface_antelopev2,64,1024,webp,skin_tone,MST8,47266,4349,0.008916150905239591
kk,arcface_antelopev2,64,1024,webp,skin_tone,MST9,121529,23266,0.011511190931687426
kk,arcface_antelopev2,64,1024,webp,gender,__overall__,1515807,2515222,0.009012472399790647
kk,arcface_antelopev2,64,1024,webp,gender,F,890858,1575354,0.00987495235192595
kk,arcface_antelopev2,64,1024,webp,gender,M,624949,939868,0.006886010650847103
kk,arcface_antelopev2,64,1024,webp,age,__overall__,1515807,1848306,0.008607357044955771
kk,arcface_antelopev2,64,1024,webp,age,26-35,607008,840462,0.007832593011369635
kk,arcface_antelopev2,64,1024,webp,age,36-50,207304,99108,0.0054197179044696495
kk,arcface_antelopev2,64,1024,webp,age,<=25,688654,908736,0.009543350639649638
kk,arcface_antelopev2,64,512,webp,skin_tone,__overall__,1515807,1413163,0.025575684760614788
kk,arcface_antelopev2,64,512,webp,skin_tone,MST10,50485,6607,0.014979426369123392
kk,arcface_antelopev2,64,512,webp,skin_tone,MST5,178369,62240,0.023452433068872375
kk,arcface_antelopev2,64,512,webp,skin_tone,MST6,671757,932109,0.026145780331359687
kk,arcface_antelopev2,64,512,webp,skin_tone,MST7,415396,384592,0.019841510446686222
kk,arcface_antelopev2,64,512,webp,skin_tone,MST8,47266,4349,0.03088208127274514
kk,arcface_antelopev2,64,512,webp,skin_tone,MST9,121529,23266,0.03548773229916365
kk,arcface_antelopev2,64,512,webp,gender,__overall__,1515807,2515222,0.031232417243337838
kk,arcface_antelopev2,64,512,webp,gender,F,890858,1575354,0.03406349160818746
kk,arcface_antelopev2,64,512,webp,gender,M,624949,939868,0.025684290776139904
kk,arcface_antelopev2,64,512,webp,age,__overall__,1515807,1848306,0.029606639731506512
kk,arcface_antelopev2,64,512,webp,age,26-35,607008,840462,0.02490551213524269
kk,arcface_antelopev2,64,512,webp,age,36-50,207304,99108,0.022816863064232022
kk,arcface_antelopev2,64,512,webp,age,<=25,688654,908736,0.0340787173966136
kk,arcface_antelopev2,96,1024,webp,skin_tone,__overall__,1515807,1413163,0.006692615613076141
kk,arcface_antelopev2,96,1024,webp,skin_tone,MST10,50485,6607,0.0016742846395413258
kk,arcface_antelopev2,96,1024,webp,skin_tone,MST5,178369,62240,0.00389472295640096
kk,arcface_antelopev2,96,1024,webp,skin_tone,MST6,671757,932109,0.007129915825369422
kk,arcface_antelopev2,96,1024,webp,skin_tone,MST7,415396,384592,0.00449980816642586
kk,arcface_antelopev2,96,1024,webp,skin_tone,MST8,47266,4349,0.006560520475999217
kk,arcface_antelopev2,96,1024,webp,skin_tone,MST9,121529,23266,0.010607321725066088
kk,arcface_antelopev2,96,1024,webp,gender,__overall__,1515807,2515222,0.007940504375386624
kk,arcface_antelopev2,96,1024,webp,gender,F,890858,1575354,0.008243304764581282
kk,arcface_antelopev2,96,1024,webp,gender,M,624949,939868,0.006506433273795617
kk,arcface_antelopev2,96,1024,webp,age,__overall__,1515807,1848306,0.007645958999952728
kk,arcface_antelopev2,96,1024,webp,age,26-35,607008,840462,0.006858272631271405
kk,arcface_antelopev2,96,1024,webp,age,36-50,207304,99108,0.005356123396445921
kk,arcface_antelopev2,96,1024,webp,age,<=25,688654,908736,0.008005083305291306
kk,arcface_antelopev2,96,512,webp,skin_tone,__overall__,1515807,1413163,0.028692983615310762
kk,arcface_antelopev2,96,512,webp,skin_tone,MST10,50485,6607,0.016498802241835246
kk,arcface_antelopev2,96,512,webp,skin_tone,MST5,178369,62240,0.026482038148985535
kk,arcface_antelopev2,96,512,webp,skin_tone,MST6,671757,932109,0.029389990202635524
kk,arcface_antelopev2,96,512,webp,skin_tone,MST7,415396,384592,0.021605979168478315
kk,arcface_antelopev2,96,512,webp,skin_tone,MST8,47266,4349,0.03556160684581989
kk,arcface_antelopev2,96,512,webp,skin_tone,MST9,121529,23266,0.04352289392923474
kk,arcface_antelopev2,96,512,webp,gender,__overall__,1515807,2515222,0.0348282726010247
kk,arcface_antelopev2,96,512,webp,gender,F,890858,1575354,0.03877759978237825
kk,arcface_antelopev2,96,512,webp,gender,M,624949,939868,0.02762882627506734
kk,arcface_antelopev2,96,512,webp,age,__overall__,1515807,1848306,0.03323479133118892
kk,arcface_antelopev2,96,512,webp,age,26-35,607008,840462,0.027663227248371055
kk,arcface_antelopev2,96,512,webp,age,36-50,207304,99108,0.023067523101807715
kk,arcface_antelopev2,96,512,webp,age,<=25,688654,908736,0.03894828504582852
kk,lvface_l,112,0,aligned,skin_tone,__overall__,1515807,1413163,0.003109448085157497
kk,lvface_l,112,0,aligned,skin_tone,MST10,50485,6607,0.0011798465434700689
kk,lvface_l,112,0,aligned,skin_tone,MST5,178369,62240,0.0018569252418165912
kk,lvface_l,112,0,aligned,skin_tone,MST6,671757,932109,0.0031538808076992057
kk,lvface_l,112,0,aligned,skin_tone,MST7,415396,384592,0.003204890366198096
kk,lvface_l,112,0,aligned,skin_tone,MST8,47266,4349,0.006666304760685884
kk,lvface_l,112,0,aligned,skin_tone,MST9,121529,23266,0.00451934603310669
kk,lvface_l,112,0,aligned,gender,__overall__,1515807,2515222,0.003181358442679849
kk,lvface_l,112,0,aligned,gender,F,890858,1575354,0.0032448183475671582
kk,lvface_l,112,0,aligned,gender,M,624949,939868,0.003102072106216826
kk,lvface_l,112,0,aligned,age,__overall__,1515807,1848306,0.0031406957515920995
kk,lvface_l,112,0,aligned,age,26-35,607008,840462,0.0034194346866199257
kk,lvface_l,112,0,aligned,age,36-50,207304,99108,0.0013461007236453618
kk,lvface_l,112,0,aligned,age,<=25,688654,908736,0.0034009339198759984
kk,lvface_l,168,0,aligned,skin_tone,__overall__,1515807,1413163,0.0029505059703914625
kk,lvface_l,168,0,aligned,skin_tone,MST10,50485,6607,0.0009096447372549236
kk,lvface_l,168,0,aligned,skin_tone,MST5,178369,62240,0.0011366146424512278
kk,lvface_l,168,0,aligned,skin_tone,MST6,671757,932109,0.002989859484981052
kk,lvface_l,168,0,aligned,skin_tone,MST7,415396,384592,0.002987642587147281
kk,lvface_l,168,0,aligned,skin_tone,MST8,47266,4349,0.006939950146097121
kk,lvface_l,168,0,aligned,skin_tone,MST9,121529,23266,0.004661988436873321
kk,lvface_l,168,0,aligned,gender,__overall__,1515807,2515222,0.0030268645577171283
kk,lvface_l,168,0,aligned,gender,F,890858,1575354,0.0029995344218223946
kk,lvface_l,168,0,aligned,gender,M,624949,939868,0.003048014816227052
kk,lvface_l,168,0,aligned,age,__overall__,1515807,1848306,0.0029566091679720514
kk,lvface_l,168,0,aligned,age,26-35,607008,840462,0.003310063251869026
kk,lvface_l,168,0,aligned,age,36-50,207304,99108,0.001366059561480199
kk,lvface_l,168,0,aligned,age,<=25,688654,908736,0.0031835881072689604
kk,lvface_l,224,0,aligned,skin_tone,__overall__,1515807,1413163,0.0028940190484441517
kk,lvface_l,224,0,aligned,skin_tone,MST10,50485,6607,0.0009195486691158724
kk,lvface_l,224,0,aligned,skin_tone,MST5,178369,62240,0.0010984984969707162
kk,lvface_l,224,0,aligned,skin_tone,MST6,671757,932109,0.0029052309679989544
kk,lvface_l,224,0,aligned,skin_tone,MST7,415396,384592,0.0029799385212090413
kk,lvface_l,224,0,aligned,skin_tone,MST8,47266,4349,0.0071183896752903585
kk,lvface_l,224,0,aligned,skin_tone,MST9,121529,23266,0.0044475651485038105
kk,lvface_l,224,0,aligned,gender,__overall__,1515807,2515222,0.002970851945924797
kk,lvface_l,224,0,aligned,gender,F,890858,1575354,0.002941563502562318
kk,lvface_l,224,0,aligned,gender,M,624949,939868,0.0030016484856533977
kk,lvface_l,224,0,aligned,age,__overall__,1515807,1848306,0.0029272117257576804
kk,lvface_l,224,0,aligned,age,26-35,607008,840462,0.003338481666855745
kk,lvface_l,224,0,aligned,age,36-50,207304,99108,0.0013732953118757534
kk,lvface_l,224,0,aligned,age,<=25,688654,908736,0.003084413515179446
kk,lvface_l,64,0,aligned,skin_tone,__overall__,1515807,1413163,0.0046525304425807735
kk,lvface_l,64,0,aligned,skin_tone,MST10,50485,6607,0.0012095583390529152
kk,lvface_l,64,0,aligned,skin_tone,MST5,178369,62240,0.0023995426601199233
kk,lvface_l,64,0,aligned,skin_tone,MST6,671757,932109,0.004831354963127154
kk,lvface_l,64,0,aligned,skin_tone,MST7,415396,384592,0.00416377688631768
kk,lvface_l,64,0,aligned,skin_tone,MST8,47266,4349,0.007633945160706833
kk,lvface_l,64,0,aligned,skin_tone,MST9,121529,23266,0.00854721245898409
kk,lvface_l,64,0,aligned,gender,__overall__,1515807,2515222,0.0047912819105317105
kk,lvface_l,64,0,aligned,gender,F,890858,1575354,0.00529297810929343
kk,lvface_l,64,0,aligned,gender,M,624949,939868,0.004012189492744466
kk,lvface_l,64,0,aligned,age,__overall__,1515807,1848306,0.004683246597149908
kk,lvface_l,64,0,aligned,age,26-35,607008,840462,0.004637118084362624
kk,lvface_l,64,0,aligned,age,36-50,207304,99108,0.0020097245860895337
kk,lvface_l,64,0,aligned,age,<=25,688654,908736,0.005498042633063451
kk,lvface_l,96,0,aligned,skin_tone,__overall__,1515807,1413163,0.003287580976442172
kk,lvface_l,96,0,aligned,skin_tone,MST10,50485,6607,0.0007547359704254534
kk,lvface_l,96,0,aligned,skin_tone,MST5,178369,62240,0.0013503730193586009
kk,lvface_l,96,0,aligned,skin_tone,MST6,671757,932109,0.0034245904670179464
kk,lvface_l,96,0,aligned,skin_tone,MST7,415396,384592,0.0031577047540991762
kk,lvface_l,96,0,aligned,skin_tone,MST8,47266,4349,0.006519600516898647
kk,lvface_l,96,0,aligned,skin_tone,MST9,121529,23266,0.00544882007118761
kk,lvface_l,96,0,aligned,gender,__overall__,1515807,2515222,0.0033918147221432306
kk,lvface_l,96,0,aligned,gender,F,890858,1575354,0.0035819189395516595
kk,lvface_l,96,0,aligned,gender,M,624949,939868,0.003077328347222191
kk,lvface_l,96,0,aligned,age,__overall__,1515807,1848306,0.003334775786548121
kk,lvface_l,96,0,aligned,age,26-35,607008,840462,0.003498282678681323
kk,lvface_l,96,0,aligned,age,36-50,207304,99108,0.0015314178398455037
kk,lvface_l,96,0,aligned,age,<=25,688654,908736,0.0038076553788036725
kk,lvface_l,112,1024,avif,skin_tone,__overall__,1515807,1413163,0.008062238255023332
kk,lvface_l,112,1024,avif,skin_tone,MST10,50485,6607,0.003608867153436848
kk,lvface_l,112,1024,avif,skin_tone,MST5,178369,62240,0.006403007697597976
kk,lvface_l,112,1024,avif,skin_tone,MST6,671757,932109,0.00865120702852782
kk,lvface_l,112,1024,avif,skin_tone,MST7,415396,384592,0.007117377830891756
kk,lvface_l,112,1024,avif,skin_tone,MST8,47266,4349,0.010987557520600062
kk,lvface_l,112,1024,avif,skin_tone,MST9,121529,23266,0.011733842708730423
kk,lvface_l,112,1024,avif,gender,__overall__,1515807,2515222,0.008278063038633305
kk,lvface_l,112,1024,avif,gender,F,890858,1575354,0.009251391617300757
kk,lvface_l,112,1024,avif,gender,M,624949,939868,0.006894773913010375
kk,lvface_l,112,1024,avif,age,__overall__,1515807,1848306,0.008121203162573417
kk,lvface_l,112,1024,avif,age,26-35,607008,840462,0.008283761700940896
kk,lvface_l,112,1024,avif,age,36-50,207304,99108,0.003424907154802352
kk,lvface_l,112,1024,avif,age,<=25,688654,908736,0.009434981276137764
kk,lvface_l,112,512,avif,skin_tone,__overall__,1515807,1413163,0.14116501588084346
kk,lvface_l,112,512,avif,skin_tone,MST10,50485,6607,0.11068944392113317
kk,lvface_l,112,512,avif,skin_tone,MST5,178369,62240,0.14833965016032663
kk,lvface_l,112,512,avif,skin_tone,MST6,671757,932109,0.1396553567789124
kk,lvface_l,112,512,avif,skin_tone,MST7,415396,384592,0.13781536008463857
kk,lvface_l,112,512,avif,skin_tone,MST8,47266,4349,0.1338191000874227
kk,lvface_l,112,512,avif,skin_tone,MST9,121529,23266,0.14888784117028103
kk,lvface_l,112,512,avif,gender,__overall__,1515807,2515222,0.14504941300155966
kk,lvface_l,112,512,avif,gender,F,890858,1575354,0.16452289599359304
kk,lvface_l,112,512,avif,gender,M,624949,939868,0.11508016247093286
kk,lvface_l,112,512,avif,age,__overall__,1515807,1848306,0.14310501981176676
kk,lvface_l,112,512,avif,age,26-35,607008,840462,0.141547447052698
kk,lvface_l,112,512,avif,age,36-50,207304,99108,0.08900950047923406
kk,lvface_l,112,512,avif,age,<=25,688654,908736,0.1607830026453424
kk,lvface_l,168,1024,avif,skin_tone,__overall__,1515807,1413163,0.008698192817808802
kk,lvface_l,168,1024,avif,skin_tone,MST10,50485,6607,0.0037934877158491646
kk,lvface_l,168,1024,avif,skin_tone,MST5,178369,62240,0.007078297074530268
kk,lvface_l,168,1024,avif,skin_tone,MST6,671757,932109,0.00887310265429469
kk,lvface_l,168,1024,avif,skin_tone,MST7,415396,384592,0.008192833327301476
kk,lvface_l,168,1024,avif,skin_tone,MST8,47266,4349,0.013784694435976241
kk,lvface_l,168,1024,avif,skin_tone,MST9,121529,23266,0.012334131399593273
kk,lvface_l,168,1024,avif,gender,__overall__,1515807,2515222,0.008987156317863667
kk,lvface_l,168,1024,avif,gender,F,890858,1575354,0.010143000323935378
kk,lvface_l,168,1024,avif,gender,M,624949,939868,0.007145430850888765
kk,lvface_l,168,1024,avif,age,__overall__,1515807,1848306,0.008739745033607044
kk,lvface_l,168,1024,avif,age,26-35,607008,840462,0.009059749439524218
kk,lvface_l,168,1024,avif,age,36-50,207304,99108,0.004411127152319323
kk,lvface_l,168,1024,avif,age,<=25,688654,908736,0.00980751010493994
kk,lvface_l,168,512,avif,skin_tone,__overall__,1515807,1413163,0.04945330265549297
kk,lvface_l,168,512,avif,skin_tone,MST10,50485,6607,0.035865193741488555
kk,lvface_l,168,512,avif,skin_tone,MST5,178369,62240,0.049074753962428566
kk,lvface_l,168,512,avif,skin_tone,MST6,671757,932109,0.053212693307107525
kk,lvface_l,168,512,avif,skin_tone,MST7,415396,384592,0.04215989279600751
kk,lvface_l,168,512,avif,skin_tone,MST8,47266,4349,0.04629528208317195
kk,lvface_l,168,512,avif,skin_tone,MST9,121529,23266,0.05185795861330782
kk,lvface_l,168,512,avif,gender,__overall__,1515807,2515222,0.05085714866909486
kk,lvface_l,168,512,avif,gender,F,890858,1575354,0.06107464341084369
kk,lvface_l,168,512,avif,gender,M,624949,939868,0.03484815617854322
kk,lvface_l,168,512,avif,age,__overall__,1515807,1848306,0.050003257273001575
kk,lvface_l,168,512,avif,age,26-35,607008,840462,0.04714561156900708
kk,lvface_l,168,512,avif,age,36-50,207304,99108,0.021920326323891348
kk,lvface_l,168,512,avif,age,<=25,688654,908736,0.060454118102392054
kk,lvface_l,224,1024,avif,skin_tone,__overall__,1515807,1413163,0.008479304751409074
kk,lvface_l,224,1024,avif,skin_tone,MST10,50485,6607,0.003938492550817686
kk,lvface_l,224,1024,avif,skin_tone,MST5,178369,62240,0.005609267984953811
kk,lvface_l,224,1024,avif,skin_tone,MST6,671757,932109,0.00890967420142467
kk,lvface_l,224,1024,avif,skin_tone,MST7,415396,384592,0.0074950584111807845
kk,lvface_l,224,1024,avif,skin_tone,MST8,47266,4349,0.012880524606767293
kk,lvface_l,224,1024,avif,skin_tone,MST9,121529,23266,0.01224908841654104
kk,lvface_l,224,1024,avif,gender,__overall__,1515807,2515222,0.008829278633376233
kk,lvface_l,224,1024,avif,gender,F,890858,1575354,0.009602767493884602
kk,lvface_l,224,1024,avif,gender,M,624949,939868,0.007615525533417636
kk,lvface_l,224,1024,avif,age,__overall__,1515807,1848306,0.008562730310490794
kk,lvface_l,224,1024,avif,age,26-35,607008,840462,0.008905301949497917
kk,lvface_l,224,1024,avif,age,36-50,207304,99108,0.004714870288635105
kk,lvface_l,224,1024,avif,age,<=25,688654,908736,0.009481783452396815
kk,lvface_l,224,512,avif,skin_tone,__overall__,1515807,1413163,0.01761349179738199
kk,lvface_l,224,512,avif,skin_tone,MST10,50485,6607,0.011489406398017932
kk,lvface_l,224,512,avif,skin_tone,MST5,178369,62240,0.015148571894106871
kk,lvface_l,224,512,avif,skin_tone,MST6,671757,932109,0.019451252526293022
kk,lvface_l,224,512,avif,skin_tone,MST7,415396,384592,0.014418061073428193
kk,lvface_l,224,512,avif,skin_tone,MST8,47266,4349,0.017055073122894233
kk,lvface_l,224,512,avif,skin_tone,MST9,121529,23266,0.022727029836289853
kk,lvface_l,224,512,avif,gender,__overall__,1515807,2515222,0.018193989494436548
kk,lvface_l,224,512,avif,gender,F,890858,1575354,0.021093693279652014
kk,lvface_l,224,512,avif,gender,M,624949,939868,0.013772156200579828
kk,lvface_l,224,512,avif,age,__overall__,1515807,1848306,0.017746496509725575
kk,lvface_l,224,512,avif,age,26-35,607008,840462,0.01741819475626679
kk,lvface_l,224,512,avif,age,36-50,207304,99108,0.008012367259574438
kk,lvface_l,224,512,avif,age,<=25,688654,908736,0.020877607741668688
kk,lvface_l,64,1024,avif,skin_tone,__overall__,1515807,1413163,0.008749289484145516
kk,lvface_l,64,1024,avif,skin_tone,MST10,50485,6607,0.002488444201132472
kk,lvface_l,64,1024,avif,skin_tone,MST5,178369,62240,0.007356322803622732
kk,lvface_l,64,1024,avif,skin_tone,MST6,671757,932109,0.00983151782077083
kk,lvface_l,64,1024,avif,skin_tone,MST7,415396,384592,0.0075630452879966
kk,lvface_l,64,1024,avif,skin_tone,MST8,47266,4349,0.00968419491912997
kk,lvface_l,64,1024,avif,skin_tone,MST9,121529,23266,0.011253786469072234
kk,lvface_l,64,1024,avif,gender,__overall__,1515807,2515222,0.009068318717589993
kk,lvface_l,64,1024,avif,gender,F,890858,1575354,0.01057205936969717
kk,lvface_l,64,1024,avif,gender,M,624949,939868,0.006791170840180819
kk,lvface_l,64,1024,avif,age,__overall__,1515807,1848306,0.008828576145223262
kk,lvface_l,64,1024,avif,age,26-35,607008,840462,0.008686239325975226
kk,lvface_l,64,1024,avif,age,36-50,207304,99108,0.003686984202096633
kk,lvface_l,64,1024,avif,age,<=25,688654,908736,0.010453636845525527
kk,lvface_l,64,512,avif,skin_tone,__overall__,1515807,1413163,0.13223688874563236
kk,lvface_l,64,512,avif,skin_tone,MST10,50485,6607,0.10023563772859295
kk,lvface_l,64,512,avif,skin_tone,MST5,178369,62240,0.1422086503674447
kk,lvface_l,64,512,avif,skin_tone,MST6,671757,932109,0.1331084223899077
kk,lvface_l,64,512,avif,skin_tone,MST7,415396,384592,0.125659596766523
kk,lvface_l,64,512,avif,skin_tone,MST8,47266,4349,0.11685923282074648
kk,lvface_l,64,512,avif,skin_tone,MST9,121529,23266,0.13646779322247504
kk,lvface_l,64,512,avif,gender,__overall__,1515807,2515222,0.1357581433728834
kk,lvface_l,64,512,avif,gender,F,890858,1575354,0.15449704176916706
kk,lvface_l,64,512,avif,gender,M,624949,939868,0.1066998158556205
kk,lvface_l,64,512,avif,age,__overall__,1515807,1848306,0.13435291296982646
kk,lvface_l,64,512,avif,age,26-35,607008,840462,0.13036310026571796
kk,lvface_l,64,512,avif,age,36-50,207304,99108,0.08128775279125036
kk,lvface_l,64,512,avif,age,<=25,688654,908736,0.15302267859891605
kk,lvface_l,96,1024,avif,skin_tone,__overall__,1515807,1413163,0.008175027683273633
kk,lvface_l,96,1024,avif,skin_tone,MST10,50485,6607,0.0027388381436257193
kk,lvface_l,96,1024,avif,skin_tone,MST5,178369,62240,0.0059469126734199565
kk,lvface_l,96,1024,avif,skin_tone,MST6,671757,932109,0.009213849672531006
kk,lvface_l,96,1024,avif,skin_tone,MST7,415396,384592,0.007184111399409825
kk,lvface_l,96,1024,avif,skin_tone,MST8,47266,4349,0.011766179962959106
kk,lvface_l,96,1024,avif,skin_tone,MST9,121529,23266,0.010664921145780486
kk,lvface_l,96,1024,avif,gender,__overall__,1515807,2515222,0.008467587439458107
kk,lvface_l,96,1024,avif,gender,F,890858,1575354,0.009828977557434282
kk,lvface_l,96,1024,avif,gender,M,624949,939868,0.006364250550634366
kk,lvface_l,96,1024,avif,age,__overall__,1515807,1848306,0.008253530062237056
kk,lvface_l,96,1024,avif,age,26-35,607008,840462,0.008120985593644936
kk,lvface_l,96,1024,avif,age,36-50,207304,99108,0.0037674621277099876
kk,lvface_l,96,1024,avif,age,<=25,688654,908736,0.009722362993407375
kk,lvface_l,96,512,avif,skin_tone,__overall__,1515807,1413163,0.14225803706830026
kk,lvface_l,96,512,avif,skin_tone,MST10,50485,6607,0.12274541158421852
kk,lvface_l,96,512,avif,skin_tone,MST5,178369,62240,0.14672564341431021
kk,lvface_l,96,512,avif,skin_tone,MST6,671757,932109,0.14220994886390542
kk,lvface_l,96,512,avif,skin_tone,MST7,415396,384592,0.13680986353556715
kk,lvface_l,96,512,avif,skin_tone,MST8,47266,4349,0.12219043969455629
kk,lvface_l,96,512,avif,skin_tone,MST9,121529,23266,0.14714960812818273
kk,lvface_l,96,512,avif,gender,__overall__,1515807,2515222,0.14708781429947185
kk,lvface_l,96,512,avif,gender,F,890858,1575354,0.16456574122224943
kk,lvface_l,96,512,avif,gender,M,624949,939868,0.12031261512437838
kk,lvface_l,96,512,avif,age,__overall__,1515807,1848306,0.14476553400856954
kk,lvface_l,96,512,avif,age,26-35,607008,840462,0.14178362329646907
kk,lvface_l,96,512,avif,age,36-50,207304,99108,0.09423761297588833
kk,lvface_l,96,512,avif,age,<=25,688654,908736,0.16199054574389682
kk,lvface_l,112,1024,heif,skin_tone,__overall__,1515807,1413163,0.011259226077840526
kk,lvface_l,112,1024,heif,skin_tone,MST10,50485,6607,0.004403218851306096
kk,lvface_l,112,1024,heif,skin_tone,MST5,178369,62240,0.010387432339829994
kk,lvface_l,112,1024,heif,skin_tone,MST6,671757,932109,0.01180527514016436
kk,lvface_l,112,1024,heif,skin_tone,MST7,415396,384592,0.010533547260153153
kk,lvface_l,112,1024,heif,skin_tone,MST8,47266,4349,0.013712039191469672
kk,lvface_l,112,1024,heif,skin_tone,MST9,121529,23266,0.014146903422611818
kk,lvface_l,112,1024,heif,gender,__overall__,1515807,2515222,0.011629274463080829
kk,lvface_l,112,1024,heif,gender,F,890858,1575354,0.013471103578156656
kk,lvface_l,112,1024,heif,gender,M,624949,939868,0.008927170931197534
kk,lvface_l,112,1024,heif,age,__overall__,1515807,1848306,0.011396604635637039
kk,lvface_l,112,1024,heif,age,26-35,607008,840462,0.010854767233565923
kk,lvface_l,112,1024,heif,age,36-50,207304,99108,0.006510998260388971
kk,lvface_l,112,1024,heif,age,<=25,688654,908736,0.013366922591622126
kk,lvface_l,112,512,heif,skin_tone,__overall__,1515807,1413163,0.26079060026939305
kk,lvface_l,112,512,heif,skin_tone,MST10,50485,6607,0.23809633508201863
kk,lvface_l,112,512,heif,skin_tone,MST5,178369,62240,0.2751520556800876
kk,lvface_l,112,512,heif,skin_tone,MST6,671757,932109,0.25319733019819335
kk,lvface_l,112,512,heif,skin_tone,MST7,415396,384592,0.2519809662034169
kk,lvface_l,112,512,heif,skin_tone,MST8,47266,4349,0.2395151233679241
kk,lvface_l,112,512,heif,skin_tone,MST9,121529,23266,0.2857232498873028
kk,lvface_l,112,512,heif,gender,__overall__,1515807,2515222,0.27637469073727644
kk,lvface_l,112,512,heif,gender,F,890858,1575354,0.2963212644704288
kk,lvface_l,112,512,heif,gender,M,624949,939868,0.2449222627874746
kk,lvface_l,112,512,heif,age,__overall__,1515807,1848306,0.26975403942523557
kk,lvface_l,112,512,heif,age,26-35,607008,840462,0.2598209773863679
kk,lvface_l,112,512,heif,age,36-50,207304,99108,0.2178581936907392
kk,lvface_l,112,512,heif,age,<=25,688654,908736,0.29278123946836254
kk,lvface_l,168,1024,heif,skin_tone,__overall__,1515807,1413163,0.012284288399333152
kk,lvface_l,168,1024,heif,skin_tone,MST10,50485,6607,0.004838233356211661
kk,lvface_l,168,1024,heif,skin_tone,MST5,178369,62240,0.01003054152161183
kk,lvface_l,168,1024,heif,skin_tone,MST6,671757,932109,0.013471405088065765
kk,lvface_l,168,1024,heif,skin_tone,MST7,415396,384592,0.01090511021170406
kk,lvface_l,168,1024,heif,skin_tone,MST8,47266,4349,0.012207686449094915
kk,lvface_l,168,1024,heif,skin_tone,MST9,121529,23266,0.016872692506364313
kk,lvface_l,168,1024,heif,gender,__overall__,1515807,2515222,0.012799326181435595
kk,lvface_l,168,1024,heif,gender,F,890858,1575354,0.015012632389116171
kk,lvface_l,168,1024,heif,gender,M,624949,939868,0.009269475742150972
kk,lvface_l,168,1024,heif,age,__overall__,1515807,1848306,0.012564090221078858
kk,lvface_l,168,1024,heif,age,26-35,607008,840462,0.01153149702260053
kk,lvface_l,168,1024,heif,age,36-50,207304,99108,0.005176514785105072
kk,lvface_l,168,1024,heif,age,<=25,688654,908736,0.015421488925703653
kk,lvface_l,168,512,heif,skin_tone,__overall__,1515807,1413163,0.14708166003073625
kk,lvface_l,168,512,heif,skin_tone,MST10,50485,6607,0.13028642149955783
kk,lvface_l,168,512,heif,skin_tone,MST5,178369,62240,0.15578447559773295
kk,lvface_l,168,512,heif,skin_tone,MST6,671757,932109,0.14859608933272164
kk,lvface_l,168,512,heif,skin_tone,MST7,415396,384592,0.1385926507415359
kk,lvface_l,168,512,heif,skin_tone,MST8,47266,4349,0.13371610331228423
kk,lvface_l,168,512,heif,skin_tone,MST9,121529,23266,0.1547939623465419
kk,lvface_l,168,512,heif,gender,__overall__,1515807,2515222,0.15190436384626865
kk,lvface_l,168,512,heif,gender,F,890858,1575354,0.17355155671996064
kk,lvface_l,168,512,heif,gender,M,624949,939868,0.11861214531700116
kk,lvface_l,168,512,heif,age,__overall__,1515807,1848306,0.1499351892590713
kk,lvface_l,168,512,heif,age,26-35,607008,840462,0.14633324055423674
kk,lvface_l,168,512,heif,age,36-50,207304,99108,0.0893059660068089
kk,lvface_l,168,512,heif,age,<=25,688654,908736,0.17056483971446307
kk,lvface_l,224,1024,heif,skin_tone,__overall__,1515807,1413163,0.012173712136445601
kk,lvface_l,224,1024,heif,skin_tone,MST10,50485,6607,0.007886889033496321
kk,lvface_l,224,1024,heif,skin_tone,MST5,178369,62240,0.010736836232566091
kk,lvface_l,224,1024,heif,skin_tone,MST6,671757,932109,0.013186229789977275
kk,lvface_l,224,1024,heif,skin_tone,MST7,415396,384592,0.011134108339741662
kk,lvface_l,224,1024,heif,skin_tone,MST8,47266,4349,0.012638614506762055
kk,lvface_l,224,1024,heif,skin_tone,MST9,121529,23266,0.014349903343410228
kk,lvface_l,224,1024,heif,gender,__overall__,1515807,2515222,0.012654035588131857
kk,lvface_l,224,1024,heif,gender,F,890858,1575354,0.0144370745215944
kk,lvface_l,224,1024,heif,gender,M,624949,939868,0.009955020328228797
kk,lvface_l,224,1024,heif,age,__overall__,1515807,1848306,0.012361603182617406
kk,lvface_l,224,1024,heif,age,26-35,607008,840462,0.012381482107799598
kk,lvface_l,224,1024,heif,age,36-50,207304,99108,0.0063136215601962385
kk,lvface_l,224,1024,heif,age,<=25,688654,908736,0.014226787571929307
kk,lvface_l,224,512,heif,skin_tone,__overall__,1515807,1413163,0.059662670430460855
kk,lvface_l,224,512,heif,skin_tone,MST10,50485,6607,0.04688276555312665
kk,lvface_l,224,512,heif,skin_tone,MST5,178369,62240,0.06599280609666214
kk,lvface_l,224,512,heif,skin_tone,MST6,671757,932109,0.06312950648108638
kk,lvface_l,224,512,heif,skin_tone,MST7,415396,384592,0.05237556597876918
kk,lvface_l,224,512,heif,skin_tone,MST8,47266,4349,0.05351806228837488
kk,lvface_l,224,512,heif,skin_tone,MST9,121529,23266,0.06141281575277094
kk,lvface_l,224,512,heif,gender,__overall__,1515807,2515222,0.06222686066563525
kk,lvface_l,224,512,heif,gender,F,890858,1575354,0.0731787174608296
kk,lvface_l,224,512,heif,gender,M,624949,939868,0.04526286373912601
kk,lvface_l,224,512,heif,age,__overall__,1515807,1848306,0.06106184018108568
kk,lvface_l,224,512,heif,age,26-35,607008,840462,0.05828186206709465
kk,lvface_l,224,512,heif,age,36-50,207304,99108,0.030421290571177893
kk,lvface_l,224,512,heif,age,<=25,688654,908736,0.0722926203553459
kk,lvface_l,64,1024,heif,skin_tone,__overall__,1515807,1413163,0.011419835870308467
kk,lvface_l,64,1024,heif,skin_tone,MST10,50485,6607,0.004838233356211661
kk,lvface_l,64,1024,heif,skin_tone,MST5,178369,62240,0.010090706974526579
kk,lvface_l,64,1024,heif,skin_tone,MST6,671757,932109,0.012724020872118547
kk,lvface_l,64,1024,heif,skin_tone,MST7,415396,384592,0.009456020418053858
kk,lvface_l,64,1024,heif,skin_tone,MST8,47266,4349,0.014983666507533763
kk,lvface_l,64,1024,heif,skin_tone,MST9,121529,23266,0.013339500566613816
kk,lvface_l,64,1024,heif,gender,__overall__,1515807,2515222,0.011840051847525927
kk,lvface_l,64,1024,heif,gender,F,890858,1575354,0.013922499981520977
kk,lvface_l,64,1024,heif,gender,M,624949,939868,0.008612897537655805
kk,lvface_l,64,1024,heif,age,__overall__,1515807,1848306,0.011587483830043589
kk,lvface_l,64,1024,heif,age,26-35,607008,840462,0.010994753198798432
kk,lvface_l,64,1024,heif,age,36-50,207304,99108,0.004592062770553558
kk,lvface_l,64,1024,heif,age,<=25,688654,908736,0.013991063437230944
kk,lvface_l,64,512,heif,skin_tone,__overall__,1515807,1413163,0.2652757391802879
kk,lvface_l,64,512,heif,skin_tone,MST10,50485,6607,0.24299958332133503
kk,lvface_l,64,512,heif,skin_tone,MST5,178369,62240,0.27337006400764385
kk,lvface_l,64,512,heif,skin_tone,MST6,671757,932109,0.2642795658311076
kk,lvface_l,64,512,heif,skin_tone,MST7,415396,384592,0.2564017587731014
kk,lvface_l,64,512,heif,skin_tone,MST8,47266,4349,0.2419885102650939
kk,lvface_l,64,512,heif,skin_tone,MST9,121529,23266,0.2820977516415444
kk,lvface_l,64,512,heif,gender,__overall__,1515807,2515222,0.2739314550955318
kk,lvface_l,64,512,heif,gender,F,890858,1575354,0.29440474039480513
kk,lvface_l,64,512,heif,gender,M,624949,939868,0.2431870415882036
kk,lvface_l,64,512,heif,age,__overall__,1515807,1848306,0.27039558580572215
kk,lvface_l,64,512,heif,age,26-35,607008,840462,0.26342401533632415
kk,lvface_l,64,512,heif,age,36-50,207304,99108,0.21585583043008133
kk,lvface_l,64,512,heif,age,<=25,688654,908736,0.29316241259811243
kk,lvface_l,96,1024,heif,skin_tone,__overall__,1515807,1413163,0.010944898401789051
kk,lvface_l,96,1024,heif,skin_tone,MST10,50485,6607,0.0035232859096340193
kk,lvface_l,96,1024,heif,skin_tone,MST5,178369,62240,0.009239604986649885
kk,lvface_l,96,1024,heif,skin_tone,MST6,671757,932109,0.011755721688823216
kk,lvface_l,96,1024,heif,skin_tone,MST7,415396,384592,0.010282065021867941
kk,lvface_l,96,1024,heif,skin_tone,MST8,47266,4349,0.012933416749110627
kk,lvface_l,96,1024,heif,skin_tone,MST9,121529,23266,0.014516311847758187
kk,lvface_l,96,1024,heif,gender,__overall__,1515807,2515222,0.011433548633020088
kk,lvface_l,96,1024,heif,gender,F,890858,1575354,0.013116949977065289
kk,lvface_l,96,1024,heif,gender,M,624949,939868,0.00874472935340824
kk,lvface_l,96,1024,heif,age,__overall__,1515807,1848306,0.011107806665296188
kk,lvface_l,96,1024,heif,age,26-35,607008,840462,0.010485100660257457
kk,lvface_l,96,1024,heif,age,36-50,207304,99108,0.00474930062726105
kk,lvface_l,96,1024,heif,age,<=25,688654,908736,0.013357670949420336
kk,lvface_l,96,512,heif,skin_tone,__overall__,1515807,1413163,0.26619583823243714
kk,lvface_l,96,512,heif,skin_tone,MST10,50485,6607,0.25303259158075253
kk,lvface_l,96,512,heif,skin_tone,MST5,178369,62240,0.2714987467633927
kk,lvface_l,96,512,heif,skin_tone,MST6,671757,932109,0.26375608959339836
kk,lvface_l,96,512,heif,skin_tone,MST7,415396,384592,0.2609481149621862
kk,lvface_l,96,512,heif,skin_tone,MST8,47266,4349,0.24937636406147323
kk,lvface_l,96,512,heif,skin_tone,MST9,121529,23266,0.2852930929628231
kk,lvface_l,96,512,heif,gender,__overall__,1515807,2515222,0.2768828541779631
kk,lvface_l,96,512,heif,gender,F,890858,1575354,0.29530818602830367
kk,lvface_l,96,512,heif,gender,M,624949,939868,0.2485453032521689
kk,lvface_l,96,512,heif,age,__overall__,1515807,1848306,0.2724600966224512
kk,lvface_l,96,512,heif,age,26-35,607008,840462,0.26904217269271735
kk,lvface_l,96,512,heif,age,36-50,207304,99108,0.21793264635089823
kk,lvface_l,96,512,heif,age,<=25,688654,908736,0.2915290142064534
kk,lvface_l,112,1024,jpeg2000,skin_tone,__overall__,1515807,1413163,0.11770321811454534
kk,lvface_l,112,1024,jpeg2000,skin_tone,MST10,50485,6607,0.08558583675685041
kk,lvface_l,112,1024,jpeg2000,skin_tone,MST5,178369,62240,0.12294930510089991
kk,lvface_l,112,1024,jpeg2000,skin_tone,MST6,671757,932109,0.11985335259724914
kk,lvface_l,112,1024,jpeg2000,skin_tone,MST7,415396,384592,0.11223933390990093
kk,lvface_l,112,1024,jpeg2000,skin_tone,MST8,47266,4349,0.10598943176807586
kk,lvface_l,112,1024,jpeg2000,skin_tone,MST9,121529,23266,0.12191992356804228
kk,lvface_l,112,1024,jpeg2000,gender,__overall__,1515807,2515222,0.12136857268358761
kk,lvface_l,112,1024,jpeg2000,gender,F,890858,1575354,0.13777993431887048
kk,lvface_l,112,1024,jpeg2000,gender,M,624949,939868,0.09584034934803698
kk,lvface_l,112,1024,jpeg2000,age,__overall__,1515807,1848306,0.11952011273522184
kk,lvface_l,112,1024,jpeg2000,age,26-35,607008,840462,0.11759831593618555
kk,lvface_l,112,1024,jpeg2000,age,36-50,207304,99108,0.07072172732263318
kk,lvface_l,112,1024,jpeg2000,age,<=25,688654,908736,0.1355005354847894
kk,lvface_l,112,512,jpeg2000,skin_tone,__overall__,1515807,1413163,0.33107947397051984
kk,lvface_l,112,512,jpeg2000,skin_tone,MST10,50485,6607,0.30476425291892795
kk,lvface_l,112,512,jpeg2000,skin_tone,MST5,178369,62240,0.3417533860278613
kk,lvface_l,112,512,jpeg2000,skin_tone,MST6,671757,932109,0.32664716366971663
kk,lvface_l,112,512,jpeg2000,skin_tone,MST7,415396,384592,0.31033167040920306
kk,lvface_l,112,512,jpeg2000,skin_tone,MST8,47266,4349,0.3234180807910168
kk,lvface_l,112,512,jpeg2000,skin_tone,MST9,121529,23266,0.36354065365748855
kk,lvface_l,112,512,jpeg2000,gender,__overall__,1515807,2515222,0.353050120364056
kk,lvface_l,112,512,jpeg2000,gender,F,890858,1575354,0.36699578176988623
kk,lvface_l,112,512,jpeg2000,gender,M,624949,939868,0.32602319092550847
kk,lvface_l,112,512,jpeg2000,age,__overall__,1515807,1848306,0.34326252486601494
kk,lvface_l,112,512,jpeg2000,age,26-35,607008,840462,0.32886448029250603
kk,lvface_l,112,512,jpeg2000,age,36-50,207304,99108,0.3090478220358407
kk,lvface_l,112,512,jpeg2000,age,<=25,688654,908736,0.362934906350038
kk,lvface_l,168,1024,jpeg2000,skin_tone,__overall__,1515807,1413163,0.0828527467822047
kk,lvface_l,168,1024,jpeg2000,skin_tone,MST10,50485,6607,0.06163795563239393
kk,lvface_l,168,1024,jpeg2000,skin_tone,MST5,178369,62240,0.0875915285704121
kk,lvface_l,168,1024,jpeg2000,skin_tone,MST6,671757,932109,0.08401877106190837
kk,lvface_l,168,1024,jpeg2000,skin_tone,MST7,415396,384592,0.07545066493896982
kk,lvface_l,168,1024,jpeg2000,skin_tone,MST8,47266,4349,0.07773383880043414
kk,lvface_l,168,1024,jpeg2000,skin_tone,MST9,121529,23266,0.08473330773954818
kk,lvface_l,168,1024,jpeg2000,gender,__overall__,1515807,2515222,0.08560451225345245
kk,lvface_l,168,1024,jpeg2000,gender,F,890858,1575354,0.0964683267245551
kk,lvface_l,168,1024,jpeg2000,gender,M,624949,939868,0.06912612039453143
kk,lvface_l,168,1024,jpeg2000,age,__overall__,1515807,1848306,0.08397807745925681
kk,lvface_l,168,1024,jpeg2000,age,26-35,607008,840462,0.08223401206472633
kk,lvface_l,168,1024,jpeg2000,age,36-50,207304,99108,0.049284973914214034
kk,lvface_l,168,1024,jpeg2000,age,<=25,688654,908736,0.09568766024152423
kk,lvface_l,168,512,jpeg2000,skin_tone,__overall__,1515807,1413163,0.30871198578377856
kk,lvface_l,168,512,jpeg2000,skin_tone,MST10,50485,6607,0.2806436923129135
kk,lvface_l,168,512,jpeg2000,skin_tone,MST5,178369,62240,0.32027718682952977
kk,lvface_l,168,512,jpeg2000,skin_tone,MST6,671757,932109,0.30149533835791076
kk,lvface_l,168,512,jpeg2000,skin_tone,MST7,415396,384592,0.2944624806329998
kk,lvface_l,168,512,jpeg2000,skin_tone,MST8,47266,4349,0.28755248702915376
kk,lvface_l,168,512,jpeg2000,skin_tone,MST9,121529,23266,0.3435956561776462
kk,lvface_l,168,512,jpeg2000,gender,__overall__,1515807,2515222,0.33032932029847595
kk,lvface_l,168,512,jpeg2000,gender,F,890858,1575354,0.347082929170543
kk,lvface_l,168,512,jpeg2000,gender,M,624949,939868,0.30174852520128714
kk,lvface_l,168,512,jpeg2000,age,__overall__,1515807,1848306,0.32044760785178505
kk,lvface_l,168,512,jpeg2000,age,26-35,607008,840462,0.3049651889816659
kk,lvface_l,168,512,jpeg2000,age,36-50,207304,99108,0.2806504226670371
kk,lvface_l,168,512,jpeg2000,age,<=25,688654,908736,0.34459391571962317
kk,lvface_l,224,1024,jpeg2000,skin_tone,__overall__,1515807,1413163,0.08455902042526528
kk,lvface_l,224,1024,jpeg2000,skin_tone,MST10,50485,6607,0.062498080710344114
kk,lvface_l,224,1024,jpeg2000,skin_tone,MST5,178369,62240,0.08274253254543334
kk,lvface_l,224,1024,jpeg2000,skin_tone,MST6,671757,932109,0.0871854425698621
kk,lvface_l,224,1024,jpeg2000,skin_tone,MST7,415396,384592,0.07734482653872243
kk,lvface_l,224,1024,jpeg2000,skin_tone,MST8,47266,4349,0.08025872408517318
kk,lvface_l,224,1024,jpeg2000,skin_tone,MST9,121529,23266,0.08862400215401506
kk,lvface_l,224,1024,jpeg2000,gender,__overall__,1515807,2515222,0.08735235818761543
kk,lvface_l,224,1024,jpeg2000,gender,F,890858,1575354,0.09923081160453805
kk,lvface_l,224,1024,jpeg2000,gender,M,624949,939868,0.06949787291775951
kk,lvface_l,224,1024,jpeg2000,age,__overall__,1515807,1848306,0.08554733106526399
kk,lvface_l,224,1024,jpeg2000,age,26-35,607008,840462,0.08434712176561064
kk,lvface_l,224,1024,jpeg2000,age,36-50,207304,99108,0.04731578864889549
kk,lvface_l,224,1024,jpeg2000,age,<=25,688654,908736,0.09737063955183886
kk,lvface_l,224,512,jpeg2000,skin_tone,__overall__,1515807,1413163,0.3069306084495912
kk,lvface_l,224,512,jpeg2000,skin_tone,MST10,50485,6607,0.28557106105587365
kk,lvface_l,224,512,jpeg2000,skin_tone,MST5,178369,62240,0.31938523622846726
kk,lvface_l,224,512,jpeg2000,skin_tone,MST6,671757,932109,0.30190294346711
kk,lvface_l,224,512,jpeg2000,skin_tone,MST7,415396,384592,0.28760258619294543
kk,lvface_l,224,512,jpeg2000,skin_tone,MST8,47266,4349,0.2953492898812129
kk,lvface_l,224,512,jpeg2000,skin_tone,MST9,121529,23266,0.33930123743504104
kk,lvface_l,224,512,jpeg2000,gender,__overall__,1515807,2515222,0.32893046239034607
kk,lvface_l,224,512,jpeg2000,gender,F,890858,1575354,0.34485440880492535
kk,lvface_l,224,512,jpeg2000,gender,M,624949,939868,0.2997090996635208
kk,lvface_l,224,512,jpeg2000,age,__overall__,1515807,1848306,0.31867754617176075
kk,lvface_l,224,512,jpeg2000,age,26-35,607008,840462,0.3052229671687094
kk,lvface_l,224,512,jpeg2000,age,36-50,207304,99108,0.27821316716250855
kk,lvface_l,224,512,jpeg2000,age,<=25,688654,908736,0.3402742151443665
kk,lvface_l,64,1024,jpeg2000,skin_tone,__overall__,1515807,1413163,0.1875170657672256
kk,lvface_l,64,1024,jpeg2000,skin_tone,MST10,50485,6607,0.15550608020020243
kk,lvface_l,64,1024,jpeg2000,skin_tone,MST5,178369,62240,0.1982717939840665
kk,lvface_l,64,1024,jpeg2000,skin_tone,MST6,671757,932109,0.18432773450814927
kk,lvface_l,64,1024,jpeg2000,skin_tone,MST7,415396,384592,0.1827321419219497
kk,lvface_l,64,1024,jpeg2000,skin_tone,MST8,47266,4349,0.17437479785082916
kk,lvface_l,64,1024,jpeg2000,skin_tone,MST9,121529,23266,0.19812527972254937
kk,lvface_l,64,1024,jpeg2000,gender,__overall__,1515807,2515222,0.1949722297997976
kk,lvface_l,64,1024,jpeg2000,gender,F,890858,1575354,0.21592973801213342
kk,lvface_l,64,1024,jpeg2000,gender,M,624949,939868,0.1630763986699782
kk,lvface_l,64,1024,jpeg2000,age,__overall__,1515807,1848306,0.19142055926752588
kk,lvface_l,64,1024,jpeg2000,age,26-35,607008,840462,0.18715608822058954
kk,lvface_l,64,1024,jpeg2000,age,36-50,207304,99108,0.1325896451836041
kk,lvface_l,64,1024,jpeg2000,age,<=25,688654,908736,0.21301228445065556
kk,lvface_l,64,512,jpeg2000,skin_tone,__overall__,1515807,1413163,0.35535562072518223
kk,lvface_l,64,512,jpeg2000,skin_tone,MST10,50485,6607,0.3302632588606725
kk,lvface_l,64,512,jpeg2000,skin_tone,MST5,178369,62240,0.3674432596302737
kk,lvface_l,64,512,jpeg2000,skin_tone,MST6,671757,932109,0.3493334931683135
kk,lvface_l,64,512,jpeg2000,skin_tone,MST7,415396,384592,0.3401575946150991
kk,lvface_l,64,512,jpeg2000,skin_tone,MST8,47266,4349,0.3642304483472194
kk,lvface_l,64,512,jpeg2000,skin_tone,MST9,121529,23266,0.379550619400599
kk,lvface_l,64,512,jpeg2000,gender,__overall__,1515807,2515222,0.3844019056953617
kk,lvface_l,64,512,jpeg2000,gender,F,890858,1575354,0.3945381082070655
kk,lvface_l,64,512,jpeg2000,gender,M,624949,939868,0.3598216979011993
kk,lvface_l,64,512,jpeg2000,age,__overall__,1515807,1848306,0.37354450302924735
kk,lvface_l,64,512,jpeg2000,age,26-35,607008,840462,0.34933075154594045
kk,lvface_l,64,512,jpeg2000,age,36-50,207304,99108,0.3553146808504577
kk,lvface_l,64,512,jpeg2000,age,<=25,688654,908736,0.3929753889645585
kk,lvface_l,96,1024,jpeg2000,skin_tone,__overall__,1515807,1413163,0.10446969980355657
kk,lvface_l,96,1024,jpeg2000,skin_tone,MST10,50485,6607,0.08365125424295489
kk,lvface_l,96,1024,jpeg2000,skin_tone,MST5,178369,62240,0.10869655101305617
kk,lvface_l,96,1024,jpeg2000,skin_tone,MST6,671757,932109,0.10542340782237317
kk,lvface_l,96,1024,jpeg2000,skin_tone,MST7,415396,384592,0.09907799393403882
kk,lvface_l,96,1024,jpeg2000,skin_tone,MST8,47266,4349,0.0966184084386836
kk,lvface_l,96,1024,jpeg2000,skin_tone,MST9,121529,23266,0.10647737836137944
kk,lvface_l,96,1024,jpeg2000,gender,__overall__,1515807,2515222,0.1078429548023366
kk,lvface_l,96,1024,jpeg2000,gender,F,890858,1575354,0.1215856098366126
kk,lvface_l,96,1024,jpeg2000,gender,M,624949,939868,0.08690044568275926
kk,lvface_l,96,1024,jpeg2000,age,__overall__,1515807,1848306,0.10603604688031766
kk,lvface_l,96,1024,jpeg2000,age,26-35,607008,840462,0.10332973836667911
kk,lvface_l,96,1024,jpeg2000,age,36-50,207304,99108,0.06518539459891778
kk,lvface_l,96,1024,jpeg2000,age,<=25,688654,908736,0.12047969372500585
kk,lvface_l,96,512,jpeg2000,skin_tone,__overall__,1515807,1413163,0.32173363211501665
kk,lvface_l,96,512,jpeg2000,skin_tone,MST10,50485,6607,0.29441076469701444
kk,lvface_l,96,512,jpeg2000,skin_tone,MST5,178369,62240,0.32594931738011523
kk,lvface_l,96,512,jpeg2000,skin_tone,MST6,671757,932109,0.3143599782616778
kk,lvface_l,96,512,jpeg2000,skin_tone,MST7,415396,384592,0.3097483997587194
kk,lvface_l,96,512,jpeg2000,skin_tone,MST8,47266,4349,0.31817707636405274
kk,lvface_l,96,512,jpeg2000,skin_tone,MST9,121529,23266,0.3446141958425588
kk,lvface_l,96,512,jpeg2000,gender,__overall__,1515807,2515222,0.3453866653589988
kk,lvface_l,96,512,jpeg2000,gender,F,890858,1575354,0.3567994640753739
kk,lvface_l,96,512,jpeg2000,gender,M,624949,939868,0.32305495818883434
kk,lvface_l,96,512,jpeg2000,age,__overall__,1515807,1848306,0.3341175404533161
kk,lvface_l,96,512,jpeg2000,age,26-35,607008,840462,0.31588017451924566
kk,lvface_l,96,512,jpeg2000,age,36-50,207304,99108,0.30918217213867694
kk,lvface_l,96,512,jpeg2000,age,<=25,688654,908736,0.35552291239045575
kk,lvface_l,112,1024,jpeg,skin_tone,__overall__,1515807,1413163,0.012881081899840566
kk,lvface_l,112,1024,jpeg,skin_tone,MST10,50485,6607,0.005533545735471422
kk,lvface_l,112,1024,jpeg,skin_tone,MST5,178369,62240,0.013274827586196957
kk,lvface_l,112,1024,jpeg,skin_tone,MST6,671757,932109,0.014312616356717149
kk,lvface_l,112,1024,jpeg,skin_tone,MST7,415396,384592,0.010752720338979407
kk,lvface_l,112,1024,jpeg,skin_tone,MST8,47266,4349,0.011240046049073964
kk,lvface_l,112,1024,jpeg,skin_tone,MST9,121529,23266,0.016450235687420524
kk,lvface_l,112,1024,jpeg,gender,__overall__,1515807,2515222,0.013493184758789753
kk,lvface_l,112,1024,jpeg,gender,F,890858,1575354,0.015716001190656966
kk,lvface_l,112,1024,jpeg,gender,M,624949,939868,0.00999975739580654
kk,lvface_l,112,1024,jpeg,age,__overall__,1515807,1848306,0.013201269904234425
kk,lvface_l,112,1024,jpeg,age,26-35,607008,840462,0.012514329277550938
kk,lvface_l,112,1024,jpeg,age,36-50,207304,99108,0.0056796042027809765
kk,lvface_l,112,1024,jpeg,age,<=25,688654,908736,0.015893113034309132
kk,lvface_l,112,512,jpeg,skin_tone,__overall__,1515807,1413163,0.2627958326017663
kk,lvface_l,112,512,jpeg,skin_tone,MST10,50485,6607,0.23636466400030498
kk,lvface_l,112,512,jpeg,skin_tone,MST5,178369,62240,0.27702816273710396
kk,lvface_l,112,512,jpeg,skin_tone,MST6,671757,932109,0.2583689369513674
kk,lvface_l,112,512,jpeg,skin_tone,MST7,415396,384592,0.2556396481280182
kk,lvface_l,112,512,jpeg,skin_tone,MST8,47266,4349,0.2371052070415663
kk,lvface_l,112,512,jpeg,skin_tone,MST9,121529,23266,0.2880138942370784
kk,lvface_l,112,512,jpeg,gender,__overall__,1515807,2515222,0.2800857946286623
kk,lvface_l,112,512,jpeg,gender,F,890858,1575354,0.3016126126860651
kk,lvface_l,112,512,jpeg,gender,M,624949,939868,0.24639349186188508
kk,lvface_l,112,512,jpeg,age,__overall__,1515807,1848306,0.2729181357487902
kk,lvface_l,112,512,jpeg,age,26-35,607008,840462,0.2609073248131661
kk,lvface_l,112,512,jpeg,age,36-50,207304,99108,0.22266513822417644
kk,lvface_l,112,512,jpeg,age,<=25,688654,908736,0.29809793321672884
kk,lvface_l,168,1024,jpeg,skin_tone,__overall__,1515807,1413163,0.032501234118004776
kk,lvface_l,168,1024,jpeg,skin_tone,MST10,50485,6607,0.014590377380576862
kk,lvface_l,168,1024,jpeg,skin_tone,MST5,178369,62240,0.0354688106506945
kk,lvface_l,168,1024,jpeg,skin_tone,MST6,671757,932109,0.03575652634998766
kk,lvface_l,168,1024,jpeg,skin_tone,MST7,415396,384592,0.02971141510794953
kk,lvface_l,168,1024,jpeg,skin_tone,MST8,47266,4349,0.022112634611292786
kk,lvface_l,168,1024,jpeg,skin_tone,MST9,121529,23266,0.03238295015357194
kk,lvface_l,168,1024,jpeg,gender,__overall__,1515807,2515222,0.034186300408435386
kk,lvface_l,168,1024,jpeg,gender,F,890858,1575354,0.04186568933952428
kk,lvface_l,168,1024,jpeg,gender,M,624949,939868,0.021876739040112655
kk,lvface_l,168,1024,jpeg,age,__overall__,1515807,1848306,0.03350543841844699
kk,lvface_l,168,1024,jpeg,age,26-35,607008,840462,0.0310206097026541
kk,lvface_l,168,1024,jpeg,age,36-50,207304,99108,0.01573128162430117
kk,lvface_l,168,1024,jpeg,age,<=25,688654,908736,0.04061576181471256
kk,lvface_l,168,512,jpeg,skin_tone,__overall__,1515807,1413163,0.16638110995779828
kk,lvface_l,168,512,jpeg,skin_tone,MST10,50485,6607,0.14546392650590018
kk,lvface_l,168,512,jpeg,skin_tone,MST5,178369,62240,0.17459367295449926
kk,lvface_l,168,512,jpeg,skin_tone,MST6,671757,932109,0.16773914467984835
kk,lvface_l,168,512,jpeg,skin_tone,MST7,415396,384592,0.159045721418008
kk,lvface_l,168,512,jpeg,skin_tone,MST8,47266,4349,0.1397532773839465
kk,lvface_l,168,512,jpeg,skin_tone,MST9,121529,23266,0.1874983061412387
kk,lvface_l,168,512,jpeg,gender,__overall__,1515807,2515222,0.1713171940479472
kk,lvface_l,168,512,jpeg,gender,F,890858,1575354,0.1934751890277483
kk,lvface_l,168,512,jpeg,gender,M,624949,939868,0.1374326150197563
kk,lvface_l,168,512,jpeg,age,__overall__,1515807,1848306,0.1694882010543234
kk,lvface_l,168,512,jpeg,age,26-35,607008,840462,0.1639937912229429
kk,lvface_l,168,512,jpeg,age,36-50,207304,99108,0.11362023797871892
kk,lvface_l,168,512,jpeg,age,<=25,688654,908736,0.19012158127113493
kk,lvface_l,224,1024,jpeg,skin_tone,__overall__,1515807,1413163,0.058154470437802
kk,lvface_l,224,1024,jpeg,skin_tone,MST10,50485,6607,0.041800488043336984
kk,lvface_l,224,1024,jpeg,skin_tone,MST5,178369,62240,0.06448473825404055
kk,lvface_l,224,1024,jpeg,skin_tone,MST6,671757,932109,0.06243121972804294
kk,lvface_l,224,1024,jpeg,skin_tone,MST7,415396,384592,0.051829450705802485
kk,lvface_l,224,1024,jpeg,skin_tone,MST8,47266,4349,0.039976671707177974
kk,lvface_l,224,1024,jpeg,skin_tone,MST9,121529,23266,0.05903726582077912
kk,lvface_l,224,1024,jpeg,gender,__overall__,1515807,2515222,0.06084549230110013
kk,lvface_l,224,1024,jpeg,gender,F,890858,1575354,0.07300977330783494
kk,lvface_l,224,1024,jpeg,gender,M,624949,939868,0.04197682899827493
kk,lvface_l,224,1024,jpeg,age,__overall__,1515807,1848306,0.0599008295470141
kk,lvface_l,224,1024,jpeg,age,26-35,607008,840462,0.05611333321275544
kk,lvface_l,224,1024,jpeg,age,36-50,207304,99108,0.03338328901013496
kk,lvface_l,224,1024,jpeg,age,<=25,688654,908736,0.07104830888051376
kk,lvface_l,224,512,jpeg,skin_tone,__overall__,1515807,1413163,0.09704286085045757
kk,lvface_l,224,512,jpeg,skin_tone,MST10,50485,6607,0.09203817266446152
kk,lvface_l,224,512,jpeg,skin_tone,MST5,178369,62240,0.10062767458460833
kk,lvface_l,224,512,jpeg,skin_tone,MST6,671757,932109,0.10058841070595252
kk,lvface_l,224,512,jpeg,skin_tone,MST7,415396,384592,0.0898057523687732
kk,lvface_l,224,512,jpeg,skin_tone,MST8,47266,4349,0.07316928218574062
kk,lvface_l,224,512,jpeg,skin_tone,MST9,121529,23266,0.10978244813173084
kk,lvface_l,224,512,jpeg,gender,__overall__,1515807,2515222,0.10032442018880759
kk,lvface_l,224,512,jpeg,gender,F,890858,1575354,0.11455888303942616
kk,lvface_l,224,512,jpeg,gender,M,624949,939868,0.07908947776178532
kk,lvface_l,224,512,jpeg,age,__overall__,1515807,1848306,0.09921295805845168
kk,lvface_l,224,512,jpeg,age,26-35,607008,840462,0.09736730734360532
kk,lvface_l,224,512,jpeg,age,36-50,207304,99108,0.062478900960306144
kk,lvface_l,224,512,jpeg,age,<=25,688654,908736,0.11227264766876713
kk,lvface_l,64,1024,jpeg,skin_tone,__overall__,1515807,1413163,0.012460497320483696
kk,lvface_l,64,1024,jpeg,skin_tone,MST10,50485,6607,0.0061468310138740635
kk,lvface_l,64,1024,jpeg,skin_tone,MST5,178369,62240,0.012394395099909937
kk,lvface_l,64,1024,jpeg,skin_tone,MST6,671757,932109,0.013580118476156089
kk,lvface_l,64,1024,jpeg,skin_tone,MST7,415396,384592,0.0102720471559954
kk,lvface_l,64,1024,jpeg,skin_tone,MST8,47266,4349,0.012596300792887389
kk,lvface_l,64,1024,jpeg,skin_tone,MST9,121529,23266,0.016861705921373447
kk,lvface_l,64,1024,jpeg,gender,__overall__,1515807,2515222,0.013026684170935696
kk,lvface_l,64,1024,jpeg,gender,F,890858,1575354,0.014800043138125553
kk,lvface_l,64,1024,jpeg,gender,M,624949,939868,0.010282853213870721
kk,lvface_l,64,1024,jpeg,age,__overall__,1515807,1848306,0.012640016738740299
kk,lvface_l,64,1024,jpeg,age,26-35,607008,840462,0.01270245761657113
kk,lvface_l,64,1024,jpeg,age,36-50,207304,99108,0.005272570050587356
kk,lvface_l,64,1024,jpeg,age,<=25,688654,908736,0.014736268498654333
kk,lvface_l,64,512,jpeg,skin_tone,__overall__,1515807,1413163,0.18474307429050135
kk,lvface_l,64,512,jpeg,skin_tone,MST10,50485,6607,0.1451838207678241
kk,lvface_l,64,512,jpeg,skin_tone,MST5,178369,62240,0.20133462572735433
kk,lvface_l,64,512,jpeg,skin_tone,MST6,671757,932109,0.1872750649628755
kk,lvface_l,64,512,jpeg,skin_tone,MST7,415396,384592,0.17903867862333167
kk,lvface_l,64,512,jpeg,skin_tone,MST8,47266,4349,0.1498352713205635
kk,lvface_l,64,512,jpeg,skin_tone,MST9,121529,23266,0.1853682089211534
kk,lvface_l,64,512,jpeg,gender,__overall__,1515807,2515222,0.1906862931752703
kk,lvface_l,64,512,jpeg,gender,F,890858,1575354,0.2125103150110786
kk,lvface_l,64,512,jpeg,gender,M,624949,939868,0.15722350909293178
kk,lvface_l,64,512,jpeg,age,__overall__,1515807,1848306,0.1889411055174663
kk,lvface_l,64,512,jpeg,age,26-35,607008,840462,0.18066666453649427
kk,lvface_l,64,512,jpeg,age,36-50,207304,99108,0.13550571255752586
kk,lvface_l,64,512,jpeg,age,<=25,688654,908736,0.21178251828727823
kk,lvface_l,96,1024,jpeg,skin_tone,__overall__,1515807,1413163,0.011285775118326435
kk,lvface_l,96,1024,jpeg,skin_tone,MST10,50485,6607,0.005652392917802807
kk,lvface_l,96,1024,jpeg,skin_tone,MST5,178369,62240,0.01027438262497658
kk,lvface_l,96,1024,jpeg,skin_tone,MST6,671757,932109,0.012763685407660465
kk,lvface_l,96,1024,jpeg,skin_tone,MST7,415396,384592,0.009453662714208975
kk,lvface_l,96,1024,jpeg,skin_tone,MST8,47266,4349,0.010598943176807585
kk,lvface_l,96,1024,jpeg,skin_tone,MST9,121529,23266,0.014605469075147164
kk,lvface_l,96,1024,jpeg,gender,__overall__,1515807,2515222,0.011740600803695822
kk,lvface_l,96,1024,jpeg,gender,F,890858,1575354,0.013769821762070245
kk,lvface_l,96,1024,jpeg,gender,M,624949,939868,0.008529601628621548
kk,lvface_l,96,1024,jpeg,age,__overall__,1515807,1848306,0.011445931390870724
kk,lvface_l,96,1024,jpeg,age,26-35,607008,840462,0.011024132363595495
kk,lvface_l,96,1024,jpeg,age,36-50,207304,99108,0.004734607958654378
kk,lvface_l,96,1024,jpeg,age,<=25,688654,908736,0.013832602085061083
kk,lvface_l,96,512,jpeg,skin_tone,__overall__,1515807,1413163,0.26106091302312934
kk,lvface_l,96,512,jpeg,skin_tone,MST10,50485,6607,0.23315271261828224
kk,lvface_l,96,512,jpeg,skin_tone,MST5,178369,62240,0.27512740892947707
kk,lvface_l,96,512,jpeg,skin_tone,MST6,671757,932109,0.26089848705068475
kk,lvface_l,96,512,jpeg,skin_tone,MST7,415396,384592,0.25388096677289834
kk,lvface_l,96,512,jpeg,skin_tone,MST8,47266,4349,0.2335547858050907
kk,lvface_l,96,512,jpeg,skin_tone,MST9,121529,23266,0.2812962101602041
kk,lvface_l,96,512,jpeg,gender,__overall__,1515807,2515222,0.27385609620261686
kk,lvface_l,96,512,jpeg,gender,F,890858,1575354,0.3001445204901833
kk,lvface_l,96,512,jpeg,gender,M,624949,939868,0.23375392286053875
kk,lvface_l,96,512,jpeg,age,__overall__,1515807,1848306,0.26898698145175776
kk,lvface_l,96,512,jpeg,age,26-35,607008,840462,0.25557398408169285
kk,lvface_l,96,512,jpeg,age,36-50,207304,99108,0.21147557400216624
kk,lvface_l,96,512,jpeg,age,<=25,688654,908736,0.29717198482216667
kk,lvface_l,112,1024,jpeg_ai,skin_tone,__overall__,1515807,1413163,0.0052208637559713
kk,lvface_l,112,1024,jpeg_ai,skin_tone,MST10,50485,6607,0.0032594338923341124
kk,lvface_l,112,1024,jpeg_ai,skin_tone,MST5,178369,62240,0.0026899094420118454
kk,lvface_l,112,1024,jpeg_ai,skin_tone,MST6,671757,932109,0.005488784723372411
kk,lvface_l,112,1024,jpeg_ai,skin_tone,MST7,415396,384592,0.0045712132387231135
kk,lvface_l,112,1024,jpeg_ai,skin_tone,MST8,47266,4349,0.008107186932248642
kk,lvface_l,112,1024,jpeg_ai,skin_tone,MST9,121529,23266,0.00899982513630444
kk,lvface_l,112,1024,jpeg_ai,gender,__overall__,1515807,2515222,0.005462207584675921
kk,lvface_l,112,1024,jpeg_ai,gender,F,890858,1575354,0.00578291479258371
kk,lvface_l,112,1024,jpeg_ai,gender,M,624949,939868,0.004973914032105462
kk,lvface_l,112,1024,jpeg_ai,age,__overall__,1515807,1848306,0.005343413326277821
kk,lvface_l,112,1024,jpeg_ai,age,26-35,607008,840462,0.005840615114184882
kk,lvface_l,112,1024,jpeg_ai,age,36-50,207304,99108,0.002670715363919624
kk,lvface_l,112,1024,jpeg_ai,age,<=25,688654,908736,0.0057823046389307645
kk,lvface_l,112,512,jpeg_ai,skin_tone,__overall__,1515807,1413163,0.012118207530599615
kk,lvface_l,112,512,jpeg_ai,skin_tone,MST10,50485,6607,0.00476890583318502
kk,lvface_l,112,512,jpeg_ai,skin_tone,MST5,178369,62240,0.010096313329891022
kk,lvface_l,112,512,jpeg_ai,skin_tone,MST6,671757,932109,0.013303949510872297
kk,lvface_l,112,512,jpeg_ai,skin_tone,MST7,415396,384592,0.010051287639969026
kk,lvface_l,112,512,jpeg_ai,skin_tone,MST8,47266,4349,0.01439406202283662
kk,lvface_l,112,512,jpeg_ai,skin_tone,MST9,121529,23266,0.01783827537803679
kk,lvface_l,112,512,jpeg_ai,gender,__overall__,1515807,2515222,0.01258795910091959
kk,lvface_l,112,512,jpeg_ai,gender,F,890858,1575354,0.014518942829756748
kk,lvface_l,112,512,jpeg_ai,gender,M,624949,939868,0.009750688103173696
kk,lvface_l,112,512,jpeg_ai,age,__overall__,1515807,1848306,0.012259230458338018
kk,lvface_l,112,512,jpeg_ai,age,26-35,607008,840462,0.012119447915705135
kk,lvface_l,112,512,jpeg_ai,age,36-50,207304,99108,0.006344534142945846
kk,lvface_l,112,512,jpeg_ai,age,<=25,688654,908736,0.014313908570901238
kk,lvface_l,224,1024,jpeg_ai,skin_tone,__overall__,1515807,1413163,0.004418690138589563
kk,lvface_l,224,1024,jpeg_ai,skin_tone,MST10,50485,6607,0.0021192030763078386
kk,lvface_l,224,1024,jpeg_ai,skin_tone,MST5,178369,62240,0.0017554643517155829
kk,lvface_l,224,1024,jpeg_ai,skin_tone,MST6,671757,932109,0.004008174005995644
kk,lvface_l,224,1024,jpeg_ai,skin_tone,MST7,415396,384592,0.004459219357881565
kk,lvface_l,224,1024,jpeg_ai,skin_tone,MST8,47266,4349,0.010399346790677014
kk,lvface_l,224,1024,jpeg_ai,skin_tone,MST9,121529,23266,0.00820157013441905
kk,lvface_l,224,1024,jpeg_ai,gender,__overall__,1515807,2515222,0.004550950516588534
kk,lvface_l,224,1024,jpeg_ai,gender,F,890858,1575354,0.004509670601805724
kk,lvface_l,224,1024,jpeg_ai,gender,M,624949,939868,0.004558936456988407
kk,lvface_l,224,1024,jpeg_ai,age,__overall__,1515807,1848306,0.004471446768165134
kk,lvface_l,224,1024,jpeg_ai,age,26-35,607008,840462,0.00511917578503991
kk,lvface_l,224,1024,jpeg_ai,age,36-50,207304,99108,0.0023845191486401617
kk,lvface_l,224,1024,jpeg_ai,age,<=25,688654,908736,0.004562384192889315
kk,lvface_l,224,512,jpeg_ai,skin_tone,__overall__,1515807,1413163,0.011395800325840071
kk,lvface_l,224,512,jpeg_ai,skin_tone,MST10,50485,6607,0.005757782025327533
kk,lvface_l,224,512,jpeg_ai,skin_tone,MST5,178369,62240,0.008603560097268679
kk,lvface_l,224,512,jpeg_ai,skin_tone,MST6,671757,932109,0.011438851642876939
kk,lvface_l,224,512,jpeg_ai,skin_tone,MST7,415396,384592,0.009983157584075556
kk,lvface_l,224,512,jpeg_ai,skin_tone,MST8,47266,4349,0.023659301067542212
kk,lvface_l,224,512,jpeg_ai,skin_tone,MST9,121529,23266,0.016228503275816653
kk,lvface_l,224,512,jpeg_ai,gender,__overall__,1515807,2515222,0.01184173614327329
kk,lvface_l,224,512,jpeg_ai,gender,F,890858,1575354,0.012938240606180674
kk,lvface_l,224,512,jpeg_ai,gender,M,624949,939868,0.01027698884296168
kk,lvface_l,224,512,jpeg_ai,age,__overall__,1515807,1848306,0.011547808437773444
kk,lvface_l,224,512,jpeg_ai,age,26-35,607008,840462,0.01213871440679874
kk,lvface_l,224,512,jpeg_ai,age,36-50,207304,99108,0.00707352185593826
kk,lvface_l,224,512,jpeg_ai,age,<=25,688654,908736,0.01257791035870056
kk,lvface_l,112,1024,jpeg_fzt,skin_tone,__overall__,1515807,1413163,0.011253342132063748
kk,lvface_l,112,1024,jpeg_fzt,skin_tone,MST10,50485,6607,0.005757782025327533
kk,lvface_l,112,1024,jpeg_fzt,skin_tone,MST5,178369,62240,0.009960291700038773
kk,lvface_l,112,1024,jpeg_fzt,skin_tone,MST6,671757,932109,0.012105249495135563
kk,lvface_l,112,1024,jpeg_fzt,skin_tone,MST7,415396,384592,0.00944176918614453
kk,lvface_l,112,1024,jpeg_fzt,skin_tone,MST8,47266,4349,0.014226200922112051
kk,lvface_l,112,1024,jpeg_fzt,skin_tone,MST9,121529,23266,0.015401448563574066
kk,lvface_l,112,1024,jpeg_fzt,gender,__overall__,1515807,2515222,0.011635823688332733
kk,lvface_l,112,1024,jpeg_fzt,gender,F,890858,1575354,0.012934241897924536
kk,lvface_l,112,1024,jpeg_fzt,gender,M,624949,939868,0.009722220416989284
kk,lvface_l,112,1024,jpeg_fzt,age,__overall__,1515807,1848306,0.01127608277794237
kk,lvface_l,112,1024,jpeg_fzt,age,26-35,607008,840462,0.011382816195432903
kk,lvface_l,112,1024,jpeg_fzt,age,36-50,207304,99108,0.005201297456536946
kk,lvface_l,112,1024,jpeg_fzt,age,<=25,688654,908736,0.012965890340695188
kk,lvface_l,112,512,jpeg_fzt,skin_tone,__overall__,1515807,1413163,0.17306600422096247
kk,lvface_l,112,512,jpeg_fzt,skin_tone,MST10,50485,6607,0.1448209294319147
kk,lvface_l,112,512,jpeg_fzt,skin_tone,MST5,178369,62240,0.17841312158249223
kk,lvface_l,112,512,jpeg_fzt,skin_tone,MST6,671757,932109,0.1711190241540253
kk,lvface_l,112,512,jpeg_fzt,skin_tone,MST7,415396,384592,0.1725915220925021
kk,lvface_l,112,512,jpeg_fzt,skin_tone,MST8,47266,4349,0.15356413208623237
kk,lvface_l,112,512,jpeg_fzt,skin_tone,MST9,121529,23266,0.18263283520070805
kk,lvface_l,112,512,jpeg_fzt,gender,__overall__,1515807,2515222,0.17768775432513795
kk,lvface_l,112,512,jpeg_fzt,gender,F,890858,1575354,0.19594830969892107
kk,lvface_l,112,512,jpeg_fzt,gender,M,624949,939868,0.15013161703223768
kk,lvface_l,112,512,jpeg_fzt,age,__overall__,1515807,1848306,0.1758446812430311
kk,lvface_l,112,512,jpeg_fzt,age,26-35,607008,840462,0.17493317635742378
kk,lvface_l,112,512,jpeg_fzt,age,36-50,207304,99108,0.12606059487902962
kk,lvface_l,112,512,jpeg_fzt,age,<=25,688654,908736,0.19196353300362184
kk,lvface_l,168,1024,jpeg_fzt,skin_tone,__overall__,1515807,1413163,0.010883290340166524
kk,lvface_l,168,1024,jpeg_fzt,skin_tone,MST10,50485,6607,0.004788713696906917
kk,lvface_l,168,1024,jpeg_fzt,skin_tone,MST5,178369,62240,0.0097590447554484
kk,lvface_l,168,1024,jpeg_fzt,skin_tone,MST6,671757,932109,0.012348424332969943
kk,lvface_l,168,1024,jpeg_fzt,skin_tone,MST7,415396,384592,0.009700184223723214
kk,lvface_l,168,1024,jpeg_fzt,skin_tone,MST8,47266,4349,0.01017859354760911
kk,lvface_l,168,1024,jpeg_fzt,skin_tone,MST9,121529,23266,0.01218006562825554
kk,lvface_l,168,1024,jpeg_fzt,gender,__overall__,1515807,2515222,0.01134349486021309
kk,lvface_l,168,1024,jpeg_fzt,gender,F,890858,1575354,0.013307958741872681
kk,lvface_l,168,1024,jpeg_fzt,gender,M,624949,939868,0.008171667632024263
kk,lvface_l,168,1024,jpeg_fzt,age,__overall__,1515807,1848306,0.011004556065692866
kk,lvface_l,168,1024,jpeg_fzt,age,26-35,607008,840462,0.01035875210169656
kk,lvface_l,168,1024,jpeg_fzt,age,36-50,207304,99108,0.00446573749659567
kk,lvface_l,168,1024,jpeg_fzt,age,<=25,688654,908736,0.01341297027847885
kk,lvface_l,168,512,jpeg_fzt,skin_tone,__overall__,1515807,1413163,0.2762079985804633
kk,lvface_l,168,512,jpeg_fzt,skin_tone,MST10,50485,6607,0.2422999583021534
kk,lvface_l,168,512,jpeg_fzt,skin_tone,MST5,178369,62240,0.296280426151754
kk,lvface_l,168,512,jpeg_fzt,skin_tone,MST6,671757,932109,0.27424539118740826
kk,lvface_l,168,512,jpeg_fzt,skin_tone,MST7,415396,384592,0.2686844563964644
kk,lvface_l,168,512,jpeg_fzt,skin_tone,MST8,47266,4349,0.2444613255525396
kk,lvface_l,168,512,jpeg_fzt,skin_tone,MST9,121529,23266,0.2850192773231396
kk,lvface_l,168,512,jpeg_fzt,gender,__overall__,1515807,2515222,0.2891515818122611
kk,lvface_l,168,512,jpeg_fzt,gender,F,890858,1575354,0.31525213849953304
kk,lvface_l,168,512,jpeg_fzt,gender,M,624949,939868,0.24969552302906156
kk,lvface_l,168,512,jpeg_fzt,age,__overall__,1515807,1848306,0.2844569682852019
kk,lvface_l,168,512,jpeg_fzt,age,26-35,607008,840462,0.27162384986877897
kk,lvface_l,168,512,jpeg_fzt,age,36-50,207304,99108,0.22516977807184999
kk,lvface_l,168,512,jpeg_fzt,age,<=25,688654,908736,0.31342219376940517
kk,lvface_l,224,1024,jpeg_fzt,skin_tone,__overall__,1515807,1413163,0.011297696210804925
kk,lvface_l,224,1024,jpeg_fzt,skin_tone,MST10,50485,6607,0.0062783777740359255
kk,lvface_l,224,1024,jpeg_fzt,skin_tone,MST5,178369,62240,0.010446469450674168
kk,lvface_l,224,1024,jpeg_fzt,skin_tone,MST6,671757,932109,0.012286361660716536
kk,lvface_l,224,1024,jpeg_fzt,skin_tone,MST7,415396,384592,0.009448798393768599
kk,lvface_l,224,1024,jpeg_fzt,skin_tone,MST8,47266,4349,0.012585722364418721
kk,lvface_l,224,1024,jpeg_fzt,skin_tone,MST9,121529,23266,0.01406142365697935
kk,lvface_l,224,1024,jpeg_fzt,gender,__overall__,1515807,2515222,0.011802389146045318
kk,lvface_l,224,1024,jpeg_fzt,gender,F,890858,1575354,0.013542424528677353
kk,lvface_l,224,1024,jpeg_fzt,gender,M,624949,939868,0.009145607123276481
kk,lvface_l,224,1024,jpeg_fzt,age,__overall__,1515807,1848306,0.011556145637148157
kk,lvface_l,224,1024,jpeg_fzt,age,26-35,607008,840462,0.011193269368395434
kk,lvface_l,224,1024,jpeg_fzt,age,36-50,207304,99108,0.0050449233419190215
kk,lvface_l,224,1024,jpeg_fzt,age,<=25,688654,908736,0.013657440979259534
kk,lvface_l,224,512,jpeg_fzt,skin_tone,__overall__,1515807,1413163,0.24190403548736644
kk,lvface_l,224,512,jpeg_fzt,skin_tone,MST10,50485,6607,0.2081042164052433
kk,lvface_l,224,512,jpeg_fzt,skin_tone,MST5,178369,62240,0.2526712258844389
kk,lvface_l,224,512,jpeg_fzt,skin_tone,MST6,671757,932109,0.23897664920993583
kk,lvface_l,224,512,jpeg_fzt,skin_tone,MST7,415396,384592,0.2367126984027058
kk,lvface_l,224,512,jpeg_fzt,skin_tone,MST8,47266,4349,0.21615062454273046
kk,lvface_l,224,512,jpeg_fzt,skin_tone,MST9,121529,23266,0.2643701240780194
kk,lvface_l,224,512,jpeg_fzt,gender,__overall__,1515807,2515222,0.2542049956511157
kk,lvface_l,224,512,jpeg_fzt,gender,F,890858,1575354,0.278257305499479
kk,lvface_l,224,512,jpeg_fzt,gender,M,624949,939868,0.21702827119772033
kk,lvface_l,224,512,jpeg_fzt,age,__overall__,1515807,1848306,0.24917634229271596
kk,lvface_l,224,512,jpeg_fzt,age,26-35,607008,840462,0.23774273479649152
kk,lvface_l,224,512,jpeg_fzt,age,36-50,207304,99108,0.19366859417221466
kk,lvface_l,224,512,jpeg_fzt,age,<=25,688654,908736,0.2751920270189445
kk,lvface_l,64,1024,jpeg_fzt,skin_tone,__overall__,1515807,1413163,0.026776382677031755
kk,lvface_l,64,1024,jpeg_fzt,skin_tone,MST10,50485,6607,0.01954745791911991
kk,lvface_l,64,1024,jpeg_fzt,skin_tone,MST5,178369,62240,0.02704574691217007
kk,lvface_l,64,1024,jpeg_fzt,skin_tone,MST6,671757,932109,0.028993398831820262
kk,lvface_l,64,1024,jpeg_fzt,skin_tone,MST7,415396,384592,0.02051015481142114
kk,lvface_l,64,1024,jpeg_fzt,skin_tone,MST8,47266,4349,0.02992362554641876
kk,lvface_l,64,1024,jpeg_fzt,skin_tone,MST9,121529,23266,0.031482712608428456
kk,lvface_l,64,1024,jpeg_fzt,gender,__overall__,1515807,2515222,0.028337587937875053
kk,lvface_l,64,1024,jpeg_fzt,gender,F,890858,1575354,0.03254913812058474
kk,lvface_l,64,1024,jpeg_fzt,gender,M,624949,939868,0.022063478152440627
kk,lvface_l,64,1024,jpeg_fzt,age,__overall__,1515807,1848306,0.027451631020000547
kk,lvface_l,64,1024,jpeg_fzt,age,26-35,607008,840462,0.02546994256094953
kk,lvface_l,64,1024,jpeg_fzt,age,36-50,207304,99108,0.013087781777784625
kk,lvface_l,64,1024,jpeg_fzt,age,<=25,688654,908736,0.03331878672466871
kk,lvface_l,64,512,jpeg_fzt,skin_tone,__overall__,1515807,1413163,0.14303869657413415
kk,lvface_l,64,512,jpeg_fzt,skin_tone,MST10,50485,6607,0.11902404703736552
kk,lvface_l,64,512,jpeg_fzt,skin_tone,MST5,178369,62240,0.153030504538042
kk,lvface_l,64,512,jpeg_fzt,skin_tone,MST6,671757,932109,0.1445077438634486
kk,lvface_l,64,512,jpeg_fzt,skin_tone,MST7,415396,384592,0.13489794846880251
kk,lvface_l,64,512,jpeg_fzt,skin_tone,MST8,47266,4349,0.12455525479749123
kk,lvface_l,64,512,jpeg_fzt,skin_tone,MST9,121529,23266,0.14941867029027814
kk,lvface_l,64,512,jpeg_fzt,gender,__overall__,1515807,2515222,0.14853321895827246
kk,lvface_l,64,512,jpeg_fzt,gender,F,890858,1575354,0.16416952978728558
kk,lvface_l,64,512,jpeg_fzt,gender,M,624949,939868,0.1250109394576497
kk,lvface_l,64,512,jpeg_fzt,age,__overall__,1515807,1848306,0.146258145475947
kk,lvface_l,64,512,jpeg_fzt,age,26-35,607008,840462,0.14390588370399843
kk,lvface_l,64,512,jpeg_fzt,age,36-50,207304,99108,0.09979448432419451
kk,lvface_l,64,512,jpeg_fzt,age,<=25,688654,908736,0.16180495197564543
kk,lvface_l,96,1024,jpeg_fzt,skin_tone,__overall__,1515807,1413163,0.01179766385991518
kk,lvface_l,96,1024,jpeg_fzt,skin_tone,MST10,50485,6607,0.006143276870928353
kk,lvface_l,96,1024,jpeg_fzt,skin_tone,MST5,178369,62240,0.009924602618216958
kk,lvface_l,96,1024,jpeg_fzt,skin_tone,MST6,671757,932109,0.012990367605225706
kk,lvface_l,96,1024,jpeg_fzt,skin_tone,MST7,415396,384592,0.009854163400484459
kk,lvface_l,96,1024,jpeg_fzt,skin_tone,MST8,47266,4349,0.012880524606767293
kk,lvface_l,96,1024,jpeg_fzt,skin_tone,MST9,121529,23266,0.014101646734907648
kk,lvface_l,96,1024,jpeg_fzt,gender,__overall__,1515807,2515222,0.012376129015862276
kk,lvface_l,96,1024,jpeg_fzt,gender,F,890858,1575354,0.01390538789017632
kk,lvface_l,96,1024,jpeg_fzt,gender,M,624949,939868,0.010072793956482782
kk,lvface_l,96,1024,jpeg_fzt,age,__overall__,1515807,1848306,0.011928863503082438
kk,lvface_l,96,1024,jpeg_fzt,age,26-35,607008,840462,0.011698665496136062
kk,lvface_l,96,1024,jpeg_fzt,age,36-50,207304,99108,0.00581973747408328
kk,lvface_l,96,1024,jpeg_fzt,age,<=25,688654,908736,0.013869477697673053
kk,lvface_l,96,512,jpeg_fzt,skin_tone,__overall__,1515807,1413163,0.13761180092359726
kk,lvface_l,96,512,jpeg_fzt,skin_tone,MST10,50485,6607,0.11020770540289238
kk,lvface_l,96,512,jpeg_fzt,skin_tone,MST5,178369,62240,0.1459019913547262
kk,lvface_l,96,512,jpeg_fzt,skin_tone,MST6,671757,932109,0.13772771965534542
kk,lvface_l,96,512,jpeg_fzt,skin_tone,MST7,415396,384592,0.13427973229600562
kk,lvface_l,96,512,jpeg_fzt,skin_tone,MST8,47266,4349,0.11787697785356258
kk,lvface_l,96,512,jpeg_fzt,skin_tone,MST9,121529,23266,0.14332391385822194
kk,lvface_l,96,512,jpeg_fzt,gender,__overall__,1515807,2515222,0.14128044165864434
kk,lvface_l,96,512,jpeg_fzt,gender,F,890858,1575354,0.15744113291584627
kk,lvface_l,96,512,jpeg_fzt,gender,M,624949,939868,0.11695840075732908
kk,lvface_l,96,512,jpeg_fzt,age,__overall__,1515807,1848306,0.13978424990422955
kk,lvface_l,96,512,jpeg_fzt,age,26-35,607008,840462,0.13913701623713232
kk,lvface_l,96,512,jpeg_fzt,age,36-50,207304,99108,0.09210331152919274
kk,lvface_l,96,512,jpeg_fzt,age,<=25,688654,908736,0.15451934510353293
kk,lvface_l,112,1024,jpeg_xl,skin_tone,__overall__,1515807,1413163,0.011194765215554212
kk,lvface_l,112,1024,jpeg_xl,skin_tone,MST10,50485,6607,0.003948396482678635
kk,lvface_l,112,1024,jpeg_xl,skin_tone,MST5,178369,62240,0.010420318243969589
kk,lvface_l,112,1024,jpeg_xl,skin_tone,MST6,671757,932109,0.012443381107238874
kk,lvface_l,112,1024,jpeg_xl,skin_tone,MST7,415396,384592,0.00954148390559925
kk,lvface_l,112,1024,jpeg_xl,skin_tone,MST8,47266,4349,0.009894369733729208
kk,lvface_l,112,1024,jpeg_xl,skin_tone,MST9,121529,23266,0.01432245978107239
kk,lvface_l,112,1024,jpeg_xl,gender,__overall__,1515807,2515222,0.0117463221578476
kk,lvface_l,112,1024,jpeg_xl,gender,F,890858,1575354,0.013354697308086257
kk,lvface_l,112,1024,jpeg_xl,gender,M,624949,939868,0.009229204402197818
kk,lvface_l,112,1024,jpeg_xl,age,__overall__,1515807,1848306,0.01136380213969191
kk,lvface_l,112,1024,jpeg_xl,age,26-35,607008,840462,0.011204252245116283
kk,lvface_l,112,1024,jpeg_xl,age,36-50,207304,99108,0.00567674995035133
kk,lvface_l,112,1024,jpeg_xl,age,<=25,688654,908736,0.013260005336135475
kk,lvface_l,112,512,jpeg_xl,skin_tone,__overall__,1515807,1413163,0.0814000391954128
kk,lvface_l,112,512,jpeg_xl,skin_tone,MST10,50485,6607,0.05347451500376722
kk,lvface_l,112,512,jpeg_xl,skin_tone,MST5,178369,62240,0.08846669546036975
kk,lvface_l,112,512,jpeg_xl,skin_tone,MST6,671757,932109,0.08571276311626305
kk,lvface_l,112,512,jpeg_xl,skin_tone,MST7,415396,384592,0.07322400476530336
kk,lvface_l,112,512,jpeg_xl,skin_tone,MST8,47266,4349,0.05737804545999001
kk,lvface_l,112,512,jpeg_xl,skin_tone,MST9,121529,23266,0.08443703634702404
kk,lvface_l,112,512,jpeg_xl,gender,__overall__,1515807,2515222,0.08404485012334084
kk,lvface_l,112,512,jpeg_xl,gender,F,890858,1575354,0.09973144706262752
kk,lvface_l,112,512,jpeg_xl,gender,M,624949,939868,0.05972753104947124
kk,lvface_l,112,512,jpeg_xl,age,__overall__,1515807,1848306,0.08280180429561834
kk,lvface_l,112,512,jpeg_xl,age,26-35,607008,840462,0.08021494926919373
kk,lvface_l,112,512,jpeg_xl,age,36-50,207304,99108,0.03955651427286795
kk,lvface_l,112,512,jpeg_xl,age,<=25,688654,908736,0.09710331498079106
kk,lvface_l,168,1024,jpeg_xl,skin_tone,__overall__,1515807,1413163,0.015206021028449809
kk,lvface_l,168,1024,jpeg_xl,skin_tone,MST10,50485,6607,0.00742216273300791
kk,lvface_l,168,1024,jpeg_xl,skin_tone,MST5,178369,62240,0.014060363500300445
kk,lvface_l,168,1024,jpeg_xl,skin_tone,MST6,671757,932109,0.01640059540787817
kk,lvface_l,168,1024,jpeg_xl,skin_tone,MST7,415396,384592,0.013522197834516974
kk,lvface_l,168,1024,jpeg_xl,skin_tone,MST8,47266,4349,0.014016026107512812
kk,lvface_l,168,1024,jpeg_xl,skin_tone,MST9,121529,23266,0.01766271901957622
kk,lvface_l,168,1024,jpeg_xl,gender,__overall__,1515807,2515222,0.015807956688498326
kk,lvface_l,168,1024,jpeg_xl,gender,F,890858,1575354,0.01889988807349003
kk,lvface_l,168,1024,jpeg_xl,gender,M,624949,939868,0.010896005596796828
kk,lvface_l,168,1024,jpeg_xl,age,__overall__,1515807,1848306,0.015421436754971894
kk,lvface_l,168,1024,jpeg_xl,age,26-35,607008,840462,0.013879457866277145
kk,lvface_l,168,1024,jpeg_xl,age,36-50,207304,99108,0.006154835528779796
kk,lvface_l,168,1024,jpeg_xl,age,<=25,688654,908736,0.019226092684637854
kk,lvface_l,168,512,jpeg_xl,skin_tone,__overall__,1515807,1413163,0.029488264820326047
kk,lvface_l,168,512,jpeg_xl,skin_tone,MST10,50485,6607,0.01678881191177229
kk,lvface_l,168,512,jpeg_xl,skin_tone,MST5,178369,62240,0.03213017450746691
kk,lvface_l,168,512,jpeg_xl,skin_tone,MST6,671757,932109,0.032118130665201715
kk,lvface_l,168,512,jpeg_xl,skin_tone,MST7,415396,384592,0.025111553359493628
kk,lvface_l,168,512,jpeg_xl,skin_tone,MST8,47266,4349,0.025907753457321825
kk,lvface_l,168,512,jpeg_xl,skin_tone,MST9,121529,23266,0.029680927170400776
kk,lvface_l,168,512,jpeg_xl,gender,__overall__,1515807,2515222,0.030535238212223766
kk,lvface_l,168,512,jpeg_xl,gender,F,890858,1575354,0.03652152528930746
kk,lvface_l,168,512,jpeg_xl,gender,M,624949,939868,0.02117353475290712
kk,lvface_l,168,512,jpeg_xl,age,__overall__,1515807,1848306,0.03002985369219379
kk,lvface_l,168,512,jpeg_xl,age,26-35,607008,840462,0.0279442062840412
kk,lvface_l,168,512,jpeg_xl,age,36-50,207304,99108,0.011634651114569522
kk,lvface_l,168,512,jpeg_xl,age,<=25,688654,908736,0.03669931181990542
kk,lvface_l,224,1024,jpeg_xl,skin_tone,__overall__,1515807,1413163,0.010136273080117407
kk,lvface_l,224,1024,jpeg_xl,skin_tone,MST10,50485,6607,0.003928588618956737
kk,lvface_l,224,1024,jpeg_xl,skin_tone,MST5,178369,62240,0.00983360221079778
kk,lvface_l,224,1024,jpeg_xl,skin_tone,MST6,671757,932109,0.011013268208840337
kk,lvface_l,224,1024,jpeg_xl,skin_tone,MST7,415396,384592,0.008635178997255476
kk,lvface_l,224,1024,jpeg_xl,skin_tone,MST8,47266,4349,0.00868481923370302
kk,lvface_l,224,1024,jpeg_xl,skin_tone,MST9,121529,23266,0.013477109360604577
kk,lvface_l,224,1024,jpeg_xl,gender,__overall__,1515807,2515222,0.01050669866925624
kk,lvface_l,224,1024,jpeg_xl,gender,F,890858,1575354,0.01189800260579529
kk,lvface_l,224,1024,jpeg_xl,gender,M,624949,939868,0.00833942747366577
kk,lvface_l,224,1024,jpeg_xl,age,__overall__,1515807,1848306,0.010187021210610145
kk,lvface_l,224,1024,jpeg_xl,age,26-35,607008,840462,0.010364105758745624
kk,lvface_l,224,1024,jpeg_xl,age,36-50,207304,99108,0.004377360317140069
kk,lvface_l,224,1024,jpeg_xl,age,<=25,688654,908736,0.011745692045981169
kk,lvface_l,224,512,jpeg_xl,skin_tone,__overall__,1515807,1413163,0.010711209107163729
kk,lvface_l,224,512,jpeg_xl,skin_tone,MST10,50485,6607,0.004343795260140403
kk,lvface_l,224,512,jpeg_xl,skin_tone,MST5,178369,62240,0.01023999226474288
kk,lvface_l,224,512,jpeg_xl,skin_tone,MST6,671757,932109,0.011887753086361948
kk,lvface_l,224,512,jpeg_xl,skin_tone,MST7,415396,384592,0.00889797631362156
kk,lvface_l,224,512,jpeg_xl,skin_tone,MST8,47266,4349,0.00858042870379045
kk,lvface_l,224,512,jpeg_xl,skin_tone,MST9,121529,23266,0.013991918285834959
kk,lvface_l,224,512,jpeg_xl,gender,__overall__,1515807,2515222,0.011138569897607085
kk,lvface_l,224,512,jpeg_xl,gender,F,890858,1575354,0.012525070703523572
kk,lvface_l,224,512,jpeg_xl,gender,M,624949,939868,0.008970353647730023
kk,lvface_l,224,512,jpeg_xl,age,__overall__,1515807,1848306,0.010801423293379943
kk,lvface_l,224,512,jpeg_xl,age,26-35,607008,840462,0.01101058685621472
kk,lvface_l,224,512,jpeg_xl,age,36-50,207304,99108,0.004307393800810356
kk,lvface_l,224,512,jpeg_xl,age,<=25,688654,908736,0.012404434070912414
kk,lvface_l,64,1024,jpeg_xl,skin_tone,__overall__,1515807,1413163,0.012395731063311585
kk,lvface_l,64,1024,jpeg_xl,skin_tone,MST10,50485,6607,0.005592969326637115
kk,lvface_l,64,1024,jpeg_xl,skin_tone,MST5,178369,62240,0.011180419824427109
kk,lvface_l,64,1024,jpeg_xl,skin_tone,MST6,671757,932109,0.013608838905907021
kk,lvface_l,64,1024,jpeg_xl,skin_tone,MST7,415396,384592,0.010473454399100291
kk,lvface_l,64,1024,jpeg_xl,skin_tone,MST8,47266,4349,0.01591957162214871
kk,lvface_l,64,1024,jpeg_xl,skin_tone,MST9,121529,23266,0.013923332280129694
kk,lvface_l,64,1024,jpeg_xl,gender,__overall__,1515807,2515222,0.012867281377847338
kk,lvface_l,64,1024,jpeg_xl,gender,F,890858,1575354,0.015044018119789756
kk,lvface_l,64,1024,jpeg_xl,gender,M,624949,939868,0.009682242123373139
kk,lvface_l,64,1024,jpeg_xl,age,__overall__,1515807,1848306,0.01250460419442967
kk,lvface_l,64,1024,jpeg_xl,age,26-35,607008,840462,0.011482622835730868
kk,lvface_l,64,1024,jpeg_xl,age,36-50,207304,99108,0.00615001169518276
kk,lvface_l,64,1024,jpeg_xl,age,<=25,688654,908736,0.015214585973616555
kk,lvface_l,64,512,jpeg_xl,skin_tone,__overall__,1515807,1413163,0.07701560786590171
kk,lvface_l,64,512,jpeg_xl,skin_tone,MST10,50485,6607,0.048280498597537594
kk,lvface_l,64,512,jpeg_xl,skin_tone,MST5,178369,62240,0.08172105392245915
kk,lvface_l,64,512,jpeg_xl,skin_tone,MST6,671757,932109,0.07981267452785049
kk,lvface_l,64,512,jpeg_xl,skin_tone,MST7,415396,384592,0.07061678609561237
kk,lvface_l,64,512,jpeg_xl,skin_tone,MST8,47266,4349,0.0718144211967013
kk,lvface_l,64,512,jpeg_xl,skin_tone,MST9,121529,23266,0.07362671470115954
kk,lvface_l,64,512,jpeg_xl,gender,__overall__,1515807,2515222,0.07929706850011513
kk,lvface_l,64,512,jpeg_xl,gender,F,890858,1575354,0.09248429956976115
kk,lvface_l,64,512,jpeg_xl,gender,M,624949,939868,0.05858178144885044
kk,lvface_l,64,512,jpeg_xl,age,__overall__,1515807,1848306,0.07804150734287368
kk,lvface_l,64,512,jpeg_xl,age,26-35,607008,840462,0.07519539467269942
kk,lvface_l,64,512,jpeg_xl,age,36-50,207304,99108,0.042281618813248364
kk,lvface_l,64,512,jpeg_xl,age,<=25,688654,908736,0.09117588981670705
kk,lvface_l,96,1024,jpeg_xl,skin_tone,__overall__,1515807,1413163,0.011489292509910425
kk,lvface_l,96,1024,jpeg_xl,skin_tone,MST10,50485,6607,0.003483670182190224
kk,lvface_l,96,1024,jpeg_xl,skin_tone,MST5,178369,62240,0.008657743080795465
kk,lvface_l,96,1024,jpeg_xl,skin_tone,MST6,671757,932109,0.013185459979347081
kk,lvface_l,96,1024,jpeg_xl,skin_tone,MST7,415396,384592,0.008671145939604125
kk,lvface_l,96,1024,jpeg_xl,skin_tone,MST8,47266,4349,0.015193841322133
kk,lvface_l,96,1024,jpeg_xl,skin_tone,MST9,121529,23266,0.015083686583927097
kk,lvface_l,96,1024,jpeg_xl,gender,__overall__,1515807,2515222,0.011896176159861865
kk,lvface_l,96,1024,jpeg_xl,gender,F,890858,1575354,0.013455668037316904
kk,lvface_l,96,1024,jpeg_xl,gender,M,624949,939868,0.009488971751651962
kk,lvface_l,96,1024,jpeg_xl,age,__overall__,1515807,1848306,0.011516456280732425
kk,lvface_l,96,1024,jpeg_xl,age,26-35,607008,840462,0.011247451938917685
kk,lvface_l,96,1024,jpeg_xl,age,36-50,207304,99108,0.0051962524551243455
kk,lvface_l,96,1024,jpeg_xl,age,<=25,688654,908736,0.013606464056345684
kk,lvface_l,96,512,jpeg_xl,skin_tone,__overall__,1515807,1413163,0.07821655837274573
kk,lvface_l,96,512,jpeg_xl,skin_tone,MST10,50485,6607,0.060237426942013464
kk,lvface_l,96,512,jpeg_xl,skin_tone,MST5,178369,62240,0.08226196115016239
kk,lvface_l,96,512,jpeg_xl,skin_tone,MST6,671757,932109,0.07997159545657742
kk,lvface_l,96,512,jpeg_xl,skin_tone,MST7,415396,384592,0.07261180407924103
kk,lvface_l,96,512,jpeg_xl,skin_tone,MST8,47266,4349,0.06677161940109369
kk,lvface_l,96,512,jpeg_xl,skin_tone,MST9,121529,23266,0.0798793059668673
kk,lvface_l,96,512,jpeg_xl,gender,__overall__,1515807,2515222,0.08102319177335796
kk,lvface_l,96,512,jpeg_xl,gender,F,890858,1575354,0.09428895467484752
kk,lvface_l,96,512,jpeg_xl,gender,M,624949,939868,0.060473084693723644
kk,lvface_l,96,512,jpeg_xl,age,__overall__,1515807,1848306,0.0793201321415645
kk,lvface_l,96,512,jpeg_xl,age,26-35,607008,840462,0.07759753768114891
kk,lvface_l,96,512,jpeg_xl,age,36-50,207304,99108,0.04338407408189801
kk,lvface_l,96,512,jpeg_xl,age,<=25,688654,908736,0.09143918704491909
kk,lvface_l,224,1024,neural_bmshj2018,skin_tone,__overall__,1515807,1413163,
kk,lvface_l,224,1024,neural_bmshj2018,skin_tone,MST10,50485,6607,
kk,lvface_l,224,1024,neural_bmshj2018,skin_tone,MST5,178369,62240,
kk,lvface_l,224,1024,neural_bmshj2018,skin_tone,MST6,671757,932109,
kk,lvface_l,224,1024,neural_bmshj2018,skin_tone,MST7,415396,384592,
kk,lvface_l,224,1024,neural_bmshj2018,skin_tone,MST8,47266,4349,
kk,lvface_l,224,1024,neural_bmshj2018,skin_tone,MST9,121529,23266,
kk,lvface_l,224,1024,neural_bmshj2018,gender,__overall__,1515807,2515222,
kk,lvface_l,224,1024,neural_bmshj2018,gender,F,890858,1575354,
kk,lvface_l,224,1024,neural_bmshj2018,gender,M,624949,939868,
kk,lvface_l,224,1024,neural_bmshj2018,age,__overall__,1515807,1848306,
kk,lvface_l,224,1024,neural_bmshj2018,age,26-35,607008,840462,
kk,lvface_l,224,1024,neural_bmshj2018,age,36-50,207304,99108,
kk,lvface_l,224,1024,neural_bmshj2018,age,<=25,688654,908736,
kk,lvface_l,224,1024,neural_mbt2018_mean,skin_tone,__overall__,1515807,1413163,
kk,lvface_l,224,1024,neural_mbt2018_mean,skin_tone,MST10,50485,6607,
kk,lvface_l,224,1024,neural_mbt2018_mean,skin_tone,MST5,178369,62240,
kk,lvface_l,224,1024,neural_mbt2018_mean,skin_tone,MST6,671757,932109,
kk,lvface_l,224,1024,neural_mbt2018_mean,skin_tone,MST7,415396,384592,
kk,lvface_l,224,1024,neural_mbt2018_mean,skin_tone,MST8,47266,4349,
kk,lvface_l,224,1024,neural_mbt2018_mean,skin_tone,MST9,121529,23266,
kk,lvface_l,224,1024,neural_mbt2018_mean,gender,__overall__,1515807,2515222,
kk,lvface_l,224,1024,neural_mbt2018_mean,gender,F,890858,1575354,
kk,lvface_l,224,1024,neural_mbt2018_mean,gender,M,624949,939868,
kk,lvface_l,224,1024,neural_mbt2018_mean,age,__overall__,1515807,1848306,
kk,lvface_l,224,1024,neural_mbt2018_mean,age,26-35,607008,840462,
kk,lvface_l,224,1024,neural_mbt2018_mean,age,36-50,207304,99108,
kk,lvface_l,224,1024,neural_mbt2018_mean,age,<=25,688654,908736,
kk,lvface_l,112,1024,ours_accurate,skin_tone,__overall__,1515807,1413163,0.005535058813873114
kk,lvface_l,112,1024,ours_accurate,skin_tone,MST10,50485,6607,0.0021192030763078386
kk,lvface_l,112,1024,ours_accurate,skin_tone,MST5,178369,62240,0.004278893323394279
kk,lvface_l,112,1024,ours_accurate,skin_tone,MST6,671757,932109,0.005471162361538504
kk,lvface_l,112,1024,ours_accurate,skin_tone,MST7,415396,384592,0.005306783988637296
kk,lvface_l,112,1024,ours_accurate,skin_tone,MST8,47266,4349,0.01008338769139111
kk,lvface_l,112,1024,ours_accurate,skin_tone,MST9,121529,23266,0.00906933050744883
kk,lvface_l,112,1024,ours_accurate,gender,__overall__,1515807,2515222,0.005788265004099941
kk,lvface_l,112,1024,ours_accurate,gender,F,890858,1575354,0.00632844641017723
kk,lvface_l,112,1024,ours_accurate,gender,M,624949,939868,0.0049914988212825155
kk,lvface_l,112,1024,ours_accurate,age,__overall__,1515807,1848306,0.005625493722368178
kk,lvface_l,112,1024,ours_accurate,age,26-35,607008,840462,0.006078944093551391
kk,lvface_l,112,1024,ours_accurate,age,36-50,207304,99108,0.002342410723987533
kk,lvface_l,112,1024,ours_accurate,age,<=25,688654,908736,0.006162837020837152
kk,lvface_l,112,512,ours_accurate,skin_tone,__overall__,1515807,1413163,0.009547359372308805
kk,lvface_l,112,512,ours_accurate,skin_tone,MST10,50485,6607,0.003938492550817686
kk,lvface_l,112,512,ours_accurate,skin_tone,MST5,178369,62240,0.009101702786680009
kk,lvface_l,112,512,ours_accurate,skin_tone,MST6,671757,932109,0.009864064758782223
kk,lvface_l,112,512,ours_accurate,skin_tone,MST7,415396,384592,0.007865227742192766
kk,lvface_l,112,512,ours_accurate,skin_tone,MST8,47266,4349,0.016055697437467282
kk,lvface_l,112,512,ours_accurate,skin_tone,MST9,121529,23266,0.01397957555282473
kk,lvface_l,112,512,ours_accurate,gender,__overall__,1515807,2515222,0.009991536091971624
kk,lvface_l,112,512,ours_accurate,gender,F,890858,1575354,0.01116915668997322
kk,lvface_l,112,512,ours_accurate,gender,M,624949,939868,0.00818441041173899
kk,lvface_l,112,512,ours_accurate,age,__overall__,1515807,1848306,0.00971236870812051
kk,lvface_l,112,512,ours_accurate,age,26-35,607008,840462,0.009595851861787501
kk,lvface_l,112,512,ours_accurate,age,36-50,207304,99108,0.004268139628587374
kk,lvface_l,112,512,ours_accurate,age,<=25,688654,908736,0.01131720018742858
kk,lvface_l,168,1024,ours_accurate,skin_tone,__overall__,1515807,1413163,0.006526243357554935
kk,lvface_l,168,1024,ours_accurate,skin_tone,MST10,50485,6607,0.0021192030763078386
kk,lvface_l,168,1024,ours_accurate,skin_tone,MST5,178369,62240,0.004854396645837207
kk,lvface_l,168,1024,ours_accurate,skin_tone,MST6,671757,932109,0.007030239162924716
kk,lvface_l,168,1024,ours_accurate,skin_tone,MST7,415396,384592,0.005703483712945434
kk,lvface_l,168,1024,ours_accurate,skin_tone,MST8,47266,4349,0.012197108020626249
kk,lvface_l,168,1024,ours_accurate,skin_tone,MST9,121529,23266,0.009539319527555278
kk,lvface_l,168,1024,ours_accurate,gender,__overall__,1515807,2515222,0.00673948294287561
kk,lvface_l,168,1024,ours_accurate,gender,F,890858,1575354,0.007510246796172007
kk,lvface_l,168,1024,ours_accurate,gender,M,624949,939868,0.005564408996680724
kk,lvface_l,168,1024,ours_accurate,age,__overall__,1515807,1848306,0.006600035451676825
kk,lvface_l,168,1024,ours_accurate,age,26-35,607008,840462,0.006412366916706463
kk,lvface_l,168,1024,ours_accurate,age,36-50,207304,99108,0.002877518563490865
kk,lvface_l,168,1024,ours_accurate,age,<=25,688654,908736,0.007779246078096913
kk,lvface_l,168,512,ours_accurate,skin_tone,__overall__,1515807,1413163,0.047666352338127674
kk,lvface_l,168,512,ours_accurate,skin_tone,MST10,50485,6607,0.02898343462091093
kk,lvface_l,168,512,ours_accurate,skin_tone,MST5,178369,62240,0.04757396731078309
kk,lvface_l,168,512,ours_accurate,skin_tone,MST6,671757,932109,0.05029621815701591
kk,lvface_l,168,512,ours_accurate,skin_tone,MST7,415396,384592,0.04295999119018196
kk,lvface_l,168,512,ours_accurate,skin_tone,MST8,47266,4349,0.04699985552625033
kk,lvface_l,168,512,ours_accurate,skin_tone,MST9,121529,23266,0.0497430080228288
kk,lvface_l,168,512,ours_accurate,gender,__overall__,1515807,2515222,0.04973757954793901
kk,lvface_l,168,512,ours_accurate,gender,F,890858,1575354,0.059618680630860586
kk,lvface_l,168,512,ours_accurate,gender,M,624949,939868,0.03395656270713862
kk,lvface_l,168,512,ours_accurate,age,__overall__,1515807,1848306,0.0485181889145484
kk,lvface_l,168,512,ours_accurate,age,26-35,607008,840462,0.04509876686086098
kk,lvface_l,168,512,ours_accurate,age,36-50,207304,99108,0.02328091947750051
kk,lvface_l,168,512,ours_accurate,age,<=25,688654,908736,0.05842036888647593
kk,lvface_l,224,1024,ours_accurate,skin_tone,__overall__,1515807,1413163,0.005221433202561443
kk,lvface_l,224,1024,ours_accurate,skin_tone,MST10,50485,6607,0.0018390973382317447
kk,lvface_l,224,1024,ours_accurate,skin_tone,MST5,178369,62240,0.002933374431353068
kk,lvface_l,224,1024,ours_accurate,skin_tone,MST6,671757,932109,0.00520232379158346
kk,lvface_l,224,1024,ours_accurate,skin_tone,MST7,415396,384592,0.004224541738848234
kk,lvface_l,224,1024,ours_accurate,skin_tone,MST8,47266,4349,0.01784288023894785
kk,lvface_l,224,1024,ours_accurate,skin_tone,MST9,121529,23266,0.008059847096091546
kk,lvface_l,224,1024,ours_accurate,gender,__overall__,1515807,2515222,0.005386294131112668
kk,lvface_l,224,1024,ours_accurate,gender,F,890858,1575354,0.005468798810718481
kk,lvface_l,224,1024,ours_accurate,gender,M,624949,939868,0.005255999974048039
kk,lvface_l,224,1024,ours_accurate,age,__overall__,1515807,1848306,0.005293376232272811
kk,lvface_l,224,1024,ours_accurate,age,26-35,607008,840462,0.00590559743909525
kk,lvface_l,224,1024,ours_accurate,age,36-50,207304,99108,0.0026139142706603224
kk,lvface_l,224,1024,ours_accurate,age,<=25,688654,908736,0.005639821957579607
kk,lvface_l,224,512,ours_accurate,skin_tone,__overall__,1515807,1413163,0.02399652816315717
kk,lvface_l,224,512,ours_accurate,skin_tone,MST10,50485,6607,0.014504796136774033
kk,lvface_l,224,512,ours_accurate,skin_tone,MST5,178369,62240,0.02010593388613919
kk,lvface_l,224,512,ours_accurate,skin_tone,MST6,671757,932109,0.025452697897760654
kk,lvface_l,224,512,ours_accurate,skin_tone,MST7,415396,384592,0.022359897070933915
kk,lvface_l,224,512,ours_accurate,skin_tone,MST8,47266,4349,0.028600499842785433
kk,lvface_l,224,512,ours_accurate,skin_tone,MST9,121529,23266,0.02595025150248663
kk,lvface_l,224,512,ours_accurate,gender,__overall__,1515807,2515222,0.025123095193163438
kk,lvface_l,224,512,ours_accurate,gender,F,890858,1575354,0.029570427313526264
kk,lvface_l,224,512,ours_accurate,gender,M,624949,939868,0.018246857622587993
kk,lvface_l,224,512,ours_accurate,age,__overall__,1515807,1848306,0.02440145057687431
kk,lvface_l,224,512,ours_accurate,age,26-35,607008,840462,0.023887260518760653
kk,lvface_l,224,512,ours_accurate,age,36-50,207304,99108,0.012312746477804802
kk,lvface_l,224,512,ours_accurate,age,<=25,688654,908736,0.02840391988411645
kk,lvface_l,64,1024,ours_accurate,skin_tone,__overall__,1515807,1413163,0.054274765257024946
kk,lvface_l,64,1024,ours_accurate,skin_tone,MST10,50485,6607,0.035587883649381986
kk,lvface_l,64,1024,ours_accurate,skin_tone,MST5,178369,62240,0.05684143369473764
kk,lvface_l,64,1024,ours_accurate,skin_tone,MST6,671757,932109,0.05936462008528945
kk,lvface_l,64,1024,ours_accurate,skin_tone,MST7,415396,384592,0.04469070749439264
kk,lvface_l,64,1024,ours_accurate,skin_tone,MST8,47266,4349,0.052510895684027455
kk,lvface_l,64,1024,ours_accurate,skin_tone,MST9,121529,23266,0.06006775723640035
kk,lvface_l,64,1024,ours_accurate,gender,__overall__,1515807,2515222,0.05789578700874663
kk,lvface_l,64,1024,ours_accurate,gender,F,890858,1575354,0.06810844566174454
kk,lvface_l,64,1024,ours_accurate,gender,M,624949,939868,0.04239491527548249
kk,lvface_l,64,1024,ours_accurate,age,__overall__,1515807,1848306,0.05620474305793474
kk,lvface_l,64,1024,ours_accurate,age,26-35,607008,840462,0.053204375859047616
kk,lvface_l,64,1024,ours_accurate,age,36-50,207304,99108,0.027466169263676007
kk,lvface_l,64,1024,ours_accurate,age,<=25,688654,908736,0.06696287510505977
kk,lvface_l,64,512,ours_accurate,skin_tone,__overall__,1515807,1413163,0.05558566554080978
kk,lvface_l,64,512,ours_accurate,skin_tone,MST10,50485,6607,0.035196039014865926
kk,lvface_l,64,512,ours_accurate,skin_tone,MST5,178369,62240,0.058300378415655794
kk,lvface_l,64,512,ours_accurate,skin_tone,MST6,671757,932109,0.06054225273570796
kk,lvface_l,64,512,ours_accurate,skin_tone,MST7,415396,384592,0.04634605451740573
kk,lvface_l,64,512,ours_accurate,skin_tone,MST8,47266,4349,0.05238395454240345
kk,lvface_l,64,512,ours_accurate,skin_tone,MST9,121529,23266,0.06194500102078741
kk,lvface_l,64,512,ours_accurate,gender,__overall__,1515807,2515222,0.05936818710881497
kk,lvface_l,64,512,ours_accurate,gender,F,890858,1575354,0.06980992243456284
kk,lvface_l,64,512,ours_accurate,gender,M,624949,939868,0.04318815309778286
kk,lvface_l,64,512,ours_accurate,age,__overall__,1515807,1848306,0.05750492204377159
kk,lvface_l,64,512,ours_accurate,age,26-35,607008,840462,0.05488910701242413
kk,lvface_l,64,512,ours_accurate,age,36-50,207304,99108,0.02836403301091006
kk,lvface_l,64,512,ours_accurate,age,<=25,688654,908736,0.06824394322407454
kk,lvface_l,96,1024,ours_accurate,skin_tone,__overall__,1515807,1413163,0.009548020774980088
kk,lvface_l,96,1024,ours_accurate,skin_tone,MST10,50485,6607,0.0038331034432929597
kk,lvface_l,96,1024,ours_accurate,skin_tone,MST5,178369,62240,0.007689113364771487
kk,lvface_l,96,1024,ours_accurate,skin_tone,MST6,671757,932109,0.010782240730973993
kk,lvface_l,96,1024,ours_accurate,skin_tone,MST7,415396,384592,0.00815084803138178
kk,lvface_l,96,1024,ours_accurate,skin_tone,MST8,47266,4349,0.011881148921340342
kk,lvface_l,96,1024,ours_accurate,skin_tone,MST9,121529,23266,0.011821161205241144
kk,lvface_l,96,1024,ours_accurate,gender,__overall__,1515807,2515222,0.010121299214920564
kk,lvface_l,96,1024,ours_accurate,gender,F,890858,1575354,0.011452469856411629
kk,lvface_l,96,1024,ours_accurate,gender,M,624949,939868,0.008107469245461948
kk,lvface_l,96,1024,ours_accurate,age,__overall__,1515807,1848306,0.009808714967175428
kk,lvface_l,96,1024,ours_accurate,age,26-35,607008,840462,0.008953352153495187
kk,lvface_l,96,1024,ours_accurate,age,36-50,207304,99108,0.005542967758182325
kk,lvface_l,96,1024,ours_accurate,age,<=25,688654,908736,0.01178547187464358
kk,lvface_l,96,512,ours_accurate,skin_tone,__overall__,1515807,1413163,0.0193695092713123
kk,lvface_l,96,512,ours_accurate,skin_tone,MST10,50485,6607,0.00813728297598957
kk,lvface_l,96,512,ours_accurate,skin_tone,MST5,178369,62240,0.018397541706491848
kk,lvface_l,96,512,ours_accurate,skin_tone,MST6,671757,932109,0.021824203875704377
kk,lvface_l,96,512,ours_accurate,skin_tone,MST7,415396,384592,0.015957046270994715
kk,lvface_l,96,512,ours_accurate,skin_tone,MST8,47266,4349,0.019274577736816036
kk,lvface_l,96,512,ours_accurate,skin_tone,MST9,121529,23266,0.02215965510012094
kk,lvface_l,96,512,ours_accurate,gender,__overall__,1515807,2515222,0.02071816500299628
kk,lvface_l,96,512,ours_accurate,gender,F,890858,1575354,0.024819091732472782
kk,lvface_l,96,512,ours_accurate,gender,M,624949,939868,0.01433287639473703
kk,lvface_l,96,512,ours_accurate,age,__overall__,1515807,1848306,0.019890300504745072
kk,lvface_l,96,512,ours_accurate,age,26-35,607008,840462,0.01746249250781564
kk,lvface_l,96,512,ours_accurate,age,36-50,207304,99108,0.010387681076651655
kk,lvface_l,96,512,ours_accurate,age,<=25,688654,908736,0.024805277783575712
kk,lvface_l,112,1024,ours_fast,skin_tone,__overall__,1515807,1413163,0.011973878348778794
kk,lvface_l,112,1024,ours_fast,skin_tone,MST10,50485,6607,0.004238406152615677
kk,lvface_l,112,1024,ours_fast,skin_tone,MST5,178369,62240,0.013505028915174128
kk,lvface_l,112,1024,ours_fast,skin_tone,MST6,671757,932109,0.012570938756211347
kk,lvface_l,112,1024,ours_fast,skin_tone,MST7,415396,384592,0.010005110015086648
kk,lvface_l,112,1024,ours_fast,skin_tone,MST8,47266,4349,0.01402660453598148
kk,lvface_l,112,1024,ours_fast,skin_tone,MST9,121529,23266,0.015231362597469598
kk,lvface_l,112,1024,ours_fast,gender,__overall__,1515807,2515222,0.012568897396209058
kk,lvface_l,112,1024,ours_fast,gender,F,890858,1575354,0.014637057818967042
kk,lvface_l,112,1024,ours_fast,gender,M,624949,939868,0.009396561269266916
kk,lvface_l,112,1024,ours_fast,age,__overall__,1515807,1848306,0.012153981534998215
kk,lvface_l,112,1024,ours_fast,age,26-35,607008,840462,0.011485963499617773
kk,lvface_l,112,1024,ours_fast,age,36-50,207304,99108,0.005994743419642656
kk,lvface_l,112,1024,ours_fast,age,<=25,688654,908736,0.014671366104647355
kk,lvface_l,112,512,ours_fast,skin_tone,__overall__,1515807,1413163,0.025377240590847415
kk,lvface_l,112,512,ours_fast,skin_tone,MST10,50485,6607,0.011904613039201598
kk,lvface_l,112,512,ours_fast,skin_tone,MST5,178369,62240,0.028768154980228517
kk,lvface_l,112,512,ours_fast,skin_tone,MST6,671757,932109,0.027618490893645292
kk,lvface_l,112,512,ours_fast,skin_tone,MST7,415396,384592,0.02107566339438343
kk,lvface_l,112,512,ours_fast,skin_tone,MST8,47266,4349,0.019493937225109843
kk,lvface_l,112,512,ours_fast,skin_tone,MST9,121529,23266,0.02782381782511719
kk,lvface_l,112,512,ours_fast,gender,__overall__,1515807,2515222,0.026789608057449406
kk,lvface_l,112,512,ours_fast,gender,F,890858,1575354,0.03184941125016104
kk,lvface_l,112,512,ours_fast,gender,M,624949,939868,0.018787120829048584
kk,lvface_l,112,512,ours_fast,age,__overall__,1515807,1848306,0.026013889310182642
kk,lvface_l,112,512,ours_fast,age,26-35,607008,840462,0.023468308511020157
kk,lvface_l,112,512,ours_fast,age,36-50,207304,99108,0.012727458716025104
kk,lvface_l,112,512,ours_fast,age,<=25,688654,908736,0.03203180293721877
kk,lvface_l,168,1024,ours_fast,skin_tone,__overall__,1515807,1413163,0.008490007818129294
kk,lvface_l,168,1024,ours_fast,skin_tone,MST10,50485,6607,0.003338665347221703
kk,lvface_l,168,1024,ours_fast,skin_tone,MST5,178369,62240,0.007731707523545864
kk,lvface_l,168,1024,ours_fast,skin_tone,MST6,671757,932109,0.009249207168563148
kk,lvface_l,168,1024,ours_fast,skin_tone,MST7,415396,384592,0.007201926872714723
kk,lvface_l,168,1024,ours_fast,skin_tone,MST8,47266,4349,0.011303516619885965
kk,lvface_l,168,1024,ours_fast,skin_tone,MST9,121529,23266,0.011216758270041552
kk,lvface_l,168,1024,ours_fast,gender,__overall__,1515807,2515222,0.008872489939301065
kk,lvface_l,168,1024,ours_fast,gender,F,890858,1575354,0.010086655737736372
kk,lvface_l,168,1024,ours_fast,gender,M,624949,939868,0.006951273016606496
kk,lvface_l,168,1024,ours_fast,age,__overall__,1515807,1848306,0.008632127769867154
kk,lvface_l,168,1024,ours_fast,age,26-35,607008,840462,0.008189171409754895
kk,lvface_l,168,1024,ours_fast,age,36-50,207304,99108,0.003777994466166317
kk,lvface_l,168,1024,ours_fast,age,<=25,688654,908736,0.010363174901587334
kk,lvface_l,168,512,ours_fast,skin_tone,__overall__,1515807,1413163,0.0285689412495613
kk,lvface_l,168,512,ours_fast,skin_tone,MST10,50485,6607,0.017167956968457875
kk,lvface_l,168,512,ours_fast,skin_tone,MST5,178369,62240,0.028416870517374793
kk,lvface_l,168,512,ours_fast,skin_tone,MST6,671757,932109,0.03177175468297349
kk,lvface_l,168,512,ours_fast,skin_tone,MST7,415396,384592,0.0240269095019491
kk,lvface_l,168,512,ours_fast,skin_tone,MST8,47266,4349,0.02311061654194564
kk,lvface_l,168,512,ours_fast,skin_tone,MST9,121529,23266,0.03166102706320641
kk,lvface_l,168,512,ours_fast,gender,__overall__,1515807,2515222,0.03019374149673113
kk,lvface_l,168,512,ours_fast,gender,F,890858,1575354,0.036399811686121296
kk,lvface_l,168,512,ours_fast,gender,M,624949,939868,0.020588611112903894
kk,lvface_l,168,512,ours_fast,age,__overall__,1515807,1848306,0.029481067049527625
kk,lvface_l,168,512,ours_fast,age,26-35,607008,840462,0.026321345322667142
kk,lvface_l,168,512,ours_fast,age,36-50,207304,99108,0.013175495453793533
kk,lvface_l,168,512,ours_fast,age,<=25,688654,908736,0.0368189807984742
kk,lvface_l,224,1024,ours_fast,skin_tone,__overall__,1515807,1413163,0.004937852443854519
kk,lvface_l,224,1024,ours_fast,skin_tone,MST10,50485,6607,0.0022543039794154117
kk,lvface_l,224,1024,ours_fast,skin_tone,MST5,178369,62240,0.0024271983229186035
kk,lvface_l,224,1024,ours_fast,skin_tone,MST6,671757,932109,0.004928287751173702
kk,lvface_l,224,1024,ours_fast,skin_tone,MST7,415396,384592,0.0047142161999788115
kk,lvface_l,224,1024,ours_fast,skin_tone,MST8,47266,4349,0.010441660504551682
kk,lvface_l,224,1024,ours_fast,skin_tone,MST9,121529,23266,0.008439322740789654
kk,lvface_l,224,1024,ours_fast,gender,__overall__,1515807,2515222,0.005084829733256556
kk,lvface_l,224,1024,ours_fast,gender,F,890858,1575354,0.005337699432180557
kk,lvface_l,224,1024,ours_fast,gender,M,624949,939868,0.00471504663053752
kk,lvface_l,224,1024,ours_fast,age,__overall__,1515807,1848306,0.004963974403355257
kk,lvface_l,224,1024,ours_fast,age,26-35,607008,840462,0.0053833604134834205
kk,lvface_l,224,1024,ours_fast,age,36-50,207304,99108,0.0020667468471643998
kk,lvface_l,224,1024,ours_fast,age,<=25,688654,908736,0.00546325439377888
kk,lvface_l,224,512,ours_fast,skin_tone,__overall__,1515807,1413163,0.010466151966992878
kk,lvface_l,224,512,ours_fast,skin_tone,MST10,50485,6607,0.005128243026148704
kk,lvface_l,224,512,ours_fast,skin_tone,MST5,178369,62240,0.006899099437374136
kk,lvface_l,224,512,ours_fast,skin_tone,MST6,671757,932109,0.011345024590172774
kk,lvface_l,224,512,ours_fast,skin_tone,MST7,415396,384592,0.00918036835715385
kk,lvface_l,224,512,ours_fast,skin_tone,MST8,47266,4349,0.01656067449441509
kk,lvface_l,224,512,ours_fast,skin_tone,MST9,121529,23266,0.014096613125131777
kk,lvface_l,224,512,ours_fast,gender,__overall__,1515807,2515222,0.01091309707302103
kk,lvface_l,224,512,ours_fast,gender,F,890858,1575354,0.012557645249310783
kk,lvface_l,224,512,ours_fast,gender,M,624949,939868,0.008434267284332053
kk,lvface_l,224,512,ours_fast,age,__overall__,1515807,1848306,0.010611661064648153
kk,lvface_l,224,512,ours_fast,age,26-35,607008,840462,0.010494207987003035
kk,lvface_l,224,512,ours_fast,age,36-50,207304,99108,0.004206735869546599
kk,lvface_l,224,512,ours_fast,age,<=25,688654,908736,0.012542787399963985
kk,lvface_l,64,1024,ours_fast,skin_tone,__overall__,1515807,1413163,0.11652079615221549
kk,lvface_l,64,1024,ours_fast,skin_tone,MST10,50485,6607,0.09339704847840485
kk,lvface_l,64,1024,ours_fast,skin_tone,MST5,178369,62240,0.12049975206650043
kk,lvface_l,64,1024,ours_fast,skin_tone,MST6,671757,932109,0.12101923894048411
kk,lvface_l,64,1024,ours_fast,skin_tone,MST7,415396,384592,0.1048440952270149
kk,lvface_l,64,1024,ours_fast,skin_tone,MST8,47266,4349,0.11933261971791628
kk,lvface_l,64,1024,ours_fast,skin_tone,MST9,121529,23266,0.12021232896717945
kk,lvface_l,64,1024,ours_fast,gender,__overall__,1515807,2515222,0.12200818686918619
kk,lvface_l,64,1024,ours_fast,gender,F,890858,1575354,0.13756420334670977
kk,lvface_l,64,1024,ours_fast,gender,M,624949,939868,0.09824223775425689
kk,lvface_l,64,1024,ours_fast,age,__overall__,1515807,1848306,0.11922794290504113
kk,lvface_l,64,1024,ours_fast,age,26-35,607008,840462,0.11360850049766823
kk,lvface_l,64,1024,ours_fast,age,36-50,207304,99108,0.07701105040537405
kk,lvface_l,64,1024,ours_fast,age,<=25,688654,908736,0.13699233561801152
kk,lvface_l,64,512,ours_fast,skin_tone,__overall__,1515807,1413163,0.14607610027769433
kk,lvface_l,64,512,ours_fast,skin_tone,MST10,50485,6607,0.12639820710502103
kk,lvface_l,64,512,ours_fast,skin_tone,MST5,178369,62240,0.14994695756389648
kk,lvface_l,64,512,ours_fast,skin_tone,MST6,671757,932109,0.14927557986363432
kk,lvface_l,64,512,ours_fast,skin_tone,MST7,415396,384592,0.13279119052592295
kk,lvface_l,64,512,ours_fast,skin_tone,MST8,47266,4349,0.14332485547735946
kk,lvface_l,64,512,ours_fast,skin_tone,MST9,121529,23266,0.15532242435252325
kk,lvface_l,64,512,ours_fast,gender,__overall__,1515807,2515222,0.1524027920927295
kk,lvface_l,64,512,ours_fast,gender,F,890858,1575354,0.16899337906295608
kk,lvface_l,64,512,ours_fast,gender,M,624949,939868,0.12762044014139784
kk,lvface_l,64,512,ours_fast,age,__overall__,1515807,1848306,0.14911062960193794
kk,lvface_l,64,512,ours_fast,age,26-35,607008,840462,0.14330008507831707
kk,lvface_l,64,512,ours_fast,age,36-50,207304,99108,0.10231966279645885
kk,lvface_l,64,512,ours_fast,age,<=25,688654,908736,0.16838899889608555
kk,lvface_l,96,1024,ours_fast,skin_tone,__overall__,1515807,1413163,0.020833937958805317
kk,lvface_l,96,1024,ours_fast,skin_tone,MST10,50485,6607,0.012570213622878511
kk,lvface_l,96,1024,ours_fast,skin_tone,MST5,178369,62240,0.020481112871556337
kk,lvface_l,96,1024,ours_fast,skin_tone,MST6,671757,932109,0.02266173180130055
kk,lvface_l,96,1024,ours_fast,skin_tone,MST7,415396,384592,0.016612879795106294
kk,lvface_l,96,1024,ours_fast,skin_tone,MST8,47266,4349,0.028358589742780195
kk,lvface_l,96,1024,ours_fast,skin_tone,MST9,121529,23266,0.023929445948893804
kk,lvface_l,96,1024,ours_fast,gender,__overall__,1515807,2515222,0.02209441548905563
kk,lvface_l,96,1024,ours_fast,gender,F,890858,1575354,0.02604674285500958
kk,lvface_l,96,1024,ours_fast,gender,M,624949,939868,0.015943764578413934
kk,lvface_l,96,1024,ours_fast,age,__overall__,1515807,1848306,0.021266439185537035
kk,lvface_l,96,1024,ours_fast,age,26-35,607008,840462,0.019454012125794305
kk,lvface_l,96,1024,ours_fast,age,36-50,207304,99108,0.011383769909178262
kk,lvface_l,96,1024,ours_fast,age,<=25,688654,908736,0.025779354477426644
kk,lvface_l,96,512,ours_fast,skin_tone,__overall__,1515807,1413163,0.045120988395489434
kk,lvface_l,96,512,ours_fast,skin_tone,MST10,50485,6607,0.02782339594116276
kk,lvface_l,96,512,ours_fast,skin_tone,MST5,178369,62240,0.046207186694343136
kk,lvface_l,96,512,ours_fast,skin_tone,MST6,671757,932109,0.04909223339232102
kk,lvface_l,96,512,ours_fast,skin_tone,MST7,415396,384592,0.03719265755812691
kk,lvface_l,96,512,ours_fast,skin_tone,MST8,47266,4349,0.0474215989102229
kk,lvface_l,96,512,ours_fast,skin_tone,MST9,121529,23266,0.049628245963980244
kk,lvface_l,96,512,ours_fast,gender,__overall__,1515807,2515222,0.04741693058491396
kk,lvface_l,96,512,ours_fast,gender,F,890858,1575354,0.05605431294587144
kk,lvface_l,96,512,ours_fast,gender,M,624949,939868,0.034081345481308874
kk,lvface_l,96,512,ours_fast,age,__overall__,1515807,1848306,0.04607676628691475
kk,lvface_l,96,512,ours_fast,age,26-35,607008,840462,0.04275579275331902
kk,lvface_l,96,512,ours_fast,age,36-50,207304,99108,0.02340965666825691
kk,lvface_l,96,512,ours_fast,age,<=25,688654,908736,0.05554913791367294
kk,lvface_l,112,1024,webp,skin_tone,__overall__,1515807,1413163,0.006412963615292477
kk,lvface_l,112,1024,webp,skin_tone,MST10,50485,6607,0.0022741118431373088
kk,lvface_l,112,1024,webp,skin_tone,MST5,178369,62240,0.0052510784451475275
kk,lvface_l,112,1024,webp,skin_tone,MST6,671757,932109,0.0070507642602628505
kk,lvface_l,112,1024,webp,skin_tone,MST7,415396,384592,0.0061074550991223695
kk,lvface_l,112,1024,webp,skin_tone,MST8,47266,4349,0.006129592418332075
kk,lvface_l,112,1024,webp,skin_tone,MST9,121529,23266,0.007499781483156995
kk,lvface_l,112,1024,webp,gender,__overall__,1515807,2515222,0.006682710181905666
kk,lvface_l,112,1024,webp,gender,F,890858,1575354,0.00751662870890852
kk,lvface_l,112,1024,webp,gender,M,624949,939868,0.005446111702378271
kk,lvface_l,112,1024,webp,age,__overall__,1515807,1848306,0.006571294224721724
kk,lvface_l,112,1024,webp,age,26-35,607008,840462,0.007102230289310544
kk,lvface_l,112,1024,webp,age,36-50,207304,99108,0.0027005430367640984
kk,lvface_l,112,1024,webp,age,<=25,688654,908736,0.007198844312453453
kk,lvface_l,112,512,webp,skin_tone,__overall__,1515807,1413163,0.025968168536794282
kk,lvface_l,112,512,webp,skin_tone,MST10,50485,6607,0.015104623340370018
kk,lvface_l,112,512,webp,skin_tone,MST5,178369,62240,0.027707602249220774
kk,lvface_l,112,512,webp,skin_tone,MST6,671757,932109,0.03004603330478571
kk,lvface_l,112,512,webp,skin_tone,MST7,415396,384592,0.0200442616727465
kk,lvface_l,112,512,webp,skin_tone,MST8,47266,4349,0.01402660453598148
kk,lvface_l,112,512,webp,skin_tone,MST9,121529,23266,0.029571198721328087
kk,lvface_l,112,512,webp,gender,__overall__,1515807,2515222,0.027461892112113563
kk,lvface_l,112,512,webp,gender,F,890858,1575354,0.03317537418033843
kk,lvface_l,112,512,webp,gender,M,624949,939868,0.01838096061917028
kk,lvface_l,112,512,webp,age,__overall__,1515807,1848306,0.02694036957333688
kk,lvface_l,112,512,webp,age,26-35,607008,840462,0.025355399238984416
kk,lvface_l,112,512,webp,age,36-50,207304,99108,0.010891413068601564
kk,lvface_l,112,512,webp,age,<=25,688654,908736,0.03296799463323127
kk,lvface_l,168,1024,webp,skin_tone,__overall__,1515807,1413163,0.007978435606852491
kk,lvface_l,168,1024,webp,skin_tone,MST10,50485,6607,0.0024191166781058304
kk,lvface_l,168,1024,webp,skin_tone,MST5,178369,62240,0.005206979830279049
kk,lvface_l,168,1024,webp,skin_tone,MST6,671757,932109,0.009126177204849083
kk,lvface_l,168,1024,webp,skin_tone,MST7,415396,384592,0.006317141991312601
kk,lvface_l,168,1024,webp,skin_tone,MST8,47266,4349,0.01289110303523596
kk,lvface_l,168,1024,webp,skin_tone,MST9,121529,23266,0.012343279253705885
kk,lvface_l,168,1024,webp,gender,__overall__,1515807,2515222,0.008361064979183708
kk,lvface_l,168,1024,webp,gender,F,890858,1575354,0.009633857174927356
kk,lvface_l,168,1024,webp,gender,M,624949,939868,0.006481178334077625
kk,lvface_l,168,1024,webp,age,__overall__,1515807,1848306,0.00816623130813375
kk,lvface_l,168,1024,webp,age,26-35,607008,840462,0.008055271455652584
kk,lvface_l,168,1024,webp,age,36-50,207304,99108,0.0033856529825793697
kk,lvface_l,168,1024,webp,age,<=25,688654,908736,0.0096865027599048
kk,lvface_l,168,512,webp,skin_tone,__overall__,1515807,1413163,0.01414954869886434
kk,lvface_l,168,512,webp,skin_tone,MST10,50485,6607,0.007537455772393585
kk,lvface_l,168,512,webp,skin_tone,MST5,178369,62240,0.010391534239100334
kk,lvface_l,168,512,webp,skin_tone,MST6,671757,932109,0.016480347125588074
kk,lvface_l,168,512,webp,skin_tone,MST7,415396,384592,0.010942234054019857
kk,lvface_l,168,512,webp,skin_tone,MST8,47266,4349,0.01717004208127547
kk,lvface_l,168,512,webp,skin_tone,MST9,121529,23266,0.018385998257961115
kk,lvface_l,168,512,webp,gender,__overall__,1515807,2515222,0.014757794472010958
kk,lvface_l,168,512,webp,gender,F,890858,1575354,0.017300883298185257
kk,lvface_l,168,512,webp,gender,M,624949,939868,0.010904592342324115
kk,lvface_l,168,512,webp,age,__overall__,1515807,1848306,0.014407725775580353
kk,lvface_l,168,512,webp,age,26-35,607008,840462,0.013962607948284732
kk,lvface_l,168,512,webp,age,36-50,207304,99108,0.004878037818017455
kk,lvface_l,168,512,webp,age,<=25,688654,908736,0.01746056445044962
kk,lvface_l,224,1024,webp,skin_tone,__overall__,1515807,1413163,0.006010375745625279
kk,lvface_l,224,1024,webp,skin_tone,MST10,50485,6607,0.002883842978594241
kk,lvface_l,224,1024,webp,skin_tone,MST5,178369,62240,0.0036512579670597367
kk,lvface_l,224,1024,webp,skin_tone,MST6,671757,932109,0.006717755587041251
kk,lvface_l,224,1024,webp,skin_tone,MST7,415396,384592,0.004925542033789173
kk,lvface_l,224,1024,webp,skin_tone,MST8,47266,4349,0.008285626461441879
kk,lvface_l,224,1024,webp,skin_tone,MST9,121529,23266,0.0092910629190527
kk,lvface_l,224,1024,webp,gender,__overall__,1515807,2515222,0.006280796198968625
kk,lvface_l,224,1024,webp,gender,F,890858,1575354,0.006884828335345829
kk,lvface_l,224,1024,webp,gender,M,624949,939868,0.005373137568327576
kk,lvface_l,224,1024,webp,age,__overall__,1515807,1848306,0.006116483767640095
kk,lvface_l,224,1024,webp,age,26-35,607008,840462,0.006397860253765981
kk,lvface_l,224,1024,webp,age,36-50,207304,99108,0.0027224714557663255
kk,lvface_l,224,1024,webp,age,<=25,688654,908736,0.006896731502121066
kk,lvface_l,224,512,webp,skin_tone,__overall__,1515807,1413163,0.0077361978610669905
kk,lvface_l,224,512,webp,skin_tone,MST10,50485,6607,0.00445273851061084
kk,lvface_l,224,512,webp,skin_tone,MST5,178369,62240,0.0049438925971622815
kk,lvface_l,224,512,webp,skin_tone,MST6,671757,932109,0.008748763513028935
kk,lvface_l,224,512,webp,skin_tone,MST7,415396,384592,0.0062856537360819476
kk,lvface_l,224,512,webp,skin_tone,MST8,47266,4349,0.008054294789905308
kk,lvface_l,224,512,webp,skin_tone,MST9,121529,23266,0.011771790273200232
kk,lvface_l,224,512,webp,gender,__overall__,1515807,2515222,0.008062027738665722
kk,lvface_l,224,512,webp,gender,F,890858,1575354,0.008604647048051365
kk,lvface_l,224,512,webp,gender,M,624949,939868,0.007225580601857188
kk,lvface_l,224,512,webp,age,__overall__,1515807,1848306,0.007873082370872206
kk,lvface_l,224,512,webp,age,26-35,607008,840462,0.00807366787897859
kk,lvface_l,224,512,webp,age,36-50,207304,99108,0.003511535920906128
kk,lvface_l,224,512,webp,age,<=25,688654,908736,0.008984004440371871
kk,lvface_l,64,1024,webp,skin_tone,__overall__,1515807,1413163,0.007331149980953953
kk,lvface_l,64,1024,webp,skin_tone,MST10,50485,6607,0.0021489148718906856
kk,lvface_l,64,1024,webp,skin_tone,MST5,178369,62240,0.0058811408651407646
kk,lvface_l,64,1024,webp,skin_tone,MST6,671757,932109,0.007813180925771858
kk,lvface_l,64,1024,webp,skin_tone,MST7,415396,384592,0.00622228872546178
kk,lvface_l,64,1024,webp,skin_tone,MST8,47266,4349,0.011912884206746344
kk,lvface_l,64,1024,webp,skin_tone,MST9,121529,23266,0.010913177754283064
kk,lvface_l,64,1024,webp,gender,__overall__,1515807,2515222,0.007582642697947671
kk,lvface_l,64,1024,webp,gender,F,890858,1575354,0.008382950341751901
kk,lvface_l,64,1024,webp,gender,M,624949,939868,0.0064103321584210865
kk,lvface_l,64,1024,webp,age,__overall__,1515807,1848306,0.0074012886205596096
kk,lvface_l,64,1024,webp,age,26-35,607008,840462,0.007931850960918349
kk,lvface_l,64,1024,webp,age,36-50,207304,99108,0.0027566806265767073
kk,lvface_l,64,1024,webp,age,<=25,688654,908736,0.008184447337466545
kk,lvface_l,64,512,webp,skin_tone,__overall__,1515807,1413163,0.026125454109284553
kk,lvface_l,64,512,webp,skin_tone,MST10,50485,6607,0.017049109786126487
kk,lvface_l,64,512,webp,skin_tone,MST5,178369,62240,0.025572445543805732
kk,lvface_l,64,512,webp,skin_tone,MST6,671757,932109,0.02849950496406381
kk,lvface_l,64,512,webp,skin_tone,MST7,415396,384592,0.02194012905272164
kk,lvface_l,64,512,webp,skin_tone,MST8,47266,4349,0.02828454074349953
kk,lvface_l,64,512,webp,skin_tone,MST9,121529,23266,0.02805881233517041
kk,lvface_l,64,512,webp,gender,__overall__,1515807,2515222,0.027158086217560662
kk,lvface_l,64,512,webp,gender,F,890858,1575354,0.03111157636272665
kk,lvface_l,64,512,webp,gender,M,624949,939868,0.021029001775190327
kk,lvface_l,64,512,webp,age,__overall__,1515807,1848306,0.026574688674139646
kk,lvface_l,64,512,webp,age,26-35,607008,840462,0.02539859866228624
kk,lvface_l,64,512,webp,age,36-50,207304,99108,0.01437772398244469
kk,lvface_l,64,512,webp,age,<=25,688654,908736,0.031077584597532452
kk,lvface_l,96,1024,webp,skin_tone,__overall__,1515807,1413163,0.006194186399672159
kk,lvface_l,96,1024,webp,skin_tone,MST10,50485,6607,0.0019642943094783684
kk,lvface_l,96,1024,webp,skin_tone,MST5,178369,62240,0.004771805771464691
kk,lvface_l,96,1024,webp,skin_tone,MST6,671757,932109,0.006575789184961555
kk,lvface_l,96,1024,webp,skin_tone,MST7,415396,384592,0.005552969502412688
kk,lvface_l,96,1024,webp,skin_tone,MST8,47266,4349,0.0075493177329575
kk,lvface_l,96,1024,webp,skin_tone,MST9,121529,23266,0.009110472950816257
kk,lvface_l,96,1024,webp,gender,__overall__,1515807,2515222,0.00640918967543735
kk,lvface_l,96,1024,webp,gender,F,890858,1575354,0.007090700555031517
kk,lvface_l,96,1024,webp,gender,M,624949,939868,0.005406958444697672
kk,lvface_l,96,1024,webp,age,__overall__,1515807,1848306,0.006301600065920808
kk,lvface_l,96,1024,webp,age,26-35,607008,840462,0.006406234414931694
kk,lvface_l,96,1024,webp,age,36-50,207304,99108,0.0031040594330813795
kk,lvface_l,96,1024,webp,age,<=25,688654,908736,0.007179195459757766
kk,lvface_l,96,512,webp,skin_tone,__overall__,1515807,1413163,0.02898196357349538
kk,lvface_l,96,512,webp,skin_tone,MST10,50485,6607,0.017764230029108145
kk,lvface_l,96,512,webp,skin_tone,MST5,178369,62240,0.02898526302835918
kk,lvface_l,96,512,webp,skin_tone,MST6,671757,932109,0.03180242563264116
kk,lvface_l,96,512,webp,skin_tone,MST7,415396,384592,0.024648987741642783
kk,lvface_l,96,512,webp,skin_tone,MST8,47266,4349,0.02554029597046668
kk,lvface_l,96,512,webp,skin_tone,MST9,121529,23266,0.03295899016099457
kk,lvface_l,96,512,webp,gender,__overall__,1515807,2515222,0.030171660207922724
kk,lvface_l,96,512,webp,gender,F,890858,1575354,0.035660958010763105
kk,lvface_l,96,512,webp,gender,M,624949,939868,0.021552386976623934
kk,lvface_l,96,512,webp,age,__overall__,1515807,1848306,0.029637475264952487
kk,lvface_l,96,512,webp,age,26-35,607008,840462,0.028198507581258976
kk,lvface_l,96,512,webp,age,36-50,207304,99108,0.014281468478319528
kk,lvface_l,96,512,webp,age,<=25,688654,908736,0.035348565212857674
kk,topofr_r100,112,0,aligned,skin_tone,__overall__,1515807,1413163,0.0018656397627639354
kk,topofr_r100,112,0,aligned,skin_tone,MST10,50485,6607,0.0001549087668294702
kk,topofr_r100,112,0,aligned,skin_tone,MST5,178369,62240,0.0006601451464506128
kk,topofr_r100,112,0,aligned,skin_tone,MST6,671757,932109,0.0018745454922973193
kk,topofr_r100,112,0,aligned,skin_tone,MST7,415396,384592,0.001506629267360508
kk,topofr_r100,112,0,aligned,skin_tone,MST8,47266,4349,0.003616679316835798
kk,topofr_r100,112,0,aligned,skin_tone,MST9,121529,23266,0.0027660121616807955
kk,topofr_r100,112,0,aligned,gender,__overall__,1515807,2515222,0.0020522157019285227
kk,topofr_r100,112,0,aligned,gender,F,890858,1575354,0.0022813668218942176
kk,topofr_r100,112,0,aligned,gender,M,624949,939868,0.0015836651551005914
kk,topofr_r100,112,0,aligned,age,__overall__,1515807,1848306,0.0020689525671932704
kk,topofr_r100,112,0,aligned,age,26-35,607008,840462,0.0020494550466987026
kk,topofr_r100,112,0,aligned,age,36-50,207304,99108,0.0007421322068901371
kk,topofr_r100,112,0,aligned,age,<=25,688654,908736,0.002278673604578129
kk,topofr_r100,168,0,aligned,skin_tone,__overall__,1515807,1413163,0.001767448755878681
kk,topofr_r100,168,0,aligned,skin_tone,MST10,50485,6607,0.0001351009031075726
kk,topofr_r100,168,0,aligned,skin_tone,MST5,178369,62240,0.0005835367414660643
kk,topofr_r100,168,0,aligned,skin_tone,MST6,671757,932109,0.00177723024842569
kk,topofr_r100,168,0,aligned,skin_tone,MST7,415396,384592,0.0013998824734452434
kk,topofr_r100,168,0,aligned,skin_tone,MST8,47266,4349,0.003701306744585131
kk,topofr_r100,168,0,aligned,skin_tone,MST9,121529,23266,0.002711607619864014
kk,topofr_r100,168,0,aligned,gender,__overall__,1515807,2515222,0.0019265942310810582
kk,topofr_r100,168,0,aligned,gender,F,890858,1575354,0.0020842147570137672
kk,topofr_r100,168,0,aligned,gender,M,624949,939868,0.0015501040308672101
kk,topofr_r100,168,0,aligned,age,__overall__,1515807,1848306,0.0019479996370417862
kk,topofr_r100,168,0,aligned,age,26-35,607008,840462,0.001963925726863495
kk,topofr_r100,168,0,aligned,age,36-50,207304,99108,0.0007026568668515907
kk,topofr_r100,168,0,aligned,age,<=25,688654,908736,0.002138522227295945
kk,topofr_r100,224,0,aligned,skin_tone,__overall__,1515807,1413163,0.0017436399772001348
kk,topofr_r100,224,0,aligned,skin_tone,MST10,50485,6607,0.0001549087668294702
kk,topofr_r100,224,0,aligned,skin_tone,MST5,178369,62240,0.0005149617555046519
kk,topofr_r100,224,0,aligned,skin_tone,MST6,671757,932109,0.0017304334184131452
kk,topofr_r100,224,0,aligned,skin_tone,MST7,415396,384592,0.0014074901310528872
kk,topofr_r100,224,0,aligned,skin_tone,MST8,47266,4349,0.0036589930307104647
kk,topofr_r100,224,0,aligned,skin_tone,MST9,121529,23266,0.0026489745893737465
kk,topofr_r100,224,0,aligned,gender,__overall__,1515807,2515222,0.0019025756975540712
kk,topofr_r100,224,0,aligned,gender,F,890858,1575354,0.0020647142061565498
kk,topofr_r100,224,0,aligned,gender,M,624949,939868,0.001526399280419435
kk,topofr_r100,224,0,aligned,age,__overall__,1515807,1848306,0.001925686269809298
kk,topofr_r100,224,0,aligned,age,26-35,607008,840462,0.0019289177481440134
kk,topofr_r100,224,0,aligned,age,36-50,207304,99108,0.0006609907778300902
kk,topofr_r100,224,0,aligned,age,<=25,688654,908736,0.0021243528254612444
kk,topofr_r100,64,0,aligned,skin_tone,__overall__,1515807,1413163,0.0033365714485594825
kk,topofr_r100,64,0,aligned,skin_tone,MST10,50485,6607,0.0009492604646987188
kk,topofr_r100,64,0,aligned,skin_tone,MST5,178369,62240,0.0010162837366217265
kk,topofr_r100,64,0,aligned,skin_tone,MST6,671757,932109,0.003604529771262791
kk,topofr_r100,64,0,aligned,skin_tone,MST7,415396,384592,0.0023727806380659045
kk,topofr_r100,64,0,aligned,skin_tone,MST8,47266,4349,0.006897636432222454
kk,topofr_r100,64,0,aligned,skin_tone,MST9,121529,23266,0.004124332776500737
kk,topofr_r100,64,0,aligned,gender,__overall__,1515807,2515222,0.00369043271969701
kk,topofr_r100,64,0,aligned,gender,F,890858,1575354,0.0040777550552193575
kk,topofr_r100,64,0,aligned,gender,M,624949,939868,0.00287914105408803
kk,topofr_r100,64,0,aligned,age,__overall__,1515807,1848306,0.003642817176690341
kk,topofr_r100,64,0,aligned,age,26-35,607008,840462,0.0037633368338932834
kk,topofr_r100,64,0,aligned,age,36-50,207304,99108,0.0014351414065476554
kk,topofr_r100,64,0,aligned,age,<=25,688654,908736,0.00361887534164211
kk,topofr_r100,96,0,aligned,skin_tone,__overall__,1515807,1413163,0.0020199583076569915
kk,topofr_r100,96,0,aligned,skin_tone,MST10,50485,6607,0.00029000966993704283
kk,topofr_r100,96,0,aligned,skin_tone,MST5,178369,62240,0.0008161651341019305
kk,topofr_r100,96,0,aligned,skin_tone,MST6,671757,932109,0.0020122205507680595
kk,topofr_r100,96,0,aligned,skin_tone,MST7,415396,384592,0.001590071046799862
kk,topofr_r100,96,0,aligned,skin_tone,MST8,47266,4349,0.004605476573794081
kk,topofr_r100,96,0,aligned,skin_tone,MST9,121529,23266,0.003010154525846631
kk,topofr_r100,96,0,aligned,gender,__overall__,1515807,2515222,0.00223608668756805
kk,topofr_r100,96,0,aligned,gender,F,890858,1575354,0.0024368943226459874
kk,topofr_r100,96,0,aligned,gender,M,624949,939868,0.0017655789050663824
kk,topofr_r100,96,0,aligned,age,__overall__,1515807,1848306,0.0022499500068313225
kk,topofr_r100,96,0,aligned,age,26-35,607008,840462,0.0022498014928744973
kk,topofr_r100,96,0,aligned,age,36-50,207304,99108,0.0008901647320346867
kk,topofr_r100,96,0,aligned,age,<=25,688654,908736,0.0023518633942448235
kk,topofr_r100,112,1024,avif,skin_tone,__overall__,1515807,1413163,0.006218002434140788
kk,topofr_r100,112,1024,avif,skin_tone,MST10,50485,6607,0.0018093855426488982
kk,topofr_r100,112,1024,avif,skin_tone,MST5,178369,62240,0.004776283784758556
kk,topofr_r100,112,1024,avif,skin_tone,MST6,671757,932109,0.007233339565521553
kk,topofr_r100,112,1024,avif,skin_tone,MST7,415396,384592,0.003874113180916593
kk,topofr_r100,112,1024,avif,skin_tone,MST8,47266,4349,0.008380832317659879
kk,topofr_r100,112,1024,avif,skin_tone,MST9,121529,23266,0.008596583391025002
kk,topofr_r100,112,1024,avif,gender,__overall__,1515807,2515222,0.007178192587817734
kk,topofr_r100,112,1024,avif,gender,F,890858,1575354,0.00851361581210415
kk,topofr_r100,112,1024,avif,gender,M,624949,939868,0.005166500868242331
kk,topofr_r100,112,1024,avif,age,__overall__,1515807,1848306,0.006845046153177663
kk,topofr_r100,112,1024,avif,age,26-35,607008,840462,0.00649858264097739
kk,topofr_r100,112,1024,avif,age,36-50,207304,99108,0.002655580359681823
kk,topofr_r100,112,1024,avif,age,<=25,688654,908736,0.008176993999166193
kk,topofr_r100,112,512,avif,skin_tone,__overall__,1515807,1413163,0.10790540509762908
kk,topofr_r100,112,512,avif,skin_tone,MST10,50485,6607,0.07762886170335126
kk,topofr_r100,112,512,avif,skin_tone,MST5,178369,62240,0.11459153738709049
kk,topofr_r100,112,512,avif,skin_tone,MST6,671757,932109,0.10773167914338846
kk,topofr_r100,112,512,avif,skin_tone,MST7,415396,384592,0.09745333809808332
kk,topofr_r100,112,512,avif,skin_tone,MST8,47266,4349,0.11056177930168984
kk,topofr_r100,112,512,avif,skin_tone,MST9,121529,23266,0.12677668343704052
kk,topofr_r100,112,512,avif,gender,__overall__,1515807,2515222,0.12156960369872967
kk,topofr_r100,112,512,avif,gender,F,890858,1575354,0.1411278505771182
kk,topofr_r100,112,512,avif,gender,M,624949,939868,0.09176999819450019
kk,topofr_r100,112,512,avif,age,__overall__,1515807,1848306,0.11568207586201484
kk,topofr_r100,112,512,avif,age,26-35,607008,840462,0.10260829998428264
kk,topofr_r100,112,512,avif,age,36-50,207304,99108,0.07884964542072093
kk,topofr_r100,112,512,avif,age,<=25,688654,908736,0.13829645512099648
kk,topofr_r100,168,1024,avif,skin_tone,__overall__,1515807,1413163,0.007264155543356887
kk,topofr_r100,168,1024,avif,skin_tone,MST10,50485,6607,0.0028541311830113944
kk,topofr_r100,168,1024,avif,skin_tone,MST5,178369,62240,0.00520978300796127
kk,topofr_r100,168,1024,avif,skin_tone,MST6,671757,932109,0.008045530328120337
kk,topofr_r100,168,1024,avif,skin_tone,MST7,415396,384592,0.00504475793891598
kk,topofr_r100,168,1024,avif,skin_tone,MST8,47266,4349,0.01195519792062101
kk,topofr_r100,168,1024,avif,skin_tone,MST9,121529,23266,0.00963670524361774
kk,topofr_r100,168,1024,avif,gender,__overall__,1515807,2515222,0.008354559732552898
kk,topofr_r100,168,1024,avif,gender,F,890858,1575354,0.009839404786108997
kk,topofr_r100,168,1024,avif,gender,M,624949,939868,0.00601294769603116
kk,topofr_r100,168,1024,avif,age,__overall__,1515807,1848306,0.008027041976955682
kk,topofr_r100,168,1024,avif,age,26-35,607008,840462,0.007313651240998446
kk,topofr_r100,168,1024,avif,age,36-50,207304,99108,0.004399288736142296
kk,topofr_r100,168,1024,avif,age,<=25,688654,908736,0.00938594980527356
kk,topofr_r100,168,512,avif,skin_tone,__overall__,1515807,1413163,0.03832005641815213
kk,topofr_r100,168,512,avif,skin_tone,MST10,50485,6607,0.024290206099667793
kk,topofr_r100,168,512,avif,skin_tone,MST5,178369,62240,0.03623677527065762
kk,topofr_r100,168,512,avif,skin_tone,MST6,671757,932109,0.0407478937226152
kk,topofr_r100,168,512,avif,skin_tone,MST7,415396,384592,0.029681466519171935
kk,topofr_r100,168,512,avif,skin_tone,MST8,47266,4349,0.04508573158314576
kk,topofr_r100,168,512,avif,skin_tone,MST9,121529,23266,0.05167461054875399
kk,topofr_r100,168,512,avif,gender,__overall__,1515807,2515222,0.044737473139798756
kk,topofr_r100,168,512,avif,gender,F,890858,1575354,0.05368713458003476
kk,topofr_r100,168,512,avif,gender,M,624949,939868,0.030995058986102827
kk,topofr_r100,168,512,avif,age,__overall__,1515807,1848306,0.042374918634779844
kk,topofr_r100,168,512,avif,age,26-35,607008,840462,0.03626247362834711
kk,topofr_r100,168,512,avif,age,36-50,207304,99108,0.0221433912959509
kk,topofr_r100,168,512,avif,age,<=25,688654,908736,0.0528332428434254
kk,topofr_r100,224,1024,avif,skin_tone,__overall__,1515807,1413163,0.007379967172853087
kk,topofr_r100,224,1024,avif,skin_tone,MST10,50485,6607,0.002564121513074352
kk,topofr_r100,224,1024,avif,skin_tone,MST5,178369,62240,0.005014894646782389
kk,topofr_r100,224,1024,avif,skin_tone,MST6,671757,932109,0.008530268799926083
kk,topofr_r100,224,1024,avif,skin_tone,MST7,415396,384592,0.005251558314861288
kk,topofr_r100,224,1024,avif,skin_tone,MST8,47266,4349,0.00825389117603588
kk,topofr_r100,224,1024,avif,skin_tone,MST9,121529,23266,0.010346722383553282
kk,topofr_r100,224,1024,avif,gender,__overall__,1515807,2515222,0.008518872862191771
kk,topofr_r100,224,1024,avif,gender,F,890858,1575354,0.010362455613292017
kk,topofr_r100,224,1024,avif,gender,M,624949,939868,0.005707450049977813
kk,topofr_r100,224,1024,avif,age,__overall__,1515807,1848306,0.00813843079515772
kk,topofr_r100,224,1024,avif,age,26-35,607008,840462,0.007786876907053297
kk,topofr_r100,224,1024,avif,age,36-50,207304,99108,0.0034207468246520083
kk,topofr_r100,224,1024,avif,age,<=25,688654,908736,0.009651776873940943
kk,topofr_r100,224,512,avif,skin_tone,__overall__,1515807,1413163,0.014250897901299173
kk,topofr_r100,224,512,avif,skin_tone,MST10,50485,6607,0.005487580219112388
kk,topofr_r100,224,512,avif,skin_tone,MST5,178369,62240,0.013506909485291756
kk,topofr_r100,224,512,avif,skin_tone,MST6,671757,932109,0.01626867188372374
kk,topofr_r100,224,512,avif,skin_tone,MST7,415396,384592,0.010228040151969667
kk,topofr_r100,224,512,avif,skin_tone,MST8,47266,4349,0.01185080739070844
kk,topofr_r100,224,512,avif,skin_tone,MST9,121529,23266,0.019932217964251854
kk,topofr_r100,224,512,avif,gender,__overall__,1515807,2515222,0.016895035236893795
kk,topofr_r100,224,512,avif,gender,F,890858,1575354,0.02094209096587151
kk,topofr_r100,224,512,avif,gender,M,624949,939868,0.01053082107133116
kk,topofr_r100,224,512,avif,age,__overall__,1515807,1848306,0.015873096979083894
kk,topofr_r100,224,512,avif,age,26-35,607008,840462,0.013541230347321836
kk,topofr_r100,224,512,avif,age,36-50,207304,99108,0.007188872455808688
kk,topofr_r100,224,512,avif,age,<=25,688654,908736,0.020407883946428465
kk,topofr_r100,64,1024,avif,skin_tone,__overall__,1515807,1413163,0.007314111628436305
kk,topofr_r100,64,1024,avif,skin_tone,MST10,50485,6607,0.0026992224161819242
kk,topofr_r100,64,1024,avif,skin_tone,MST5,178369,62240,0.005571151839473299
kk,topofr_r100,64,1024,avif,skin_tone,MST6,671757,932109,0.00805558105399601
kk,topofr_r100,64,1024,avif,skin_tone,MST7,415396,384592,0.004855147815544938
kk,topofr_r100,64,1024,avif,skin_tone,MST8,47266,4349,0.010819696419875489
kk,topofr_r100,64,1024,avif,skin_tone,MST9,121529,23266,0.01012315124107116
kk,topofr_r100,64,1024,avif,gender,__overall__,1515807,2515222,0.008429007264166313
kk,topofr_r100,64,1024,avif,gender,F,890858,1575354,0.010116787996805415
kk,topofr_r100,64,1024,avif,gender,M,624949,939868,0.005771883218026624
kk,topofr_r100,64,1024,avif,age,__overall__,1515807,1848306,0.008091191380939323
kk,topofr_r100,64,1024,avif,age,26-35,607008,840462,0.007283631215661718
kk,topofr_r100,64,1024,avif,age,36-50,207304,99108,0.004285907717439258
kk,topofr_r100,64,1024,avif,age,<=25,688654,908736,0.009580458962249792
kk,topofr_r100,64,512,avif,skin_tone,__overall__,1515807,1413163,0.10126475255198054
kk,topofr_r100,64,512,avif,skin_tone,MST10,50485,6607,0.06540883983855167
kk,topofr_r100,64,512,avif,skin_tone,MST5,178369,62240,0.11109175068441132
kk,topofr_r100,64,512,avif,skin_tone,MST6,671757,932109,0.10167810020626764
kk,topofr_r100,64,512,avif,skin_tone,MST7,415396,384592,0.09258960994111536
kk,topofr_r100,64,512,avif,skin_tone,MST8,47266,4349,0.09505337263504504
kk,topofr_r100,64,512,avif,skin_tone,MST9,121529,23266,0.11764660443025833
kk,topofr_r100,64,512,avif,gender,__overall__,1515807,2515222,0.11588806683431652
kk,topofr_r100,64,512,avif,gender,F,890858,1575354,0.13261565958985794
kk,topofr_r100,64,512,avif,gender,M,624949,939868,0.09035151961271805
kk,topofr_r100,64,512,avif,age,__overall__,1515807,1848306,0.11007828120065385
kk,topofr_r100,64,512,avif,age,26-35,607008,840462,0.09527652855882987
kk,topofr_r100,64,512,avif,age,36-50,207304,99108,0.0798293559588071
kk,topofr_r100,64,512,avif,age,<=25,688654,908736,0.13238154897000642
kk,topofr_r100,96,1024,avif,skin_tone,__overall__,1515807,1413163,0.006755489618315541
kk,topofr_r100,96,1024,avif,skin_tone,MST10,50485,6607,0.002438924541827728
kk,topofr_r100,96,1024,avif,skin_tone,MST5,178369,62240,0.005149241441022993
kk,topofr_r100,96,1024,avif,skin_tone,MST6,671757,932109,0.007542068215747183
kk,topofr_r100,96,1024,avif,skin_tone,MST7,415396,384592,0.004198347341290924
kk,topofr_r100,96,1024,avif,skin_tone,MST8,47266,4349,0.012216871122789484
kk,topofr_r100,96,1024,avif,skin_tone,MST9,121529,23266,0.009298372042287058
kk,topofr_r100,96,1024,avif,gender,__overall__,1515807,2515222,0.0078014329329936585
kk,topofr_r100,96,1024,avif,gender,F,890858,1575354,0.009185485973527967
kk,topofr_r100,96,1024,avif,gender,M,624949,939868,0.005569984483027797
kk,topofr_r100,96,1024,avif,age,__overall__,1515807,1848306,0.007500073040742544
kk,topofr_r100,96,1024,avif,age,26-35,607008,840462,0.006688174876661122
kk,topofr_r100,96,1024,avif,age,36-50,207304,99108,0.0038617689798404464
kk,topofr_r100,96,1024,avif,age,<=25,688654,908736,0.008800873955067939
kk,topofr_r100,96,512,avif,skin_tone,__overall__,1515807,1413163,0.11293519577130344
kk,topofr_r100,96,512,avif,skin_tone,MST10,50485,6607,0.08412512597832805
kk,topofr_r100,96,512,avif,skin_tone,MST5,178369,62240,0.12056770984894388
kk,topofr_r100,96,512,avif,skin_tone,MST6,671757,932109,0.11374797551050951
kk,topofr_r100,96,512,avif,skin_tone,MST7,415396,384592,0.1031181583022599
kk,topofr_r100,96,512,avif,skin_tone,MST8,47266,4349,0.10352801705414882
kk,topofr_r100,96,512,avif,skin_tone,MST9,121529,23266,0.1312562889750778
kk,topofr_r100,96,512,avif,gender,__overall__,1515807,2515222,0.12842778921039633
kk,topofr_r100,96,512,avif,gender,F,890858,1575354,0.1456358318346424
kk,topofr_r100,96,512,avif,gender,M,624949,939868,0.10155277214458772
kk,topofr_r100,96,512,avif,age,__overall__,1515807,1848306,0.12218238442986215
kk,topofr_r100,96,512,avif,age,26-35,607008,840462,0.10806561192998618
kk,topofr_r100,96,512,avif,age,36-50,207304,99108,0.09004725540078216
kk,topofr_r100,96,512,avif,age,<=25,688654,908736,0.1438310339316911
kk,topofr_r100,112,1024,heif,skin_tone,__overall__,1515807,1413163,0.009747305195349991
kk,topofr_r100,112,1024,heif,skin_tone,MST10,50485,6607,0.003608867153436848
kk,topofr_r100,112,1024,heif,skin_tone,MST5,178369,62240,0.00880125163612978
kk,topofr_r100,112,1024,heif,skin_tone,MST6,671757,932109,0.010661094603554067
kk,topofr_r100,112,1024,heif,skin_tone,MST7,415396,384592,0.007134422037551888
kk,topofr_r100,112,1024,heif,skin_tone,MST8,47266,4349,0.01355336276443967
kk,topofr_r100,112,1024,heif,skin_tone,MST9,121529,23266,0.012617140693668046
kk,topofr_r100,112,1024,heif,gender,__overall__,1515807,2515222,0.011311114034600379
kk,topofr_r100,112,1024,heif,gender,F,890858,1575354,0.013747640311831406
kk,topofr_r100,112,1024,heif,gender,M,624949,939868,0.007606704006403854
kk,topofr_r100,112,1024,heif,age,__overall__,1515807,1848306,0.010742549856482975
kk,topofr_r100,112,1024,heif,age,26-35,607008,840462,0.00944822368372105
kk,topofr_r100,112,1024,heif,age,36-50,207304,99108,0.00508001718399166
kk,topofr_r100,112,1024,heif,age,<=25,688654,908736,0.013265053540621921
kk,topofr_r100,112,512,heif,skin_tone,__overall__,1515807,1413163,0.22875477892384127
kk,topofr_r100,112,512,heif,skin_tone,MST10,50485,6607,0.19532881585925438
kk,topofr_r100,112,512,heif,skin_tone,MST5,178369,62240,0.24037644645950085
kk,topofr_r100,112,512,heif,skin_tone,MST6,671757,932109,0.22482009418621277
kk,topofr_r100,112,512,heif,skin_tone,MST7,415396,384592,0.2138761572308176
kk,topofr_r100,112,512,heif,skin_tone,MST8,47266,4349,0.2035768743615545
kk,topofr_r100,112,512,heif,skin_tone,MST9,121529,23266,0.25278942777518765
kk,topofr_r100,112,512,heif,gender,__overall__,1515807,2515222,0.2571582389381285
kk,topofr_r100,112,512,heif,gender,F,890858,1575354,0.27888210065007135
kk,topofr_r100,112,512,heif,gender,M,624949,939868,0.2182558737197778
kk,topofr_r100,112,512,heif,age,__overall__,1515807,1848306,0.2452821738058163
kk,topofr_r100,112,512,heif,age,26-35,607008,840462,0.22040897847055127
kk,topofr_r100,112,512,heif,age,36-50,207304,99108,0.20564112293030362
kk,topofr_r100,112,512,heif,age,<=25,688654,908736,0.27562049018643653
kk,topofr_r100,168,1024,heif,skin_tone,__overall__,1515807,1413163,0.010678228945163189
kk,topofr_r100,168,1024,heif,skin_tone,MST10,50485,6607,0.0035989632215758993
kk,topofr_r100,168,1024,heif,skin_tone,MST5,178369,62240,0.008171189216136543
kk,topofr_r100,168,1024,heif,skin_tone,MST6,671757,932109,0.011724763409784327
kk,topofr_r100,168,1024,heif,skin_tone,MST7,415396,384592,0.00694851933465407
kk,topofr_r100,168,1024,heif,skin_tone,MST8,47266,4349,0.01606627586593595
kk,topofr_r100,168,1024,heif,skin_tone,MST9,121529,23266,0.016000817888997793
kk,topofr_r100,168,1024,heif,gender,__overall__,1515807,2515222,0.012297760068457776
kk,topofr_r100,168,1024,heif,gender,F,890858,1575354,0.014845205588721894
kk,topofr_r100,168,1024,heif,gender,M,624949,939868,0.0084115973806561
kk,topofr_r100,168,1024,heif,age,__overall__,1515807,1848306,0.011739708631697578
kk,topofr_r100,168,1024,heif,age,26-35,607008,840462,0.009869875630058575
kk,topofr_r100,168,1024,heif,age,36-50,207304,99108,0.0055999900192571905
kk,topofr_r100,168,1024,heif,age,<=25,688654,908736,0.014771153264861442
kk,topofr_r100,168,512,heif,skin_tone,__overall__,1515807,1413163,0.11406997959350092
kk,topofr_r100,168,512,heif,skin_tone,MST10,50485,6607,0.09338994019251343
kk,topofr_r100,168,512,heif,skin_tone,MST5,178369,62240,0.12142458857170257
kk,topofr_r100,168,512,heif,skin_tone,MST6,671757,932109,0.11505583025374562
kk,topofr_r100,168,512,heif,skin_tone,MST7,415396,384592,0.10019379291791163
kk,topofr_r100,168,512,heif,skin_tone,MST8,47266,4349,0.10313940271035635
kk,topofr_r100,168,512,heif,skin_tone,MST9,121529,23266,0.13481736125974636
kk,topofr_r100,168,512,heif,gender,__overall__,1515807,2515222,0.1298165678180323
kk,topofr_r100,168,512,heif,gender,F,890858,1575354,0.15027960896814213
kk,topofr_r100,168,512,heif,gender,M,624949,939868,0.09833077276346638
kk,topofr_r100,168,512,heif,age,__overall__,1515807,1848306,0.12361953801207844
kk,topofr_r100,168,512,heif,age,26-35,607008,840462,0.10882352665100867
kk,topofr_r100,168,512,heif,age,36-50,207304,99108,0.08100702298384194
kk,topofr_r100,168,512,heif,age,<=25,688654,908736,0.14829917850676014
kk,topofr_r100,224,1024,heif,skin_tone,__overall__,1515807,1413163,0.010509947734570058
kk,topofr_r100,224,1024,heif,skin_tone,MST10,50485,6607,0.0036682907446025405
kk,topofr_r100,224,1024,heif,skin_tone,MST5,178369,62240,0.00814876379467878
kk,topofr_r100,224,1024,heif,skin_tone,MST6,671757,932109,0.012005564984740449
kk,topofr_r100,224,1024,heif,skin_tone,MST7,415396,384592,0.0075853862191665525
kk,topofr_r100,224,1024,heif,skin_tone,MST8,47266,4349,0.010798539562938157
kk,topofr_r100,224,1024,heif,skin_tone,MST9,121529,23266,0.012907459110977178
kk,topofr_r100,224,1024,heif,gender,__overall__,1515807,2515222,0.012247143329677797
kk,topofr_r100,224,1024,heif,gender,F,890858,1575354,0.014975162759828256
kk,topofr_r100,224,1024,heif,gender,M,624949,939868,0.008123701170879955
kk,topofr_r100,224,1024,heif,age,__overall__,1515807,1848306,0.011702925168898147
kk,topofr_r100,224,1024,heif,age,26-35,607008,840462,0.01030594247529553
kk,topofr_r100,224,1024,heif,age,36-50,207304,99108,0.005673895697921683
kk,topofr_r100,224,1024,heif,age,<=25,688654,908736,0.014328077972735939
kk,topofr_r100,224,512,heif,skin_tone,__overall__,1515807,1413163,0.04851924535017242
kk,topofr_r100,224,512,heif,skin_tone,MST10,50485,6607,0.034731312714377516
kk,topofr_r100,224,512,heif,skin_tone,MST5,178369,62240,0.05032366609168616
kk,topofr_r100,224,512,heif,skin_tone,MST6,671757,932109,0.051407566376253246
kk,topofr_r100,224,512,heif,skin_tone,MST7,415396,384592,0.03865311780111447
kk,topofr_r100,224,512,heif,skin_tone,MST8,47266,4349,0.046821415997057095
kk,topofr_r100,224,512,heif,skin_tone,MST9,121529,23266,0.059280488819505824
kk,topofr_r100,224,512,heif,gender,__overall__,1515807,2515222,0.055999367984514506
kk,topofr_r100,224,512,heif,gender,F,890858,1575354,0.06704944396862103
kk,topofr_r100,224,512,heif,gender,M,624949,939868,0.03915783017916265
kk,topofr_r100,224,512,heif,age,__overall__,1515807,1848306,0.05314697589697438
kk,topofr_r100,224,512,heif,age,26-35,607008,840462,0.046577795747016024
kk,topofr_r100,224,512,heif,age,36-50,207304,99108,0.028164444632561687
kk,topofr_r100,224,512,heif,age,<=25,688654,908736,0.0654744271375573
kk,topofr_r100,64,1024,heif,skin_tone,__overall__,1515807,1413163,0.009427841868043133
kk,topofr_r100,64,1024,heif,skin_tone,MST10,50485,6607,0.0054380605598076445
kk,topofr_r100,64,1024,heif,skin_tone,MST5,178369,62240,0.007140889591103714
kk,topofr_r100,64,1024,heif,skin_tone,MST6,671757,932109,0.010324489865780703
kk,topofr_r100,64,1024,heif,skin_tone,MST7,415396,384592,0.006474735047052952
kk,topofr_r100,64,1024,heif,skin_tone,MST8,47266,4349,0.010745647420594823
kk,topofr_r100,64,1024,heif,skin_tone,MST9,121529,23266,0.013630738349362074
kk,topofr_r100,64,1024,heif,gender,__overall__,1515807,2515222,0.01103730972901288
kk,topofr_r100,64,1024,heif,gender,F,890858,1575354,0.01332795063788295
kk,topofr_r100,64,1024,heif,gender,M,624949,939868,0.0075009937840553225
kk,topofr_r100,64,1024,heif,age,__overall__,1515807,1848306,0.010576549584220284
kk,topofr_r100,64,1024,heif,age,26-35,607008,840462,0.008929052706121926
kk,topofr_r100,64,1024,heif,age,36-50,207304,99108,0.00568376453293132
kk,topofr_r100,64,1024,heif,age,<=25,688654,908736,0.013011319976886057
kk,topofr_r100,64,512,heif,skin_tone,__overall__,1515807,1413163,0.22112309151106158
kk,topofr_r100,64,512,heif,skin_tone,MST10,50485,6607,0.18403469245248588
kk,topofr_r100,64,512,heif,skin_tone,MST5,178369,62240,0.23489277497670588
kk,topofr_r100,64,512,heif,skin_tone,MST6,671757,932109,0.21871355698506745
kk,topofr_r100,64,512,heif,skin_tone,MST7,415396,384592,0.20911122934758192
kk,topofr_r100,64,512,heif,skin_tone,MST8,47266,4349,0.20609757838197126
kk,topofr_r100,64,512,heif,skin_tone,MST9,121529,23266,0.2418383482567134
kk,topofr_r100,64,512,heif,gender,__overall__,1515807,2515222,0.2487973896020535
kk,topofr_r100,64,512,heif,gender,F,890858,1575354,0.26876151088580247
kk,topofr_r100,64,512,heif,gender,M,624949,939868,0.21484261539562846
kk,topofr_r100,64,512,heif,age,__overall__,1515807,1848306,0.23702894748864153
kk,topofr_r100,64,512,heif,age,26-35,607008,840462,0.2115173133867258
kk,topofr_r100,64,512,heif,age,36-50,207304,99108,0.2065892364530208
kk,topofr_r100,64,512,heif,age,<=25,688654,908736,0.2672403432406881
kk,topofr_r100,96,1024,heif,skin_tone,__overall__,1515807,1413163,0.009683403147709716
kk,topofr_r100,96,1024,heif,skin_tone,MST10,50485,6607,0.002603737240518147
kk,topofr_r100,96,1024,heif,skin_tone,MST5,178369,62240,0.00846528178327528
kk,topofr_r100,96,1024,heif,skin_tone,MST6,671757,932109,0.010544896858008957
kk,topofr_r100,96,1024,heif,skin_tone,MST7,415396,384592,0.006630253890267253
kk,topofr_r100,96,1024,heif,skin_tone,MST8,47266,4349,0.01345815690822167
kk,topofr_r100,96,1024,heif,skin_tone,MST9,121529,23266,0.014028027119426516
kk,topofr_r100,96,1024,heif,gender,__overall__,1515807,2515222,0.011184468199643817
kk,topofr_r100,96,1024,heif,gender,F,890858,1575354,0.013706695488075394
kk,topofr_r100,96,1024,heif,gender,M,624949,939868,0.007321949792918506
kk,topofr_r100,96,1024,heif,age,__overall__,1515807,1848306,0.010701933766830974
kk,topofr_r100,96,1024,heif,age,26-35,607008,840462,0.009037005652855548
kk,topofr_r100,96,1024,heif,age,36-50,207304,99108,0.004759611797901815
kk,topofr_r100,96,1024,heif,age,<=25,688654,908736,0.013489620237211952
kk,topofr_r100,96,512,heif,skin_tone,__overall__,1515807,1413163,0.22040962824272126
kk,topofr_r100,96,512,heif,skin_tone,MST10,50485,6607,0.19251074626074105
kk,topofr_r100,96,512,heif,skin_tone,MST5,178369,62240,0.23726178808636803
kk,topofr_r100,96,512,heif,skin_tone,MST6,671757,932109,0.21804793089344868
kk,topofr_r100,96,512,heif,skin_tone,MST7,415396,384592,0.20795973831216988
kk,topofr_r100,96,512,heif,skin_tone,MST8,47266,4349,0.1934525667110628
kk,topofr_r100,96,512,heif,skin_tone,MST9,121529,23266,0.2436076107223487
kk,topofr_r100,96,512,heif,gender,__overall__,1515807,2515222,0.2478656062095697
kk,topofr_r100,96,512,heif,gender,F,890858,1575354,0.2700521668273177
kk,topofr_r100,96,512,heif,gender,M,624949,939868,0.2095162977913535
kk,topofr_r100,96,512,heif,age,__overall__,1515807,1848306,0.23645214212247803
kk,topofr_r100,96,512,heif,age,26-35,607008,840462,0.21329933084764152
kk,topofr_r100,96,512,heif,age,36-50,207304,99108,0.19498638259246312
kk,topofr_r100,96,512,heif,age,<=25,688654,908736,0.26644666712127446
kk,topofr_r100,112,1024,jpeg2000,skin_tone,__overall__,1515807,1413163,0.09770542670553684
kk,topofr_r100,112,1024,jpeg2000,skin_tone,MST10,50485,6607,0.06379322029319986
kk,topofr_r100,112,1024,jpeg2000,skin_tone,MST5,178369,62240,0.10933950097938994
kk,topofr_r100,112,1024,jpeg2000,skin_tone,MST6,671757,932109,0.09872084749393088
kk,topofr_r100,112,1024,jpeg2000,skin_tone,MST7,415396,384592,0.0858042753453762
kk,topofr_r100,112,1024,jpeg2000,skin_tone,MST8,47266,4349,0.10906661123300966
kk,topofr_r100,112,1024,jpeg2000,skin_tone,MST9,121529,23266,0.11599109305747514
kk,topofr_r100,112,1024,jpeg2000,gender,__overall__,1515807,2515222,0.1120417984855917
kk,topofr_r100,112,1024,jpeg2000,gender,F,890858,1575354,0.12849173476384562
kk,topofr_r100,112,1024,jpeg2000,gender,M,624949,939868,0.08673817809196407
kk,topofr_r100,112,1024,jpeg2000,age,__overall__,1515807,1848306,0.10611556348493748
kk,topofr_r100,112,1024,jpeg2000,age,26-35,607008,840462,0.09332427360087059
kk,topofr_r100,112,1024,jpeg2000,age,36-50,207304,99108,0.07006644504966239
kk,topofr_r100,112,1024,jpeg2000,age,<=25,688654,908736,0.12757185298061918
kk,topofr_r100,112,512,jpeg2000,skin_tone,__overall__,1515807,1413163,0.3170007833456959
kk,topofr_r100,112,512,jpeg2000,skin_tone,MST10,50485,6607,0.2786936145752179
kk,topofr_r100,112,512,jpeg2000,skin_tone,MST5,178369,62240,0.33700106747564307
kk,topofr_r100,112,512,jpeg2000,skin_tone,MST6,671757,932109,0.31923705032201377
kk,topofr_r100,112,512,jpeg2000,skin_tone,MST7,415396,384592,0.28521103459877817
kk,topofr_r100,112,512,jpeg2000,skin_tone,MST8,47266,4349,0.3053903638587293
kk,topofr_r100,112,512,jpeg2000,skin_tone,MST9,121529,23266,0.3442165160901928
kk,topofr_r100,112,512,jpeg2000,gender,__overall__,1515807,2515222,0.3525665172878816
kk,topofr_r100,112,512,jpeg2000,gender,F,890858,1575354,0.3701315082329818
kk,topofr_r100,112,512,jpeg2000,gender,M,624949,939868,0.31275149371471844
kk,topofr_r100,112,512,jpeg2000,age,__overall__,1515807,1848306,0.337649165893538
kk,topofr_r100,112,512,jpeg2000,age,26-35,607008,840462,0.30847513918325653
kk,topofr_r100,112,512,jpeg2000,age,36-50,207304,99108,0.3020194212372822
kk,topofr_r100,112,512,jpeg2000,age,<=25,688654,908736,0.36409426899405306
kk,topofr_r100,168,1024,jpeg2000,skin_tone,__overall__,1515807,1413163,0.07684779487609933
kk,topofr_r100,168,1024,jpeg2000,skin_tone,MST10,50485,6607,0.04771317883549399
kk,topofr_r100,168,1024,jpeg2000,skin_tone,MST5,178369,62240,0.08317189451437729
kk,topofr_r100,168,1024,jpeg2000,skin_tone,MST6,671757,932109,0.07757679023635611
kk,topofr_r100,168,1024,jpeg2000,skin_tone,MST7,415396,384592,0.06652422146493076
kk,topofr_r100,168,1024,jpeg2000,skin_tone,MST8,47266,4349,0.08816631463129125
kk,topofr_r100,168,1024,jpeg2000,skin_tone,MST9,121529,23266,0.09241324240836138
kk,topofr_r100,168,1024,jpeg2000,gender,__overall__,1515807,2515222,0.08928863600248363
kk,topofr_r100,168,1024,jpeg2000,gender,F,890858,1575354,0.10298775530515786
kk,topofr_r100,168,1024,jpeg2000,gender,M,624949,939868,0.06804258860628953
kk,topofr_r100,168,1024,jpeg2000,age,__overall__,1515807,1848306,0.08483310436624278
kk,topofr_r100,168,1024,jpeg2000,age,26-35,607008,840462,0.07360438157874469
kk,topofr_r100,168,1024,jpeg2000,age,36-50,207304,99108,0.055697020798345695
kk,topofr_r100,168,1024,jpeg2000,age,<=25,688654,908736,0.10217108441036596
kk,topofr_r100,168,512,jpeg2000,skin_tone,__overall__,1515807,1413163,0.30149597101458736
kk,topofr_r100,168,512,jpeg2000,skin_tone,MST10,50485,6607,0.26861388230246525
kk,topofr_r100,168,512,jpeg2000,skin_tone,MST5,178369,62240,0.3192598454608144
kk,topofr_r100,168,512,jpeg2000,skin_tone,MST6,671757,932109,0.2995410627417451
kk,topofr_r100,168,512,jpeg2000,skin_tone,MST7,415396,384592,0.2845292052274434
kk,topofr_r100,168,512,jpeg2000,skin_tone,MST8,47266,4349,0.295811953224286
kk,topofr_r100,168,512,jpeg2000,skin_tone,MST9,121529,23266,0.33308339885490545
kk,topofr_r100,168,512,jpeg2000,gender,__overall__,1515807,2515222,0.3342785832379509
kk,topofr_r100,168,512,jpeg2000,gender,F,890858,1575354,0.35257461019200176
kk,topofr_r100,168,512,jpeg2000,gender,M,624949,939868,0.3018096697064405
kk,topofr_r100,168,512,jpeg2000,age,__overall__,1515807,1848306,0.31964095300531087
kk,topofr_r100,168,512,jpeg2000,age,26-35,607008,840462,0.29450722285131925
kk,topofr_r100,168,512,jpeg2000,age,36-50,207304,99108,0.2961730570856358
kk,topofr_r100,168,512,jpeg2000,age,<=25,688654,908736,0.34776488127030947
kk,topofr_r100,224,1024,jpeg2000,skin_tone,__overall__,1515807,1413163,0.07665209635822151
kk,topofr_r100,224,1024,jpeg2000,skin_tone,MST10,50485,6607,0.0490883083702135
kk,topofr_r100,224,1024,jpeg2000,skin_tone,MST5,178369,62240,0.08168249095297822
kk,topofr_r100,224,1024,jpeg2000,skin_tone,MST6,671757,932109,0.07748102541066566
kk,topofr_r100,224,1024,jpeg2000,skin_tone,MST7,415396,384592,0.06703181640820627
kk,topofr_r100,224,1024,jpeg2000,skin_tone,MST8,47266,4349,0.08464205366112526
kk,topofr_r100,224,1024,jpeg2000,skin_tone,MST9,121529,23266,0.0925115016895843
kk,topofr_r100,224,1024,jpeg2000,gender,__overall__,1515807,2515222,0.08768877979187252
kk,topofr_r100,224,1024,jpeg2000,gender,F,890858,1575354,0.10135613563824453
kk,topofr_r100,224,1024,jpeg2000,gender,M,624949,939868,0.06668821340784999
kk,topofr_r100,224,1024,jpeg2000,age,__overall__,1515807,1848306,0.08326150163298363
kk,topofr_r100,224,1024,jpeg2000,age,26-35,607008,840462,0.07411604683994824
kk,topofr_r100,224,1024,jpeg2000,age,36-50,207304,99108,0.05119401963986712
kk,topofr_r100,224,1024,jpeg2000,age,<=25,688654,908736,0.10020669043945502
kk,topofr_r100,224,512,jpeg2000,skin_tone,__overall__,1515807,1413163,0.29637344859375425
kk,topofr_r100,224,512,jpeg2000,skin_tone,MST10,50485,6607,0.25847420628350587
kk,topofr_r100,224,512,jpeg2000,skin_tone,MST5,178369,62240,0.31792676729111324
kk,topofr_r100,224,512,jpeg2000,skin_tone,MST6,671757,932109,0.2967424141869721
kk,topofr_r100,224,512,jpeg2000,skin_tone,MST7,415396,384592,0.2675169787791923
kk,topofr_r100,224,512,jpeg2000,skin_tone,MST8,47266,4349,0.2736252696137126
kk,topofr_r100,224,512,jpeg2000,skin_tone,MST9,121529,23266,0.3241325536683404
kk,topofr_r100,224,512,jpeg2000,gender,__overall__,1515807,2515222,0.32995946308843704
kk,topofr_r100,224,512,jpeg2000,gender,F,890858,1575354,0.34973741548209153
kk,topofr_r100,224,512,jpeg2000,gender,M,624949,939868,0.2871360754283895
kk,topofr_r100,224,512,jpeg2000,age,__overall__,1515807,1848306,0.3158277356983304
kk,topofr_r100,224,512,jpeg2000,age,26-35,607008,840462,0.28722121091008224
kk,topofr_r100,224,512,jpeg2000,age,36-50,207304,99108,0.27499783374301634
kk,topofr_r100,224,512,jpeg2000,age,<=25,688654,908736,0.34412341448213224
kk,topofr_r100,64,1024,jpeg2000,skin_tone,__overall__,1515807,1413163,0.16884099060284036
kk,topofr_r100,64,1024,jpeg2000,skin_tone,MST10,50485,6607,0.12522395185349006
kk,topofr_r100,64,1024,jpeg2000,skin_tone,MST5,178369,62240,0.18550242563324543
kk,topofr_r100,64,1024,jpeg2000,skin_tone,MST6,671757,932109,0.1675965634282252
kk,topofr_r100,64,1024,jpeg2000,skin_tone,MST7,415396,384592,0.15469429501149584
kk,topofr_r100,64,1024,jpeg2000,skin_tone,MST8,47266,4349,0.17146129822229766
kk,topofr_r100,64,1024,jpeg2000,skin_tone,MST9,121529,23266,0.18499792693084657
kk,topofr_r100,64,1024,jpeg2000,gender,__overall__,1515807,2515222,0.19287956734751402
kk,topofr_r100,64,1024,jpeg2000,gender,F,890858,1575354,0.21668925578513004
kk,topofr_r100,64,1024,jpeg2000,gender,M,624949,939868,0.15403702643957706
kk,topofr_r100,64,1024,jpeg2000,age,__overall__,1515807,1848306,0.18312620903523325
kk,topofr_r100,64,1024,jpeg2000,age,26-35,607008,840462,0.15842097993920648
kk,topofr_r100,64,1024,jpeg2000,age,36-50,207304,99108,0.14206032555893106
kk,topofr_r100,64,1024,jpeg2000,age,<=25,688654,908736,0.21502405504383199
kk,topofr_r100,64,512,jpeg2000,skin_tone,__overall__,1515807,1413163,0.3625323917751432
kk,topofr_r100,64,512,jpeg2000,skin_tone,MST10,50485,6607,0.3451103799726578
kk,topofr_r100,64,512,jpeg2000,skin_tone,MST5,178369,62240,0.37850071575070665
kk,topofr_r100,64,512,jpeg2000,skin_tone,MST6,671757,932109,0.3615083573757406
kk,topofr_r100,64,512,jpeg2000,skin_tone,MST7,415396,384592,0.344429232192752
kk,topofr_r100,64,512,jpeg2000,skin_tone,MST8,47266,4349,0.3608027869880456
kk,topofr_r100,64,512,jpeg2000,skin_tone,MST9,121529,23266,0.38379247233226566
kk,topofr_r100,64,512,jpeg2000,gender,__overall__,1515807,2515222,0.3922799938230116
kk,topofr_r100,64,512,jpeg2000,gender,F,890858,1575354,0.40293000776388443
kk,topofr_r100,64,512,jpeg2000,gender,M,624949,939868,0.3677435578843248
kk,topofr_r100,64,512,jpeg2000,age,__overall__,1515807,1848306,0.3844015010703724
kk,topofr_r100,64,512,jpeg2000,age,26-35,607008,840462,0.3613950596578075
kk,topofr_r100,64,512,jpeg2000,age,36-50,207304,99108,0.3673121925186214
kk,topofr_r100,64,512,jpeg2000,age,<=25,688654,908736,0.40094542186250404
kk,topofr_r100,96,1024,jpeg2000,skin_tone,__overall__,1515807,1413163,0.09322070723883027
kk,topofr_r100,96,1024,jpeg2000,skin_tone,MST10,50485,6607,0.06186574606519575
kk,topofr_r100,96,1024,jpeg2000,skin_tone,MST5,178369,62240,0.09972413515879339
kk,topofr_r100,96,1024,jpeg2000,skin_tone,MST6,671757,932109,0.09276813082752133
kk,topofr_r100,96,1024,jpeg2000,skin_tone,MST7,415396,384592,0.0849779854204809
kk,topofr_r100,96,1024,jpeg2000,skin_tone,MST8,47266,4349,0.08819665616192315
kk,topofr_r100,96,1024,jpeg2000,skin_tone,MST9,121529,23266,0.10973578949572865
kk,topofr_r100,96,1024,jpeg2000,gender,__overall__,1515807,2515222,0.1073059551328994
kk,topofr_r100,96,1024,jpeg2000,gender,F,890858,1575354,0.1229084556755104
kk,topofr_r100,96,1024,jpeg2000,gender,M,624949,939868,0.08233098940766997
kk,topofr_r100,96,1024,jpeg2000,age,__overall__,1515807,1848306,0.10216263155783242
kk,topofr_r100,96,1024,jpeg2000,age,26-35,607008,840462,0.08803522832169983
kk,topofr_r100,96,1024,jpeg2000,age,36-50,207304,99108,0.06853062478267828
kk,topofr_r100,96,1024,jpeg2000,age,<=25,688654,908736,0.12230530286481986
kk,topofr_r100,96,512,jpeg2000,skin_tone,__overall__,1515807,1413163,0.3102799091677685
kk,topofr_r100,96,512,jpeg2000,skin_tone,MST10,50485,6607,0.28360117545445623
kk,topofr_r100,96,512,jpeg2000,skin_tone,MST5,178369,62240,0.32237819426420555
kk,topofr_r100,96,512,jpeg2000,skin_tone,MST6,671757,932109,0.3083143926560923
kk,topofr_r100,96,512,jpeg2000,skin_tone,MST7,415396,384592,0.29327114248596003
kk,topofr_r100,96,512,jpeg2000,skin_tone,MST8,47266,4349,0.31077946628425474
kk,topofr_r100,96,512,jpeg2000,skin_tone,MST9,121529,23266,0.33541146238601327
kk,topofr_r100,96,512,jpeg2000,gender,__overall__,1515807,2515222,0.3461181147567973
kk,topofr_r100,96,512,jpeg2000,gender,F,890858,1575354,0.3599218641302708
kk,topofr_r100,96,512,jpeg2000,gender,M,624949,939868,0.315998282921232
kk,topofr_r100,96,512,jpeg2000,age,__overall__,1515807,1848306,0.3313839759237929
kk,topofr_r100,96,512,jpeg2000,age,26-35,607008,840462,0.30216770714366326
kk,topofr_r100,96,512,jpeg2000,age,36-50,207304,99108,0.3138671519669495
kk,topofr_r100,96,512,jpeg2000,age,<=25,688654,908736,0.356579442503941
kk,topofr_r100,112,1024,jpeg,skin_tone,__overall__,1515807,1413163,0.010870899516451154
kk,topofr_r100,112,1024,jpeg,skin_tone,MST10,50485,6607,0.0036286750171587454
kk,topofr_r100,112,1024,jpeg,skin_tone,MST5,178369,62240,0.010580816244914772
kk,topofr_r100,112,1024,jpeg,skin_tone,MST6,671757,932109,0.012345475508723974
kk,topofr_r100,112,1024,jpeg,skin_tone,MST7,415396,384592,0.007038075875995071
kk,topofr_r100,112,1024,jpeg,skin_tone,MST8,47266,4349,0.01075622584906349
kk,topofr_r100,112,1024,jpeg,skin_tone,MST9,121529,23266,0.014870182660996713
kk,topofr_r100,112,1024,jpeg,gender,__overall__,1515807,2515222,0.012871668094780584
kk,topofr_r100,112,1024,jpeg,gender,F,890858,1575354,0.015300055527983697
kk,topofr_r100,112,1024,jpeg,gender,M,624949,939868,0.009152556282257786
kk,topofr_r100,112,1024,jpeg,age,__overall__,1515807,1848306,0.01198077850911337
kk,topofr_r100,112,1024,jpeg,age,26-35,607008,840462,0.010595707866442268
kk,topofr_r100,112,1024,jpeg,age,36-50,207304,99108,0.007215403540592387
kk,topofr_r100,112,1024,jpeg,age,<=25,688654,908736,0.014451360006731449
kk,topofr_r100,112,512,jpeg,skin_tone,__overall__,1515807,1413163,0.24451617098144796
kk,topofr_r100,112,512,jpeg,skin_tone,MST10,50485,6607,0.2131694816972806
kk,topofr_r100,112,512,jpeg,skin_tone,MST5,178369,62240,0.2711442830088332
kk,topofr_r100,112,512,jpeg,skin_tone,MST6,671757,932109,0.24300916697357966
kk,topofr_r100,112,512,jpeg,skin_tone,MST7,415396,384592,0.2258776320793248
kk,topofr_r100,112,512,jpeg,skin_tone,MST8,47266,4349,0.23261748693570167
kk,topofr_r100,112,512,jpeg,skin_tone,MST9,121529,23266,0.2675864734035621
kk,topofr_r100,112,512,jpeg,gender,__overall__,1515807,2515222,0.2742132696119144
kk,topofr_r100,112,512,jpeg,gender,F,890858,1575354,0.2987186424039244
kk,topofr_r100,112,512,jpeg,gender,M,624949,939868,0.23005796997081318
kk,topofr_r100,112,512,jpeg,age,__overall__,1515807,1848306,0.2630056518253461
kk,topofr_r100,112,512,jpeg,age,26-35,607008,840462,0.2347754771218961
kk,topofr_r100,112,512,jpeg,age,36-50,207304,99108,0.2150717272496634
kk,topofr_r100,112,512,jpeg,age,<=25,688654,908736,0.2966907681023536
kk,topofr_r100,168,1024,jpeg,skin_tone,__overall__,1515807,1413163,0.0305389183286146
kk,topofr_r100,168,1024,jpeg,skin_tone,MST10,50485,6607,0.014185074671254145
kk,topofr_r100,168,1024,jpeg,skin_tone,MST5,178369,62240,0.03258346635396271
kk,topofr_r100,168,1024,jpeg,skin_tone,MST6,671757,932109,0.03291539095368226
kk,topofr_r100,168,1024,jpeg,skin_tone,MST7,415396,384592,0.024953384720606177
kk,topofr_r100,168,1024,jpeg,skin_tone,MST8,47266,4349,0.029566746488032286
kk,topofr_r100,168,1024,jpeg,skin_tone,MST9,121529,23266,0.036987775952311105
kk,topofr_r100,168,1024,jpeg,gender,__overall__,1515807,2515222,0.0357402264725249
kk,topofr_r100,168,1024,jpeg,gender,F,890858,1575354,0.043850366050116676
kk,topofr_r100,168,1024,jpeg,gender,M,624949,939868,0.023196212735884875
kk,topofr_r100,168,1024,jpeg,age,__overall__,1515807,1848306,0.03368640966286415
kk,topofr_r100,168,1024,jpeg,age,26-35,607008,840462,0.028221982234261114
kk,topofr_r100,168,1024,jpeg,age,36-50,207304,99108,0.01790220415860566
kk,topofr_r100,168,1024,jpeg,age,<=25,688654,908736,0.04281713923017284
kk,topofr_r100,168,512,jpeg,skin_tone,__overall__,1515807,1413163,0.15480824899892787
kk,topofr_r100,168,512,jpeg,skin_tone,MST10,50485,6607,0.15069324599965173
kk,topofr_r100,168,512,jpeg,skin_tone,MST5,178369,62240,0.15946831406488565
kk,topofr_r100,168,512,jpeg,skin_tone,MST6,671757,932109,0.15442749506475265
kk,topofr_r100,168,512,jpeg,skin_tone,MST7,415396,384592,0.14403818335617333
kk,topofr_r100,168,512,jpeg,skin_tone,MST8,47266,4349,0.13938442614231727
kk,topofr_r100,168,512,jpeg,skin_tone,MST9,121529,23266,0.1874246407254789
kk,topofr_r100,168,512,jpeg,gender,__overall__,1515807,2515222,0.1706877240631931
kk,topofr_r100,168,512,jpeg,gender,F,890858,1575354,0.1917508251575442
kk,topofr_r100,168,512,jpeg,gender,M,624949,939868,0.13828774187420767
kk,topofr_r100,168,512,jpeg,age,__overall__,1515807,1848306,0.1648588781521682
kk,topofr_r100,168,512,jpeg,age,26-35,607008,840462,0.15116411619729134
kk,topofr_r100,168,512,jpeg,age,36-50,207304,99108,0.12245696378414868
kk,topofr_r100,168,512,jpeg,age,<=25,688654,908736,0.18938657565083156
kk,topofr_r100,224,1024,jpeg,skin_tone,__overall__,1515807,1413163,0.04925879568703391
kk,topofr_r100,224,1024,jpeg,skin_tone,MST10,50485,6607,0.028123309542960752
kk,topofr_r100,224,1024,jpeg,skin_tone,MST5,178369,62240,0.05559829830036203
kk,topofr_r100,224,1024,jpeg,skin_tone,MST6,671757,932109,0.05144720541793428
kk,topofr_r100,224,1024,jpeg,skin_tone,MST7,415396,384592,0.03966048427870482
kk,topofr_r100,224,1024,jpeg,skin_tone,MST8,47266,4349,0.0494203502810768
kk,topofr_r100,224,1024,jpeg,skin_tone,MST9,121529,23266,0.06302490916872822
kk,topofr_r100,224,1024,jpeg,gender,__overall__,1515807,2515222,0.05859968407275044
kk,topofr_r100,224,1024,jpeg,gender,F,890858,1575354,0.06959837856587789
kk,topofr_r100,224,1024,jpeg,gender,M,624949,939868,0.04180762717351416
kk,topofr_r100,224,1024,jpeg,age,__overall__,1515807,1848306,0.054821939160139624
kk,topofr_r100,224,1024,jpeg,age,26-35,607008,840462,0.04695711806731974
kk,topofr_r100,224,1024,jpeg,age,36-50,207304,99108,0.03322580905643921
kk,topofr_r100,224,1024,jpeg,age,<=25,688654,908736,0.06753701997759148
kk,topofr_r100,224,512,jpeg,skin_tone,__overall__,1515807,1413163,0.08355773803692174
kk,topofr_r100,224,512,jpeg,skin_tone,MST10,50485,6607,0.08020009150231704
kk,topofr_r100,224,512,jpeg,skin_tone,MST5,178369,62240,0.08929933890152994
kk,topofr_r100,224,512,jpeg,skin_tone,MST6,671757,932109,0.08494638975942208
kk,topofr_r100,224,512,jpeg,skin_tone,MST7,415396,384592,0.0706159737918935
kk,topofr_r100,224,512,jpeg,skin_tone,MST8,47266,4349,0.07778673094277747
kk,topofr_r100,224,512,jpeg,skin_tone,MST9,121529,23266,0.11454225906724685
kk,topofr_r100,224,512,jpeg,gender,__overall__,1515807,2515222,0.09680253250469398
kk,topofr_r100,224,512,jpeg,gender,F,890858,1575354,0.11012607471733002
kk,topofr_r100,224,512,jpeg,gender,M,624949,939868,0.07676598183299013
kk,topofr_r100,224,512,jpeg,age,__overall__,1515807,1848306,0.09150965101363931
kk,topofr_r100,224,512,jpeg,age,26-35,607008,840462,0.082318628883643
kk,topofr_r100,224,512,jpeg,age,36-50,207304,99108,0.06129554635958469
kk,topofr_r100,224,512,jpeg,age,<=25,688654,908736,0.10817284569942126
kk,topofr_r100,64,1024,jpeg,skin_tone,__overall__,1515807,1413163,0.00984060182834988
kk,topofr_r100,64,1024,jpeg,skin_tone,MST10,50485,6607,0.0037835837839882156
kk,topofr_r100,64,1024,jpeg,skin_tone,MST5,178369,62240,0.007263647560591911
kk,topofr_r100,64,1024,jpeg,skin_tone,MST6,671757,932109,0.010776548032329868
kk,topofr_r100,64,1024,jpeg,skin_tone,MST7,415396,384592,0.006555769485063886
kk,topofr_r100,64,1024,jpeg,skin_tone,MST8,47266,4349,0.01198693320602701
kk,topofr_r100,64,1024,jpeg,skin_tone,MST9,121529,23266,0.014776911189270995
kk,topofr_r100,64,1024,jpeg,gender,__overall__,1515807,2515222,0.011483173503307804
kk,topofr_r100,64,1024,jpeg,gender,F,890858,1575354,0.013071039839064536
kk,topofr_r100,64,1024,jpeg,gender,M,624949,939868,0.008940776202823134
kk,topofr_r100,64,1024,jpeg,age,__overall__,1515807,1848306,0.010949190647353842
kk,topofr_r100,64,1024,jpeg,age,26-35,607008,840462,0.009922730800355656
kk,topofr_r100,64,1024,jpeg,age,36-50,207304,99108,0.00604211801352345
kk,topofr_r100,64,1024,jpeg,age,<=25,688654,908736,0.012626998444673368
kk,topofr_r100,64,512,jpeg,skin_tone,__overall__,1515807,1413163,0.1426810796441748
kk,topofr_r100,64,512,jpeg,skin_tone,MST10,50485,6607,0.10282591689430445
kk,topofr_r100,64,512,jpeg,skin_tone,MST5,178369,62240,0.16215709516482693
kk,topofr_r100,64,512,jpeg,skin_tone,MST6,671757,932109,0.14298901217972143
kk,topofr_r100,64,512,jpeg,skin_tone,MST7,415396,384592,0.13519194768224393
kk,topofr_r100,64,512,jpeg,skin_tone,MST8,47266,4349,0.1310550922122266
kk,topofr_r100,64,512,jpeg,skin_tone,MST9,121529,23266,0.15368022087846805
kk,topofr_r100,64,512,jpeg,gender,__overall__,1515807,2515222,0.16115416456619855
kk,topofr_r100,64,512,jpeg,gender,F,890858,1575354,0.18031360340441552
kk,topofr_r100,64,512,jpeg,gender,M,624949,939868,0.1319795083788713
kk,topofr_r100,64,512,jpeg,age,__overall__,1515807,1848306,0.15373468688563655
kk,topofr_r100,64,512,jpeg,age,26-35,607008,840462,0.13310301075566944
kk,topofr_r100,64,512,jpeg,age,36-50,207304,99108,0.12483919659102645
kk,topofr_r100,64,512,jpeg,age,<=25,688654,908736,0.1811672886858423
kk,topofr_r100,96,1024,jpeg,skin_tone,__overall__,1515807,1413163,0.008780353435284046
kk,topofr_r100,96,1024,jpeg,skin_tone,MST10,50485,6607,0.0032431801715579254
kk,topofr_r100,96,1024,jpeg,skin_tone,MST5,178369,62240,0.00734305914325868
kk,topofr_r100,96,1024,jpeg,skin_tone,MST6,671757,932109,0.00960289000226889
kk,topofr_r100,96,1024,jpeg,skin_tone,MST7,415396,384592,0.005766077456920834
kk,topofr_r100,96,1024,jpeg,skin_tone,MST8,47266,4349,0.012764161893611958
kk,topofr_r100,96,1024,jpeg,skin_tone,MST9,121529,23266,0.012121546842102015
kk,topofr_r100,96,1024,jpeg,gender,__overall__,1515807,2515222,0.010229418664832117
kk,topofr_r100,96,1024,jpeg,gender,F,890858,1575354,0.01207277596042333
kk,topofr_r100,96,1024,jpeg,gender,M,624949,939868,0.0073222761334558045
kk,topofr_r100,96,1024,jpeg,age,__overall__,1515807,1848306,0.009784960009376335
kk,topofr_r100,96,1024,jpeg,age,26-35,607008,840462,0.008653656534728783
kk,topofr_r100,96,1024,jpeg,age,36-50,207304,99108,0.00599299500629083
kk,topofr_r100,96,1024,jpeg,age,<=25,688654,908736,0.011551211324394652
kk,topofr_r100,96,512,jpeg,skin_tone,__overall__,1515807,1413163,0.2401598336452174
kk,topofr_r100,96,512,jpeg,skin_tone,MST10,50485,6607,0.20600482119265734
kk,topofr_r100,96,512,jpeg,skin_tone,MST5,178369,62240,0.25902651524688697
kk,topofr_r100,96,512,jpeg,skin_tone,MST6,671757,932109,0.2382348086294867
kk,topofr_r100,96,512,jpeg,skin_tone,MST7,415396,384592,0.23064312407836163
kk,topofr_r100,96,512,jpeg,skin_tone,MST8,47266,4349,0.23078659666557233
kk,topofr_r100,96,512,jpeg,skin_tone,MST9,121529,23266,0.26079767422605843
kk,topofr_r100,96,512,jpeg,gender,__overall__,1515807,2515222,0.2658465525198094
kk,topofr_r100,96,512,jpeg,gender,F,890858,1575354,0.28812030440533587
kk,topofr_r100,96,512,jpeg,gender,M,624949,939868,0.22805126315663837
kk,topofr_r100,96,512,jpeg,age,__overall__,1515807,1848306,0.2566912223015898
kk,topofr_r100,96,512,jpeg,age,26-35,607008,840462,0.2302460429136342
kk,topofr_r100,96,512,jpeg,age,36-50,207304,99108,0.22480941315174507
kk,topofr_r100,96,512,jpeg,age,<=25,688654,908736,0.2865547014699067
kk,topofr_r100,112,1024,jpeg_ai,skin_tone,__overall__,1515807,1413163,0.00470386113049742
kk,topofr_r100,112,1024,jpeg_ai,skin_tone,MST10,50485,6607,0.0026893184843209753
kk,topofr_r100,112,1024,jpeg_ai,skin_tone,MST5,178369,62240,0.002503054499856101
kk,topofr_r100,112,1024,jpeg_ai,skin_tone,MST6,671757,932109,0.005586757005509901
kk,topofr_r100,112,1024,jpeg_ai,skin_tone,MST7,415396,384592,0.003303933094175121
kk,topofr_r100,112,1024,jpeg_ai,skin_tone,MST8,47266,4349,0.007296829204483596
kk,topofr_r100,112,1024,jpeg_ai,skin_tone,MST9,121529,23266,0.005238511027154842
kk,topofr_r100,112,1024,jpeg_ai,gender,__overall__,1515807,2515222,0.005471476301656562
kk,topofr_r100,112,1024,jpeg_ai,gender,F,890858,1575354,0.00632802497654728
kk,topofr_r100,112,1024,jpeg_ai,gender,M,624949,939868,0.004037193003875816
kk,topofr_r100,112,1024,jpeg_ai,age,__overall__,1515807,1848306,0.005395375457150804
kk,topofr_r100,112,1024,jpeg_ai,age,26-35,607008,840462,0.005371370702057024
kk,topofr_r100,112,1024,jpeg_ai,age,36-50,207304,99108,0.0025029451687558013
kk,topofr_r100,112,1024,jpeg_ai,age,<=25,688654,908736,0.005813927772457823
kk,topofr_r100,112,512,jpeg_ai,skin_tone,__overall__,1515807,1413163,0.013182150663008775
kk,topofr_r100,112,512,jpeg_ai,skin_tone,MST10,50485,6607,0.005447964491668593
kk,topofr_r100,112,512,jpeg_ai,skin_tone,MST5,178369,62240,0.012207164043730668
kk,topofr_r100,112,512,jpeg_ai,skin_tone,MST6,671757,932109,0.014452000694475137
kk,topofr_r100,112,512,jpeg_ai,skin_tone,MST7,415396,384592,0.009377393321471346
kk,topofr_r100,112,512,jpeg_ai,skin_tone,MST8,47266,4349,0.017422530609749375
kk,topofr_r100,112,512,jpeg_ai,skin_tone,MST9,121529,23266,0.01753653359315656
kk,topofr_r100,112,512,jpeg_ai,gender,__overall__,1515807,2515222,0.015418352453340365
kk,topofr_r100,112,512,jpeg_ai,gender,F,890858,1575354,0.018770278814728748
kk,topofr_r100,112,512,jpeg_ai,gender,M,624949,939868,0.01037503307654431
kk,topofr_r100,112,512,jpeg_ai,age,__overall__,1515807,1848306,0.014805085206377954
kk,topofr_r100,112,512,jpeg_ai,age,26-35,607008,840462,0.01273215694113845
kk,topofr_r100,112,512,jpeg_ai,age,36-50,207304,99108,0.007584931933914851
kk,topofr_r100,112,512,jpeg_ai,age,<=25,688654,908736,0.018456417282137576
kk,topofr_r100,224,1024,jpeg_ai,skin_tone,__overall__,1515807,1413163,0.0033303409423463526
kk,topofr_r100,224,1024,jpeg_ai,skin_tone,MST10,50485,6607,0.0023038236387201557
kk,topofr_r100,224,1024,jpeg_ai,skin_tone,MST5,178369,62240,0.0011366146424512278
kk,topofr_r100,224,1024,jpeg_ai,skin_tone,MST6,671757,932109,0.0035732890618327103
kk,topofr_r100,224,1024,jpeg_ai,skin_tone,MST7,415396,384592,0.002296560882911811
kk,topofr_r100,224,1024,jpeg_ai,skin_tone,MST8,47266,4349,0.004879121959205318
kk,topofr_r100,224,1024,jpeg_ai,skin_tone,MST9,121529,23266,0.005226168294144615
kk,topofr_r100,224,1024,jpeg_ai,gender,__overall__,1515807,2515222,0.003797387768452739
kk,topofr_r100,224,1024,jpeg_ai,gender,F,890858,1575354,0.004267781129720653
kk,topofr_r100,224,1024,jpeg_ai,gender,M,624949,939868,0.002879157701188176
kk,topofr_r100,224,1024,jpeg_ai,age,__overall__,1515807,1848306,0.0037678139123512636
kk,topofr_r100,224,1024,jpeg_ai,age,26-35,607008,840462,0.0035954815501726715
kk,topofr_r100,224,1024,jpeg_ai,age,36-50,207304,99108,0.0017235283708100717
kk,topofr_r100,224,1024,jpeg_ai,age,<=25,688654,908736,0.00404590361574526
kk,topofr_r100,224,512,jpeg_ai,skin_tone,__overall__,1515807,1413163,0.012604019154498379
kk,topofr_r100,224,512,jpeg_ai,skin_tone,MST10,50485,6607,0.0038430073751539087
kk,topofr_r100,224,512,jpeg_ai,skin_tone,MST5,178369,62240,0.01188056168647586
kk,topofr_r100,224,512,jpeg_ai,skin_tone,MST6,671757,932109,0.013508317901259118
kk,topofr_r100,224,512,jpeg_ai,skin_tone,MST7,415396,384592,0.00890572715030686
kk,topofr_r100,224,512,jpeg_ai,skin_tone,MST8,47266,4349,0.024299010185034497
kk,topofr_r100,224,512,jpeg_ai,skin_tone,MST9,121529,23266,0.01646761203020662
kk,topofr_r100,224,512,jpeg_ai,gender,__overall__,1515807,2515222,0.014678136945565877
kk,topofr_r100,224,512,jpeg_ai,gender,F,890858,1575354,0.01733727702180294
kk,topofr_r100,224,512,jpeg_ai,gender,M,624949,939868,0.010433082369410648
kk,topofr_r100,224,512,jpeg_ai,age,__overall__,1515807,1848306,0.014164414968145037
kk,topofr_r100,224,512,jpeg_ai,age,26-35,607008,840462,0.01241122697626297
kk,topofr_r100,224,512,jpeg_ai,age,36-50,207304,99108,0.007646999196402318
kk,topofr_r100,224,512,jpeg_ai,age,<=25,688654,908736,0.017008668506826044
kk,topofr_r100,112,1024,jpeg_fzt,skin_tone,__overall__,1515807,1413163,0.009744544854249389
kk,topofr_r100,112,1024,jpeg_fzt,skin_tone,MST10,50485,6607,0.004073593453925259
kk,topofr_r100,112,1024,jpeg_fzt,skin_tone,MST5,178369,62240,0.006184771307396739
kk,topofr_r100,112,1024,jpeg_fzt,skin_tone,MST6,671757,932109,0.010478635019630074
kk,topofr_r100,112,1024,jpeg_fzt,skin_tone,MST7,415396,384592,0.006344347242922929
kk,topofr_r100,112,1024,jpeg_fzt,skin_tone,MST8,47266,4349,0.013816429721382242
kk,topofr_r100,112,1024,jpeg_fzt,skin_tone,MST9,121529,23266,0.015282572260388764
kk,topofr_r100,112,1024,jpeg_fzt,gender,__overall__,1515807,2515222,0.011088009614789352
kk,topofr_r100,112,1024,jpeg_fzt,gender,F,890858,1575354,0.012444599299773733
kk,topofr_r100,112,1024,jpeg_fzt,gender,M,624949,939868,0.00878740505099241
kk,topofr_r100,112,1024,jpeg_fzt,age,__overall__,1515807,1848306,0.010584530731076975
kk,topofr_r100,112,1024,jpeg_fzt,age,26-35,607008,840462,0.009793452825470214
kk,topofr_r100,112,1024,jpeg_fzt,age,36-50,207304,99108,0.0062607596292717175
kk,topofr_r100,112,1024,jpeg_fzt,age,<=25,688654,908736,0.011976651307406938
kk,topofr_r100,112,512,jpeg_fzt,skin_tone,__overall__,1515807,1413163,0.13440346314296875
kk,topofr_r100,112,512,jpeg_fzt,skin_tone,MST10,50485,6607,0.1033599707178195
kk,topofr_r100,112,512,jpeg_fzt,skin_tone,MST5,178369,62240,0.13949108526263418
kk,topofr_r100,112,512,jpeg_fzt,skin_tone,MST6,671757,932109,0.13335229545576963
kk,topofr_r100,112,512,jpeg_fzt,skin_tone,MST7,415396,384592,0.12640608172564988
kk,topofr_r100,112,512,jpeg_fzt,skin_tone,MST8,47266,4349,0.13032796815743683
kk,topofr_r100,112,512,jpeg_fzt,skin_tone,MST9,121529,23266,0.14641035449530976
kk,topofr_r100,112,512,jpeg_fzt,gender,__overall__,1515807,2515222,0.1501512385498826
kk,topofr_r100,112,512,jpeg_fzt,gender,F,890858,1575354,0.16853663763275362
kk,topofr_r100,112,512,jpeg_fzt,gender,M,624949,939868,0.12175800043983406
kk,topofr_r100,112,512,jpeg_fzt,age,__overall__,1515807,1848306,0.14314336875958117
kk,topofr_r100,112,512,jpeg_fzt,age,26-35,607008,840462,0.12679640283419835
kk,topofr_r100,112,512,jpeg_fzt,age,36-50,207304,99108,0.11313493757906759
kk,topofr_r100,112,512,jpeg_fzt,age,<=25,688654,908736,0.16674433506297143
kk,topofr_r100,168,1024,jpeg_fzt,skin_tone,__overall__,1515807,1413163,0.00917810210471456
kk,topofr_r100,168,1024,jpeg_fzt,skin_tone,MST10,50485,6607,0.003318857483499805
kk,topofr_r100,168,1024,jpeg_fzt,skin_tone,MST5,178369,62240,0.006500366688428645
kk,topofr_r100,168,1024,jpeg_fzt,skin_tone,MST6,671757,932109,0.01023131200339199
kk,topofr_r100,168,1024,jpeg_fzt,skin_tone,MST7,415396,384592,0.0060820319682098264
kk,topofr_r100,168,1024,jpeg_fzt,skin_tone,MST8,47266,4349,0.009830899162917208
kk,topofr_r100,168,1024,jpeg_fzt,skin_tone,MST9,121529,23266,0.01373862806755651
kk,topofr_r100,168,1024,jpeg_fzt,gender,__overall__,1515807,2515222,0.01068664823910468
kk,topofr_r100,168,1024,jpeg_fzt,gender,F,890858,1575354,0.012694152715073074
kk,topofr_r100,168,1024,jpeg_fzt,gender,M,624949,939868,0.007618436909996975
kk,topofr_r100,168,1024,jpeg_fzt,age,__overall__,1515807,1848306,0.010144811691054807
kk,topofr_r100,168,1024,jpeg_fzt,age,26-35,607008,840462,0.009209116941627144
kk,topofr_r100,168,1024,jpeg_fzt,age,36-50,207304,99108,0.004722548374661788
kk,topofr_r100,168,1024,jpeg_fzt,age,<=25,688654,908736,0.012042143828031709
kk,topofr_r100,168,512,jpeg_fzt,skin_tone,__overall__,1515807,1413163,0.24859128681768944
kk,topofr_r100,168,512,jpeg_fzt,skin_tone,MST10,50485,6607,0.2058534665687736
kk,topofr_r100,168,512,jpeg_fzt,skin_tone,MST5,178369,62240,0.27339638559386603
kk,topofr_r100,168,512,jpeg_fzt,skin_tone,MST6,671757,932109,0.24727463039215597
kk,topofr_r100,168,512,jpeg_fzt,skin_tone,MST7,415396,384592,0.23561948657244763
kk,topofr_r100,168,512,jpeg_fzt,skin_tone,MST8,47266,4349,0.2262234338056529
kk,topofr_r100,168,512,jpeg_fzt,skin_tone,MST9,121529,23266,0.26908791900500756
kk,topofr_r100,168,512,jpeg_fzt,gender,__overall__,1515807,2515222,0.27248830887731457
kk,topofr_r100,168,512,jpeg_fzt,gender,F,890858,1575354,0.2986412546459354
kk,topofr_r100,168,512,jpeg_fzt,gender,M,624949,939868,0.22996662418523134
kk,topofr_r100,168,512,jpeg_fzt,age,__overall__,1515807,1848306,0.2636384160528416
kk,topofr_r100,168,512,jpeg_fzt,age,26-35,607008,840462,0.23783806433949786
kk,topofr_r100,168,512,jpeg_fzt,age,36-50,207304,99108,0.21974167671956157
kk,topofr_r100,168,512,jpeg_fzt,age,<=25,688654,908736,0.2966069322002518
kk,topofr_r100,224,1024,jpeg_fzt,skin_tone,__overall__,1515807,1413163,0.009294507139730204
kk,topofr_r100,224,1024,jpeg_fzt,skin_tone,MST10,50485,6607,0.0036484828808806434
kk,topofr_r100,224,1024,jpeg_fzt,skin_tone,MST5,178369,62240,0.008410722685724969
kk,topofr_r100,224,1024,jpeg_fzt,skin_tone,MST6,671757,932109,0.010692535363851926
kk,topofr_r100,224,1024,jpeg_fzt,skin_tone,MST7,415396,384592,0.005831946217300017
kk,topofr_r100,224,1024,jpeg_fzt,skin_tone,MST8,47266,4349,0.007801806261431404
kk,topofr_r100,224,1024,jpeg_fzt,skin_tone,MST9,121529,23266,0.011728809098954553
kk,topofr_r100,224,1024,jpeg_fzt,gender,__overall__,1515807,2515222,0.010893703431456504
kk,topofr_r100,224,1024,jpeg_fzt,gender,F,890858,1575354,0.012992279118945942
kk,topofr_r100,224,1024,jpeg_fzt,gender,M,624949,939868,0.007650628523371161
kk,topofr_r100,224,1024,jpeg_fzt,age,__overall__,1515807,1848306,0.01015088001552161
kk,topofr_r100,224,1024,jpeg_fzt,age,26-35,607008,840462,0.008957882909670159
kk,topofr_r100,224,1024,jpeg_fzt,age,36-50,207304,99108,0.00556533851281568
kk,topofr_r100,224,1024,jpeg_fzt,age,<=25,688654,908736,0.012392312386262008
kk,topofr_r100,224,512,jpeg_fzt,skin_tone,__overall__,1515807,1413163,0.214911705946895
kk,topofr_r100,224,512,jpeg_fzt,skin_tone,MST10,50485,6607,0.18161912991732576
kk,topofr_r100,224,512,jpeg_fzt,skin_tone,MST5,178369,62240,0.23485055693195506
kk,topofr_r100,224,512,jpeg_fzt,skin_tone,MST6,671757,932109,0.21404169076042
kk,topofr_r100,224,512,jpeg_fzt,skin_tone,MST7,415396,384592,0.19950686820668845
kk,topofr_r100,224,512,jpeg_fzt,skin_tone,MST8,47266,4349,0.19678223470447054
kk,topofr_r100,224,512,jpeg_fzt,skin_tone,MST9,121529,23266,0.23818947489267522
kk,topofr_r100,224,512,jpeg_fzt,gender,__overall__,1515807,2515222,0.24147883773481726
kk,topofr_r100,224,512,jpeg_fzt,gender,F,890858,1575354,0.2653093170857753
kk,topofr_r100,224,512,jpeg_fzt,gender,M,624949,939868,0.1996734964139068
kk,topofr_r100,224,512,jpeg_fzt,age,__overall__,1515807,1848306,0.23150609510948733
kk,topofr_r100,224,512,jpeg_fzt,age,26-35,607008,840462,0.20604832607362525
kk,topofr_r100,224,512,jpeg_fzt,age,36-50,207304,99108,0.18543614176804646
kk,topofr_r100,224,512,jpeg_fzt,age,<=25,688654,908736,0.26290306422709764
kk,topofr_r100,64,1024,jpeg_fzt,skin_tone,__overall__,1515807,1413163,0.02746955794470576
kk,topofr_r100,64,1024,jpeg_fzt,skin_tone,MST10,50485,6607,0.015249628175338537
kk,topofr_r100,64,1024,jpeg_fzt,skin_tone,MST5,178369,62240,0.0255659165808767
kk,topofr_r100,64,1024,jpeg_fzt,skin_tone,MST6,671757,932109,0.02879901448368652
kk,topofr_r100,64,1024,jpeg_fzt,skin_tone,MST7,415396,384592,0.018785649677442708
kk,topofr_r100,64,1024,jpeg_fzt,skin_tone,MST8,47266,4349,0.03676976359107198
kk,topofr_r100,64,1024,jpeg_fzt,skin_tone,MST9,121529,23266,0.03920195098973083
kk,topofr_r100,64,1024,jpeg_fzt,gender,__overall__,1515807,2515222,0.03226667672512729
kk,topofr_r100,64,1024,jpeg_fzt,gender,F,890858,1575354,0.03621969983657105
kk,topofr_r100,64,1024,jpeg_fzt,gender,M,624949,939868,0.025398354331672
kk,topofr_r100,64,1024,jpeg_fzt,age,__overall__,1515807,1848306,0.03047166878837433
kk,topofr_r100,64,1024,jpeg_fzt,age,26-35,607008,840462,0.025827298857311977
kk,topofr_r100,64,1024,jpeg_fzt,age,36-50,207304,99108,0.019521114506644514
kk,topofr_r100,64,1024,jpeg_fzt,age,<=25,688654,908736,0.03655054432139444
kk,topofr_r100,64,512,jpeg_fzt,skin_tone,__overall__,1515807,1413163,0.1122328334241323
kk,topofr_r100,64,512,jpeg_fzt,skin_tone,MST10,50485,6607,0.07505839040136167
kk,topofr_r100,64,512,jpeg_fzt,skin_tone,MST5,178369,62240,0.12201434887205102
kk,topofr_r100,64,512,jpeg_fzt,skin_tone,MST6,671757,932109,0.11270983511914509
kk,topofr_r100,64,512,jpeg_fzt,skin_tone,MST7,415396,384592,0.10283523744632758
kk,topofr_r100,64,512,jpeg_fzt,skin_tone,MST8,47266,4349,0.11171983141414679
kk,topofr_r100,64,512,jpeg_fzt,skin_tone,MST9,121529,23266,0.13063814135856996
kk,topofr_r100,64,512,jpeg_fzt,gender,__overall__,1515807,2515222,0.1309103151763627
kk,topofr_r100,64,512,jpeg_fzt,gender,F,890858,1575354,0.1469489662828558
kk,topofr_r100,64,512,jpeg_fzt,gender,M,624949,939868,0.10518229564945925
kk,topofr_r100,64,512,jpeg_fzt,age,__overall__,1515807,1848306,0.12338608628012296
kk,topofr_r100,64,512,jpeg_fzt,age,26-35,607008,840462,0.10514205587879724
kk,topofr_r100,64,512,jpeg_fzt,age,36-50,207304,99108,0.0975212182327925
kk,topofr_r100,64,512,jpeg_fzt,age,<=25,688654,908736,0.14655513032441675
kk,topofr_r100,96,1024,jpeg_fzt,skin_tone,__overall__,1515807,1413163,0.010805147063541659
kk,topofr_r100,96,1024,jpeg_fzt,skin_tone,MST10,50485,6607,0.004208694357032831
kk,topofr_r100,96,1024,jpeg_fzt,skin_tone,MST5,178369,62240,0.007584473182964733
kk,topofr_r100,96,1024,jpeg_fzt,skin_tone,MST6,671757,932109,0.011921888683345847
kk,topofr_r100,96,1024,jpeg_fzt,skin_tone,MST7,415396,384592,0.006950830267751895
kk,topofr_r100,96,1024,jpeg_fzt,skin_tone,MST8,47266,4349,0.014005447679044146
kk,topofr_r100,96,1024,jpeg_fzt,skin_tone,MST9,121529,23266,0.015122553513836035
kk,topofr_r100,96,1024,jpeg_fzt,gender,__overall__,1515807,2515222,0.012464615998048104
kk,topofr_r100,96,1024,jpeg_fzt,gender,F,890858,1575354,0.014043699254933992
kk,topofr_r100,96,1024,jpeg_fzt,gender,M,624949,939868,0.00973026684936796
kk,topofr_r100,96,1024,jpeg_fzt,age,__overall__,1515807,1848306,0.01178944029736162
kk,topofr_r100,96,1024,jpeg_fzt,age,26-35,607008,840462,0.010911100105187435
kk,topofr_r100,96,1024,jpeg_fzt,age,36-50,207304,99108,0.006796752140037306
kk,topofr_r100,96,1024,jpeg_fzt,age,<=25,688654,908736,0.013422567860886032
kk,topofr_r100,96,512,jpeg_fzt,skin_tone,__overall__,1515807,1413163,0.10002670062144513
kk,topofr_r100,96,512,jpeg_fzt,skin_tone,MST10,50485,6607,0.06760372022680139
kk,topofr_r100,96,512,jpeg_fzt,skin_tone,MST5,178369,62240,0.1050155157235857
kk,topofr_r100,96,512,jpeg_fzt,skin_tone,MST6,671757,932109,0.10143146167216596
kk,topofr_r100,96,512,jpeg_fzt,skin_tone,MST7,415396,384592,0.09170116440998707
kk,topofr_r100,96,512,jpeg_fzt,skin_tone,MST8,47266,4349,0.1007400648124672
kk,topofr_r100,96,512,jpeg_fzt,skin_tone,MST9,121529,23266,0.11287527852661391
kk,topofr_r100,96,512,jpeg_fzt,gender,__overall__,1515807,2515222,0.11423866235381654
kk,topofr_r100,96,512,jpeg_fzt,gender,F,890858,1575354,0.12811708873757605
kk,topofr_r100,96,512,jpeg_fzt,gender,M,624949,939868,0.09268547221538243
kk,topofr_r100,96,512,jpeg_fzt,age,__overall__,1515807,1848306,0.10861822614020067
kk,topofr_r100,96,512,jpeg_fzt,age,26-35,607008,840462,0.09510954483062452
kk,topofr_r100,96,512,jpeg_fzt,age,36-50,207304,99108,0.08406917423091356
kk,topofr_r100,96,512,jpeg_fzt,age,<=25,688654,908736,0.12778831385897035
kk,topofr_r100,112,1024,jpeg_xl,skin_tone,__overall__,1515807,1413163,0.010241030018226
kk,topofr_r100,112,1024,jpeg_xl,skin_tone,MST10,50485,6607,0.0034638623184683266
kk,topofr_r100,112,1024,jpeg_xl,skin_tone,MST5,178369,62240,0.009720552495944364
kk,topofr_r100,112,1024,jpeg_xl,skin_tone,MST6,671757,932109,0.011180312887377463
kk,topofr_r100,112,1024,jpeg_xl,skin_tone,MST7,415396,384592,0.006731850005586831
kk,topofr_r100,112,1024,jpeg_xl,skin_tone,MST8,47266,4349,0.01101929280600606
kk,topofr_r100,112,1024,jpeg_xl,skin_tone,MST9,121529,23266,0.014264860360357992
kk,topofr_r100,112,1024,jpeg_xl,gender,__overall__,1515807,2515222,0.012007307869980749
kk,topofr_r100,112,1024,jpeg_xl,gender,F,890858,1575354,0.01451414064239924
kk,topofr_r100,112,1024,jpeg_xl,gender,M,624949,939868,0.008143125033889196
kk,topofr_r100,112,1024,jpeg_xl,age,__overall__,1515807,1848306,0.011389253525415945
kk,topofr_r100,112,1024,jpeg_xl,age,26-35,607008,840462,0.010300862893121519
kk,topofr_r100,112,1024,jpeg_xl,age,36-50,207304,99108,0.005542967758182325
kk,topofr_r100,112,1024,jpeg_xl,age,<=25,688654,908736,0.013726898489399357
kk,topofr_r100,112,512,jpeg_xl,skin_tone,__overall__,1515807,1413163,0.07054427722165213
kk,topofr_r100,112,512,jpeg_xl,skin_tone,MST10,50485,6607,0.045172419329087235
kk,topofr_r100,112,512,jpeg_xl,skin_tone,MST5,178369,62240,0.0735720843932744
kk,topofr_r100,112,512,jpeg_xl,skin_tone,MST6,671757,932109,0.07276926237476951
kk,topofr_r100,112,512,jpeg_xl,skin_tone,MST7,415396,384592,0.061154072465673295
kk,topofr_r100,112,512,jpeg_xl,skin_tone,MST8,47266,4349,0.06553951828935609
kk,topofr_r100,112,512,jpeg_xl,skin_tone,MST9,121529,23266,0.08426970847723694
kk,topofr_r100,112,512,jpeg_xl,gender,__overall__,1515807,2515222,0.08134609188078869
kk,topofr_r100,112,512,jpeg_xl,gender,F,890858,1575354,0.096108628186777
kk,topofr_r100,112,512,jpeg_xl,gender,M,624949,939868,0.05870701713889355
kk,topofr_r100,112,512,jpeg_xl,age,__overall__,1515807,1848306,0.07727043289677665
kk,topofr_r100,112,512,jpeg_xl,age,26-35,607008,840462,0.06678768893722956
kk,topofr_r100,112,512,jpeg_xl,age,36-50,207304,99108,0.046350633328291174
kk,topofr_r100,112,512,jpeg_xl,age,<=25,688654,908736,0.0951293119510487
kk,topofr_r100,168,1024,jpeg_xl,skin_tone,__overall__,1515807,1413163,0.013066580310882592
kk,topofr_r100,168,1024,jpeg_xl,skin_tone,MST10,50485,6607,0.005757782025327533
kk,topofr_r100,168,1024,jpeg_xl,skin_tone,MST5,178369,62240,0.011411373381451331
kk,topofr_r100,168,1024,jpeg_xl,skin_tone,MST6,671757,932109,0.014243040884177691
kk,topofr_r100,168,1024,jpeg_xl,skin_tone,MST7,415396,384592,0.00888088246937789
kk,topofr_r100,168,1024,jpeg_xl,skin_tone,MST8,47266,4349,0.014552738449866622
kk,topofr_r100,168,1024,jpeg_xl,skin_tone,MST9,121529,23266,0.018366783184296763
kk,topofr_r100,168,1024,jpeg_xl,gender,__overall__,1515807,2515222,0.015245174641655066
kk,topofr_r100,168,1024,jpeg_xl,gender,F,890858,1575354,0.018429753245719986
kk,topofr_r100,168,1024,jpeg_xl,gender,M,624949,939868,0.01032282734571183
kk,topofr_r100,168,1024,jpeg_xl,age,__overall__,1515807,1848306,0.014437997610380868
kk,topofr_r100,168,1024,jpeg_xl,age,26-35,607008,840462,0.012516846093815238
kk,topofr_r100,168,1024,jpeg_xl,age,36-50,207304,99108,0.006879420814633614
kk,topofr_r100,168,1024,jpeg_xl,age,<=25,688654,908736,0.01799830461288701
kk,topofr_r100,168,512,jpeg_xl,skin_tone,__overall__,1515807,1413163,0.022250896218671067
kk,topofr_r100,168,512,jpeg_xl,skin_tone,MST10,50485,6607,0.010935544710780981
kk,topofr_r100,168,512,jpeg_xl,skin_tone,MST5,178369,62240,0.019710550808416986
kk,topofr_r100,168,512,jpeg_xl,skin_tone,MST6,671757,932109,0.024012554868367293
kk,topofr_r100,168,512,jpeg_xl,skin_tone,MST7,415396,384592,0.017165387587620522
kk,topofr_r100,168,512,jpeg_xl,skin_tone,MST8,47266,4349,0.02347946778357488
kk,topofr_r100,168,512,jpeg_xl,skin_tone,MST9,121529,23266,0.029059147892415087
kk,topofr_r100,168,512,jpeg_xl,gender,__overall__,1515807,2515222,0.02602898242814074
kk,topofr_r100,168,512,jpeg_xl,gender,F,890858,1575354,0.031078608942182704
kk,topofr_r100,168,512,jpeg_xl,gender,M,624949,939868,0.018256048829973892
kk,topofr_r100,168,512,jpeg_xl,age,__overall__,1515807,1848306,0.024666748393579983
kk,topofr_r100,168,512,jpeg_xl,age,26-35,607008,840462,0.02117855649468969
kk,topofr_r100,168,512,jpeg_xl,age,36-50,207304,99108,0.012095189771961667
kk,topofr_r100,168,512,jpeg_xl,age,<=25,688654,908736,0.030494346707371375
kk,topofr_r100,224,1024,jpeg_xl,skin_tone,__overall__,1515807,1413163,0.008962451869924436
kk,topofr_r100,224,1024,jpeg_xl,skin_tone,MST10,50485,6607,0.001334755310299539
kk,topofr_r100,224,1024,jpeg_xl,skin_tone,MST5,178369,62240,0.008022826533484836
kk,topofr_r100,224,1024,jpeg_xl,skin_tone,MST6,671757,932109,0.0103140772789608
kk,topofr_r100,224,1024,jpeg_xl,skin_tone,MST7,415396,384592,0.005604008580898967
kk,topofr_r100,224,1024,jpeg_xl,skin_tone,MST8,47266,4349,0.007370878203764263
kk,topofr_r100,224,1024,jpeg_xl,skin_tone,MST9,121529,23266,0.011258820078848104
kk,topofr_r100,224,1024,jpeg_xl,gender,__overall__,1515807,2515222,0.010201146778660047
kk,topofr_r100,224,1024,jpeg_xl,gender,F,890858,1575354,0.012553698403768897
kk,topofr_r100,224,1024,jpeg_xl,gender,M,624949,939868,0.006615917364634362
kk,topofr_r100,224,1024,jpeg_xl,age,__overall__,1515807,1848306,0.009558049566781225
kk,topofr_r100,224,1024,jpeg_xl,age,26-35,607008,840462,0.008869836773570654
kk,topofr_r100,224,1024,jpeg_xl,age,36-50,207304,99108,0.004096209103273208
kk,topofr_r100,224,1024,jpeg_xl,age,<=25,688654,908736,0.011361597485544552
kk,topofr_r100,224,512,jpeg_xl,skin_tone,__overall__,1515807,1413163,0.00934547844370734
kk,topofr_r100,224,512,jpeg_xl,skin_tone,MST10,50485,6607,0.001664380707680377
kk,topofr_r100,224,512,jpeg_xl,skin_tone,MST5,178369,62240,0.00832160284842342
kk,topofr_r100,224,512,jpeg_xl,skin_tone,MST6,671757,932109,0.011005637737209924
kk,topofr_r100,224,512,jpeg_xl,skin_tone,MST7,415396,384592,0.0059487547809984045
kk,topofr_r100,224,512,jpeg_xl,skin_tone,MST8,47266,4349,0.006655726332217217
kk,topofr_r100,224,512,jpeg_xl,skin_tone,MST9,121529,23266,0.011254705834511363
kk,topofr_r100,224,512,jpeg_xl,gender,__overall__,1515807,2515222,0.010665747210614066
kk,topofr_r100,224,512,jpeg_xl,gender,F,890858,1575354,0.013159612703976087
kk,topofr_r100,224,512,jpeg_xl,gender,M,624949,939868,0.006830621305973461
kk,topofr_r100,224,512,jpeg_xl,age,__overall__,1515807,1848306,0.00998421304659185
kk,topofr_r100,224,512,jpeg_xl,age,26-35,607008,840462,0.008928823769393565
kk,topofr_r100,224,512,jpeg_xl,age,36-50,207304,99108,0.004330428058890404
kk,topofr_r100,224,512,jpeg_xl,age,<=25,688654,908736,0.012055411336645049
kk,topofr_r100,64,1024,jpeg_xl,skin_tone,__overall__,1515807,1413163,0.010843475131007266
kk,topofr_r100,64,1024,jpeg_xl,skin_tone,MST10,50485,6607,0.0044230267150279935
kk,topofr_r100,64,1024,jpeg_xl,skin_tone,MST5,178369,62240,0.008672511197253619
kk,topofr_r100,64,1024,jpeg_xl,skin_tone,MST6,671757,932109,0.012014571317545146
kk,topofr_r100,64,1024,jpeg_xl,skin_tone,MST7,415396,384592,0.007325814281620716
kk,topofr_r100,64,1024,jpeg_xl,skin_tone,MST8,47266,4349,0.01777022499444128
kk,topofr_r100,64,1024,jpeg_xl,skin_tone,MST9,121529,23266,0.014125412835488977
kk,topofr_r100,64,1024,jpeg_xl,gender,__overall__,1515807,2515222,0.012682648380517332
kk,topofr_r100,64,1024,jpeg_xl,gender,F,890858,1575354,0.015151983881147316
kk,topofr_r100,64,1024,jpeg_xl,gender,M,624949,939868,0.008827898687106948
kk,topofr_r100,64,1024,jpeg_xl,age,__overall__,1515807,1848306,0.012095026079492446
kk,topofr_r100,64,1024,jpeg_xl,age,26-35,607008,840462,0.010384470037087097
kk,topofr_r100,64,1024,jpeg_xl,age,36-50,207304,99108,0.006423705990838503
kk,topofr_r100,64,1024,jpeg_xl,age,<=25,688654,908736,0.01477618451038239
kk,topofr_r100,64,512,jpeg_xl,skin_tone,__overall__,1515807,1413163,0.06362779852273409
kk,topofr_r100,64,512,jpeg_xl,skin_tone,MST10,50485,6607,0.03442784496963382
kk,topofr_r100,64,512,jpeg_xl,skin_tone,MST5,178369,62240,0.06817377160754573
kk,topofr_r100,64,512,jpeg_xl,skin_tone,MST6,671757,932109,0.06583106238774605
kk,topofr_r100,64,512,jpeg_xl,skin_tone,MST7,415396,384592,0.05524813248533232
kk,topofr_r100,64,512,jpeg_xl,skin_tone,MST8,47266,4349,0.06533852814845141
kk,topofr_r100,64,512,jpeg_xl,skin_tone,MST9,121529,23266,0.07280740589473154
kk,topofr_r100,64,512,jpeg_xl,gender,__overall__,1515807,2515222,0.0740704805453977
kk,topofr_r100,64,512,jpeg_xl,gender,F,890858,1575354,0.08731273243294138
kk,topofr_r100,64,512,jpeg_xl,gender,M,624949,939868,0.0537038828569282
kk,topofr_r100,64,512,jpeg_xl,age,__overall__,1515807,1848306,0.07053835215681915
kk,topofr_r100,64,512,jpeg_xl,age,26-35,607008,840462,0.05893873099514056
kk,topofr_r100,64,512,jpeg_xl,age,36-50,207304,99108,0.04282949159853635
kk,topofr_r100,64,512,jpeg_xl,age,<=25,688654,908736,0.08780692471489265
kk,topofr_r100,96,1024,jpeg_xl,skin_tone,__overall__,1515807,1413163,0.010337098127752634
kk,topofr_r100,96,1024,jpeg_xl,skin_tone,MST10,50485,6607,0.0036385789490196944
kk,topofr_r100,96,1024,jpeg_xl,skin_tone,MST5,178369,62240,0.00930705163054072
kk,topofr_r100,96,1024,jpeg_xl,skin_tone,MST6,671757,932109,0.011363927686727109
kk,topofr_r100,96,1024,jpeg_xl,skin_tone,MST7,415396,384592,0.00660045134740379
kk,topofr_r100,96,1024,jpeg_xl,skin_tone,MST8,47266,4349,0.013889084965888813
kk,topofr_r100,96,1024,jpeg_xl,skin_tone,MST9,121529,23266,0.014125412835488977
kk,topofr_r100,96,1024,jpeg_xl,gender,__overall__,1515807,2515222,0.012049682552490035
kk,topofr_r100,96,1024,jpeg_xl,gender,F,890858,1575354,0.014790661291756498
kk,topofr_r100,96,1024,jpeg_xl,gender,M,624949,939868,0.007816842337517487
kk,topofr_r100,96,1024,jpeg_xl,age,__overall__,1515807,1848306,0.011502253220404695
kk,topofr_r100,96,1024,jpeg_xl,age,26-35,607008,840462,0.009639692416128571
kk,topofr_r100,96,1024,jpeg_xl,age,36-50,207304,99108,0.004980665330448601
kk,topofr_r100,96,1024,jpeg_xl,age,<=25,688654,908736,0.014504588921428061
kk,topofr_r100,96,512,jpeg_xl,skin_tone,__overall__,1515807,1413163,0.06463857794620954
kk,topofr_r100,96,512,jpeg_xl,skin_tone,MST10,50485,6607,0.03956954607058918
kk,topofr_r100,96,512,jpeg_xl,skin_tone,MST5,178369,62240,0.0692042416120961
kk,topofr_r100,96,512,jpeg_xl,skin_tone,MST6,671757,932109,0.06674409777514562
kk,topofr_r100,96,512,jpeg_xl,skin_tone,MST7,415396,384592,0.05696839851960102
kk,topofr_r100,96,512,jpeg_xl,skin_tone,MST8,47266,4349,0.061321262304580376
kk,topofr_r100,96,512,jpeg_xl,skin_tone,MST9,121529,23266,0.07337206833486173
kk,topofr_r100,96,512,jpeg_xl,gender,__overall__,1515807,2515222,0.0747585389977613
kk,topofr_r100,96,512,jpeg_xl,gender,F,890858,1575354,0.08885984360651875
kk,topofr_r100,96,512,jpeg_xl,gender,M,624949,939868,0.053148555748622595
kk,topofr_r100,96,512,jpeg_xl,age,__overall__,1515807,1848306,0.07086622682743465
kk,topofr_r100,96,512,jpeg_xl,age,26-35,607008,840462,0.06023796245879148
kk,topofr_r100,96,512,jpeg_xl,age,36-50,207304,99108,0.04360975120939896
kk,topofr_r100,96,512,jpeg_xl,age,<=25,688654,908736,0.08795166015503905
kk,topofr_r100,224,1024,neural_bmshj2018,skin_tone,__overall__,1515807,1413163,
kk,topofr_r100,224,1024,neural_bmshj2018,skin_tone,MST10,50485,6607,
kk,topofr_r100,224,1024,neural_bmshj2018,skin_tone,MST5,178369,62240,
kk,topofr_r100,224,1024,neural_bmshj2018,skin_tone,MST6,671757,932109,
kk,topofr_r100,224,1024,neural_bmshj2018,skin_tone,MST7,415396,384592,
kk,topofr_r100,224,1024,neural_bmshj2018,skin_tone,MST8,47266,4349,
kk,topofr_r100,224,1024,neural_bmshj2018,skin_tone,MST9,121529,23266,
kk,topofr_r100,224,1024,neural_bmshj2018,gender,__overall__,1515807,2515222,
kk,topofr_r100,224,1024,neural_bmshj2018,gender,F,890858,1575354,
kk,topofr_r100,224,1024,neural_bmshj2018,gender,M,624949,939868,
kk,topofr_r100,224,1024,neural_bmshj2018,age,__overall__,1515807,1848306,
kk,topofr_r100,224,1024,neural_bmshj2018,age,26-35,607008,840462,
kk,topofr_r100,224,1024,neural_bmshj2018,age,36-50,207304,99108,
kk,topofr_r100,224,1024,neural_bmshj2018,age,<=25,688654,908736,
kk,topofr_r100,224,1024,neural_mbt2018_mean,skin_tone,__overall__,1515807,1413163,
kk,topofr_r100,224,1024,neural_mbt2018_mean,skin_tone,MST10,50485,6607,
kk,topofr_r100,224,1024,neural_mbt2018_mean,skin_tone,MST5,178369,62240,
kk,topofr_r100,224,1024,neural_mbt2018_mean,skin_tone,MST6,671757,932109,
kk,topofr_r100,224,1024,neural_mbt2018_mean,skin_tone,MST7,415396,384592,
kk,topofr_r100,224,1024,neural_mbt2018_mean,skin_tone,MST8,47266,4349,
kk,topofr_r100,224,1024,neural_mbt2018_mean,skin_tone,MST9,121529,23266,
kk,topofr_r100,224,1024,neural_mbt2018_mean,gender,__overall__,1515807,2515222,
kk,topofr_r100,224,1024,neural_mbt2018_mean,gender,F,890858,1575354,
kk,topofr_r100,224,1024,neural_mbt2018_mean,gender,M,624949,939868,
kk,topofr_r100,224,1024,neural_mbt2018_mean,age,__overall__,1515807,1848306,
kk,topofr_r100,224,1024,neural_mbt2018_mean,age,26-35,607008,840462,
kk,topofr_r100,224,1024,neural_mbt2018_mean,age,36-50,207304,99108,
kk,topofr_r100,224,1024,neural_mbt2018_mean,age,<=25,688654,908736,
kk,topofr_r100,112,1024,ours_accurate,skin_tone,__overall__,1515807,1413163,0.004674229147403855
kk,topofr_r100,112,1024,ours_accurate,skin_tone,MST10,50485,6607,0.00195439037761742
kk,topofr_r100,112,1024,ours_accurate,skin_tone,MST5,178369,62240,0.0022158670096699253
kk,topofr_r100,112,1024,ours_accurate,skin_tone,MST6,671757,932109,0.005195691624282281
kk,topofr_r100,112,1024,ours_accurate,skin_tone,MST7,415396,384592,0.0032474541121013676
kk,topofr_r100,112,1024,ours_accurate,skin_tone,MST8,47266,4349,0.008790603518389686
kk,topofr_r100,112,1024,ours_accurate,skin_tone,MST9,121529,23266,0.0060847808130617825
kk,topofr_r100,112,1024,ours_accurate,gender,__overall__,1515807,2515222,0.0053607465469150345
kk,topofr_r100,112,1024,ours_accurate,gender,F,890858,1575354,0.006215841588349393
kk,topofr_r100,112,1024,ours_accurate,gender,M,624949,939868,0.00400285262323229
kk,topofr_r100,112,1024,ours_accurate,age,__overall__,1515807,1848306,0.005253950428358502
kk,topofr_r100,112,1024,ours_accurate,age,26-35,607008,840462,0.005042432955931082
kk,topofr_r100,112,1024,ours_accurate,age,36-50,207304,99108,0.0021579782790496476
kk,topofr_r100,112,1024,ours_accurate,age,<=25,688654,908736,0.005875058230794825
kk,topofr_r100,112,512,ours_accurate,skin_tone,__overall__,1515807,1413163,0.00879309807522585
kk,topofr_r100,112,512,ours_accurate,skin_tone,MST10,50485,6607,0.0027784538710695144
kk,topofr_r100,112,512,ours_accurate,skin_tone,MST5,178369,62240,0.006304726099202714
kk,topofr_r100,112,512,ours_accurate,skin_tone,MST6,671757,932109,0.010087623575094603
kk,topofr_r100,112,512,ours_accurate,skin_tone,MST7,415396,384592,0.005553837177388051
kk,topofr_r100,112,512,ours_accurate,skin_tone,MST8,47266,4349,0.014646550551310526
kk,topofr_r100,112,512,ours_accurate,skin_tone,MST9,121529,23266,0.012078565667856336
kk,topofr_r100,112,512,ours_accurate,gender,__overall__,1515807,2515222,0.010174515643702232
kk,topofr_r100,112,512,ours_accurate,gender,F,890858,1575354,0.012044766953821527
kk,topofr_r100,112,512,ours_accurate,gender,M,624949,939868,0.007254902456402399
kk,topofr_r100,112,512,ours_accurate,age,__overall__,1515807,1848306,0.009853032790561647
kk,topofr_r100,112,512,ours_accurate,age,26-35,607008,840462,0.008533485075090191
kk,topofr_r100,112,512,ours_accurate,age,36-50,207304,99108,0.005094931020413897
kk,topofr_r100,112,512,ours_accurate,age,<=25,688654,908736,0.011852280320227927
kk,topofr_r100,168,1024,ours_accurate,skin_tone,__overall__,1515807,1413163,0.005647223621884589
kk,topofr_r100,168,1024,ours_accurate,skin_tone,MST10,50485,6607,0.001334755310299539
kk,topofr_r100,168,1024,ours_accurate,skin_tone,MST5,178369,62240,0.003746736387772778
kk,topofr_r100,168,1024,ours_accurate,skin_tone,MST6,671757,932109,0.006404740492186698
kk,topofr_r100,168,1024,ours_accurate,skin_tone,MST7,415396,384592,0.0039883215865253695
kk,topofr_r100,168,1024,ours_accurate,skin_tone,MST8,47266,4349,0.007097232818353025
kk,topofr_r100,168,1024,ours_accurate,skin_tone,MST9,121529,23266,0.007739809602986088
kk,topofr_r100,168,1024,ours_accurate,gender,__overall__,1515807,2515222,0.006520640410981092
kk,topofr_r100,168,1024,ours_accurate,gender,F,890858,1575354,0.007876446739475618
kk,topofr_r100,168,1024,ours_accurate,gender,M,624949,939868,0.004310733818041473
kk,topofr_r100,168,1024,ours_accurate,age,__overall__,1515807,1848306,0.006364485880701039
kk,topofr_r100,168,1024,ours_accurate,age,26-35,607008,840462,0.005802815703326901
kk,topofr_r100,168,1024,ours_accurate,age,36-50,207304,99108,0.002323115389599388
kk,topofr_r100,168,1024,ours_accurate,age,<=25,688654,908736,0.00749025337255883
kk,topofr_r100,168,512,ours_accurate,skin_tone,__overall__,1515807,1413163,0.04000621383031843
kk,topofr_r100,168,512,ours_accurate,skin_tone,MST10,50485,6607,0.019886987248361694
kk,topofr_r100,168,512,ours_accurate,skin_tone,MST5,178369,62240,0.04147684673958224
kk,topofr_r100,168,512,ours_accurate,skin_tone,MST6,671757,932109,0.04257030664822004
kk,topofr_r100,168,512,ours_accurate,skin_tone,MST7,415396,384592,0.031471641863195406
kk,topofr_r100,168,512,ours_accurate,skin_tone,MST8,47266,4349,0.04668529018173852
kk,topofr_r100,168,512,ours_accurate,skin_tone,MST9,121529,23266,0.048842770477685316
kk,topofr_r100,168,512,ours_accurate,gender,__overall__,1515807,2515222,0.047270117613698134
kk,topofr_r100,168,512,ours_accurate,gender,F,890858,1575354,0.05833969323428981
kk,topofr_r100,168,512,ours_accurate,gender,M,624949,939868,0.030036523944642485
kk,topofr_r100,168,512,ours_accurate,age,__overall__,1515807,1848306,0.04479872963242278
kk,topofr_r100,168,512,ours_accurate,age,26-35,607008,840462,0.03519374445639815
kk,topofr_r100,168,512,ours_accurate,age,36-50,207304,99108,0.024298294154755335
kk,topofr_r100,168,512,ours_accurate,age,<=25,688654,908736,0.057871323370769515
kk,topofr_r100,224,1024,ours_accurate,skin_tone,__overall__,1515807,1413163,0.004124878235958347
kk,topofr_r100,224,1024,ours_accurate,skin_tone,MST10,50485,6607,0.0010645535040843938
kk,topofr_r100,224,1024,ours_accurate,skin_tone,MST5,178369,62240,0.0021665381534605316
kk,topofr_r100,224,1024,ours_accurate,skin_tone,MST6,671757,932109,0.004449288066753822
kk,topofr_r100,224,1024,ours_accurate,skin_tone,MST7,415396,384592,0.0027301419952910186
kk,topofr_r100,224,1024,ours_accurate,skin_tone,MST8,47266,4349,0.014573895306803954
kk,topofr_r100,224,1024,ours_accurate,skin_tone,MST9,121529,23266,0.004813778694752564
kk,topofr_r100,224,1024,ours_accurate,gender,__overall__,1515807,2515222,0.004708502719936542
kk,topofr_r100,224,1024,ours_accurate,gender,F,890858,1575354,0.005286885026664208
kk,topofr_r100,224,1024,ours_accurate,gender,M,624949,939868,0.0037167830019632217
kk,topofr_r100,224,1024,ours_accurate,age,__overall__,1515807,1848306,0.0046434630076472895
kk,topofr_r100,224,1024,ours_accurate,age,26-35,607008,840462,0.004518731492656559
kk,topofr_r100,224,1024,ours_accurate,age,36-50,207304,99108,0.0017829625486834558
kk,topofr_r100,224,1024,ours_accurate,age,<=25,688654,908736,0.005196905545697355
kk,topofr_r100,224,512,ours_accurate,skin_tone,__overall__,1515807,1413163,0.023438217619117317
kk,topofr_r100,224,512,ours_accurate,skin_tone,MST10,50485,6607,0.010886025051476237
kk,topofr_r100,224,512,ours_accurate,skin_tone,MST5,178369,62240,0.020650602254077693
kk,topofr_r100,224,512,ours_accurate,skin_tone,MST6,671757,932109,0.02576552273970749
kk,topofr_r100,224,512,ours_accurate,skin_tone,MST7,415396,384592,0.017521454599473785
kk,topofr_r100,224,512,ours_accurate,skin_tone,MST8,47266,4349,0.03541350884725856
kk,topofr_r100,224,512,ours_accurate,skin_tone,MST9,121529,23266,0.03139723284279598
kk,topofr_r100,224,512,ours_accurate,gender,__overall__,1515807,2515222,0.027744657375217113
kk,topofr_r100,224,512,ours_accurate,gender,F,890858,1575354,0.03414046286835774
kk,topofr_r100,224,512,ours_accurate,gender,M,624949,939868,0.017878984016704375
kk,topofr_r100,224,512,ours_accurate,age,__overall__,1515807,1848306,0.026357595414587605
kk,topofr_r100,224,512,ours_accurate,age,26-35,607008,840462,0.021173980465118238
kk,topofr_r100,224,512,ours_accurate,age,36-50,207304,99108,0.014495507428286324
kk,topofr_r100,224,512,ours_accurate,age,<=25,688654,908736,0.03392103271968201
kk,topofr_r100,64,1024,ours_accurate,skin_tone,__overall__,1515807,1413163,0.05204307365896201
kk,topofr_r100,64,1024,ours_accurate,skin_tone,MST10,50485,6607,0.03524200453122496
kk,topofr_r100,64,1024,ours_accurate,skin_tone,MST5,178369,62240,0.05302013985161548
kk,topofr_r100,64,1024,ours_accurate,skin_tone,MST6,671757,932109,0.05514429425411124
kk,topofr_r100,64,1024,ours_accurate,skin_tone,MST7,415396,384592,0.04138662835430339
kk,topofr_r100,64,1024,ours_accurate,skin_tone,MST8,47266,4349,0.06279387976154914
kk,topofr_r100,64,1024,ours_accurate,skin_tone,MST9,121529,23266,0.0663248995290251
kk,topofr_r100,64,1024,ours_accurate,gender,__overall__,1515807,2515222,0.06213187051637546
kk,topofr_r100,64,1024,ours_accurate,gender,F,890858,1575354,0.07355158453721525
kk,topofr_r100,64,1024,ours_accurate,gender,M,624949,939868,0.04448653204979956
kk,topofr_r100,64,1024,ours_accurate,age,__overall__,1515807,1848306,0.05861075047667541
kk,topofr_r100,64,1024,ours_accurate,age,26-35,607008,840462,0.048095175710273635
kk,topofr_r100,64,1024,ours_accurate,age,36-50,207304,99108,0.03443768525228444
kk,topofr_r100,64,1024,ours_accurate,age,<=25,688654,908736,0.07371136037674236
kk,topofr_r100,64,512,ours_accurate,skin_tone,__overall__,1515807,1413163,0.05319905423306223
kk,topofr_r100,64,512,ours_accurate,skin_tone,MST10,50485,6607,0.035377105434332534
kk,topofr_r100,64,512,ours_accurate,skin_tone,MST5,178369,62240,0.05374007433695732
kk,topofr_r100,64,512,ours_accurate,skin_tone,MST6,671757,932109,0.05674451342765721
kk,topofr_r100,64,512,ours_accurate,skin_tone,MST7,415396,384592,0.04187582364061746
kk,topofr_r100,64,512,ours_accurate,skin_tone,MST8,47266,4349,0.06677941032001417
kk,topofr_r100,64,512,ours_accurate,skin_tone,MST9,121529,23266,0.06723975532063729
kk,topofr_r100,64,512,ours_accurate,gender,__overall__,1515807,2515222,0.06355901191984259
kk,topofr_r100,64,512,ours_accurate,gender,F,890858,1575354,0.07513904843528696
kk,topofr_r100,64,512,ours_accurate,gender,M,624949,939868,0.045739151572791806
kk,topofr_r100,64,512,ours_accurate,age,__overall__,1515807,1848306,0.059981468333116766
kk,topofr_r100,64,512,ours_accurate,age,26-35,607008,840462,0.04894932625373073
kk,topofr_r100,64,512,ours_accurate,age,36-50,207304,99108,0.03607701770296194
kk,topofr_r100,64,512,ours_accurate,age,<=25,688654,908736,0.07556160498743027
kk,topofr_r100,96,1024,ours_accurate,skin_tone,__overall__,1515807,1413163,0.009250919746726646
kk,topofr_r100,96,1024,ours_accurate,skin_tone,MST10,50485,6607,0.00343415052288548
kk,topofr_r100,96,1024,ours_accurate,skin_tone,MST5,178369,62240,0.005788465622109943
kk,topofr_r100,96,1024,ours_accurate,skin_tone,MST6,671757,932109,0.010559180091821404
kk,topofr_r100,96,1024,ours_accurate,skin_tone,MST7,415396,384592,0.006041007888759612
kk,topofr_r100,96,1024,ours_accurate,skin_tone,MST8,47266,4349,0.01669680030973366
kk,topofr_r100,96,1024,ours_accurate,skin_tone,MST9,121529,23266,0.01204884659206001
kk,topofr_r100,96,1024,ours_accurate,gender,__overall__,1515807,2515222,0.010696402058459172
kk,topofr_r100,96,1024,ours_accurate,gender,F,890858,1575354,0.01260061814567855
kk,topofr_r100,96,1024,ours_accurate,gender,M,624949,939868,0.0078011257545978745
kk,topofr_r100,96,1024,ours_accurate,age,__overall__,1515807,1848306,0.010333146276768367
kk,topofr_r100,96,1024,ours_accurate,age,26-35,607008,840462,0.009115167240481229
kk,topofr_r100,96,1024,ours_accurate,age,36-50,207304,99108,0.005895833901730726
kk,topofr_r100,96,1024,ours_accurate,age,<=25,688654,908736,0.012261111849660609
kk,topofr_r100,96,512,ours_accurate,skin_tone,__overall__,1515807,1413163,0.02031167938394751
kk,topofr_r100,96,512,ours_accurate,skin_tone,MST10,50485,6607,0.008166994771572414
kk,topofr_r100,96,512,ours_accurate,skin_tone,MST5,178369,62240,0.018535820020485247
kk,topofr_r100,96,512,ours_accurate,skin_tone,MST6,671757,932109,0.02283707183768436
kk,topofr_r100,96,512,ours_accurate,skin_tone,MST7,415396,384592,0.013810228331970886
kk,topofr_r100,96,512,ours_accurate,skin_tone,MST8,47266,4349,0.03121919722896838
kk,topofr_r100,96,512,ours_accurate,skin_tone,MST9,121529,23266,0.025486652240175413
kk,topofr_r100,96,512,ours_accurate,gender,__overall__,1515807,2515222,0.024084344834831666
kk,topofr_r100,96,512,ours_accurate,gender,F,890858,1575354,0.029300222275144186
kk,topofr_r100,96,512,ours_accurate,gender,M,624949,939868,0.015980698318649574
kk,topofr_r100,96,512,ours_accurate,age,__overall__,1515807,1848306,0.022920363152081007
kk,topofr_r100,96,512,ours_accurate,age,26-35,607008,840462,0.01821285339880053
kk,topofr_r100,96,512,ours_accurate,age,36-50,207304,99108,0.012460336667318224
kk,topofr_r100,96,512,ours_accurate,age,<=25,688654,908736,0.029367769724140954
kk,topofr_r100,112,1024,ours_fast,skin_tone,__overall__,1515807,1413163,0.011719376829714512
kk,topofr_r100,112,1024,ours_fast,skin_tone,MST10,50485,6607,0.003338665347221703
kk,topofr_r100,112,1024,ours_fast,skin_tone,MST5,178369,62240,0.009542483200858808
kk,topofr_r100,112,1024,ours_fast,skin_tone,MST6,671757,932109,0.012728969253993364
kk,topofr_r100,112,1024,ours_fast,skin_tone,MST7,415396,384592,0.007847076273149019
kk,topofr_r100,112,1024,ours_fast,skin_tone,MST8,47266,4349,0.016539517637477755
kk,topofr_r100,112,1024,ours_fast,skin_tone,MST9,121529,23266,0.015942299102844268
kk,topofr_r100,112,1024,ours_fast,gender,__overall__,1515807,2515222,0.013529696404631662
kk,topofr_r100,112,1024,ours_fast,gender,F,890858,1575354,0.01627854807446924
kk,topofr_r100,112,1024,ours_fast,gender,M,624949,939868,0.009279851620210007
kk,topofr_r100,112,1024,ours_fast,age,__overall__,1515807,1848306,0.012881454866554983
kk,topofr_r100,112,1024,ours_fast,age,26-35,607008,840462,0.011073647275755036
kk,topofr_r100,112,1024,ours_fast,age,36-50,207304,99108,0.007059914097236719
kk,topofr_r100,112,1024,ours_fast,age,<=25,688654,908736,0.01562103506641294
kk,topofr_r100,112,512,ours_fast,skin_tone,__overall__,1515807,1413163,0.02414218015032056
kk,topofr_r100,112,512,ours_fast,skin_tone,MST10,50485,6607,0.009551269741176698
kk,topofr_r100,112,512,ours_fast,skin_tone,MST5,178369,62240,0.022078130171961908
kk,topofr_r100,112,512,ours_fast,skin_tone,MST6,671757,932109,0.026641305997860007
kk,topofr_r100,112,512,ours_fast,skin_tone,MST7,415396,384592,0.016477583766625312
kk,topofr_r100,112,512,ours_fast,skin_tone,MST8,47266,4349,0.030449759460303902
kk,topofr_r100,112,512,ours_fast,skin_tone,MST9,121529,23266,0.0310648526166803
kk,topofr_r100,112,512,ours_fast,gender,__overall__,1515807,2515222,0.028424565887665922
kk,topofr_r100,112,512,ours_fast,gender,F,890858,1575354,0.03455023109783162
kk,topofr_r100,112,512,ours_fast,gender,M,624949,939868,0.018764035465475115
kk,topofr_r100,112,512,ours_fast,age,__overall__,1515807,1848306,0.026906364626967612
kk,topofr_r100,112,512,ours_fast,age,26-35,607008,840462,0.02112071364150943
kk,topofr_r100,112,512,ours_fast,age,36-50,207304,99108,0.014519184260640378
kk,topofr_r100,112,512,ours_fast,age,<=25,688654,908736,0.03454559359091198
kk,topofr_r100,168,1024,ours_fast,skin_tone,__overall__,1515807,1413163,0.007300391928183258
kk,topofr_r100,168,1024,ours_fast,skin_tone,MST10,50485,6607,0.0015292798045728044
kk,topofr_r100,168,1024,ours_fast,skin_tone,MST5,178369,62240,0.005206603716255524
kk,topofr_r100,168,1024,ours_fast,skin_tone,MST6,671757,932109,0.008307831857228058
kk,topofr_r100,168,1024,ours_fast,skin_tone,MST7,415396,384592,0.0050317103777208615
kk,topofr_r100,168,1024,ours_fast,skin_tone,MST8,47266,4349,0.009431706390656065
kk,topofr_r100,168,1024,ours_fast,skin_tone,MST9,121529,23266,0.009942561272834716
kk,topofr_r100,168,1024,ours_fast,gender,__overall__,1515807,2515222,0.008468909165247503
kk,topofr_r100,168,1024,ours_fast,gender,F,890858,1575354,0.01026741123004159
kk,topofr_r100,168,1024,ours_fast,gender,M,624949,939868,0.005689027739540104
kk,topofr_r100,168,1024,ours_fast,age,__overall__,1515807,1848306,0.00806733519138334
kk,topofr_r100,168,1024,ours_fast,age,26-35,607008,840462,0.00735515715465943
kk,topofr_r100,168,1024,ours_fast,age,36-50,207304,99108,0.0037407098751107244
kk,topofr_r100,168,1024,ours_fast,age,<=25,688654,908736,0.009597952350085256
kk,topofr_r100,168,512,ours_fast,skin_tone,__overall__,1515807,1413163,0.02623358875294249
kk,topofr_r100,168,512,ours_fast,skin_tone,MST10,50485,6607,0.011195842585135177
kk,topofr_r100,168,512,ours_fast,skin_tone,MST5,178369,62240,0.023929825172437583
kk,topofr_r100,168,512,ours_fast,skin_tone,MST6,671757,932109,0.028612160581749306
kk,topofr_r100,168,512,ours_fast,skin_tone,MST7,415396,384592,0.019628691717169862
kk,topofr_r100,168,512,ours_fast,skin_tone,MST8,47266,4349,0.031301037147169516
kk,topofr_r100,168,512,ours_fast,skin_tone,MST9,121529,23266,0.03511648514313903
kk,topofr_r100,168,512,ours_fast,gender,__overall__,1515807,2515222,0.030970411326209306
kk,topofr_r100,168,512,ours_fast,gender,F,890858,1575354,0.03790172595675504
kk,topofr_r100,168,512,ours_fast,gender,M,624949,939868,0.020298104896435486
kk,topofr_r100,168,512,ours_fast,age,__overall__,1515807,1848306,0.029369755017529094
kk,topofr_r100,168,512,ours_fast,age,26-35,607008,840462,0.02339728598937522
kk,topofr_r100,168,512,ours_fast,age,36-50,207304,99108,0.01453387692924705
kk,topofr_r100,168,512,ours_fast,age,<=25,688654,908736,0.038050364711015444
kk,topofr_r100,224,1024,ours_fast,skin_tone,__overall__,1515807,1413163,0.003783820983412704
kk,topofr_r100,224,1024,ours_fast,skin_tone,MST10,50485,6607,0.00046472630048841057
kk,topofr_r100,224,1024,ours_fast,skin_tone,MST5,178369,62240,0.0016680193500256775
kk,topofr_r100,224,1024,ours_fast,skin_tone,MST6,671757,932109,0.004270542218725959
kk,topofr_r100,224,1024,ours_fast,skin_tone,MST7,415396,384592,0.0029789276671560233
kk,topofr_r100,224,1024,ours_fast,skin_tone,MST8,47266,4349,0.005499067974534364
kk,topofr_r100,224,1024,ours_fast,skin_tone,MST9,121529,23266,0.0047932074730688504
kk,topofr_r100,224,1024,ours_fast,gender,__overall__,1515807,2515222,0.004307980264268268
kk,topofr_r100,224,1024,ours_fast,gender,F,890858,1575354,0.005061445954359973
kk,topofr_r100,224,1024,ours_fast,gender,M,624949,939868,0.003087436149594439
kk,topofr_r100,224,1024,ours_fast,age,__overall__,1515807,1848306,0.004208459702206917
kk,topofr_r100,224,1024,ours_fast,age,26-35,607008,840462,0.003946293556198835
kk,topofr_r100,224,1024,ours_fast,age,36-50,207304,99108,0.0019259500724154047
kk,topofr_r100,224,1024,ours_fast,age,<=25,688654,908736,0.004830604918946383
kk,topofr_r100,224,512,ours_fast,skin_tone,__overall__,1515807,1413163,0.009345622197283144
kk,topofr_r100,224,512,ours_fast,skin_tone,MST10,50485,6607,0.0037538719884053695
kk,topofr_r100,224,512,ours_fast,skin_tone,MST5,178369,62240,0.006086113594977951
kk,topofr_r100,224,512,ours_fast,skin_tone,MST6,671757,932109,0.010584029874579792
kk,topofr_r100,224,512,ours_fast,skin_tone,MST7,415396,384592,0.006701948187556294
kk,topofr_r100,224,512,ours_fast,skin_tone,MST8,47266,4349,0.014300249921392717
kk,topofr_r100,224,512,ours_fast,skin_tone,MST9,121529,23266,0.01222304680250122
kk,topofr_r100,224,512,ours_fast,gender,__overall__,1515807,2515222,0.01091348611696925
kk,topofr_r100,224,512,ours_fast,gender,F,890858,1575354,0.013437480040302017
kk,topofr_r100,224,512,ours_fast,gender,M,624949,939868,0.007063404570112827
kk,topofr_r100,224,512,ours_fast,age,__overall__,1515807,1848306,0.010442395380110561
kk,topofr_r100,224,512,ours_fast,age,26-35,607008,840462,0.009055584928014707
kk,topofr_r100,224,512,ours_fast,age,36-50,207304,99108,0.0045962231007039
kk,topofr_r100,224,512,ours_fast,age,<=25,688654,908736,0.012927108932176676
kk,topofr_r100,64,1024,ours_fast,skin_tone,__overall__,1515807,1413163,0.10568411691674454
kk,topofr_r100,64,1024,ours_fast,skin_tone,MST10,50485,6607,0.07241224178743019
kk,topofr_r100,64,1024,ours_fast,skin_tone,MST5,178369,62240,0.11528801777844463
kk,topofr_r100,64,1024,ours_fast,skin_tone,MST6,671757,932109,0.10613891683551496
kk,topofr_r100,64,1024,ours_fast,skin_tone,MST7,415396,384592,0.09243591712250943
kk,topofr_r100,64,1024,ours_fast,skin_tone,MST8,47266,4349,0.10345396805486815
kk,topofr_r100,64,1024,ours_fast,skin_tone,MST9,121529,23266,0.12389914989568744
kk,topofr_r100,64,1024,ours_fast,gender,__overall__,1515807,2515222,0.12367139864685595
kk,topofr_r100,64,1024,ours_fast,gender,F,890858,1575354,0.14243258194028602
kk,topofr_r100,64,1024,ours_fast,gender,M,624949,939868,0.09266382883492821
kk,topofr_r100,64,1024,ours_fast,age,__overall__,1515807,1848306,0.11709623023357232
kk,topofr_r100,64,1024,ours_fast,age,26-35,607008,840462,0.09549238823215211
kk,topofr_r100,64,1024,ours_fast,age,36-50,207304,99108,0.08336675946105024
kk,topofr_r100,64,1024,ours_fast,age,<=25,688654,908736,0.14377212026885172
kk,topofr_r100,64,512,ours_fast,skin_tone,__overall__,1515807,1413163,0.12887644508199148
kk,topofr_r100,64,512,ours_fast,skin_tone,MST10,50485,6607,0.09124737510953798
kk,topofr_r100,64,512,ours_fast,skin_tone,MST5,178369,62240,0.14146215320638633
kk,topofr_r100,64,512,ours_fast,skin_tone,MST6,671757,932109,0.1280757341880942
kk,topofr_r100,64,512,ours_fast,skin_tone,MST7,415396,384592,0.11472585524610501
kk,topofr_r100,64,512,ours_fast,skin_tone,MST8,47266,4349,0.11896098096673885
kk,topofr_r100,64,512,ours_fast,skin_tone,MST9,121529,23266,0.15062064962030186
kk,topofr_r100,64,512,ours_fast,gender,__overall__,1515807,2515222,0.15009136994762085
kk,topofr_r100,64,512,ours_fast,gender,F,890858,1575354,0.16992955615643401
kk,topofr_r100,64,512,ours_fast,gender,M,624949,939868,0.11605004997237355
kk,topofr_r100,64,512,ours_fast,age,__overall__,1515807,1848306,0.14219030796374446
kk,topofr_r100,64,512,ours_fast,age,26-35,607008,840462,0.11738263613920111
kk,topofr_r100,64,512,ours_fast,age,36-50,207304,99108,0.10411205184452083
kk,topofr_r100,64,512,ours_fast,age,<=25,688654,908736,0.17216721529728296
kk,topofr_r100,96,1024,ours_fast,skin_tone,__overall__,1515807,1413163,0.022291236332715885
kk,topofr_r100,96,1024,ours_fast,skin_tone,MST10,50485,6607,0.007606783295420227
kk,topofr_r100,96,1024,ours_fast,skin_tone,MST5,178369,62240,0.021807761747869053
kk,topofr_r100,96,1024,ours_fast,skin_tone,MST6,671757,932109,0.02423390622823264
kk,topofr_r100,96,1024,ours_fast,skin_tone,MST7,415396,384592,0.01453843387852215
kk,topofr_r100,96,1024,ours_fast,skin_tone,MST8,47266,4349,0.034352056345793705
kk,topofr_r100,96,1024,ours_fast,skin_tone,MST9,121529,23266,0.02868378649205372
kk,topofr_r100,96,1024,ours_fast,gender,__overall__,1515807,2515222,0.02619139353936671
kk,topofr_r100,96,1024,ours_fast,gender,F,890858,1575354,0.03187875807893756
kk,topofr_r100,96,1024,ours_fast,gender,M,624949,939868,0.017022387768792932
kk,topofr_r100,96,1024,ours_fast,age,__overall__,1515807,1848306,0.024752895255047352
kk,topofr_r100,96,1024,ours_fast,age,26-35,607008,840462,0.01923247836515316
kk,topofr_r100,96,1024,ours_fast,age,36-50,207304,99108,0.012862325818099244
kk,topofr_r100,96,1024,ours_fast,age,<=25,688654,908736,0.03192100574271539
kk,topofr_r100,96,512,ours_fast,skin_tone,__overall__,1515807,1413163,0.04378048734333041
kk,topofr_r100,96,512,ours_fast,skin_tone,MST10,50485,6607,0.02196302045428003
kk,topofr_r100,96,512,ours_fast,skin_tone,MST5,178369,62240,0.043684304216205505
kk,topofr_r100,96,512,ours_fast,skin_tone,MST6,671757,932109,0.0462307111649027
kk,topofr_r100,96,512,ours_fast,skin_tone,MST7,415396,384592,0.03291828327834308
kk,topofr_r100,96,512,ours_fast,skin_tone,MST8,47266,4349,0.05163706738545041
kk,topofr_r100,96,512,ours_fast,skin_tone,MST9,121529,23266,0.054845266404012244
kk,topofr_r100,96,512,ours_fast,gender,__overall__,1515807,2515222,0.05174551265347968
kk,topofr_r100,96,512,ours_fast,gender,F,890858,1575354,0.06289091259522706
kk,topofr_r100,96,512,ours_fast,gender,M,624949,939868,0.03362490428962159
kk,topofr_r100,96,512,ours_fast,age,__overall__,1515807,1848306,0.04902360539668578
kk,topofr_r100,96,512,ours_fast,age,26-35,607008,840462,0.03780447265774909
kk,topofr_r100,96,512,ours_fast,age,36-50,207304,99108,0.026404295174142715
kk,topofr_r100,96,512,ours_fast,age,<=25,688654,908736,0.0631589522614538
kk,topofr_r100,112,1024,webp,skin_tone,__overall__,1515807,1413163,0.0053716257473837604
kk,topofr_r100,112,1024,webp,skin_tone,MST10,50485,6607,0.0022840157749982578
kk,topofr_r100,112,1024,webp,skin_tone,MST5,178369,62240,0.003711423419974487
kk,topofr_r100,112,1024,webp,skin_tone,MST6,671757,932109,0.005827976424447516
kk,topofr_r100,112,1024,webp,skin_tone,MST7,415396,384592,0.003969977300820431
kk,topofr_r100,112,1024,webp,skin_tone,MST8,47266,4349,0.005025826202992556
kk,topofr_r100,112,1024,webp,skin_tone,MST9,121529,23266,0.006962125822784411
kk,topofr_r100,112,1024,webp,gender,__overall__,1515807,2515222,0.006077052925105289
kk,topofr_r100,112,1024,webp,gender,F,890858,1575354,0.007168609543096255
kk,topofr_r100,112,1024,webp,gender,M,624949,939868,0.0043786394846934175
kk,topofr_r100,112,1024,webp,age,__overall__,1515807,1848306,0.005883721411640341
kk,topofr_r100,112,1024,webp,age,26-35,607008,840462,0.005849538912848364
kk,topofr_r100,112,1024,webp,age,36-50,207304,99108,0.002732340290775962
kk,topofr_r100,112,1024,webp,age,<=25,688654,908736,0.006362887981995084
kk,topofr_r100,112,512,webp,skin_tone,__overall__,1515807,1413163,0.023568493363751893
kk,topofr_r100,112,512,webp,skin_tone,MST10,50485,6607,0.011031029886444759
kk,topofr_r100,112,512,webp,skin_tone,MST5,178369,62240,0.019517713396873276
kk,topofr_r100,112,512,webp,skin_tone,MST6,671757,932109,0.025747433592515433
kk,topofr_r100,112,512,webp,skin_tone,MST7,415396,384592,0.017251525933480085
kk,topofr_r100,112,512,webp,skin_tone,MST8,47266,4349,0.023089459685008307
kk,topofr_r100,112,512,webp,skin_tone,MST9,121529,23266,0.03530486681746872
kk,topofr_r100,112,512,webp,gender,__overall__,1515807,2515222,0.02763938913585359
kk,topofr_r100,112,512,webp,gender,F,890858,1575354,0.033211985177269886
kk,topofr_r100,112,512,webp,gender,M,624949,939868,0.019127260225632537
kk,topofr_r100,112,512,webp,age,__overall__,1515807,1848306,0.026288910060247285
kk,topofr_r100,112,512,webp,age,26-35,607008,840462,0.02318238679536374
kk,topofr_r100,112,512,webp,age,36-50,207304,99108,0.013812588231454006
kk,topofr_r100,112,512,webp,age,<=25,688654,908736,0.032013316611780696
kk,topofr_r100,168,1024,webp,skin_tone,__overall__,1515807,1413163,0.006838825911403525
kk,topofr_r100,168,1024,webp,skin_tone,MST10,50485,6607,0.0013941789014652317
kk,topofr_r100,168,1024,webp,skin_tone,MST5,178369,62240,0.004976778501301878
kk,topofr_r100,168,1024,webp,skin_tone,MST6,671757,932109,0.007719050847795649
kk,topofr_r100,168,1024,webp,skin_tone,MST7,415396,384592,0.004453537000049362
kk,topofr_r100,168,1024,webp,skin_tone,MST8,47266,4349,0.009210953147588161
kk,topofr_r100,168,1024,webp,skin_tone,MST9,121529,23266,0.010031718500223694
kk,topofr_r100,168,1024,webp,gender,__overall__,1515807,2515222,0.007745789563917855
kk,topofr_r100,168,1024,webp,gender,F,890858,1575354,0.00935428637449372
kk,topofr_r100,168,1024,webp,gender,M,624949,939868,0.005199760622588633
kk,topofr_r100,168,1024,webp,age,__overall__,1515807,1848306,0.0074664258467671595
kk,topofr_r100,168,1024,webp,age,26-35,607008,840462,0.006906780167726244
kk,topofr_r100,168,1024,webp,age,36-50,207304,99108,0.0030729256825162083
kk,topofr_r100,168,1024,webp,age,<=25,688654,908736,0.00888971368998427
kk,topofr_r100,168,512,webp,skin_tone,__overall__,1515807,1413163,0.011763069505784405
kk,topofr_r100,168,512,webp,skin_tone,MST10,50485,6607,0.004963430327458285
kk,topofr_r100,168,512,webp,skin_tone,MST5,178369,62240,0.009097224773386144
kk,topofr_r100,168,512,webp,skin_tone,MST6,671757,932109,0.013212180851469163
kk,topofr_r100,168,512,webp,skin_tone,MST7,415396,384592,0.007877986078396099
kk,topofr_r100,168,512,webp,skin_tone,MST8,47266,4349,0.013795272864444909
kk,topofr_r100,168,512,webp,skin_tone,MST9,121529,23266,0.017522352129268077
kk,topofr_r100,168,512,webp,gender,__overall__,1515807,2515222,0.013511691993735052
kk,topofr_r100,168,512,webp,gender,F,890858,1575354,0.01627896228857565
kk,topofr_r100,168,512,webp,gender,M,624949,939868,0.009178413961749936
kk,topofr_r100,168,512,webp,age,__overall__,1515807,1848306,0.012900190427696027
kk,topofr_r100,168,512,webp,age,26-35,607008,840462,0.011489075497275892
kk,topofr_r100,168,512,webp,age,36-50,207304,99108,0.00470061995565956
kk,topofr_r100,168,512,webp,age,<=25,688654,908736,0.015718025758252516
kk,topofr_r100,224,1024,webp,skin_tone,__overall__,1515807,1413163,0.005344055920287059
kk,topofr_r100,224,1024,webp,skin_tone,MST10,50485,6607,0.001664380707680377
kk,topofr_r100,224,1024,webp,skin_tone,MST5,178369,62240,0.0030159653057255835
kk,topofr_r100,224,1024,webp,skin_tone,MST6,671757,932109,0.006041697312682443
kk,topofr_r100,224,1024,webp,skin_tone,MST7,415396,384592,0.0038682380064231983
kk,topofr_r100,224,1024,webp,skin_tone,MST8,47266,4349,0.006865901146816454
kk,topofr_r100,224,1024,webp,skin_tone,MST9,121529,23266,0.006957092213008541
kk,topofr_r100,224,1024,webp,gender,__overall__,1515807,2515222,0.006067906306452547
kk,topofr_r100,224,1024,webp,gender,F,890858,1575354,0.007383076214367121
kk,topofr_r100,224,1024,webp,gender,M,624949,939868,0.004037456917787568
kk,topofr_r100,224,1024,webp,age,__overall__,1515807,1848306,0.005899463811553778
kk,topofr_r100,224,1024,webp,age,26-35,607008,840462,0.005700125461100023
kk,topofr_r100,224,1024,webp,age,36-50,207304,99108,0.0025226828387750746
kk,topofr_r100,224,1024,webp,age,<=25,688654,908736,0.006646599773058536
kk,topofr_r100,224,512,webp,skin_tone,__overall__,1515807,1413163,0.006543371978076713
kk,topofr_r100,224,512,webp,skin_tone,MST10,50485,6607,0.0031342369210874887
kk,topofr_r100,224,512,webp,skin_tone,MST5,178369,62240,0.004092038381238535
kk,topofr_r100,224,512,webp,skin_tone,MST6,671757,932109,0.007532366603885293
kk,topofr_r100,224,512,webp,skin_tone,MST7,415396,384592,0.0046824854905034305
kk,topofr_r100,224,512,webp,skin_tone,MST8,47266,4349,0.007402613489170262
kk,topofr_r100,224,512,webp,skin_tone,MST9,121529,23266,0.008143970713704653
kk,topofr_r100,224,512,webp,gender,__overall__,1515807,2515222,0.00741955064247086
kk,topofr_r100,224,512,webp,gender,F,890858,1575354,0.008989316598953613
kk,topofr_r100,224,512,webp,gender,M,624949,939868,0.005059936477532999
kk,topofr_r100,224,512,webp,age,__overall__,1515807,1848306,0.007188706899005292
kk,topofr_r100,224,512,webp,age,26-35,607008,840462,0.006382392705765367
kk,topofr_r100,224,512,webp,age,36-50,207304,99108,0.003400787986817171
kk,topofr_r100,224,512,webp,age,<=25,688654,908736,0.00874679427971729
kk,topofr_r100,64,1024,webp,skin_tone,__overall__,1515807,1413163,0.005956052383105106
kk,topofr_r100,64,1024,webp,skin_tone,MST10,50485,6607,0.00210929914444689
kk,topofr_r100,64,1024,webp,skin_tone,MST5,178369,62240,0.003256627117384586
kk,topofr_r100,64,1024,webp,skin_tone,MST6,671757,932109,0.006545338881042521
kk,topofr_r100,64,1024,webp,skin_tone,MST7,415396,384592,0.004218473747693648
kk,topofr_r100,64,1024,webp,skin_tone,MST8,47266,4349,0.00988379130526054
kk,topofr_r100,64,1024,webp,skin_tone,MST9,121529,23266,0.008400455810880718
kk,topofr_r100,64,1024,webp,gender,__overall__,1515807,2515222,0.006780739282407027
kk,topofr_r100,64,1024,webp,gender,F,890858,1575354,0.007796683634971666
kk,topofr_r100,64,1024,webp,gender,M,624949,939868,0.00505327204133863
kk,topofr_r100,64,1024,webp,age,__overall__,1515807,1848306,0.006562943077798637
kk,topofr_r100,64,1024,webp,age,26-35,607008,840462,0.006505538314125826
kk,topofr_r100,64,1024,webp,age,36-50,207304,99108,0.003161081694156245
kk,topofr_r100,64,1024,webp,age,<=25,688654,908736,0.007246417937080327
kk,topofr_r100,64,512,webp,skin_tone,__overall__,1515807,1413163,0.022113955330941924
kk,topofr_r100,64,512,webp,skin_tone,MST10,50485,6607,0.012550405759156613
kk,topofr_r100,64,512,webp,skin_tone,MST5,178369,62240,0.020242331630014963
kk,topofr_r100,64,512,webp,skin_tone,MST6,671757,932109,0.0233310657308747
kk,topofr_r100,64,512,webp,skin_tone,MST7,415396,384592,0.016337952230103994
kk,topofr_r100,64,512,webp,skin_tone,MST8,47266,4349,0.02837974659971753
kk,topofr_r100,64,512,webp,skin_tone,MST9,121529,23266,0.02979249435035172
kk,topofr_r100,64,512,webp,gender,__overall__,1515807,2515222,0.026137381518057758
kk,topofr_r100,64,512,webp,gender,F,890858,1575354,0.029733265590115035
kk,topofr_r100,64,512,webp,gender,M,624949,939868,0.02050126493614256
kk,topofr_r100,64,512,webp,age,__overall__,1515807,1848306,0.024751310556884308
kk,topofr_r100,64,512,webp,age,26-35,607008,840462,0.02143674606454532
kk,topofr_r100,64,512,webp,age,36-50,207304,99108,0.01648571551217215
kk,topofr_r100,64,512,webp,age,<=25,688654,908736,0.029497994282105235
kk,topofr_r100,96,1024,webp,skin_tone,__overall__,1515807,1413163,0.004984191234091585
kk,topofr_r100,96,1024,webp,skin_tone,MST10,50485,6607,0.0009393565328377699
kk,topofr_r100,96,1024,webp,skin_tone,MST5,178369,62240,0.0029060948825779132
kk,topofr_r100,96,1024,webp,skin_tone,MST6,671757,932109,0.005555536890960673
kk,topofr_r100,96,1024,webp,skin_tone,MST7,415396,384592,0.003414098083571824
kk,topofr_r100,96,1024,webp,skin_tone,MST8,47266,4349,0.006655726332217217
kk,topofr_r100,96,1024,webp,skin_tone,MST9,121529,23266,0.006579455299188686
kk,topofr_r100,96,1024,webp,gender,__overall__,1515807,2515222,0.005634657959844435
kk,topofr_r100,96,1024,webp,gender,F,890858,1575354,0.006607328605444244
kk,topofr_r100,96,1024,webp,gender,M,624949,939868,0.003980484089443417
kk,topofr_r100,96,1024,webp,age,__overall__,1515807,1848306,0.005480604317122197
kk,topofr_r100,96,1024,webp,age,26-35,607008,840462,0.0051771563519066345
kk,topofr_r100,96,1024,webp,age,36-50,207304,99108,0.0029270839063546125
kk,topofr_r100,96,1024,webp,age,<=25,688654,908736,0.005874751946732539
kk,topofr_r100,96,512,webp,skin_tone,__overall__,1515807,1413163,0.025101042558519103
kk,topofr_r100,96,512,webp,skin_tone,MST10,50485,6607,0.013664478922545752
kk,topofr_r100,96,512,webp,skin_tone,MST5,178369,62240,0.02289935516788721
kk,topofr_r100,96,512,webp,skin_tone,MST6,671757,932109,0.026859051495213514
kk,topofr_r100,96,512,webp,skin_tone,MST7,415396,384592,0.018826048536162286
kk,topofr_r100,96,512,webp,skin_tone,MST8,47266,4349,0.03078687541652714
kk,topofr_r100,96,512,webp,skin_tone,MST9,121529,23266,0.0354630468331432
kk,topofr_r100,96,512,webp,gender,__overall__,1515807,2515222,0.029710229577853603
kk,topofr_r100,96,512,webp,gender,F,890858,1575354,0.035217724115289645
kk,topofr_r100,96,512,webp,gender,M,624949,939868,0.021016624514072678
kk,topofr_r100,96,512,webp,age,__overall__,1515807,1848306,0.02835697253763854
kk,topofr_r100,96,512,webp,age,26-35,607008,840462,0.023711854109998202
kk,topofr_r100,96,512,webp,age,36-50,207304,99108,0.016486579254261717
kk,topofr_r100,96,512,webp,age,<=25,688654,908736,0.03460630976183994
kk,edgeface_xs,112,0,aligned,skin_tone,__overall__,1515807,1413163,0.01490267110276701
kk,edgeface_xs,112,0,aligned,skin_tone,MST10,50485,6607,0.004413122783167045
kk,edgeface_xs,112,0,aligned,skin_tone,MST5,178369,62240,0.008105417407857352
kk,edgeface_xs,112,0,aligned,skin_tone,MST6,671757,932109,0.015034082852983775
kk,edgeface_xs,112,0,aligned,skin_tone,MST7,415396,384592,0.0116098207939547
kk,edgeface_xs,112,0,aligned,skin_tone,MST8,47266,4349,0.03794757880569217
kk,edgeface_xs,112,0,aligned,skin_tone,MST9,121529,23266,0.01972921804345345
kk,edgeface_xs,112,0,aligned,gender,__overall__,1515807,2515222,0.01753539107270226
kk,edgeface_xs,112,0,aligned,gender,F,890858,1575354,0.017256845006211628
kk,edgeface_xs,112,0,aligned,gender,M,624949,939868,0.017462875873989654
kk,edgeface_xs,112,0,aligned,age,__overall__,1515807,1848306,0.016468147428222633
kk,edgeface_xs,112,0,aligned,age,26-35,607008,840462,0.01604949629642574
kk,edgeface_xs,112,0,aligned,age,36-50,207304,99108,0.01448716583881295
kk,edgeface_xs,112,0,aligned,age,<=25,688654,908736,0.017197720910118893
kk,edgeface_xs,168,0,aligned,skin_tone,__overall__,1515807,1413163,0.014478266421707235
kk,edgeface_xs,168,0,aligned,skin_tone,MST10,50485,6607,0.004238406152615677
kk,edgeface_xs,168,0,aligned,skin_tone,MST5,178369,62240,0.007461339099453011
kk,edgeface_xs,168,0,aligned,skin_tone,MST6,671757,932109,0.014628988225503636
kk,edgeface_xs,168,0,aligned,skin_tone,MST7,415396,384592,0.011449723988455333
kk,edgeface_xs,168,0,aligned,skin_tone,MST8,47266,4349,0.03682265573341531
kk,edgeface_xs,168,0,aligned,skin_tone,MST9,121529,23266,0.019158648428386924
kk,edgeface_xs,168,0,aligned,gender,__overall__,1515807,2515222,0.01705379308932988
kk,edgeface_xs,168,0,aligned,gender,F,890858,1575354,0.016822845914537483
kk,edgeface_xs,168,0,aligned,gender,M,624949,939868,0.016918231897489654
kk,edgeface_xs,168,0,aligned,age,__overall__,1515807,1848306,0.016007704968133522
kk,edgeface_xs,168,0,aligned,age,26-35,607008,840462,0.01565264775581341
kk,edgeface_xs,168,0,aligned,age,36-50,207304,99108,0.01414242011692236
kk,edgeface_xs,168,0,aligned,age,<=25,688654,908736,0.01662010413642573
kk,edgeface_xs,224,0,aligned,skin_tone,__overall__,1515807,1413163,0.014290158678930492
kk,edgeface_xs,224,0,aligned,skin_tone,MST10,50485,6607,0.004083497385786207
kk,edgeface_xs,224,0,aligned,skin_tone,MST5,178369,62240,0.007359502095328478
kk,edgeface_xs,224,0,aligned,skin_tone,MST6,671757,932109,0.014412077272393254
kk,edgeface_xs,224,0,aligned,skin_tone,MST7,415396,384592,0.01128000068407876
kk,edgeface_xs,224,0,aligned,skin_tone,MST8,47266,4349,0.03693762469179655
kk,edgeface_xs,224,0,aligned,skin_tone,MST9,121529,23266,0.018728882486208773
kk,edgeface_xs,224,0,aligned,gender,__overall__,1515807,2515222,0.016854466948459768
kk,edgeface_xs,224,0,aligned,gender,F,890858,1575354,0.016620676672698044
kk,edgeface_xs,224,0,aligned,gender,M,624949,939868,0.016763830060662142
kk,edgeface_xs,224,0,aligned,age,__overall__,1515807,1848306,0.01580426500121492
kk,edgeface_xs,224,0,aligned,age,26-35,607008,840462,0.015442370405769006
kk,edgeface_xs,224,0,aligned,age,36-50,207304,99108,0.014114783193060839
kk,edgeface_xs,224,0,aligned,age,<=25,688654,908736,0.01640566827808124
kk,edgeface_xs,64,0,aligned,skin_tone,__overall__,1515807,1413163,0.019593417073956967
kk,edgeface_xs,64,0,aligned,skin_tone,MST10,50485,6607,0.008021989936603894
kk,edgeface_xs,64,0,aligned,skin_tone,MST5,178369,62240,0.012137666450204662
kk,edgeface_xs,64,0,aligned,skin_tone,MST6,671757,932109,0.019662558059262723
kk,edgeface_xs,64,0,aligned,skin_tone,MST7,415396,384592,0.015915925783213908
kk,edgeface_xs,64,0,aligned,skin_tone,MST8,47266,4349,0.04686512346570586
kk,edgeface_xs,64,0,aligned,skin_tone,MST9,121529,23266,0.026980742918107863
kk,edgeface_xs,64,0,aligned,gender,__overall__,1515807,2515222,0.02321018221885454
kk,edgeface_xs,64,0,aligned,gender,F,890858,1575354,0.023786937144440266
kk,edgeface_xs,64,0,aligned,gender,M,624949,939868,0.022114243622238294
kk,edgeface_xs,64,0,aligned,age,__overall__,1515807,1848306,0.02182988792247335
kk,edgeface_xs,64,0,aligned,age,26-35,607008,840462,0.020941875345818185
kk,edgeface_xs,64,0,aligned,age,36-50,207304,99108,0.018436890591650556
kk,edgeface_xs,64,0,aligned,age,<=25,688654,908736,0.02354366571908237
kk,edgeface_xs,96,0,aligned,skin_tone,__overall__,1515807,1413163,0.015384854296397275
kk,edgeface_xs,96,0,aligned,skin_tone,MST10,50485,6607,0.0045482236862746175
kk,edgeface_xs,96,0,aligned,skin_tone,MST5,178369,62240,0.00872313877505113
kk,edgeface_xs,96,0,aligned,skin_tone,MST6,671757,932109,0.01545258008129149
kk,edgeface_xs,96,0,aligned,skin_tone,MST7,415396,384592,0.012156359870481415
kk,edgeface_xs,96,0,aligned,skin_tone,MST8,47266,4349,0.038011049376504166
kk,edgeface_xs,96,0,aligned,skin_tone,MST9,121529,23266,0.02026275945948929
kk,edgeface_xs,96,0,aligned,gender,__overall__,1515807,2515222,0.01814437939809083
kk,edgeface_xs,96,0,aligned,gender,F,890858,1575354,0.018008376191981312
kk,edgeface_xs,96,0,aligned,gender,M,624949,939868,0.0178285965508289
kk,edgeface_xs,96,0,aligned,age,__overall__,1515807,1848306,0.017036486418366144
kk,edgeface_xs,96,0,aligned,age,26-35,607008,840462,0.016534208391804004
kk,edgeface_xs,96,0,aligned,age,36-50,207304,99108,0.014810646645148005
kk,edgeface_xs,96,0,aligned,age,<=25,688654,908736,0.017799200939305655
kk,edgeface_xs,112,1024,avif,skin_tone,__overall__,1515807,1413163,0.02760930371524008
kk,edgeface_xs,112,1024,avif,skin_tone,MST10,50485,6607,0.010925640778920031
kk,edgeface_xs,112,1024,avif,skin_tone,MST5,178369,62240,0.022342721861172775
kk,edgeface_xs,112,1024,avif,skin_tone,MST6,671757,932109,0.02796332135667237
kk,edgeface_xs,112,1024,avif,skin_tone,MST7,415396,384592,0.022126949068178352
kk,edgeface_xs,112,1024,avif,skin_tone,MST8,47266,4349,0.05265759992781469
kk,edgeface_xs,112,1024,avif,skin_tone,MST9,121529,23266,0.03667872504419651
kk,edgeface_xs,112,1024,avif,gender,__overall__,1515807,2515222,0.0329530861080492
kk,edgeface_xs,112,1024,avif,gender,F,890858,1575354,0.03449262582050453
kk,edgeface_xs,112,1024,avif,gender,M,624949,939868,0.030083740281801906
kk,edgeface_xs,112,1024,avif,age,__overall__,1515807,1848306,0.03105449880370595
kk,edgeface_xs,112,1024,avif,age,26-35,607008,840462,0.028423656215911867
kk,edgeface_xs,112,1024,avif,age,36-50,207304,99108,0.024740843555480035
kk,edgeface_xs,112,1024,avif,age,<=25,688654,908736,0.03467363998683843
kk,edgeface_xs,112,512,avif,skin_tone,__overall__,1515807,1413163,0.1547953946928016
kk,edgeface_xs,112,512,avif,skin_tone,MST10,50485,6607,0.13146626804302788
kk,edgeface_xs,112,512,avif,skin_tone,MST5,178369,62240,0.17078885741843536
kk,edgeface_xs,112,512,avif,skin_tone,MST6,671757,932109,0.15370932850466723
kk,edgeface_xs,112,512,avif,skin_tone,MST7,415396,384592,0.14120949877694056
kk,edgeface_xs,112,512,avif,skin_tone,MST8,47266,4349,0.18580386185756503
kk,edgeface_xs,112,512,avif,skin_tone,MST9,121529,23266,0.1794265072944385
kk,edgeface_xs,112,512,avif,gender,__overall__,1515807,2515222,0.17434262868731304
kk,edgeface_xs,112,512,avif,gender,F,890858,1575354,0.18968737424544896
kk,edgeface_xs,112,512,avif,gender,M,624949,939868,0.14978318709376015
kk,edgeface_xs,112,512,avif,age,__overall__,1515807,1848306,0.1681228236371109
kk,edgeface_xs,112,512,avif,age,26-35,607008,840462,0.15230222249488642
kk,edgeface_xs,112,512,avif,age,36-50,207304,99108,0.14038204382053687
kk,edgeface_xs,112,512,avif,age,<=25,688654,908736,0.1885143393169203
kk,edgeface_xs,168,1024,avif,skin_tone,__overall__,1515807,1413163,0.02872212309283312
kk,edgeface_xs,168,1024,avif,skin_tone,MST10,50485,6607,0.012695410594125135
kk,edgeface_xs,168,1024,avif,skin_tone,MST5,178369,62240,0.02273266896304808
kk,edgeface_xs,168,1024,avif,skin_tone,MST6,671757,932109,0.029347389589778082
kk,edgeface_xs,168,1024,avif,skin_tone,MST7,415396,384592,0.02291298044659524
kk,edgeface_xs,168,1024,avif,skin_tone,MST8,47266,4349,0.058639094347585435
kk,edgeface_xs,168,1024,avif,skin_tone,MST9,121529,23266,0.03835204954234604
kk,edgeface_xs,168,1024,avif,gender,__overall__,1515807,2515222,0.03413693034963175
kk,edgeface_xs,168,1024,avif,gender,F,890858,1575354,0.03603873986472872
kk,edgeface_xs,168,1024,avif,gender,M,624949,939868,0.030953087632978143
kk,edgeface_xs,168,1024,avif,age,__overall__,1515807,1848306,0.03228667657875292
kk,edgeface_xs,168,1024,avif,age,26-35,607008,840462,0.029309838560619757
kk,edgeface_xs,168,1024,avif,age,36-50,207304,99108,0.025330119403628587
kk,edgeface_xs,168,1024,avif,age,<=25,688654,908736,0.03647394549522867
kk,edgeface_xs,168,512,avif,skin_tone,__overall__,1515807,1413163,0.08036220276492478
kk,edgeface_xs,168,512,avif,skin_tone,MST10,50485,6607,0.061572182252313
kk,edgeface_xs,168,512,avif,skin_tone,MST5,178369,62240,0.0838640029574029
kk,edgeface_xs,168,512,avif,skin_tone,MST6,671757,932109,0.08186236490464385
kk,edgeface_xs,168,512,avif,skin_tone,MST7,415396,384592,0.06736244882180108
kk,edgeface_xs,168,512,avif,skin_tone,MST8,47266,4349,0.12166430578067114
kk,edgeface_xs,168,512,avif,skin_tone,MST9,121529,23266,0.10262414892852349
kk,edgeface_xs,168,512,avif,gender,__overall__,1515807,2515222,0.0933196071500178
kk,edgeface_xs,168,512,avif,gender,F,890858,1575354,0.10293012279500703
kk,edgeface_xs,168,512,avif,gender,M,624949,939868,0.07836950367570376
kk,edgeface_xs,168,512,avif,age,__overall__,1515807,1848306,0.08908042092471605
kk,edgeface_xs,168,512,avif,age,26-35,607008,840462,0.07989227643361405
kk,edgeface_xs,168,512,avif,age,36-50,207304,99108,0.06571738515983053
kk,edgeface_xs,168,512,avif,age,<=25,688654,908736,0.10332141116320195
kk,edgeface_xs,224,1024,avif,skin_tone,__overall__,1515807,1413163,0.02918401947039203
kk,edgeface_xs,224,1024,avif,skin_tone,MST10,50485,6607,0.013479858360133434
kk,edgeface_xs,224,1024,avif,skin_tone,MST5,178369,62240,0.022762751689505457
kk,edgeface_xs,224,1024,avif,skin_tone,MST6,671757,932109,0.02983808749471832
kk,edgeface_xs,224,1024,avif,skin_tone,MST7,415396,384592,0.02399262253829469
kk,edgeface_xs,224,1024,avif,skin_tone,MST8,47266,4349,0.056632552057811064
kk,edgeface_xs,224,1024,avif,skin_tone,MST9,121529,23266,0.03790079301304505
kk,edgeface_xs,224,1024,avif,gender,__overall__,1515807,2515222,0.03456066950762915
kk,edgeface_xs,224,1024,avif,gender,F,890858,1575354,0.036600485233930974
kk,edgeface_xs,224,1024,avif,gender,M,624949,939868,0.031280295247886274
kk,edgeface_xs,224,1024,avif,age,__overall__,1515807,1848306,0.0327045430185553
kk,edgeface_xs,224,1024,avif,age,26-35,607008,840462,0.0298876767800209
kk,edgeface_xs,224,1024,avif,age,36-50,207304,99108,0.02583278741484605
kk,edgeface_xs,224,1024,avif,age,<=25,688654,908736,0.036761695849881273
kk,edgeface_xs,224,512,avif,skin_tone,__overall__,1515807,1413163,0.043603547334279735
kk,edgeface_xs,224,512,avif,skin_tone,MST10,50485,6607,0.02609959164231669
kk,edgeface_xs,224,512,avif,skin_tone,MST5,178369,62240,0.03977200996566417
kk,edgeface_xs,224,512,avif,skin_tone,MST6,671757,932109,0.04422919053032577
kk,edgeface_xs,224,512,avif,skin_tone,MST7,415396,384592,0.03635949307203111
kk,edgeface_xs,224,512,avif,skin_tone,MST8,47266,4349,0.07413831634053566
kk,edgeface_xs,224,512,avif,skin_tone,MST9,121529,23266,0.05965585021986719
kk,edgeface_xs,224,512,avif,gender,__overall__,1515807,2515222,0.05121694845942837
kk,edgeface_xs,224,512,avif,gender,F,890858,1575354,0.05613209097568393
kk,edgeface_xs,224,512,avif,gender,M,624949,939868,0.04343665710661687
kk,edgeface_xs,224,512,avif,age,__overall__,1515807,1848306,0.04861982858757337
kk,edgeface_xs,224,512,avif,age,26-35,607008,840462,0.04317556820293276
kk,edgeface_xs,224,512,avif,age,36-50,207304,99108,0.03553797070112383
kk,edgeface_xs,224,512,avif,age,<=25,688654,908736,0.05670809200849109
kk,edgeface_xs,64,1024,avif,skin_tone,__overall__,1515807,1413163,0.029838247114592632
kk,edgeface_xs,64,1024,avif,skin_tone,MST10,50485,6607,0.013044843855227872
kk,edgeface_xs,64,1024,avif,skin_tone,MST5,178369,62240,0.023570713025066706
kk,edgeface_xs,64,1024,avif,skin_tone,MST6,671757,932109,0.030079592293017505
kk,edgeface_xs,64,1024,avif,skin_tone,MST7,415396,384592,0.02475650866903929
kk,edgeface_xs,64,1024,avif,skin_tone,MST8,47266,4349,0.06011310555932829
kk,edgeface_xs,64,1024,avif,skin_tone,MST9,121529,23266,0.04047890608325505
kk,edgeface_xs,64,1024,avif,gender,__overall__,1515807,2515222,0.03561826406504991
kk,edgeface_xs,64,1024,avif,gender,F,890858,1575354,0.037791524033486845
kk,edgeface_xs,64,1024,avif,gender,M,624949,939868,0.03199327683515173
kk,edgeface_xs,64,1024,avif,age,__overall__,1515807,1848306,0.03354060052305191
kk,edgeface_xs,64,1024,avif,age,26-35,607008,840462,0.030461396167058376
kk,edgeface_xs,64,1024,avif,age,36-50,207304,99108,0.02741222242284635
kk,edgeface_xs,64,1024,avif,age,<=25,688654,908736,0.037654772510477205
kk,edgeface_xs,64,512,avif,skin_tone,__overall__,1515807,1413163,0.14461965397092535
kk,edgeface_xs,64,512,avif,skin_tone,MST10,50485,6607,0.11752803317132128
kk,edgeface_xs,64,512,avif,skin_tone,MST5,178369,62240,0.16294146738187137
kk,edgeface_xs,64,512,avif,skin_tone,MST6,671757,932109,0.14458791037983418
kk,edgeface_xs,64,512,avif,skin_tone,MST7,415396,384592,0.1314074492807613
kk,edgeface_xs,64,512,avif,skin_tone,MST8,47266,4349,0.16949706964639794
kk,edgeface_xs,64,512,avif,skin_tone,MST9,121529,23266,0.16889096645397528
kk,edgeface_xs,64,512,avif,gender,__overall__,1515807,2515222,0.16268820443629822
kk,edgeface_xs,64,512,avif,gender,F,890858,1575354,0.17630045492051089
kk,edgeface_xs,64,512,avif,gender,M,624949,939868,0.14121767753051861
kk,edgeface_xs,64,512,avif,age,__overall__,1515807,1848306,0.15639692721903953
kk,edgeface_xs,64,512,avif,age,26-35,607008,840462,0.13944325979797928
kk,edgeface_xs,64,512,avif,age,36-50,207304,99108,0.13089488050490605
kk,edgeface_xs,64,512,avif,age,<=25,688654,908736,0.17771854346015162
kk,edgeface_xs,96,1024,avif,skin_tone,__overall__,1515807,1413163,0.027777724799772953
kk,edgeface_xs,96,1024,avif,skin_tone,MST10,50485,6607,0.011756054061287366
kk,edgeface_xs,96,1024,avif,skin_tone,MST5,178369,62240,0.022179591062062916
kk,edgeface_xs,96,1024,avif,skin_tone,MST6,671757,932109,0.028173669775074545
kk,edgeface_xs,96,1024,avif,skin_tone,MST7,415396,384592,0.02247988137586901
kk,edgeface_xs,96,1024,avif,skin_tone,MST8,47266,4349,0.05613815342933191
kk,edgeface_xs,96,1024,avif,skin_tone,MST9,121529,23266,0.03811613566685369
kk,edgeface_xs,96,1024,avif,gender,__overall__,1515807,2515222,0.03315036997641569
kk,edgeface_xs,96,1024,avif,gender,F,890858,1575354,0.035205668908283444
kk,edgeface_xs,96,1024,avif,gender,M,624949,939868,0.02974011173951467
kk,edgeface_xs,96,1024,avif,age,__overall__,1515807,1848306,0.031321559369729496
kk,edgeface_xs,96,1024,avif,age,26-35,607008,840462,0.028217040771522928
kk,edgeface_xs,96,1024,avif,age,36-50,207304,99108,0.024794126892863
kk,edgeface_xs,96,1024,avif,age,<=25,688654,908736,0.035317123912422296
kk,edgeface_xs,96,512,avif,skin_tone,__overall__,1515807,1413163,0.1602116598345191
kk,edgeface_xs,96,512,avif,skin_tone,MST10,50485,6607,0.1386316870446273
kk,edgeface_xs,96,512,avif,skin_tone,MST5,178369,62240,0.18133244477044577
kk,edgeface_xs,96,512,avif,skin_tone,MST6,671757,932109,0.1612597371680421
kk,edgeface_xs,96,512,avif,skin_tone,MST7,415396,384592,0.1437463986674991
kk,edgeface_xs,96,512,avif,skin_tone,MST8,47266,4349,0.18251372006848382
kk,edgeface_xs,96,512,avif,skin_tone,MST9,121529,23266,0.18097872577622287
kk,edgeface_xs,96,512,avif,gender,__overall__,1515807,2515222,0.18173992945038167
kk,edgeface_xs,96,512,avif,gender,F,890858,1575354,0.1970067514614179
kk,edgeface_xs,96,512,avif,gender,M,624949,939868,0.15590429758898683
kk,edgeface_xs,96,512,avif,age,__overall__,1515807,1848306,0.17436729036935836
kk,edgeface_xs,96,512,avif,age,26-35,607008,840462,0.15680077269628445
kk,edgeface_xs,96,512,avif,age,36-50,207304,99108,0.14401228971689228
kk,edgeface_xs,96,512,avif,age,<=25,688654,908736,0.19600298093419818
kk,edgeface_xs,112,1024,heif,skin_tone,__overall__,1515807,1413163,0.032956855447645976
kk,edgeface_xs,112,1024,heif,skin_tone,MST10,50485,6607,0.01452460400049593
kk,edgeface_xs,112,1024,heif,skin_tone,MST5,178369,62240,0.028456115004925883
kk,edgeface_xs,112,1024,heif,skin_tone,MST6,671757,932109,0.03312551872633579
kk,edgeface_xs,112,1024,heif,skin_tone,MST7,415396,384592,0.027075553662198708
kk,edgeface_xs,112,1024,heif,skin_tone,MST8,47266,4349,0.06281503661848648
kk,edgeface_xs,112,1024,heif,skin_tone,MST9,121529,23266,0.044009339926688165
kk,edgeface_xs,112,1024,heif,gender,__overall__,1515807,2515222,0.03907428991072305
kk,edgeface_xs,112,1024,heif,gender,F,890858,1575354,0.04184691678199222
kk,edgeface_xs,112,1024,heif,gender,M,624949,939868,0.034487065260639445
kk,edgeface_xs,112,1024,heif,age,__overall__,1515807,1848306,0.03701244860520693
kk,edgeface_xs,112,1024,heif,age,26-35,607008,840462,0.032699573516923
kk,edgeface_xs,112,1024,heif,age,36-50,207304,99108,0.0297570450636324
kk,edgeface_xs,112,1024,heif,age,<=25,688654,908736,0.042319791464522444
kk,edgeface_xs,112,512,heif,skin_tone,__overall__,1515807,1413163,0.25765777736132545
kk,edgeface_xs,112,512,heif,skin_tone,MST10,50485,6607,0.24170723938444882
kk,edgeface_xs,112,512,heif,skin_tone,MST5,178369,62240,0.275019284051918
kk,edgeface_xs,112,512,heif,skin_tone,MST6,671757,932109,0.25705118939231275
kk,edgeface_xs,112,512,heif,skin_tone,MST7,415396,384592,0.23499990634884
kk,edgeface_xs,112,512,heif,skin_tone,MST8,47266,4349,0.2673701298085306
kk,edgeface_xs,112,512,heif,skin_tone,MST9,121529,23266,0.28173434199189173
kk,edgeface_xs,112,512,heif,gender,__overall__,1515807,2515222,0.2832396630889753
kk,edgeface_xs,112,512,heif,gender,F,890858,1575354,0.29943667904560034
kk,edgeface_xs,112,512,heif,gender,M,624949,939868,0.25278724150130677
kk,edgeface_xs,112,512,heif,age,__overall__,1515807,1848306,0.274465512292427
kk,edgeface_xs,112,512,heif,age,26-35,607008,840462,0.25209272204197075
kk,edgeface_xs,112,512,heif,age,36-50,207304,99108,0.24182504499779917
kk,edgeface_xs,112,512,heif,age,<=25,688654,908736,0.29773928918019343
kk,edgeface_xs,168,1024,heif,skin_tone,__overall__,1515807,1413163,0.033435402451735624
kk,edgeface_xs,168,1024,heif,skin_tone,MST10,50485,6607,0.01484432546601582
kk,edgeface_xs,168,1024,heif,skin_tone,MST5,178369,62240,0.029020029502616403
kk,edgeface_xs,168,1024,heif,skin_tone,MST6,671757,932109,0.033589930201661525
kk,edgeface_xs,168,1024,heif,skin_tone,MST7,415396,384592,0.027666774601065328
kk,edgeface_xs,168,1024,heif,skin_tone,MST8,47266,4349,0.06482297266303494
kk,edgeface_xs,168,1024,heif,skin_tone,MST9,121529,23266,0.04412913559531259
kk,edgeface_xs,168,1024,heif,gender,__overall__,1515807,2515222,0.03962412623849437
kk,edgeface_xs,168,1024,heif,gender,F,890858,1575354,0.04262722600111779
kk,edgeface_xs,168,1024,heif,gender,M,624949,939868,0.03462962842741347
kk,edgeface_xs,168,1024,heif,age,__overall__,1515807,1848306,0.03750933245632025
kk,edgeface_xs,168,1024,heif,age,26-35,607008,840462,0.033114178972819555
kk,edgeface_xs,168,1024,heif,age,36-50,207304,99108,0.028554595367165682
kk,edgeface_xs,168,1024,heif,age,<=25,688654,908736,0.04338081331813656
kk,edgeface_xs,168,512,heif,skin_tone,__overall__,1515807,1413163,0.15773227712450838
kk,edgeface_xs,168,512,heif,skin_tone,MST10,50485,6607,0.1374411780723201
kk,edgeface_xs,168,512,heif,skin_tone,MST5,178369,62240,0.1765363683623941
kk,edgeface_xs,168,512,heif,skin_tone,MST6,671757,932109,0.15825943175442986
kk,edgeface_xs,168,512,heif,skin_tone,MST7,415396,384592,0.13924074202947162
kk,edgeface_xs,168,512,heif,skin_tone,MST8,47266,4349,0.1794125962370645
kk,edgeface_xs,168,512,heif,skin_tone,MST9,121529,23266,0.18131154278491882
kk,edgeface_xs,168,512,heif,gender,__overall__,1515807,2515222,0.17828412635466376
kk,edgeface_xs,168,512,heif,gender,F,890858,1575354,0.19452742054996885
kk,edgeface_xs,168,512,heif,gender,M,624949,939868,0.15235813514633792
kk,edgeface_xs,168,512,heif,age,__overall__,1515807,1848306,0.17150994908446782
kk,edgeface_xs,168,512,heif,age,26-35,607008,840462,0.15507110455381687
kk,edgeface_xs,168,512,heif,age,36-50,207304,99108,0.13581323647587895
kk,edgeface_xs,168,512,heif,age,<=25,688654,908736,0.19435687749216635
kk,edgeface_xs,224,1024,heif,skin_tone,__overall__,1515807,1413163,0.033420979502147806
kk,edgeface_xs,224,1024,heif,skin_tone,MST10,50485,6607,0.014274210058002685
kk,edgeface_xs,224,1024,heif,skin_tone,MST5,178369,62240,0.029174921148197145
kk,edgeface_xs,224,1024,heif,skin_tone,MST6,671757,932109,0.033921367861821095
kk,edgeface_xs,224,1024,heif,skin_tone,MST7,415396,384592,0.027330404458381825
kk,edgeface_xs,224,1024,heif,skin_tone,MST8,47266,4349,0.06000732127464162
kk,edgeface_xs,224,1024,heif,skin_tone,MST9,121529,23266,0.045145928129904235
kk,edgeface_xs,224,1024,heif,gender,__overall__,1515807,2515222,0.039469988467775045
kk,edgeface_xs,224,1024,heif,gender,F,890858,1575354,0.04224106829493026
kk,edgeface_xs,224,1024,heif,gender,M,624949,939868,0.034735253692176817
kk,edgeface_xs,224,1024,heif,age,__overall__,1515807,1848306,0.037405137676597276
kk,edgeface_xs,224,1024,heif,age,26-35,607008,840462,0.03344398651621352
kk,edgeface_xs,224,1024,heif,age,36-50,207304,99108,0.029089703206669013
kk,edgeface_xs,224,1024,heif,age,<=25,688654,908736,0.04246528011571704
kk,edgeface_xs,224,512,heif,skin_tone,__overall__,1515807,1413163,0.08928008542922639
kk,edgeface_xs,224,512,heif,skin_tone,MST10,50485,6607,0.06994360545001962
kk,edgeface_xs,224,512,heif,skin_tone,MST5,178369,62240,0.09490635020234259
kk,edgeface_xs,224,512,heif,skin_tone,MST6,671757,932109,0.08863037412106348
kk,edgeface_xs,224,512,heif,skin_tone,MST7,415396,384592,0.07806827564050983
kk,edgeface_xs,224,512,heif,skin_tone,MST8,47266,4349,0.1162181299484801
kk,edgeface_xs,224,512,heif,skin_tone,MST9,121529,23266,0.11097702673796289
kk,edgeface_xs,224,512,heif,gender,__overall__,1515807,2515222,0.10271942500117814
kk,edgeface_xs,224,512,heif,gender,F,890858,1575354,0.11325992476697386
kk,edgeface_xs,224,512,heif,gender,M,624949,939868,0.08563341422139045
kk,edgeface_xs,224,512,heif,age,__overall__,1515807,1848306,0.0985271428120745
kk,edgeface_xs,224,512,heif,age,26-35,607008,840462,0.08888484689173384
kk,edgeface_xs,224,512,heif,age,36-50,207304,99108,0.07214720013281407
kk,edgeface_xs,224,512,heif,age,<=25,688654,908736,0.11300972344776158
kk,edgeface_xs,64,1024,heif,skin_tone,__overall__,1515807,1413163,0.03427615755634321
kk,edgeface_xs,64,1024,heif,skin_tone,MST10,50485,6607,0.016617649424166634
kk,edgeface_xs,64,1024,heif,skin_tone,MST5,178369,62240,0.028221606042172387
kk,edgeface_xs,64,1024,heif,skin_tone,MST6,671757,932109,0.034263644703357736
kk,edgeface_xs,64,1024,heif,skin_tone,MST7,415396,384592,0.028756434558637318
kk,edgeface_xs,64,1024,heif,skin_tone,MST8,47266,4349,0.06323538624768493
kk,edgeface_xs,64,1024,heif,skin_tone,MST9,121529,23266,0.04731165160072218
kk,edgeface_xs,64,1024,heif,gender,__overall__,1515807,2515222,0.04069821387781593
kk,edgeface_xs,64,1024,heif,gender,F,890858,1575354,0.043698758162083046
kk,edgeface_xs,64,1024,heif,gender,M,624949,939868,0.03576047815750012
kk,edgeface_xs,64,1024,heif,age,__overall__,1515807,1848306,0.038368661455717365
kk,edgeface_xs,64,1024,heif,age,26-35,607008,840462,0.034290264963359796
kk,edgeface_xs,64,1024,heif,age,36-50,207304,99108,0.03020355455586457
kk,edgeface_xs,64,1024,heif,age,<=25,688654,908736,0.04397148758763249
kk,edgeface_xs,64,512,heif,skin_tone,__overall__,1515807,1413163,0.24645760637161646
kk,edgeface_xs,64,512,heif,skin_tone,MST10,50485,6607,0.22621787969545415
kk,edgeface_xs,64,512,heif,skin_tone,MST5,178369,62240,0.26975893778071136
kk,edgeface_xs,64,512,heif,skin_tone,MST6,671757,932109,0.24578231360630845
kk,edgeface_xs,64,512,heif,skin_tone,MST7,415396,384592,0.22663387615042402
kk,edgeface_xs,64,512,heif,skin_tone,MST8,47266,4349,0.25601232729152723
kk,edgeface_xs,64,512,heif,skin_tone,MST9,121529,23266,0.27052576641024495
kk,edgeface_xs,64,512,heif,gender,__overall__,1515807,2515222,0.27007926647688446
kk,edgeface_xs,64,512,heif,gender,F,890858,1575354,0.2848255197745445
kk,edgeface_xs,64,512,heif,gender,M,624949,939868,0.24304016007801568
kk,edgeface_xs,64,512,heif,age,__overall__,1515807,1848306,0.2619109425577905
kk,edgeface_xs,64,512,heif,age,26-35,607008,840462,0.2392502318342728
kk,edgeface_xs,64,512,heif,age,36-50,207304,99108,0.23526460696958257
kk,edgeface_xs,64,512,heif,age,<=25,688654,908736,0.28502975277672904
kk,edgeface_xs,96,1024,heif,skin_tone,__overall__,1515807,1413163,0.032488181388136084
kk,edgeface_xs,96,1024,heif,skin_tone,MST10,50485,6607,0.015213566590840454
kk,edgeface_xs,96,1024,heif,skin_tone,MST5,178369,62240,0.02815378328425803
kk,edgeface_xs,96,1024,heif,skin_tone,MST6,671757,932109,0.032490705798541
kk,edgeface_xs,96,1024,heif,skin_tone,MST7,415396,384592,0.026946752295268803
kk,edgeface_xs,96,1024,heif,skin_tone,MST8,47266,4349,0.057347703929358104
kk,edgeface_xs,96,1024,heif,skin_tone,MST9,121529,23266,0.042854938598105755
kk,edgeface_xs,96,1024,heif,gender,__overall__,1515807,2515222,0.038685093869613024
kk,edgeface_xs,96,1024,heif,gender,F,890858,1575354,0.04156153615478353
kk,edgeface_xs,96,1024,heif,gender,M,624949,939868,0.03388419547463712
kk,edgeface_xs,96,1024,heif,age,__overall__,1515807,1848306,0.03664701554469803
kk,edgeface_xs,96,1024,heif,age,26-35,607008,840462,0.03249295847828343
kk,edgeface_xs,96,1024,heif,age,36-50,207304,99108,0.028720817387620556
kk,edgeface_xs,96,1024,heif,age,<=25,688654,908736,0.042075354681672755
kk,edgeface_xs,96,512,heif,skin_tone,__overall__,1515807,1413163,0.25154666438763196
kk,edgeface_xs,96,512,heif,skin_tone,MST10,50485,6607,0.2288774863841923
kk,edgeface_xs,96,512,heif,skin_tone,MST5,178369,62240,0.2731366480319726
kk,edgeface_xs,96,512,heif,skin_tone,MST6,671757,932109,0.25153241230346834
kk,edgeface_xs,96,512,heif,skin_tone,MST7,415396,384592,0.23193969605575537
kk,edgeface_xs,96,512,heif,skin_tone,MST8,47266,4349,0.2666430057537408
kk,edgeface_xs,96,512,heif,skin_tone,MST9,121529,23266,0.27826141596861564
kk,edgeface_xs,96,512,heif,gender,__overall__,1515807,2515222,0.2779141795545299
kk,edgeface_xs,96,512,heif,gender,F,890858,1575354,0.2953689133818873
kk,edgeface_xs,96,512,heif,gender,M,624949,939868,0.2463004460631317
kk,edgeface_xs,96,512,heif,age,__overall__,1515807,1848306,0.267549253589905
kk,edgeface_xs,96,512,heif,age,26-35,607008,840462,0.2446854455875899
kk,edgeface_xs,96,512,heif,age,36-50,207304,99108,0.2359899722808352
kk,edgeface_xs,96,512,heif,age,<=25,688654,908736,0.29299291354327606
kk,edgeface_xs,112,1024,jpeg2000,skin_tone,__overall__,1515807,1413163,0.14296521853641486
kk,edgeface_xs,112,1024,jpeg2000,skin_tone,MST10,50485,6607,0.1094699816502193
kk,edgeface_xs,112,1024,jpeg2000,skin_tone,MST5,178369,62240,0.15742538577850101
kk,edgeface_xs,112,1024,jpeg2000,skin_tone,MST6,671757,932109,0.14273660446539294
kk,edgeface_xs,112,1024,jpeg2000,skin_tone,MST7,415396,384592,0.1284791168206762
kk,edgeface_xs,112,1024,jpeg2000,skin_tone,MST8,47266,4349,0.17556458524869212
kk,edgeface_xs,112,1024,jpeg2000,skin_tone,MST9,121529,23266,0.17440657960026856
kk,edgeface_xs,112,1024,jpeg2000,gender,__overall__,1515807,2515222,0.16173021430527143
kk,edgeface_xs,112,1024,jpeg2000,gender,F,890858,1575354,0.17645082149227476
kk,edgeface_xs,112,1024,jpeg2000,gender,M,624949,939868,0.13711641931688162
kk,edgeface_xs,112,1024,jpeg2000,age,__overall__,1515807,1848306,0.1553118780461878
kk,edgeface_xs,112,1024,jpeg2000,age,26-35,607008,840462,0.13868548197914454
kk,edgeface_xs,112,1024,jpeg2000,age,36-50,207304,99108,0.1219245518167775
kk,edgeface_xs,112,1024,jpeg2000,age,<=25,688654,908736,0.17738486884692958
kk,edgeface_xs,112,512,jpeg2000,skin_tone,__overall__,1515807,1413163,0.31439824593491483
kk,edgeface_xs,112,512,jpeg2000,skin_tone,MST10,50485,6607,0.28063099273508296
kk,edgeface_xs,112,512,jpeg2000,skin_tone,MST5,178369,62240,0.3379428644668923
kk,edgeface_xs,112,512,jpeg2000,skin_tone,MST6,671757,932109,0.31757690335109806
kk,edgeface_xs,112,512,jpeg2000,skin_tone,MST7,415396,384592,0.28604073125180896
kk,edgeface_xs,112,512,jpeg2000,skin_tone,MST8,47266,4349,0.31523323520488933
kk,edgeface_xs,112,512,jpeg2000,skin_tone,MST9,121529,23266,0.3559745158818062
kk,edgeface_xs,112,512,jpeg2000,gender,__overall__,1515807,2515222,0.3455089987455423
kk,edgeface_xs,112,512,jpeg2000,gender,F,890858,1575354,0.36196290804329556
kk,edgeface_xs,112,512,jpeg2000,gender,M,624949,939868,0.3116702240661502
kk,edgeface_xs,112,512,jpeg2000,age,__overall__,1515807,1848306,0.3342295609416407
kk,edgeface_xs,112,512,jpeg2000,age,26-35,607008,840462,0.30873140684774214
kk,edgeface_xs,112,512,jpeg2000,age,36-50,207304,99108,0.3035831833126341
kk,edgeface_xs,112,512,jpeg2000,age,<=25,688654,908736,0.35756752551519627
kk,edgeface_xs,168,1024,jpeg2000,skin_tone,__overall__,1515807,1413163,0.11433318664428638
kk,edgeface_xs,168,1024,jpeg2000,skin_tone,MST10,50485,6607,0.08026306923642844
kk,edgeface_xs,168,1024,jpeg2000,skin_tone,MST5,178369,62240,0.12426286069636612
kk,edgeface_xs,168,1024,jpeg2000,skin_tone,MST6,671757,932109,0.11552266588333593
kk,edgeface_xs,168,1024,jpeg2000,skin_tone,MST7,415396,384592,0.10091741190166839
kk,edgeface_xs,168,1024,jpeg2000,skin_tone,MST8,47266,4349,0.14516771793073155
kk,edgeface_xs,168,1024,jpeg2000,skin_tone,MST9,121529,23266,0.14490716176354335
kk,edgeface_xs,168,1024,jpeg2000,gender,__overall__,1515807,2515222,0.13178400044794453
kk,edgeface_xs,168,1024,jpeg2000,gender,F,890858,1575354,0.1448593972658233
kk,edgeface_xs,168,1024,jpeg2000,gender,M,624949,939868,0.11008180188794481
kk,edgeface_xs,168,1024,jpeg2000,age,__overall__,1515807,1848306,0.1264014432076817
kk,edgeface_xs,168,1024,jpeg2000,age,26-35,607008,840462,0.11071615510510324
kk,edgeface_xs,168,1024,jpeg2000,age,36-50,207304,99108,0.09856025830288861
kk,edgeface_xs,168,1024,jpeg2000,age,<=25,688654,908736,0.14668550330888336
kk,edgeface_xs,168,512,jpeg2000,skin_tone,__overall__,1515807,1413163,0.3017840803367833
kk,edgeface_xs,168,512,jpeg2000,skin_tone,MST10,50485,6607,0.2792043063920654
kk,edgeface_xs,168,512,jpeg2000,skin_tone,MST5,178369,62240,0.32413793089470905
kk,edgeface_xs,168,512,jpeg2000,skin_tone,MST6,671757,932109,0.3015945865237004
kk,edgeface_xs,168,512,jpeg2000,skin_tone,MST7,415396,384592,0.2764024334771823
kk,edgeface_xs,168,512,jpeg2000,skin_tone,MST8,47266,4349,0.3002136521476273
kk,edgeface_xs,168,512,jpeg2000,skin_tone,MST9,121529,23266,0.34837187829023053
kk,edgeface_xs,168,512,jpeg2000,gender,__overall__,1515807,2515222,0.32834657670949363
kk,edgeface_xs,168,512,jpeg2000,gender,F,890858,1575354,0.3455976025198031
kk,edgeface_xs,168,512,jpeg2000,gender,M,624949,939868,0.29696841597019197
kk,edgeface_xs,168,512,jpeg2000,age,__overall__,1515807,1848306,0.31837082071147205
kk,edgeface_xs,168,512,jpeg2000,age,26-35,607008,840462,0.29252220225028036
kk,edgeface_xs,168,512,jpeg2000,age,36-50,207304,99108,0.2863180510025163
kk,edgeface_xs,168,512,jpeg2000,age,<=25,688654,908736,0.3458657653473547
kk,edgeface_xs,224,1024,jpeg2000,skin_tone,__overall__,1515807,1413163,0.11732952557235851
kk,edgeface_xs,224,1024,jpeg2000,skin_tone,MST10,50485,6607,0.07962362630538866
kk,edgeface_xs,224,1024,jpeg2000,skin_tone,MST5,178369,62240,0.12798214715584622
kk,edgeface_xs,224,1024,jpeg2000,skin_tone,MST6,671757,932109,0.11733709727328692
kk,edgeface_xs,224,1024,jpeg2000,skin_tone,MST7,415396,384592,0.10449729774908122
kk,edgeface_xs,224,1024,jpeg2000,skin_tone,MST8,47266,4349,0.14904607044973583
kk,edgeface_xs,224,1024,jpeg2000,skin_tone,MST9,121529,23266,0.14593213698652985
kk,edgeface_xs,224,1024,jpeg2000,gender,__overall__,1515807,2515222,0.1337861940435706
kk,edgeface_xs,224,1024,jpeg2000,gender,F,890858,1575354,0.1467117871088136
kk,edgeface_xs,224,1024,jpeg2000,gender,M,624949,939868,0.11255265233406979
kk,edgeface_xs,224,1024,jpeg2000,age,__overall__,1515807,1848306,0.12823437157232415
kk,edgeface_xs,224,1024,jpeg2000,age,26-35,607008,840462,0.11451312589159648
kk,edgeface_xs,224,1024,jpeg2000,age,36-50,207304,99108,0.09691089863690397
kk,edgeface_xs,224,1024,jpeg2000,age,<=25,688654,908736,0.14771777780963113
kk,edgeface_xs,224,512,jpeg2000,skin_tone,__overall__,1515807,1413163,0.2946160232883392
kk,edgeface_xs,224,512,jpeg2000,skin_tone,MST10,50485,6607,0.26035216085220525
kk,edgeface_xs,224,512,jpeg2000,skin_tone,MST5,178369,62240,0.3208196338683156
kk,edgeface_xs,224,512,jpeg2000,skin_tone,MST6,671757,932109,0.29699389028059386
kk,edgeface_xs,224,512,jpeg2000,skin_tone,MST7,415396,384592,0.2674976265062708
kk,edgeface_xs,224,512,jpeg2000,skin_tone,MST8,47266,4349,0.298606302630114
kk,edgeface_xs,224,512,jpeg2000,skin_tone,MST9,121529,23266,0.33100315514972
kk,edgeface_xs,224,512,jpeg2000,gender,__overall__,1515807,2515222,0.3249091001239909
kk,edgeface_xs,224,512,jpeg2000,gender,F,890858,1575354,0.34254555415733934
kk,edgeface_xs,224,512,jpeg2000,gender,M,624949,939868,0.28984483486642476
kk,edgeface_xs,224,512,jpeg2000,age,__overall__,1515807,1848306,0.3143339671225089
kk,edgeface_xs,224,512,jpeg2000,age,26-35,607008,840462,0.28926600127391355
kk,edgeface_xs,224,512,jpeg2000,age,36-50,207304,99108,0.2782100289547453
kk,edgeface_xs,224,512,jpeg2000,age,<=25,688654,908736,0.3395490662064816
kk,edgeface_xs,64,1024,jpeg2000,skin_tone,__overall__,1515807,1413163,0.1966172022586516
kk,edgeface_xs,64,1024,jpeg2000,skin_tone,MST10,50485,6607,0.15512693514351686
kk,edgeface_xs,64,1024,jpeg2000,skin_tone,MST5,178369,62240,0.21774687786717695
kk,edgeface_xs,64,1024,jpeg2000,skin_tone,MST6,671757,932109,0.19683780894730424
kk,edgeface_xs,64,1024,jpeg2000,skin_tone,MST7,415396,384592,0.1760526568754222
kk,edgeface_xs,64,1024,jpeg2000,skin_tone,MST8,47266,4349,0.22162992941510157
kk,edgeface_xs,64,1024,jpeg2000,skin_tone,MST9,121529,23266,0.2212184773048093
kk,edgeface_xs,64,1024,jpeg2000,gender,__overall__,1515807,2515222,0.2198368445578728
kk,edgeface_xs,64,1024,jpeg2000,gender,F,890858,1575354,0.23991334999612723
kk,edgeface_xs,64,1024,jpeg2000,gender,M,624949,939868,0.18651134084119997
kk,edgeface_xs,64,1024,jpeg2000,age,__overall__,1515807,1848306,0.21154658046212044
kk,edgeface_xs,64,1024,jpeg2000,age,26-35,607008,840462,0.18809824422524246
kk,edgeface_xs,64,1024,jpeg2000,age,36-50,207304,99108,0.1760050323255375
kk,edgeface_xs,64,1024,jpeg2000,age,<=25,688654,908736,0.24057426501135815
kk,edgeface_xs,64,512,jpeg2000,skin_tone,__overall__,1515807,1413163,0.3580272623215647
kk,edgeface_xs,64,512,jpeg2000,skin_tone,MST10,50485,6607,0.34671178294622684
kk,edgeface_xs,64,512,jpeg2000,skin_tone,MST5,178369,62240,0.3743502221071534
kk,edgeface_xs,64,512,jpeg2000,skin_tone,MST6,671757,932109,0.36026937107801704
kk,edgeface_xs,64,512,jpeg2000,skin_tone,MST7,415396,384592,0.3366392572555709
kk,edgeface_xs,64,512,jpeg2000,skin_tone,MST8,47266,4349,0.3559025081719029
kk,edgeface_xs,64,512,jpeg2000,skin_tone,MST9,121529,23266,0.38856278726991367
kk,edgeface_xs,64,512,jpeg2000,gender,__overall__,1515807,2515222,0.3828724206634233
kk,edgeface_xs,64,512,jpeg2000,gender,F,890858,1575354,0.39538592408552675
kk,edgeface_xs,64,512,jpeg2000,gender,M,624949,939868,0.35866496652544855
kk,edgeface_xs,64,512,jpeg2000,age,__overall__,1515807,1848306,0.37667744781002394
kk,edgeface_xs,64,512,jpeg2000,age,26-35,607008,840462,0.35261514416456224
kk,edgeface_xs,64,512,jpeg2000,age,36-50,207304,99108,0.3566382315099995
kk,edgeface_xs,64,512,jpeg2000,age,<=25,688654,908736,0.39555589051423024
kk,edgeface_xs,96,1024,jpeg2000,skin_tone,__overall__,1515807,1413163,0.1273096217654106
kk,edgeface_xs,96,1024,jpeg2000,skin_tone,MST10,50485,6607,0.09782642498234809
kk,edgeface_xs,96,1024,jpeg2000,skin_tone,MST5,178369,62240,0.1397009474747772
kk,edgeface_xs,96,1024,jpeg2000,skin_tone,MST6,671757,932109,0.12797364217038426
kk,edgeface_xs,96,1024,jpeg2000,skin_tone,MST7,415396,384592,0.11333632090059821
kk,edgeface_xs,96,1024,jpeg2000,skin_tone,MST8,47266,4349,0.13759445583128851
kk,edgeface_xs,96,1024,jpeg2000,skin_tone,MST9,121529,23266,0.15237625900518625
kk,edgeface_xs,96,1024,jpeg2000,gender,__overall__,1515807,2515222,0.14534291619453144
kk,edgeface_xs,96,1024,jpeg2000,gender,F,890858,1575354,0.15942216865298436
kk,edgeface_xs,96,1024,jpeg2000,gender,M,624949,939868,0.12238066864859892
kk,edgeface_xs,96,1024,jpeg2000,age,__overall__,1515807,1848306,0.1396947904558536
kk,edgeface_xs,96,1024,jpeg2000,age,26-35,607008,840462,0.12166399953755129
kk,edgeface_xs,96,1024,jpeg2000,age,36-50,207304,99108,0.11262487543715707
kk,edgeface_xs,96,1024,jpeg2000,age,<=25,688654,908736,0.16185539615406255
kk,edgeface_xs,96,512,jpeg2000,skin_tone,__overall__,1515807,1413163,0.30832594408690894
kk,edgeface_xs,96,512,jpeg2000,skin_tone,MST10,50485,6607,0.28650762194274193
kk,edgeface_xs,96,512,jpeg2000,skin_tone,MST5,178369,62240,0.32582157025878056
kk,edgeface_xs,96,512,jpeg2000,skin_tone,MST6,671757,932109,0.30913667138639733
kk,edgeface_xs,96,512,jpeg2000,skin_tone,MST7,415396,384592,0.2884919662376515
kk,edgeface_xs,96,512,jpeg2000,skin_tone,MST8,47266,4349,0.3125363075551034
kk,edgeface_xs,96,512,jpeg2000,skin_tone,MST9,121529,23266,0.3399490125267879
kk,edgeface_xs,96,512,jpeg2000,gender,__overall__,1515807,2515222,0.3356916666009948
kk,edgeface_xs,96,512,jpeg2000,gender,F,890858,1575354,0.3495248918944204
kk,edgeface_xs,96,512,jpeg2000,gender,M,624949,939868,0.3104599653810516
kk,edgeface_xs,96,512,jpeg2000,age,__overall__,1515807,1848306,0.32548727824821905
kk,edgeface_xs,96,512,jpeg2000,age,26-35,607008,840462,0.30276553731049993
kk,edgeface_xs,96,512,jpeg2000,age,36-50,207304,99108,0.30280193438464587
kk,edgeface_xs,96,512,jpeg2000,age,<=25,688654,908736,0.3474969389042666
kk,edgeface_xs,112,1024,jpeg,skin_tone,__overall__,1515807,1413163,0.03791492114270694
kk,edgeface_xs,112,1024,jpeg,skin_tone,MST10,50485,6607,0.019497938259815165
kk,edgeface_xs,112,1024,jpeg,skin_tone,MST5,178369,62240,0.03477577960010429
kk,edgeface_xs,112,1024,jpeg,skin_tone,MST6,671757,932109,0.03868596575837996
kk,edgeface_xs,112,1024,jpeg,skin_tone,MST7,415396,384592,0.03133461335160018
kk,edgeface_xs,112,1024,jpeg,skin_tone,MST8,47266,4349,0.06909272703537989
kk,edgeface_xs,112,1024,jpeg,skin_tone,MST9,121529,23266,0.05083477632092094
kk,edgeface_xs,112,1024,jpeg,gender,__overall__,1515807,2515222,0.04484442502377767
kk,edgeface_xs,112,1024,jpeg,gender,F,890858,1575354,0.04846901037191844
kk,edgeface_xs,112,1024,jpeg,gender,M,624949,939868,0.03921676033312446
kk,edgeface_xs,112,1024,jpeg,age,__overall__,1515807,1848306,0.04233786465400341
kk,edgeface_xs,112,1024,jpeg,age,26-35,607008,840462,0.037480384475070495
kk,edgeface_xs,112,1024,jpeg,age,36-50,207304,99108,0.034301290904674035
kk,edgeface_xs,112,1024,jpeg,age,<=25,688654,908736,0.04898890439451318
kk,edgeface_xs,112,512,jpeg,skin_tone,__overall__,1515807,1413163,0.2753274942205095
kk,edgeface_xs,112,512,jpeg,skin_tone,MST10,50485,6607,0.2599758114414892
kk,edgeface_xs,112,512,jpeg,skin_tone,MST5,178369,62240,0.2970965559308675
kk,edgeface_xs,112,512,jpeg,skin_tone,MST6,671757,932109,0.27331807546725484
kk,edgeface_xs,112,512,jpeg,skin_tone,MST7,415396,384592,0.25690722323123094
kk,edgeface_xs,112,512,jpeg,skin_tone,MST8,47266,4349,0.3045151418053782
kk,edgeface_xs,112,512,jpeg,skin_tone,MST9,121529,23266,0.29193566387536096
kk,edgeface_xs,112,512,jpeg,gender,__overall__,1515807,2515222,0.30985232716402505
kk,edgeface_xs,112,512,jpeg,gender,F,890858,1575354,0.3206035549309567
kk,edgeface_xs,112,512,jpeg,gender,M,624949,939868,0.2833042883875282
kk,edgeface_xs,112,512,jpeg,age,__overall__,1515807,1848306,0.2980865256205021
kk,edgeface_xs,112,512,jpeg,age,26-35,607008,840462,0.2691240468693865
kk,edgeface_xs,112,512,jpeg,age,36-50,207304,99108,0.27682186166479267
kk,edgeface_xs,112,512,jpeg,age,<=25,688654,908736,0.3205336825832027
kk,edgeface_xs,168,1024,jpeg,skin_tone,__overall__,1515807,1413163,0.06749981119912865
kk,edgeface_xs,168,1024,jpeg,skin_tone,MST10,50485,6607,0.03663618343269019
kk,edgeface_xs,168,1024,jpeg,skin_tone,MST5,178369,62240,0.07265890102737688
kk,edgeface_xs,168,1024,jpeg,skin_tone,MST6,671757,932109,0.06835292023079036
kk,edgeface_xs,168,1024,jpeg,skin_tone,MST7,415396,384592,0.058699979631950575
kk,edgeface_xs,168,1024,jpeg,skin_tone,MST8,47266,4349,0.10469525384030035
kk,edgeface_xs,168,1024,jpeg,skin_tone,MST9,121529,23266,0.080501085244853
kk,edgeface_xs,168,1024,jpeg,gender,__overall__,1515807,2515222,0.07894235803471027
kk,edgeface_xs,168,1024,jpeg,gender,F,890858,1575354,0.08903680258639264
kk,edgeface_xs,168,1024,jpeg,gender,M,624949,939868,0.06347525196604434
kk,edgeface_xs,168,1024,jpeg,age,__overall__,1515807,1848306,0.07484019636788233
kk,edgeface_xs,168,1024,jpeg,age,26-35,607008,840462,0.0628740873537644
kk,edgeface_xs,168,1024,jpeg,age,36-50,207304,99108,0.056698617897088716
kk,edgeface_xs,168,1024,jpeg,age,<=25,688654,908736,0.09022069600972524
kk,edgeface_xs,168,512,jpeg,skin_tone,__overall__,1515807,1413163,0.18342542804296696
kk,edgeface_xs,168,512,jpeg,skin_tone,MST10,50485,6607,0.17765092557092527
kk,edgeface_xs,168,512,jpeg,skin_tone,MST5,178369,62240,0.19988959722530664
kk,edgeface_xs,168,512,jpeg,skin_tone,MST6,671757,932109,0.18245872775237004
kk,edgeface_xs,168,512,jpeg,skin_tone,MST7,415396,384592,0.16455794173177984
kk,edgeface_xs,168,512,jpeg,skin_tone,MST8,47266,4349,0.20528082349005983
kk,edgeface_xs,168,512,jpeg,skin_tone,MST9,121529,23266,0.2112558273931498
kk,edgeface_xs,168,512,jpeg,gender,__overall__,1515807,2515222,0.2073866057518337
kk,edgeface_xs,168,512,jpeg,gender,F,890858,1575354,0.22229920276735154
kk,edgeface_xs,168,512,jpeg,gender,M,624949,939868,0.180071431237872
kk,edgeface_xs,168,512,jpeg,age,__overall__,1515807,1848306,0.20018743825021962
kk,edgeface_xs,168,512,jpeg,age,26-35,607008,840462,0.17712037489846533
kk,edgeface_xs,168,512,jpeg,age,36-50,207304,99108,0.1681050658206244
kk,edgeface_xs,168,512,jpeg,age,<=25,688654,908736,0.22484447944494282
kk,edgeface_xs,224,1024,jpeg,skin_tone,__overall__,1515807,1413163,0.10422057370267157
kk,edgeface_xs,224,1024,jpeg,skin_tone,MST10,50485,6607,0.0821841936755173
kk,edgeface_xs,224,1024,jpeg,skin_tone,MST5,178369,62240,0.11379701009141083
kk,edgeface_xs,224,1024,jpeg,skin_tone,MST6,671757,932109,0.10328496134507484
kk,edgeface_xs,224,1024,jpeg,skin_tone,MST7,415396,384592,0.09171330039229623
kk,edgeface_xs,224,1024,jpeg,skin_tone,MST8,47266,4349,0.138173481887517
kk,edgeface_xs,224,1024,jpeg,skin_tone,MST9,121529,23266,0.1274999626754254
kk,edgeface_xs,224,1024,jpeg,gender,__overall__,1515807,2515222,0.12187614581234925
kk,edgeface_xs,224,1024,jpeg,gender,F,890858,1575354,0.13371121744587872
kk,edgeface_xs,224,1024,jpeg,gender,M,624949,939868,0.10180818297704654
kk,edgeface_xs,224,1024,jpeg,age,__overall__,1515807,1848306,0.11586561446080251
kk,edgeface_xs,224,1024,jpeg,age,26-35,607008,840462,0.09913706385846513
kk,edgeface_xs,224,1024,jpeg,age,36-50,207304,99108,0.09423777135618583
kk,edgeface_xs,224,1024,jpeg,age,<=25,688654,908736,0.1352435121086546
kk,edgeface_xs,224,512,jpeg,skin_tone,__overall__,1515807,1413163,0.14448142774139905
kk,edgeface_xs,224,512,jpeg,skin_tone,MST10,50485,6607,0.14221363804845083
kk,edgeface_xs,224,512,jpeg,skin_tone,MST5,178369,62240,0.15408288882549753
kk,edgeface_xs,224,512,jpeg,skin_tone,MST6,671757,932109,0.14168684818511978
kk,edgeface_xs,224,512,jpeg,skin_tone,MST7,415396,384592,0.12907766192583164
kk,edgeface_xs,224,512,jpeg,skin_tone,MST8,47266,4349,0.17488116866255107
kk,edgeface_xs,224,512,jpeg,skin_tone,MST9,121529,23266,0.17738193564026433
kk,edgeface_xs,224,512,jpeg,gender,__overall__,1515807,2515222,0.16607755218159595
kk,edgeface_xs,224,512,jpeg,gender,F,890858,1575354,0.17679971962296462
kk,edgeface_xs,224,512,jpeg,gender,M,624949,939868,0.14577196413730248
kk,edgeface_xs,224,512,jpeg,age,__overall__,1515807,1848306,0.15918095288316014
kk,edgeface_xs,224,512,jpeg,age,26-35,607008,840462,0.1410212714768097
kk,edgeface_xs,224,512,jpeg,age,36-50,207304,99108,0.13527027124087876
kk,edgeface_xs,224,512,jpeg,age,<=25,688654,908736,0.1790623637351836
kk,edgeface_xs,64,1024,jpeg,skin_tone,__overall__,1515807,1413163,0.03635548073013557
kk,edgeface_xs,64,1024,jpeg,skin_tone,MST10,50485,6607,0.0208525014338366
kk,edgeface_xs,64,1024,jpeg,skin_tone,MST5,178369,62240,0.030453539889888588
kk,edgeface_xs,64,1024,jpeg,skin_tone,MST6,671757,932109,0.03736880660395893
kk,edgeface_xs,64,1024,jpeg,skin_tone,MST7,415396,384592,0.030512328672679334
kk,edgeface_xs,64,1024,jpeg,skin_tone,MST8,47266,4349,0.06732670109083665
kk,edgeface_xs,64,1024,jpeg,skin_tone,MST9,121529,23266,0.04889993311581947
kk,edgeface_xs,64,1024,jpeg,gender,__overall__,1515807,2515222,0.04341221006366079
kk,edgeface_xs,64,1024,jpeg,gender,F,890858,1575354,0.046282684004291946
kk,edgeface_xs,64,1024,jpeg,gender,M,624949,939868,0.03895325484907099
kk,edgeface_xs,64,1024,jpeg,age,__overall__,1515807,1848306,0.040801149991439946
kk,edgeface_xs,64,1024,jpeg,age,26-35,607008,840462,0.036705633725169176
kk,edgeface_xs,64,1024,jpeg,age,36-50,207304,99108,0.03333965333994607
kk,edgeface_xs,64,1024,jpeg,age,<=25,688654,908736,0.0464430256986582
kk,edgeface_xs,64,512,jpeg,skin_tone,__overall__,1515807,1413163,0.1858892129571103
kk,edgeface_xs,64,512,jpeg,skin_tone,MST10,50485,6607,0.17177709200923585
kk,edgeface_xs,64,512,jpeg,skin_tone,MST5,178369,62240,0.21258799888149607
kk,edgeface_xs,64,512,jpeg,skin_tone,MST6,671757,932109,0.18516771113082198
kk,edgeface_xs,64,512,jpeg,skin_tone,MST7,415396,384592,0.16946977281340564
kk,edgeface_xs,64,512,jpeg,skin_tone,MST8,47266,4349,0.21359400397258543
kk,edgeface_xs,64,512,jpeg,skin_tone,MST9,121529,23266,0.20086747998337018
kk,edgeface_xs,64,512,jpeg,gender,__overall__,1515807,2515222,0.20737005621397064
kk,edgeface_xs,64,512,jpeg,gender,F,890858,1575354,0.2199928419991427
kk,edgeface_xs,64,512,jpeg,gender,M,624949,939868,0.18651580972612128
kk,edgeface_xs,64,512,jpeg,age,__overall__,1515807,1848306,0.19925224372256542
kk,edgeface_xs,64,512,jpeg,age,26-35,607008,840462,0.1781927171861788
kk,edgeface_xs,64,512,jpeg,age,36-50,207304,99108,0.18261416007843956
kk,edgeface_xs,64,512,jpeg,age,<=25,688654,908736,0.22155692471527616
kk,edgeface_xs,96,1024,jpeg,skin_tone,__overall__,1515807,1413163,0.03302529417330913
kk,edgeface_xs,96,1024,jpeg,skin_tone,MST10,50485,6607,0.014709224562908248
kk,edgeface_xs,96,1024,jpeg,skin_tone,MST5,178369,62240,0.028890160721669663
kk,edgeface_xs,96,1024,jpeg,skin_tone,MST6,671757,932109,0.03316564514825583
kk,edgeface_xs,96,1024,jpeg,skin_tone,MST7,415396,384592,0.027886239771719848
kk,edgeface_xs,96,1024,jpeg,skin_tone,MST8,47266,4349,0.06255196966154389
kk,edgeface_xs,96,1024,jpeg,skin_tone,MST9,121529,23266,0.043570426130397404
kk,edgeface_xs,96,1024,jpeg,gender,__overall__,1515807,2515222,0.039274390974712775
kk,edgeface_xs,96,1024,jpeg,gender,F,890858,1575354,0.04260229931422736
kk,edgeface_xs,96,1024,jpeg,gender,M,624949,939868,0.03392222648827013
kk,edgeface_xs,96,1024,jpeg,age,__overall__,1515807,1848306,0.03702596752198421
kk,edgeface_xs,96,1024,jpeg,age,26-35,607008,840462,0.0323015348840226
kk,edgeface_xs,96,1024,jpeg,age,36-50,207304,99108,0.02894669475376438
kk,edgeface_xs,96,1024,jpeg,age,<=25,688654,908736,0.04327452010719869
kk,edgeface_xs,96,512,jpeg,skin_tone,__overall__,1515807,1413163,0.25192112411903844
kk,edgeface_xs,96,512,jpeg,skin_tone,MST10,50485,6607,0.2466310539844633
kk,edgeface_xs,96,512,jpeg,skin_tone,MST5,178369,62240,0.278090901442276
kk,edgeface_xs,96,512,jpeg,skin_tone,MST6,671757,932109,0.251729889640014
kk,edgeface_xs,96,512,jpeg,skin_tone,MST7,415396,384592,0.22799539294060162
kk,edgeface_xs,96,512,jpeg,skin_tone,MST8,47266,4349,0.2656330516398452
kk,edgeface_xs,96,512,jpeg,skin_tone,MST9,121529,23266,0.26864208706778403
kk,edgeface_xs,96,512,jpeg,gender,__overall__,1515807,2515222,0.28224452369534486
kk,edgeface_xs,96,512,jpeg,gender,F,890858,1575354,0.297624710512578
kk,edgeface_xs,96,512,jpeg,gender,M,624949,939868,0.24805542607637154
kk,edgeface_xs,96,512,jpeg,age,__overall__,1515807,1848306,0.27295581628346444
kk,edgeface_xs,96,512,jpeg,age,26-35,607008,840462,0.2403064215220478
kk,edgeface_xs,96,512,jpeg,age,36-50,207304,99108,0.24458408380674032
kk,edgeface_xs,96,512,jpeg,age,<=25,688654,908736,0.29866234903931654
kk,edgeface_xs,112,1024,jpeg_ai,skin_tone,__overall__,1515807,1413163,0.020688617517016075
kk,edgeface_xs,112,1024,jpeg_ai,skin_tone,MST10,50485,6607,0.009426072769930073
kk,edgeface_xs,112,1024,jpeg_ai,skin_tone,MST5,178369,62240,0.013341727736546726
kk,edgeface_xs,112,1024,jpeg_ai,skin_tone,MST6,671757,932109,0.02068191207436826
kk,edgeface_xs,112,1024,jpeg_ai,skin_tone,MST7,415396,384592,0.016556015179710157
kk,edgeface_xs,112,1024,jpeg_ai,skin_tone,MST8,47266,4349,0.04471966785106472
kk,edgeface_xs,112,1024,jpeg_ai,skin_tone,MST9,121529,23266,0.028458859201552233
kk,edgeface_xs,112,1024,jpeg_ai,gender,__overall__,1515807,2515222,0.024518470835743586
kk,edgeface_xs,112,1024,jpeg_ai,gender,F,890858,1575354,0.024251367835355114
kk,edgeface_xs,112,1024,jpeg_ai,gender,M,624949,939868,0.024271569076721983
kk,edgeface_xs,112,1024,jpeg_ai,age,__overall__,1515807,1848306,0.023234047026638505
kk,edgeface_xs,112,1024,jpeg_ai,age,26-35,607008,840462,0.022109495140652087
kk,edgeface_xs,112,1024,jpeg_ai,age,36-50,207304,99108,0.020505164684351214
kk,edgeface_xs,112,1024,jpeg_ai,age,<=25,688654,908736,0.02460405256306513
kk,edgeface_xs,112,512,jpeg_ai,skin_tone,__overall__,1515807,1413163,0.03165158619335971
kk,edgeface_xs,112,512,jpeg_ai,skin_tone,MST10,50485,6607,0.01673929225246755
kk,edgeface_xs,112,512,jpeg_ai,skin_tone,MST5,178369,62240,0.02557131720173516
kk,edgeface_xs,112,512,jpeg_ai,skin_tone,MST6,671757,932109,0.03201968080078529
kk,edgeface_xs,112,512,jpeg_ai,skin_tone,MST7,415396,384592,0.025614424294569935
kk,edgeface_xs,112,512,jpeg_ai,skin_tone,MST8,47266,4349,0.06715605248056389
kk,edgeface_xs,112,512,jpeg_ai,skin_tone,MST9,121529,23266,0.04211108813803715
kk,edgeface_xs,112,512,jpeg_ai,gender,__overall__,1515807,2515222,0.03766187722030663
kk,edgeface_xs,112,512,jpeg_ai,gender,F,890858,1575354,0.039039101069493515
kk,edgeface_xs,112,512,jpeg_ai,gender,M,624949,939868,0.035140015258770675
kk,edgeface_xs,112,512,jpeg_ai,age,__overall__,1515807,1848306,0.03566376138354298
kk,edgeface_xs,112,512,jpeg_ai,age,26-35,607008,840462,0.03272176901859178
kk,edgeface_xs,112,512,jpeg_ai,age,36-50,207304,99108,0.03036234058728101
kk,edgeface_xs,112,512,jpeg_ai,age,<=25,688654,908736,0.039395790747445446
kk,edgeface_xs,224,1024,jpeg_ai,skin_tone,__overall__,1515807,1413163,0.01846348915513539
kk,edgeface_xs,224,1024,jpeg_ai,skin_tone,MST10,50485,6607,0.007062825540044226
kk,edgeface_xs,224,1024,jpeg_ai,skin_tone,MST5,178369,62240,0.011262258470752573
kk,edgeface_xs,224,1024,jpeg_ai,skin_tone,MST6,671757,932109,0.018431366992216404
kk,edgeface_xs,224,1024,jpeg_ai,skin_tone,MST7,415396,384592,0.014823522488474648
kk,edgeface_xs,224,1024,jpeg_ai,skin_tone,MST8,47266,4349,0.04324705039409596
kk,edgeface_xs,224,1024,jpeg_ai,skin_tone,MST9,121529,23266,0.02596395038351622
kk,edgeface_xs,224,1024,jpeg_ai,gender,__overall__,1515807,2515222,0.021898149746127662
kk,edgeface_xs,224,1024,jpeg_ai,gender,F,890858,1575354,0.02152314684544095
kk,edgeface_xs,224,1024,jpeg_ai,gender,M,624949,939868,0.021902609204929917
kk,edgeface_xs,224,1024,jpeg_ai,age,__overall__,1515807,1848306,0.020662177177631864
kk,edgeface_xs,224,1024,jpeg_ai,age,26-35,607008,840462,0.019813702521837687
kk,edgeface_xs,224,1024,jpeg_ai,age,36-50,207304,99108,0.018798740898946335
kk,edgeface_xs,224,1024,jpeg_ai,age,<=25,688654,908736,0.021603107079616955
kk,edgeface_xs,224,512,jpeg_ai,skin_tone,__overall__,1515807,1413163,0.030373835472157523
kk,edgeface_xs,224,512,jpeg_ai,skin_tone,MST10,50485,6607,0.016459186514391454
kk,edgeface_xs,224,512,jpeg_ai,skin_tone,MST5,178369,62240,0.0235122224077636
kk,edgeface_xs,224,512,jpeg_ai,skin_tone,MST6,671757,932109,0.03046328119017464
kk,edgeface_xs,224,512,jpeg_ai,skin_tone,MST7,415396,384592,0.025287008659285938
kk,edgeface_xs,224,512,jpeg_ai,skin_tone,MST8,47266,4349,0.06385533226301399
kk,edgeface_xs,224,512,jpeg_ai,skin_tone,MST9,121529,23266,0.03976109723722625
kk,edgeface_xs,224,512,jpeg_ai,gender,__overall__,1515807,2515222,0.03592053237366073
kk,edgeface_xs,224,512,jpeg_ai,gender,F,890858,1575354,0.03685191967927234
kk,edgeface_xs,224,512,jpeg_ai,gender,M,624949,939868,0.034074914104516546
kk,edgeface_xs,224,512,jpeg_ai,age,__overall__,1515807,1848306,0.03408388953856674
kk,edgeface_xs,224,512,jpeg_ai,age,26-35,607008,840462,0.031357692132218236
kk,edgeface_xs,224,512,jpeg_ai,age,36-50,207304,99108,0.030764529976704907
kk,edgeface_xs,224,512,jpeg_ai,age,<=25,688654,908736,0.0372027688191777
kk,edgeface_xs,112,1024,jpeg_fzt,skin_tone,__overall__,1515807,1413163,0.033205548777357444
kk,edgeface_xs,112,1024,jpeg_fzt,skin_tone,MST10,50485,6607,0.018341453723012706
kk,edgeface_xs,112,1024,jpeg_fzt,skin_tone,MST5,178369,62240,0.028761626017299483
kk,edgeface_xs,112,1024,jpeg_fzt,skin_tone,MST6,671757,932109,0.033401903438388184
kk,edgeface_xs,112,1024,jpeg_fzt,skin_tone,MST7,415396,384592,0.027135687560325677
kk,edgeface_xs,112,1024,jpeg_fzt,skin_tone,MST8,47266,4349,0.06541257714773208
kk,edgeface_xs,112,1024,jpeg_fzt,skin_tone,MST9,121529,23266,0.046434743373579786
kk,edgeface_xs,112,1024,jpeg_fzt,gender,__overall__,1515807,2515222,0.03992854041896899
kk,edgeface_xs,112,1024,jpeg_fzt,gender,F,890858,1575354,0.04241745189830187
kk,edgeface_xs,112,1024,jpeg_fzt,gender,M,624949,939868,0.03538899299235272
kk,edgeface_xs,112,1024,jpeg_fzt,age,__overall__,1515807,1848306,0.03756552339273586
kk,edgeface_xs,112,1024,jpeg_fzt,age,26-35,607008,840462,0.03266589361467763
kk,edgeface_xs,112,1024,jpeg_fzt,age,36-50,207304,99108,0.03163606287779814
kk,edgeface_xs,112,1024,jpeg_fzt,age,<=25,688654,908736,0.042914799360916425
kk,edgeface_xs,112,512,jpeg_fzt,skin_tone,__overall__,1515807,1413163,0.18355157441137676
kk,edgeface_xs,112,512,jpeg_fzt,skin_tone,MST10,50485,6607,0.16377566843333002
kk,edgeface_xs,112,512,jpeg_fzt,skin_tone,MST5,178369,62240,0.20481855132649324
kk,edgeface_xs,112,512,jpeg_fzt,skin_tone,MST6,671757,932109,0.18116974081386733
kk,edgeface_xs,112,512,jpeg_fzt,skin_tone,MST7,415396,384592,0.169214761637126
kk,edgeface_xs,112,512,jpeg_fzt,skin_tone,MST8,47266,4349,0.21777133999826054
kk,edgeface_xs,112,512,jpeg_fzt,skin_tone,MST9,121529,23266,0.2022038274282084
kk,edgeface_xs,112,512,jpeg_fzt,gender,__overall__,1515807,2515222,0.20679174002401404
kk,edgeface_xs,112,512,jpeg_fzt,gender,F,890858,1575354,0.2210592893553382
kk,edgeface_xs,112,512,jpeg_fzt,gender,M,624949,939868,0.18125601263501723
kk,edgeface_xs,112,512,jpeg_fzt,age,__overall__,1515807,1848306,0.1992511860962108
kk,edgeface_xs,112,512,jpeg_fzt,age,26-35,607008,840462,0.1765140724496818
kk,edgeface_xs,112,512,jpeg_fzt,age,36-50,207304,99108,0.178812952044723
kk,edgeface_xs,112,512,jpeg_fzt,age,<=25,688654,908736,0.221589664470364
kk,edgeface_xs,168,1024,jpeg_fzt,skin_tone,__overall__,1515807,1413163,0.03218060068279825
kk,edgeface_xs,168,1024,jpeg_fzt,skin_tone,MST10,50485,6607,0.015394633010307059
kk,edgeface_xs,168,1024,jpeg_fzt,skin_tone,MST5,178369,62240,0.027398741565623882
kk,edgeface_xs,168,1024,jpeg_fzt,skin_tone,MST6,671757,932109,0.032838598857139106
kk,edgeface_xs,168,1024,jpeg_fzt,skin_tone,MST7,415396,384592,0.02653276877689228
kk,edgeface_xs,168,1024,jpeg_fzt,skin_tone,MST8,47266,4349,0.06587245298125702
kk,edgeface_xs,168,1024,jpeg_fzt,skin_tone,MST9,121529,23266,0.04272144404845174
kk,edgeface_xs,168,1024,jpeg_fzt,gender,__overall__,1515807,2515222,0.038507450353111705
kk,edgeface_xs,168,1024,jpeg_fzt,gender,F,890858,1575354,0.04131641700119641
kk,edgeface_xs,168,1024,jpeg_fzt,gender,M,624949,939868,0.03376841074411663
kk,edgeface_xs,168,1024,jpeg_fzt,age,__overall__,1515807,1848306,0.03609323390113555
kk,edgeface_xs,168,1024,jpeg_fzt,age,26-35,607008,840462,0.03272611651718424
kk,edgeface_xs,168,1024,jpeg_fzt,age,36-50,207304,99108,0.029207444794165274
kk,edgeface_xs,168,1024,jpeg_fzt,age,<=25,688654,908736,0.04103326110928301
kk,edgeface_xs,168,512,jpeg_fzt,skin_tone,__overall__,1515807,1413163,0.2639811743549477
kk,edgeface_xs,168,512,jpeg_fzt,skin_tone,MST10,50485,6607,0.24316439602002546
kk,edgeface_xs,168,512,jpeg_fzt,skin_tone,MST5,178369,62240,0.2894459701805885
kk,edgeface_xs,168,512,jpeg_fzt,skin_tone,MST6,671757,932109,0.2636614995790537
kk,edgeface_xs,168,512,jpeg_fzt,skin_tone,MST7,415396,384592,0.2424526167654705
kk,edgeface_xs,168,512,jpeg_fzt,skin_tone,MST8,47266,4349,0.2863048040795752
kk,edgeface_xs,168,512,jpeg_fzt,skin_tone,MST9,121529,23266,0.2799567594370256
kk,edgeface_xs,168,512,jpeg_fzt,gender,__overall__,1515807,2515222,0.2909477522114621
kk,edgeface_xs,168,512,jpeg_fzt,gender,F,890858,1575354,0.3066314697540201
kk,edgeface_xs,168,512,jpeg_fzt,gender,M,624949,939868,0.25942416965658976
kk,edgeface_xs,168,512,jpeg_fzt,age,__overall__,1515807,1848306,0.2819315053834587
kk,edgeface_xs,168,512,jpeg_fzt,age,26-35,607008,840462,0.2545780597295754
kk,edgeface_xs,168,512,jpeg_fzt,age,36-50,207304,99108,0.25233161535937026
kk,edgeface_xs,168,512,jpeg_fzt,age,<=25,688654,908736,0.3062322713509011
kk,edgeface_xs,224,1024,jpeg_fzt,skin_tone,__overall__,1515807,1413163,0.033843295876722364
kk,edgeface_xs,224,1024,jpeg_fzt,skin_tone,MST10,50485,6607,0.018278475988901303
kk,edgeface_xs,224,1024,jpeg_fzt,skin_tone,MST5,178369,62240,0.02927918521598037
kk,edgeface_xs,224,1024,jpeg_fzt,skin_tone,MST6,671757,932109,0.03478802711582455
kk,edgeface_xs,224,1024,jpeg_fzt,skin_tone,MST7,415396,384592,0.028014938996646206
kk,edgeface_xs,224,1024,jpeg_fzt,skin_tone,MST8,47266,4349,0.060627267289970664
kk,edgeface_xs,224,1024,jpeg_fzt,skin_tone,MST9,121529,23266,0.04474907614242003
kk,edgeface_xs,224,1024,jpeg_fzt,gender,__overall__,1515807,2515222,0.04015360855748885
kk,edgeface_xs,224,1024,jpeg_fzt,gender,F,890858,1575354,0.04352767499152459
kk,edgeface_xs,224,1024,jpeg_fzt,gender,M,624949,939868,0.03472313202142085
kk,edgeface_xs,224,1024,jpeg_fzt,age,__overall__,1515807,1848306,0.037793838782463327
kk,edgeface_xs,224,1024,jpeg_fzt,age,26-35,607008,840462,0.03370409772093962
kk,edgeface_xs,224,1024,jpeg_fzt,age,36-50,207304,99108,0.030183595718029733
kk,edgeface_xs,224,1024,jpeg_fzt,age,<=25,688654,908736,0.04349001074512486
kk,edgeface_xs,224,512,jpeg_fzt,skin_tone,__overall__,1515807,1413163,0.25187066220140264
kk,edgeface_xs,224,512,jpeg_fzt,skin_tone,MST10,50485,6607,0.23287819817214522
kk,edgeface_xs,224,512,jpeg_fzt,skin_tone,MST5,178369,62240,0.27640418245603937
kk,edgeface_xs,224,512,jpeg_fzt,skin_tone,MST6,671757,932109,0.2506216363591983
kk,edgeface_xs,224,512,jpeg_fzt,skin_tone,MST7,415396,384592,0.23067571959597594
kk,edgeface_xs,224,512,jpeg_fzt,skin_tone,MST8,47266,4349,0.28965981019424253
kk,edgeface_xs,224,512,jpeg_fzt,skin_tone,MST9,121529,23266,0.2681931976524988
kk,edgeface_xs,224,512,jpeg_fzt,gender,__overall__,1515807,2515222,0.28413273173049824
kk,edgeface_xs,224,512,jpeg_fzt,gender,F,890858,1575354,0.2956151514390649
kk,edgeface_xs,224,512,jpeg_fzt,gender,M,624949,939868,0.2573861919858022
kk,edgeface_xs,224,512,jpeg_fzt,age,__overall__,1515807,1848306,0.273063046133449
kk,edgeface_xs,224,512,jpeg_fzt,age,26-35,607008,840462,0.24462888012749573
kk,edgeface_xs,224,512,jpeg_fzt,age,36-50,207304,99108,0.24871085874991145
kk,edgeface_xs,224,512,jpeg_fzt,age,<=25,688654,908736,0.29641148672078155
kk,edgeface_xs,64,1024,jpeg_fzt,skin_tone,__overall__,1515807,1413163,0.060138407487514284
kk,edgeface_xs,64,1024,jpeg_fzt,skin_tone,MST10,50485,6607,0.042640805257565265
kk,edgeface_xs,64,1024,jpeg_fzt,skin_tone,MST5,178369,62240,0.061550611594640446
kk,edgeface_xs,64,1024,jpeg_fzt,skin_tone,MST6,671757,932109,0.0598134117053805
kk,edgeface_xs,64,1024,jpeg_fzt,skin_tone,MST7,415396,384592,0.052139097638528635
kk,edgeface_xs,64,1024,jpeg_fzt,skin_tone,MST8,47266,4349,0.09862773823800616
kk,edgeface_xs,64,1024,jpeg_fzt,skin_tone,MST9,121529,23266,0.08048734056354476
kk,edgeface_xs,64,1024,jpeg_fzt,gender,__overall__,1515807,2515222,0.07228906499003279
kk,edgeface_xs,64,1024,jpeg_fzt,gender,F,890858,1575354,0.07754347257601611
kk,edgeface_xs,64,1024,jpeg_fzt,gender,M,624949,939868,0.06342975472884718
kk,edgeface_xs,64,1024,jpeg_fzt,age,__overall__,1515807,1848306,0.06845729085238624
kk,edgeface_xs,64,1024,jpeg_fzt,age,26-35,607008,840462,0.05895296398895536
kk,edgeface_xs,64,1024,jpeg_fzt,age,36-50,207304,99108,0.05637690643327818
kk,edgeface_xs,64,1024,jpeg_fzt,age,<=25,688654,908736,0.07922480902431386
kk,edgeface_xs,64,512,jpeg_fzt,skin_tone,__overall__,1515807,1413163,0.15877134514295954
kk,edgeface_xs,64,512,jpeg_fzt,skin_tone,MST10,50485,6607,0.13900092816945192
kk,edgeface_xs,64,512,jpeg_fzt,skin_tone,MST5,178369,62240,0.18315238220885244
kk,edgeface_xs,64,512,jpeg_fzt,skin_tone,MST6,671757,932109,0.15802640471893464
kk,edgeface_xs,64,512,jpeg_fzt,skin_tone,MST7,415396,384592,0.14741440730000338
kk,edgeface_xs,64,512,jpeg_fzt,skin_tone,MST8,47266,4349,0.17624660808005904
kk,edgeface_xs,64,512,jpeg_fzt,skin_tone,MST9,121529,23266,0.18006522613263004
kk,edgeface_xs,64,512,jpeg_fzt,gender,__overall__,1515807,2515222,0.18227913209877689
kk,edgeface_xs,64,512,jpeg_fzt,gender,F,890858,1575354,0.19723165587142785
kk,edgeface_xs,64,512,jpeg_fzt,gender,M,624949,939868,0.1580066325113943
kk,edgeface_xs,64,512,jpeg_fzt,age,__overall__,1515807,1848306,0.1735047744271685
kk,edgeface_xs,64,512,jpeg_fzt,age,26-35,607008,840462,0.15232185428389697
kk,edgeface_xs,64,512,jpeg_fzt,age,36-50,207304,99108,0.15184492279008976
kk,edgeface_xs,64,512,jpeg_fzt,age,<=25,688654,908736,0.19763850661099858
kk,edgeface_xs,96,1024,jpeg_fzt,skin_tone,__overall__,1515807,1413163,0.034503145606554445
kk,edgeface_xs,96,1024,jpeg_fzt,skin_tone,MST10,50485,6607,0.020157189054576842
kk,edgeface_xs,96,1024,jpeg_fzt,skin_tone,MST5,178369,62240,0.030061541838378114
kk,edgeface_xs,96,1024,jpeg_fzt,skin_tone,MST6,671757,932109,0.03529709954731841
kk,edgeface_xs,96,1024,jpeg_fzt,skin_tone,MST7,415396,384592,0.028410388279493076
kk,edgeface_xs,96,1024,jpeg_fzt,skin_tone,MST8,47266,4349,0.06583292677693056
kk,edgeface_xs,96,1024,jpeg_fzt,skin_tone,MST9,121529,23266,0.04550938357983561
kk,edgeface_xs,96,1024,jpeg_fzt,gender,__overall__,1515807,2515222,0.04132663315063156
kk,edgeface_xs,96,1024,jpeg_fzt,gender,F,890858,1575354,0.043766507412230676
kk,edgeface_xs,96,1024,jpeg_fzt,gender,M,624949,939868,0.037167443692159956
kk,edgeface_xs,96,1024,jpeg_fzt,age,__overall__,1515807,1848306,0.03887577088304191
kk,edgeface_xs,96,1024,jpeg_fzt,age,26-35,607008,840462,0.034897390313017376
kk,edgeface_xs,96,1024,jpeg_fzt,age,36-50,207304,99108,0.03267162705036329
kk,edgeface_xs,96,1024,jpeg_fzt,age,<=25,688654,908736,0.04369649418293246
kk,edgeface_xs,96,512,jpeg_fzt,skin_tone,__overall__,1515807,1413163,0.15031881163707722
kk,edgeface_xs,96,512,jpeg_fzt,skin_tone,MST10,50485,6607,0.13266668094719603
kk,edgeface_xs,96,512,jpeg_fzt,skin_tone,MST5,178369,62240,0.1713851113267244
kk,edgeface_xs,96,512,jpeg_fzt,skin_tone,MST6,671757,932109,0.14867841526680284
kk,edgeface_xs,96,512,jpeg_fzt,skin_tone,MST7,415396,384592,0.1408996704948991
kk,edgeface_xs,96,512,jpeg_fzt,skin_tone,MST8,47266,4349,0.17946409462463372
kk,edgeface_xs,96,512,jpeg_fzt,skin_tone,MST9,121529,23266,0.16741749279800522
kk,edgeface_xs,96,512,jpeg_fzt,gender,__overall__,1515807,2515222,0.17100822455994547
kk,edgeface_xs,96,512,jpeg_fzt,gender,F,890858,1575354,0.18361996766215666
kk,edgeface_xs,96,512,jpeg_fzt,gender,M,624949,939868,0.15025732788224105
kk,edgeface_xs,96,512,jpeg_fzt,age,__overall__,1515807,1848306,0.16329004172086115
kk,edgeface_xs,96,512,jpeg_fzt,age,26-35,607008,840462,0.14658086133517945
kk,edgeface_xs,96,512,jpeg_fzt,age,36-50,207304,99108,0.14564958979888432
kk,edgeface_xs,96,512,jpeg_fzt,age,<=25,688654,908736,0.1825269923831246
kk,edgeface_xs,112,1024,jpeg_xl,skin_tone,__overall__,1515807,1413163,0.03394446892626704
kk,edgeface_xs,112,1024,jpeg_xl,skin_tone,MST10,50485,6607,0.014659704903603504
kk,edgeface_xs,112,1024,jpeg_xl,skin_tone,MST5,178369,62240,0.030942556173194642
kk,edgeface_xs,112,1024,jpeg_xl,skin_tone,MST6,671757,932109,0.03411670932452237
kk,edgeface_xs,112,1024,jpeg_xl,skin_tone,MST7,415396,384592,0.0279805556246612
kk,edgeface_xs,112,1024,jpeg_xl,skin_tone,MST8,47266,4349,0.06938613552295435
kk,edgeface_xs,112,1024,jpeg_xl,skin_tone,MST9,121529,23266,0.04407289232261756
kk,edgeface_xs,112,1024,jpeg_xl,gender,__overall__,1515807,2515222,0.04018445344262836
kk,edgeface_xs,112,1024,jpeg_xl,gender,F,890858,1575354,0.04335446166819629
kk,edgeface_xs,112,1024,jpeg_xl,gender,M,624949,939868,0.03531688551198793
kk,edgeface_xs,112,1024,jpeg_xl,age,__overall__,1515807,1848306,0.03808659853970481
kk,edgeface_xs,112,1024,jpeg_xl,age,26-35,607008,840462,0.03476015010077753
kk,edgeface_xs,112,1024,jpeg_xl,age,36-50,207304,99108,0.02866226788100943
kk,edgeface_xs,112,1024,jpeg_xl,age,<=25,688654,908736,0.04308173516870815
kk,edgeface_xs,112,512,jpeg_xl,skin_tone,__overall__,1515807,1413163,0.11471204943432901
kk,edgeface_xs,112,512,jpeg_xl,skin_tone,MST10,50485,6607,0.08949385901510906
kk,edgeface_xs,112,512,jpeg_xl,skin_tone,MST5,178369,62240,0.12853396169023168
kk,edgeface_xs,112,512,jpeg_xl,skin_tone,MST6,671757,932109,0.11539743428990773
kk,edgeface_xs,112,512,jpeg_xl,skin_tone,MST7,415396,384592,0.10284100474514447
kk,edgeface_xs,112,512,jpeg_xl,skin_tone,MST8,47266,4349,0.14979156385191478
kk,edgeface_xs,112,512,jpeg_xl,skin_tone,MST9,121529,23266,0.1300854306691484
kk,edgeface_xs,112,512,jpeg_xl,gender,__overall__,1515807,2515222,0.13103925297937685
kk,edgeface_xs,112,512,jpeg_xl,gender,F,890858,1575354,0.14425472132670752
kk,edgeface_xs,112,512,jpeg_xl,gender,M,624949,939868,0.11073255906136575
kk,edgeface_xs,112,512,jpeg_xl,age,__overall__,1515807,1848306,0.1256841427564775
kk,edgeface_xs,112,512,jpeg_xl,age,26-35,607008,840462,0.11385183467456728
kk,edgeface_xs,112,512,jpeg_xl,age,36-50,207304,99108,0.09727323313817626
kk,edgeface_xs,112,512,jpeg_xl,age,<=25,688654,908736,0.1449501455888553
kk,edgeface_xs,168,1024,jpeg_xl,skin_tone,__overall__,1515807,1413163,0.03942320414757984
kk,edgeface_xs,168,1024,jpeg_xl,skin_tone,MST10,50485,6607,0.020213058502796824
kk,edgeface_xs,168,1024,jpeg_xl,skin_tone,MST5,178369,62240,0.0357657417505039
kk,edgeface_xs,168,1024,jpeg_xl,skin_tone,MST6,671757,932109,0.03998094447286775
kk,edgeface_xs,168,1024,jpeg_xl,skin_tone,MST7,415396,384592,0.032799158047873915
kk,edgeface_xs,168,1024,jpeg_xl,skin_tone,MST8,47266,4349,0.07114297679380302
kk,edgeface_xs,168,1024,jpeg_xl,skin_tone,MST9,121529,23266,0.05350475891455864
kk,edgeface_xs,168,1024,jpeg_xl,gender,__overall__,1515807,2515222,0.0466676432872558
kk,edgeface_xs,168,1024,jpeg_xl,gender,F,890858,1575354,0.050772086673756774
kk,edgeface_xs,168,1024,jpeg_xl,gender,M,624949,939868,0.0401913774761015
kk,edgeface_xs,168,1024,jpeg_xl,age,__overall__,1515807,1848306,0.0439932144973009
kk,edgeface_xs,168,1024,jpeg_xl,age,26-35,607008,840462,0.03941548108038406
kk,edgeface_xs,168,1024,jpeg_xl,age,36-50,207304,99108,0.032983711776152454
kk,edgeface_xs,168,1024,jpeg_xl,age,<=25,688654,908736,0.05103709537839529
kk,edgeface_xs,168,512,jpeg_xl,skin_tone,__overall__,1515807,1413163,0.05830535610349702
kk,edgeface_xs,168,512,jpeg_xl,skin_tone,MST10,50485,6607,0.040666607016225945
kk,edgeface_xs,168,512,jpeg_xl,skin_tone,MST5,178369,62240,0.056580567790773584
kk,edgeface_xs,168,512,jpeg_xl,skin_tone,MST6,671757,932109,0.05960025762793761
kk,edgeface_xs,168,512,jpeg_xl,skin_tone,MST7,415396,384592,0.05023659815159772
kk,edgeface_xs,168,512,jpeg_xl,skin_tone,MST8,47266,4349,0.09190993508975104
kk,edgeface_xs,168,512,jpeg_xl,skin_tone,MST9,121529,23266,0.07369394455884545
kk,edgeface_xs,168,512,jpeg_xl,gender,__overall__,1515807,2515222,0.0682367139503047
kk,edgeface_xs,168,512,jpeg_xl,gender,F,890858,1575354,0.07490872346349692
kk,edgeface_xs,168,512,jpeg_xl,gender,M,624949,939868,0.05808435725367877
kk,edgeface_xs,168,512,jpeg_xl,age,__overall__,1515807,1848306,0.06498456834445065
kk,edgeface_xs,168,512,jpeg_xl,age,26-35,607008,840462,0.058147366931598526
kk,edgeface_xs,168,512,jpeg_xl,age,36-50,207304,99108,0.048274834987354756
kk,edgeface_xs,168,512,jpeg_xl,age,<=25,688654,908736,0.0758449309264744
kk,edgeface_xs,224,1024,jpeg_xl,skin_tone,__overall__,1515807,1413163,0.03237058397436848
kk,edgeface_xs,224,1024,jpeg_xl,skin_tone,MST10,50485,6607,0.015829647515212625
kk,edgeface_xs,224,1024,jpeg_xl,skin_tone,MST5,178369,62240,0.0279736630395373
kk,edgeface_xs,224,1024,jpeg_xl,skin_tone,MST6,671757,932109,0.03311721062155866
kk,edgeface_xs,224,1024,jpeg_xl,skin_tone,MST7,415396,384592,0.025571042511274834
kk,edgeface_xs,224,1024,jpeg_xl,skin_tone,MST8,47266,4349,0.06112166591844981
kk,edgeface_xs,224,1024,jpeg_xl,skin_tone,MST9,121529,23266,0.045013789728269575
kk,edgeface_xs,224,1024,jpeg_xl,gender,__overall__,1515807,2515222,0.0386503627949881
kk,edgeface_xs,224,1024,jpeg_xl,gender,F,890858,1575354,0.041454131650102116
kk,edgeface_xs,224,1024,jpeg_xl,gender,M,624949,939868,0.034163286804499635
kk,edgeface_xs,224,1024,jpeg_xl,age,__overall__,1515807,1848306,0.03647010551947924
kk,edgeface_xs,224,1024,jpeg_xl,age,26-35,607008,840462,0.03334038066232299
kk,edgeface_xs,224,1024,jpeg_xl,age,36-50,207304,99108,0.028047767025797875
kk,edgeface_xs,224,1024,jpeg_xl,age,<=25,688654,908736,0.0412646401406591
kk,edgeface_xs,224,512,jpeg_xl,skin_tone,__overall__,1515807,1413163,0.033504426142533156
kk,edgeface_xs,224,512,jpeg_xl,skin_tone,MST10,50485,6607,0.017998370250825207
kk,edgeface_xs,224,512,jpeg_xl,skin_tone,MST5,178369,62240,0.02891689377690375
kk,edgeface_xs,224,512,jpeg_xl,skin_tone,MST6,671757,932109,0.034358080755576365
kk,edgeface_xs,224,512,jpeg_xl,skin_tone,MST7,415396,384592,0.02651182433309773
kk,edgeface_xs,224,512,jpeg_xl,skin_tone,MST8,47266,4349,0.06486528637690961
kk,edgeface_xs,224,512,jpeg_xl,skin_tone,MST9,121529,23266,0.04701402406017868
kk,edgeface_xs,224,512,jpeg_xl,gender,__overall__,1515807,2515222,0.03997682397927961
kk,edgeface_xs,224,512,jpeg_xl,gender,F,890858,1575354,0.043007749801194164
kk,edgeface_xs,224,512,jpeg_xl,gender,M,624949,939868,0.03506601876327327
kk,edgeface_xs,224,512,jpeg_xl,age,__overall__,1515807,1848306,0.03774280861723191
kk,edgeface_xs,224,512,jpeg_xl,age,26-35,607008,840462,0.03441386776892803
kk,edgeface_xs,224,512,jpeg_xl,age,36-50,207304,99108,0.02925813690527953
kk,edgeface_xs,224,512,jpeg_xl,age,<=25,688654,908736,0.04287522928939376
kk,edgeface_xs,64,1024,jpeg_xl,skin_tone,__overall__,1515807,1413163,0.03504455986357545
kk,edgeface_xs,64,1024,jpeg_xl,skin_tone,MST10,50485,6607,0.01788307721143953
kk,edgeface_xs,64,1024,jpeg_xl,skin_tone,MST5,178369,62240,0.030654616454961415
kk,edgeface_xs,64,1024,jpeg_xl,skin_tone,MST6,671757,932109,0.03524537787928228
kk,edgeface_xs,64,1024,jpeg_xl,skin_tone,MST7,415396,384592,0.029562779426445168
kk,edgeface_xs,64,1024,jpeg_xl,skin_tone,MST8,47266,4349,0.06329885681849695
kk,edgeface_xs,64,1024,jpeg_xl,skin_tone,MST9,121529,23266,0.0463190619492921
kk,edgeface_xs,64,1024,jpeg_xl,gender,__overall__,1515807,2515222,0.04149059705582958
kk,edgeface_xs,64,1024,jpeg_xl,gender,F,890858,1575354,0.04437372704675666
kk,edgeface_xs,64,1024,jpeg_xl,gender,M,624949,939868,0.036941158393213505
kk,edgeface_xs,64,1024,jpeg_xl,age,__overall__,1515807,1848306,0.03937258493002451
kk,edgeface_xs,64,1024,jpeg_xl,age,26-35,607008,840462,0.03552350686164543
kk,edgeface_xs,64,1024,jpeg_xl,age,36-50,207304,99108,0.03156038785660914
kk,edgeface_xs,64,1024,jpeg_xl,age,<=25,688654,908736,0.04471294889310479
kk,edgeface_xs,64,512,jpeg_xl,skin_tone,__overall__,1515807,1413163,0.10487568613917927
kk,edgeface_xs,64,512,jpeg_xl,skin_tone,MST10,50485,6607,0.0837134734800901
kk,edgeface_xs,64,512,jpeg_xl,skin_tone,MST5,178369,62240,0.11671185526607049
kk,edgeface_xs,64,512,jpeg_xl,skin_tone,MST6,671757,932109,0.10480962111804668
kk,edgeface_xs,64,512,jpeg_xl,skin_tone,MST7,415396,384592,0.09378381363518129
kk,edgeface_xs,64,512,jpeg_xl,skin_tone,MST8,47266,4349,0.14155743577804214
kk,edgeface_xs,64,512,jpeg_xl,skin_tone,MST9,121529,23266,0.12288739097087167
kk,edgeface_xs,64,512,jpeg_xl,gender,__overall__,1515807,2515222,0.11976120111120753
kk,edgeface_xs,64,512,jpeg_xl,gender,F,890858,1575354,0.13119414155641873
kk,edgeface_xs,64,512,jpeg_xl,gender,M,624949,939868,0.1020788540323832
kk,edgeface_xs,64,512,jpeg_xl,age,__overall__,1515807,1848306,0.11537939429022168
kk,edgeface_xs,64,512,jpeg_xl,age,26-35,607008,840462,0.10253709636905181
kk,edgeface_xs,64,512,jpeg_xl,age,36-50,207304,99108,0.09169707833157062
kk,edgeface_xs,64,512,jpeg_xl,age,<=25,688654,908736,0.13223315661410304
kk,edgeface_xs,96,1024,jpeg_xl,skin_tone,__overall__,1515807,1413163,0.03330553957661223
kk,edgeface_xs,96,1024,jpeg_xl,skin_tone,MST10,50485,6607,0.016139465048871565
kk,edgeface_xs,96,1024,jpeg_xl,skin_tone,MST5,178369,62240,0.02999351334595777
kk,edgeface_xs,96,1024,jpeg_xl,skin_tone,MST6,671757,932109,0.03413859263712431
kk,edgeface_xs,96,1024,jpeg_xl,skin_tone,MST7,415396,384592,0.026273150068599385
kk,edgeface_xs,96,1024,jpeg_xl,skin_tone,MST8,47266,4349,0.0666404969951474
kk,edgeface_xs,96,1024,jpeg_xl,skin_tone,MST9,121529,23266,0.04370851750724705
kk,edgeface_xs,96,1024,jpeg_xl,gender,__overall__,1515807,2515222,0.039654958212204744
kk,edgeface_xs,96,1024,jpeg_xl,gender,F,890858,1575354,0.042629815330405704
kk,edgeface_xs,96,1024,jpeg_xl,gender,M,624949,939868,0.03495009253240154
kk,edgeface_xs,96,1024,jpeg_xl,age,__overall__,1515807,1848306,0.03743066233259261
kk,edgeface_xs,96,1024,jpeg_xl,age,26-35,607008,840462,0.03395194473361492
kk,edgeface_xs,96,1024,jpeg_xl,age,36-50,207304,99108,0.028324315573883267
kk,edgeface_xs,96,1024,jpeg_xl,age,<=25,688654,908736,0.042973014382449604
kk,edgeface_xs,96,512,jpeg_xl,skin_tone,__overall__,1515807,1413163,0.10558691397130457
kk,edgeface_xs,96,512,jpeg_xl,skin_tone,MST10,50485,6607,0.08352885291767778
kk,edgeface_xs,96,512,jpeg_xl,skin_tone,MST5,178369,62240,0.11923829314993739
kk,edgeface_xs,96,512,jpeg_xl,skin_tone,MST6,671757,932109,0.10536639650639884
kk,edgeface_xs,96,512,jpeg_xl,skin_tone,MST7,415396,384592,0.09707468196714243
kk,edgeface_xs,96,512,jpeg_xl,skin_tone,MST8,47266,4349,0.14041135584882794
kk,edgeface_xs,96,512,jpeg_xl,skin_tone,MST9,121529,23266,0.12443772492149915
kk,edgeface_xs,96,512,jpeg_xl,gender,__overall__,1515807,2515222,0.12090329165058766
kk,edgeface_xs,96,512,jpeg_xl,gender,F,890858,1575354,0.13345967534612616
kk,edgeface_xs,96,512,jpeg_xl,gender,M,624949,939868,0.10167564093297513
kk,edgeface_xs,96,512,jpeg_xl,age,__overall__,1515807,1848306,0.1156171376165833
kk,edgeface_xs,96,512,jpeg_xl,age,26-35,607008,840462,0.10406445007507832
kk,edgeface_xs,96,512,jpeg_xl,age,36-50,207304,99108,0.09151813322367647
kk,edgeface_xs,96,512,jpeg_xl,age,<=25,688654,908736,0.13316185480433043
kk,edgeface_xs,224,1024,neural_bmshj2018,skin_tone,__overall__,1515807,1413163,
kk,edgeface_xs,224,1024,neural_bmshj2018,skin_tone,MST10,50485,6607,
kk,edgeface_xs,224,1024,neural_bmshj2018,skin_tone,MST5,178369,62240,
kk,edgeface_xs,224,1024,neural_bmshj2018,skin_tone,MST6,671757,932109,
kk,edgeface_xs,224,1024,neural_bmshj2018,skin_tone,MST7,415396,384592,
kk,edgeface_xs,224,1024,neural_bmshj2018,skin_tone,MST8,47266,4349,
kk,edgeface_xs,224,1024,neural_bmshj2018,skin_tone,MST9,121529,23266,
kk,edgeface_xs,224,1024,neural_bmshj2018,gender,__overall__,1515807,2515222,
kk,edgeface_xs,224,1024,neural_bmshj2018,gender,F,890858,1575354,
kk,edgeface_xs,224,1024,neural_bmshj2018,gender,M,624949,939868,
kk,edgeface_xs,224,1024,neural_bmshj2018,age,__overall__,1515807,1848306,
kk,edgeface_xs,224,1024,neural_bmshj2018,age,26-35,607008,840462,
kk,edgeface_xs,224,1024,neural_bmshj2018,age,36-50,207304,99108,
kk,edgeface_xs,224,1024,neural_bmshj2018,age,<=25,688654,908736,
kk,edgeface_xs,224,1024,neural_mbt2018_mean,skin_tone,__overall__,1515807,1413163,
kk,edgeface_xs,224,1024,neural_mbt2018_mean,skin_tone,MST10,50485,6607,
kk,edgeface_xs,224,1024,neural_mbt2018_mean,skin_tone,MST5,178369,62240,
kk,edgeface_xs,224,1024,neural_mbt2018_mean,skin_tone,MST6,671757,932109,
kk,edgeface_xs,224,1024,neural_mbt2018_mean,skin_tone,MST7,415396,384592,
kk,edgeface_xs,224,1024,neural_mbt2018_mean,skin_tone,MST8,47266,4349,
kk,edgeface_xs,224,1024,neural_mbt2018_mean,skin_tone,MST9,121529,23266,
kk,edgeface_xs,224,1024,neural_mbt2018_mean,gender,__overall__,1515807,2515222,
kk,edgeface_xs,224,1024,neural_mbt2018_mean,gender,F,890858,1575354,
kk,edgeface_xs,224,1024,neural_mbt2018_mean,gender,M,624949,939868,
kk,edgeface_xs,224,1024,neural_mbt2018_mean,age,__overall__,1515807,1848306,
kk,edgeface_xs,224,1024,neural_mbt2018_mean,age,26-35,607008,840462,
kk,edgeface_xs,224,1024,neural_mbt2018_mean,age,36-50,207304,99108,
kk,edgeface_xs,224,1024,neural_mbt2018_mean,age,<=25,688654,908736,
kk,edgeface_xs,112,1024,ours_accurate,skin_tone,__overall__,1515807,1413163,0.018941124535316642
kk,edgeface_xs,112,1024,ours_accurate,skin_tone,MST10,50485,6607,0.0071123451993489704
kk,edgeface_xs,112,1024,ours_accurate,skin_tone,MST5,178369,62240,0.012498659167693165
kk,edgeface_xs,112,1024,ours_accurate,skin_tone,MST6,671757,932109,0.019434212671151974
kk,edgeface_xs,112,1024,ours_accurate,skin_tone,MST7,415396,384592,0.015095805991476755
kk,edgeface_xs,112,1024,ours_accurate,skin_tone,MST8,47266,4349,0.04301571872255939
kk,edgeface_xs,112,1024,ours_accurate,skin_tone,MST9,121529,23266,0.02422160309708119
kk,edgeface_xs,112,1024,ours_accurate,gender,__overall__,1515807,2515222,0.02237809800892637
kk,edgeface_xs,112,1024,ours_accurate,gender,F,890858,1575354,0.022962569939261795
kk,edgeface_xs,112,1024,ours_accurate,gender,M,624949,939868,0.021069160747217493
kk,edgeface_xs,112,1024,ours_accurate,age,__overall__,1515807,1848306,0.02100390938725652
kk,edgeface_xs,112,1024,ours_accurate,age,26-35,607008,840462,0.01966854493989054
kk,edgeface_xs,112,1024,ours_accurate,age,36-50,207304,99108,0.017708124046473706
kk,edgeface_xs,112,1024,ours_accurate,age,<=25,688654,908736,0.022927857407817658
kk,edgeface_xs,112,512,ours_accurate,skin_tone,__overall__,1515807,1413163,0.024100352391100054
kk,edgeface_xs,112,512,ours_accurate,skin_tone,MST10,50485,6607,0.01117603472141328
kk,edgeface_xs,112,512,ours_accurate,skin_tone,MST5,178369,62240,0.017436945409491006
kk,edgeface_xs,112,512,ours_accurate,skin_tone,MST6,671757,932109,0.024653747925912996
kk,edgeface_xs,112,512,ours_accurate,skin_tone,MST7,415396,384592,0.01933941364509116
kk,edgeface_xs,112,512,ours_accurate,skin_tone,MST8,47266,4349,0.05272246425340078
kk,edgeface_xs,112,512,ours_accurate,skin_tone,MST9,121529,23266,0.032214220335486835
kk,edgeface_xs,112,512,ours_accurate,gender,__overall__,1515807,2515222,0.028527116497813573
kk,edgeface_xs,112,512,ours_accurate,gender,F,890858,1575354,0.02955980117956756
kk,edgeface_xs,112,512,ours_accurate,gender,M,624949,939868,0.026465311206858466
kk,edgeface_xs,112,512,ours_accurate,age,__overall__,1515807,1848306,0.026781388820927857
kk,edgeface_xs,112,512,ours_accurate,age,26-35,607008,840462,0.024445329505964355
kk,edgeface_xs,112,512,ours_accurate,age,36-50,207304,99108,0.02170542363183498
kk,edgeface_xs,112,512,ours_accurate,age,<=25,688654,908736,0.0299136553609603
kk,edgeface_xs,168,1024,ours_accurate,skin_tone,__overall__,1515807,1413163,0.021263386335039332
kk,edgeface_xs,168,1024,ours_accurate,skin_tone,MST10,50485,6607,0.008417388714065662
kk,edgeface_xs,168,1024,ours_accurate,skin_tone,MST5,178369,62240,0.014512356625208125
kk,edgeface_xs,168,1024,ours_accurate,skin_tone,MST6,671757,932109,0.021681831473948372
kk,edgeface_xs,168,1024,ours_accurate,skin_tone,MST7,415396,384592,0.017228080606762994
kk,edgeface_xs,168,1024,ours_accurate,skin_tone,MST8,47266,4349,0.04741102048175423
kk,edgeface_xs,168,1024,ours_accurate,skin_tone,MST9,121529,23266,0.02978654137513672
kk,edgeface_xs,168,1024,ours_accurate,gender,__overall__,1515807,2515222,0.025337112398016802
kk,edgeface_xs,168,1024,ours_accurate,gender,F,890858,1575354,0.026428048475616715
kk,edgeface_xs,168,1024,ours_accurate,gender,M,624949,939868,0.023227868197885485
kk,edgeface_xs,168,1024,ours_accurate,age,__overall__,1515807,1848306,0.023932995558899543
kk,edgeface_xs,168,1024,ours_accurate,age,26-35,607008,840462,0.022335422620030687
kk,edgeface_xs,168,1024,ours_accurate,age,36-50,207304,99108,0.01824827688738964
kk,edgeface_xs,168,1024,ours_accurate,age,<=25,688654,908736,0.026387726665027332
kk,edgeface_xs,168,512,ours_accurate,skin_tone,__overall__,1515807,1413163,0.05594618150121447
kk,edgeface_xs,168,512,ours_accurate,skin_tone,MST10,50485,6607,0.032757114473038196
kk,edgeface_xs,168,512,ours_accurate,skin_tone,MST5,178369,62240,0.056002055556142454
kk,edgeface_xs,168,512,ours_accurate,skin_tone,MST6,671757,932109,0.05728345365637724
kk,edgeface_xs,168,512,ours_accurate,skin_tone,MST7,415396,384592,0.04766558314482716
kk,edgeface_xs,168,512,ours_accurate,skin_tone,MST8,47266,4349,0.09370769631970027
kk,edgeface_xs,168,512,ours_accurate,skin_tone,MST9,121529,23266,0.07307352142887913
kk,edgeface_xs,168,512,ours_accurate,gender,__overall__,1515807,2515222,0.06562588389353666
kk,edgeface_xs,168,512,ours_accurate,gender,F,890858,1575354,0.07230426941771306
kk,edgeface_xs,168,512,ours_accurate,gender,M,624949,939868,0.05521955494810109
kk,edgeface_xs,168,512,ours_accurate,age,__overall__,1515807,1848306,0.06243947627583217
kk,edgeface_xs,168,512,ours_accurate,age,26-35,607008,840462,0.054969189829170914
kk,edgeface_xs,168,512,ours_accurate,age,36-50,207304,99108,0.04705921986781762
kk,edgeface_xs,168,512,ours_accurate,age,<=25,688654,908736,0.07288304470021731
kk,edgeface_xs,224,1024,ours_accurate,skin_tone,__overall__,1515807,1413163,0.018860237117248352
kk,edgeface_xs,224,1024,ours_accurate,skin_tone,MST10,50485,6607,0.00625222012139879
kk,edgeface_xs,224,1024,ours_accurate,skin_tone,MST5,178369,62240,0.012115241028746896
kk,edgeface_xs,224,1024,ours_accurate,skin_tone,MST6,671757,932109,0.019490798391529854
kk,edgeface_xs,224,1024,ours_accurate,skin_tone,MST7,415396,384592,0.014866518638447363
kk,edgeface_xs,224,1024,ours_accurate,skin_tone,MST8,47266,4349,0.04428734603862348
kk,edgeface_xs,224,1024,ours_accurate,skin_tone,MST9,121529,23266,0.025365500423531622
kk,edgeface_xs,224,1024,ours_accurate,gender,__overall__,1515807,2515222,0.02233867016130276
kk,edgeface_xs,224,1024,ours_accurate,gender,F,890858,1575354,0.022675729715641035
kk,edgeface_xs,224,1024,ours_accurate,gender,M,624949,939868,0.021359037531177065
kk,edgeface_xs,224,1024,ours_accurate,age,__overall__,1515807,1848306,0.020997460597912736
kk,edgeface_xs,224,1024,ours_accurate,age,26-35,607008,840462,0.019658019936626414
kk,edgeface_xs,224,1024,ours_accurate,age,36-50,207304,99108,0.017954844921714622
kk,edgeface_xs,224,1024,ours_accurate,age,<=25,688654,908736,0.02269786813114607
kk,edgeface_xs,224,512,ours_accurate,skin_tone,__overall__,1515807,1413163,0.04154223875791124
kk,edgeface_xs,224,512,ours_accurate,skin_tone,MST10,50485,6607,0.027589255719445697
kk,edgeface_xs,224,512,ours_accurate,skin_tone,MST5,178369,62240,0.03447122655028373
kk,edgeface_xs,224,512,ours_accurate,skin_tone,MST6,671757,932109,0.042234202037616124
kk,edgeface_xs,224,512,ours_accurate,skin_tone,MST7,415396,384592,0.03630026788595361
kk,edgeface_xs,224,512,ours_accurate,skin_tone,MST8,47266,4349,0.07296050112591548
kk,edgeface_xs,224,512,ours_accurate,skin_tone,MST9,121529,23266,0.05481690347623528
kk,edgeface_xs,224,512,ours_accurate,gender,__overall__,1515807,2515222,0.04907427538384662
kk,edgeface_xs,224,512,ours_accurate,gender,F,890858,1575354,0.053163908470629725
kk,edgeface_xs,224,512,ours_accurate,gender,M,624949,939868,0.042420285022817056
kk,edgeface_xs,224,512,ours_accurate,age,__overall__,1515807,1848306,0.046326716132729547
kk,edgeface_xs,224,512,ours_accurate,age,26-35,607008,840462,0.04119480293069594
kk,edgeface_xs,224,512,ours_accurate,age,36-50,207304,99108,0.03659459955060164
kk,edgeface_xs,224,512,ours_accurate,age,<=25,688654,908736,0.05344059340236293
kk,edgeface_xs,64,1024,ours_accurate,skin_tone,__overall__,1515807,1413163,0.07250976858831135
kk,edgeface_xs,64,1024,ours_accurate,skin_tone,MST10,50485,6607,0.054664265479098244
kk,edgeface_xs,64,1024,ours_accurate,skin_tone,MST5,178369,62240,0.07491736219582118
kk,edgeface_xs,64,1024,ours_accurate,skin_tone,MST6,671757,932109,0.07339591219499052
kk,edgeface_xs,64,1024,ours_accurate,skin_tone,MST7,415396,384592,0.06363379844798861
kk,edgeface_xs,64,1024,ours_accurate,skin_tone,MST8,47266,4349,0.1104164688126767
kk,edgeface_xs,64,1024,ours_accurate,skin_tone,MST9,121529,23266,0.09362659930567754
kk,edgeface_xs,64,1024,ours_accurate,gender,__overall__,1515807,2515222,0.08655417466756721
kk,edgeface_xs,64,1024,ours_accurate,gender,F,890858,1575354,0.09434207711828896
kk,edgeface_xs,64,1024,ours_accurate,gender,M,624949,939868,0.0743415036012983
kk,edgeface_xs,64,1024,ours_accurate,age,__overall__,1515807,1848306,0.08209562175831207
kk,edgeface_xs,64,1024,ours_accurate,age,26-35,607008,840462,0.07125930393124763
kk,edgeface_xs,64,1024,ours_accurate,age,36-50,207304,99108,0.06525069566194797
kk,edgeface_xs,64,1024,ours_accurate,age,<=25,688654,908736,0.09610009934384234
kk,edgeface_xs,64,512,ours_accurate,skin_tone,__overall__,1515807,1413163,0.07341573252387548
kk,edgeface_xs,64,512,ours_accurate,skin_tone,MST10,50485,6607,0.0551388957114476
kk,edgeface_xs,64,512,ours_accurate,skin_tone,MST5,178369,62240,0.0757200932900415
kk,edgeface_xs,64,512,ours_accurate,skin_tone,MST6,671757,932109,0.07443177944524604
kk,edgeface_xs,64,512,ours_accurate,skin_tone,MST7,415396,384592,0.06430730426632744
kk,edgeface_xs,64,512,ours_accurate,skin_tone,MST8,47266,4349,0.11344075613526716
kk,edgeface_xs,64,512,ours_accurate,skin_tone,MST9,121529,23266,0.09506217119745647
kk,edgeface_xs,64,512,ours_accurate,gender,__overall__,1515807,2515222,0.08776694656784637
kk,edgeface_xs,64,512,ours_accurate,gender,F,890858,1575354,0.09560679119475174
kk,edgeface_xs,64,512,ours_accurate,gender,M,624949,939868,0.07531825114236007
kk,edgeface_xs,64,512,ours_accurate,age,__overall__,1515807,1848306,0.08330418591689168
kk,edgeface_xs,64,512,ours_accurate,age,26-35,607008,840462,0.07196426995968475
kk,edgeface_xs,64,512,ours_accurate,age,36-50,207304,99108,0.06669508425840392
kk,edgeface_xs,64,512,ours_accurate,age,<=25,688654,908736,0.09769558901780205
kk,edgeface_xs,96,1024,ours_accurate,skin_tone,__overall__,1515807,1413163,0.023811440933549317
kk,edgeface_xs,96,1024,ours_accurate,skin_tone,MST10,50485,6607,0.011505660118794118
kk,edgeface_xs,96,1024,ours_accurate,skin_tone,MST5,178369,62240,0.017803168368320424
kk,edgeface_xs,96,1024,ours_accurate,skin_tone,MST6,671757,932109,0.024176319254555143
kk,edgeface_xs,96,1024,ours_accurate,skin_tone,MST7,415396,384592,0.01948626433906126
kk,edgeface_xs,96,1024,ours_accurate,skin_tone,MST8,47266,4349,0.052120887585460886
kk,edgeface_xs,96,1024,ours_accurate,skin_tone,MST9,121529,23266,0.031928935527953575
kk,edgeface_xs,96,1024,ours_accurate,gender,__overall__,1515807,2515222,0.02841525548866504
kk,edgeface_xs,96,1024,ours_accurate,gender,F,890858,1575354,0.029651897811120632
kk,edgeface_xs,96,1024,ours_accurate,gender,M,624949,939868,0.02590106441102265
kk,edgeface_xs,96,1024,ours_accurate,age,__overall__,1515807,1848306,0.026656790013624497
kk,edgeface_xs,96,1024,ours_accurate,age,26-35,607008,840462,0.024223749389928426
kk,edgeface_xs,96,1024,ours_accurate,age,36-50,207304,99108,0.022536154185996287
kk,edgeface_xs,96,1024,ours_accurate,age,<=25,688654,908736,0.029661101794789195
kk,edgeface_xs,96,512,ours_accurate,skin_tone,__overall__,1515807,1413163,0.03557512898837743
kk,edgeface_xs,96,512,ours_accurate,skin_tone,MST10,50485,6607,0.02024277029837967
kk,edgeface_xs,96,512,ours_accurate,skin_tone,MST5,178369,62240,0.029599258610306142
kk,edgeface_xs,96,512,ours_accurate,skin_tone,MST6,671757,932109,0.036359924011345475
kk,edgeface_xs,96,512,ours_accurate,skin_tone,MST7,415396,384592,0.030182894196125777
kk,edgeface_xs,96,512,ours_accurate,skin_tone,MST8,47266,4349,0.07061684287991787
kk,edgeface_xs,96,512,ours_accurate,skin_tone,MST9,121529,23266,0.046482758157601334
kk,edgeface_xs,96,512,ours_accurate,gender,__overall__,1515807,2515222,0.04261524203023604
kk,edgeface_xs,96,512,ours_accurate,gender,F,890858,1575354,0.04578511390115196
kk,edgeface_xs,96,512,ours_accurate,gender,M,624949,939868,0.0366683451720731
kk,edgeface_xs,96,512,ours_accurate,age,__overall__,1515807,1848306,0.04007795259026786
kk,edgeface_xs,96,512,ours_accurate,age,26-35,607008,840462,0.03439844603532305
kk,edgeface_xs,96,512,ours_accurate,age,36-50,207304,99108,0.032733051738576754
kk,edgeface_xs,96,512,ours_accurate,age,<=25,688654,908736,0.046236065875791675
kk,edgeface_xs,112,1024,ours_fast,skin_tone,__overall__,1515807,1413163,0.02905708464887434
kk,edgeface_xs,112,1024,ours_fast,skin_tone,MST10,50485,6607,0.014234594330558889
kk,edgeface_xs,112,1024,ours_fast,skin_tone,MST5,178369,62240,0.023560799035925943
kk,edgeface_xs,112,1024,ours_fast,skin_tone,MST6,671757,932109,0.029964993004404965
kk,edgeface_xs,112,1024,ours_fast,skin_tone,MST7,415396,384592,0.023867531458674485
kk,edgeface_xs,112,1024,ours_fast,skin_tone,MST8,47266,4349,0.06705166195065132
kk,edgeface_xs,112,1024,ours_fast,skin_tone,MST9,121529,23266,0.037436274385294704
kk,edgeface_xs,112,1024,ours_fast,gender,__overall__,1515807,2515222,0.0348509300233429
kk,edgeface_xs,112,1024,ours_fast,gender,F,890858,1575354,0.03737342655947311
kk,edgeface_xs,112,1024,ours_fast,gender,M,624949,939868,0.030786998672082913
kk,edgeface_xs,112,1024,ours_fast,age,__overall__,1515807,1848306,0.03275194823625602
kk,edgeface_xs,112,1024,ours_fast,age,26-35,607008,840462,0.029099699059511604
kk,edgeface_xs,112,1024,ours_fast,age,36-50,207304,99108,0.02704028211272537
kk,edgeface_xs,112,1024,ours_fast,age,<=25,688654,908736,0.03745953704381754
kk,edgeface_xs,112,512,ours_fast,skin_tone,__overall__,1515807,1413163,0.042775984833480586
kk,edgeface_xs,112,512,ours_fast,skin_tone,MST10,50485,6607,0.02484051364395903
kk,edgeface_xs,112,512,ours_fast,skin_tone,MST5,178369,62240,0.03885082853573196
kk,edgeface_xs,112,512,ours_fast,skin_tone,MST6,671757,932109,0.04416391424934568
kk,edgeface_xs,112,512,ours_fast,skin_tone,MST7,415396,384592,0.0357581110882143
kk,edgeface_xs,112,512,ours_fast,skin_tone,MST8,47266,4349,0.08442269417283145
kk,edgeface_xs,112,512,ours_fast,skin_tone,MST9,121529,23266,0.05624564882763874
kk,edgeface_xs,112,512,ours_fast,gender,__overall__,1515807,2515222,0.0514306309967389
kk,edgeface_xs,112,512,ours_fast,gender,F,890858,1575354,0.05616929046211528
kk,edgeface_xs,112,512,ours_fast,gender,M,624949,939868,0.04386645547854237
kk,edgeface_xs,112,512,ours_fast,age,__overall__,1515807,1848306,0.04845332742212592
kk,edgeface_xs,112,512,ours_fast,age,26-35,607008,840462,0.04188388745857432
kk,edgeface_xs,112,512,ours_fast,age,36-50,207304,99108,0.03763213330433418
kk,edgeface_xs,112,512,ours_fast,age,<=25,688654,908736,0.05685990016178897
kk,edgeface_xs,168,1024,ours_fast,skin_tone,__overall__,1515807,1413163,0.02438669399438962
kk,edgeface_xs,168,1024,ours_fast,skin_tone,MST10,50485,6607,0.01102112595458381
kk,edgeface_xs,168,1024,ours_fast,skin_tone,MST5,178369,62240,0.017382762425964225
kk,edgeface_xs,168,1024,ours_fast,skin_tone,MST6,671757,932109,0.025362348239303167
kk,edgeface_xs,168,1024,ours_fast,skin_tone,MST7,415396,384592,0.019455740167136568
kk,edgeface_xs,168,1024,ours_fast,skin_tone,MST8,47266,4349,0.058377421145416955
kk,edgeface_xs,168,1024,ours_fast,skin_tone,MST9,121529,23266,0.031118337793057955
kk,edgeface_xs,168,1024,ours_fast,gender,__overall__,1515807,2515222,0.028825693247435093
kk,edgeface_xs,168,1024,ours_fast,gender,F,890858,1575354,0.030167087435075807
kk,edgeface_xs,168,1024,ours_fast,gender,M,624949,939868,0.026546524937023964
kk,edgeface_xs,168,1024,ours_fast,age,__overall__,1515807,1848306,0.026976678321575236
kk,edgeface_xs,168,1024,ours_fast,age,26-35,607008,840462,0.02450509426451467
kk,edgeface_xs,168,1024,ours_fast,age,36-50,207304,99108,0.02263922403405856
kk,edgeface_xs,168,1024,ours_fast,age,<=25,688654,908736,0.030439240176487116
kk,edgeface_xs,168,512,ours_fast,skin_tone,__overall__,1515807,1413163,0.04580071645499979
kk,edgeface_xs,168,512,ours_fast,skin_tone,MST10,50485,6607,0.02899968834168712
kk,edgeface_xs,168,512,ours_fast,skin_tone,MST5,178369,62240,0.039877026261494454
kk,edgeface_xs,168,512,ours_fast,skin_tone,MST6,671757,932109,0.046428590553193594
kk,edgeface_xs,168,512,ours_fast,skin_tone,MST7,415396,384592,0.0393146279493853
kk,edgeface_xs,168,512,ours_fast,skin_tone,MST8,47266,4349,0.08670427560279115
kk,edgeface_xs,168,512,ours_fast,skin_tone,MST9,121529,23266,0.06239441881921015
kk,edgeface_xs,168,512,ours_fast,gender,__overall__,1515807,2515222,0.05420181632966816
kk,edgeface_xs,168,512,ours_fast,gender,F,890858,1575354,0.05934064852237701
kk,edgeface_xs,168,512,ours_fast,gender,M,624949,939868,0.04613668341939246
kk,edgeface_xs,168,512,ours_fast,age,__overall__,1515807,1848306,0.051169058711385385
kk,edgeface_xs,168,512,ours_fast,age,26-35,607008,840462,0.0454531023826072
kk,edgeface_xs,168,512,ours_fast,age,36-50,207304,99108,0.03746458427698592
kk,edgeface_xs,168,512,ours_fast,age,<=25,688654,908736,0.05970438062201343
kk,edgeface_xs,224,1024,ours_fast,skin_tone,__overall__,1515807,1413163,0.019023647912885418
kk,edgeface_xs,224,1024,ours_fast,skin_tone,MST10,50485,6607,0.007102441267488021
kk,edgeface_xs,224,1024,ours_fast,skin_tone,MST5,178369,62240,0.011193683484791161
kk,edgeface_xs,224,1024,ours_fast,skin_tone,MST6,671757,932109,0.019314704240416668
kk,edgeface_xs,224,1024,ours_fast,skin_tone,MST7,415396,384592,0.015485619687238482
kk,edgeface_xs,224,1024,ours_fast,skin_tone,MST8,47266,4349,0.04456238517880881
kk,edgeface_xs,224,1024,ours_fast,skin_tone,MST9,121529,23266,0.025535103806777197
kk,edgeface_xs,224,1024,ours_fast,gender,__overall__,1515807,2515222,0.022430551991929573
kk,edgeface_xs,224,1024,ours_fast,gender,F,890858,1575354,0.022879415990859922
kk,edgeface_xs,224,1024,ours_fast,gender,M,624949,939868,0.021611425336736698
kk,edgeface_xs,224,1024,ours_fast,age,__overall__,1515807,1848306,0.021050897496646
kk,edgeface_xs,224,1024,ours_fast,age,26-35,607008,840462,0.01987104222816475
kk,edgeface_xs,224,1024,ours_fast,age,36-50,207304,99108,0.018156160784242134
kk,edgeface_xs,224,1024,ours_fast,age,<=25,688654,908736,0.02302460990712777
kk,edgeface_xs,224,512,ours_fast,skin_tone,__overall__,1515807,1413163,0.028219575638630527
kk,edgeface_xs,224,512,ours_fast,skin_tone,MST10,50485,6607,0.014943364784625308
kk,edgeface_xs,224,512,ours_fast,skin_tone,MST5,178369,62240,0.020941139415487156
kk,edgeface_xs,224,512,ours_fast,skin_tone,MST6,671757,932109,0.029277274750317127
kk,edgeface_xs,224,512,ours_fast,skin_tone,MST7,415396,384592,0.023182178883018278
kk,edgeface_xs,224,512,ours_fast,skin_tone,MST8,47266,4349,0.05622138710230716
kk,edgeface_xs,224,512,ours_fast,skin_tone,MST9,121529,23266,0.037210427729354095
kk,edgeface_xs,224,512,ours_fast,gender,__overall__,1515807,2515222,0.033489988633840825
kk,edgeface_xs,224,512,ours_fast,gender,F,890858,1575354,0.035604165396552284
kk,edgeface_xs,224,512,ours_fast,gender,M,624949,939868,0.03020941884208333
kk,edgeface_xs,224,512,ours_fast,age,__overall__,1515807,1848306,0.031485076105689624
kk,edgeface_xs,224,512,ours_fast,age,26-35,607008,840462,0.02901526860892257
kk,edgeface_xs,224,512,ours_fast,age,36-50,207304,99108,0.023560101110199978
kk,edgeface_xs,224,512,ours_fast,age,<=25,688654,908736,0.035915529368891155
kk,edgeface_xs,64,1024,ours_fast,skin_tone,__overall__,1515807,1413163,0.11762259086854533
kk,edgeface_xs,64,1024,ours_fast,skin_tone,MST10,50485,6607,0.09158055464986453
kk,edgeface_xs,64,1024,ours_fast,skin_tone,MST5,178369,62240,0.13275884240961672
kk,edgeface_xs,64,1024,ours_fast,skin_tone,MST6,671757,932109,0.11708161226644732
kk,edgeface_xs,64,1024,ours_fast,skin_tone,MST7,415396,384592,0.10674946026097196
kk,edgeface_xs,64,1024,ours_fast,skin_tone,MST8,47266,4349,0.15542675764176772
kk,edgeface_xs,64,1024,ours_fast,skin_tone,MST9,121529,23266,0.1430573157412155
kk,edgeface_xs,64,1024,ours_fast,gender,__overall__,1515807,2515222,0.13835132426482227
kk,edgeface_xs,64,1024,ours_fast,gender,F,890858,1575354,0.14968607580949467
kk,edgeface_xs,64,1024,ours_fast,gender,M,624949,939868,0.11904545364350513
kk,edgeface_xs,64,1024,ours_fast,age,__overall__,1515807,1848306,0.13155216581530882
kk,edgeface_xs,64,1024,ours_fast,age,26-35,607008,840462,0.11300201587330053
kk,edgeface_xs,64,1024,ours_fast,age,36-50,207304,99108,0.11184608028431266
kk,edgeface_xs,64,1024,ours_fast,age,<=25,688654,908736,0.15253752583631935
kk,edgeface_xs,64,512,ours_fast,skin_tone,__overall__,1515807,1413163,0.13250522587996014
kk,edgeface_xs,64,512,ours_fast,skin_tone,MST10,50485,6607,0.10999133589590387
kk,edgeface_xs,64,512,ours_fast,skin_tone,MST5,178369,62240,0.15108500595246493
kk,edgeface_xs,64,512,ours_fast,skin_tone,MST6,671757,932109,0.13166506675074838
kk,edgeface_xs,64,512,ours_fast,skin_tone,MST7,415396,384592,0.1206926622209801
kk,edgeface_xs,64,512,ours_fast,skin_tone,MST8,47266,4349,0.1665320716302972
kk,edgeface_xs,64,512,ours_fast,skin_tone,MST9,121529,23266,0.15812774022669324
kk,edgeface_xs,64,512,ours_fast,gender,__overall__,1515807,2515222,0.1555844453834448
kk,edgeface_xs,64,512,ours_fast,gender,F,890858,1575354,0.16714715258250473
kk,edgeface_xs,64,512,ours_fast,gender,M,624949,939868,0.13570063713458919
kk,edgeface_xs,64,512,ours_fast,age,__overall__,1515807,1848306,0.14781003004164928
kk,edgeface_xs,64,512,ours_fast,age,26-35,607008,840462,0.12838585796820207
kk,edgeface_xs,64,512,ours_fast,age,36-50,207304,99108,0.1284129162963722
kk,edgeface_xs,64,512,ours_fast,age,<=25,688654,908736,0.16992769645413514
kk,edgeface_xs,96,1024,ours_fast,skin_tone,__overall__,1515807,1413163,0.03928646269055723
kk,edgeface_xs,96,1024,ours_fast,skin_tone,MST10,50485,6607,0.02546649850019215
kk,edgeface_xs,96,1024,ours_fast,skin_tone,MST5,178369,62240,0.03713515516510854
kk,edgeface_xs,96,1024,ours_fast,skin_tone,MST6,671757,932109,0.03938505371385523
kk,edgeface_xs,96,1024,ours_fast,skin_tone,MST7,415396,384592,0.03297413417284972
kk,edgeface_xs,96,1024,ours_fast,skin_tone,MST8,47266,4349,0.07627458728148223
kk,edgeface_xs,96,1024,ours_fast,skin_tone,MST9,121529,23266,0.05248980511084524
kk,edgeface_xs,96,1024,ours_fast,gender,__overall__,1515807,2515222,0.047284719074970324
kk,edgeface_xs,96,1024,ours_fast,gender,F,890858,1575354,0.05122083795613623
kk,edgeface_xs,96,1024,ours_fast,gender,M,624949,939868,0.04072005344109525
kk,edgeface_xs,96,1024,ours_fast,age,__overall__,1515807,1848306,0.0445104918779896
kk,edgeface_xs,96,1024,ours_fast,age,26-35,607008,840462,0.03847630598694242
kk,edgeface_xs,96,1024,ours_fast,age,36-50,207304,99108,0.03461534521163058
kk,edgeface_xs,96,1024,ours_fast,age,<=25,688654,908736,0.051909711570442954
kk,edgeface_xs,96,512,ours_fast,skin_tone,__overall__,1515807,1413163,0.05859314249833471
kk,edgeface_xs,96,512,ours_fast,skin_tone,MST10,50485,6607,0.04186981556636362
kk,edgeface_xs,96,512,ours_fast,skin_tone,MST5,178369,62240,0.059450597477506154
kk,edgeface_xs,96,512,ours_fast,skin_tone,MST6,671757,932109,0.059010240022516855
kk,edgeface_xs,96,512,ours_fast,skin_tone,MST7,415396,384592,0.05082054742859554
kk,edgeface_xs,96,512,ours_fast,skin_tone,MST8,47266,4349,0.0990904015810793
kk,edgeface_xs,96,512,ours_fast,skin_tone,MST9,121529,23266,0.0775238446737003
kk,edgeface_xs,96,512,ours_fast,gender,__overall__,1515807,2515222,0.07022472936057558
kk,edgeface_xs,96,512,ours_fast,gender,F,890858,1575354,0.07723862027604436
kk,edgeface_xs,96,512,ours_fast,gender,M,624949,939868,0.05852620238440958
kk,edgeface_xs,96,512,ours_fast,age,__overall__,1515807,1848306,0.06661917037191945
kk,edgeface_xs,96,512,ours_fast,age,26-35,607008,840462,0.056304756130767325
kk,edgeface_xs,96,512,ours_fast,age,36-50,207304,99108,0.05068128255499714
kk,edgeface_xs,96,512,ours_fast,age,<=25,688654,908736,0.07885037465527597
kk,edgeface_xs,112,1024,webp,skin_tone,__overall__,1515807,1413163,0.024465924366700104
kk,edgeface_xs,112,1024,webp,skin_tone,MST10,50485,6607,0.009481942218150057
kk,edgeface_xs,112,1024,webp,skin_tone,MST5,178369,62240,0.017065286474814687
kk,edgeface_xs,112,1024,webp,skin_tone,MST6,671757,932109,0.024801663963167124
kk,edgeface_xs,112,1024,webp,skin_tone,MST7,415396,384592,0.019563930219174297
kk,edgeface_xs,112,1024,webp,skin_tone,MST8,47266,4349,0.047946339069333946
kk,edgeface_xs,112,1024,webp,skin_tone,MST9,121529,23266,0.032455167820755054
kk,edgeface_xs,112,1024,webp,gender,__overall__,1515807,2515222,0.029011469416264354
kk,edgeface_xs,112,1024,webp,gender,F,890858,1575354,0.030005111719826196
kk,edgeface_xs,112,1024,webp,gender,M,624949,939868,0.027111999743367733
kk,edgeface_xs,112,1024,webp,age,__overall__,1515807,1848306,0.02743675603060046
kk,edgeface_xs,112,1024,webp,age,26-35,607008,840462,0.025385328582278398
kk,edgeface_xs,112,1024,webp,age,36-50,207304,99108,0.02279604048430761
kk,edgeface_xs,112,1024,webp,age,<=25,688654,908736,0.029987786699991463
kk,edgeface_xs,112,512,webp,skin_tone,__overall__,1515807,1413163,0.056584120775495836
kk,edgeface_xs,112,512,webp,skin_tone,MST10,50485,6607,0.037750256596079335
kk,edgeface_xs,112,512,webp,skin_tone,MST5,178369,62240,0.05291826749250251
kk,edgeface_xs,112,512,webp,skin_tone,MST6,671757,932109,0.05686910360751252
kk,edgeface_xs,112,512,webp,skin_tone,MST7,415396,384592,0.0480972828613415
kk,edgeface_xs,112,512,webp,skin_tone,MST8,47266,4349,0.08047947732824108
kk,edgeface_xs,112,512,webp,skin_tone,MST9,121529,23266,0.07838333075777795
kk,edgeface_xs,112,512,webp,gender,__overall__,1515807,2515222,0.06605399850250705
kk,edgeface_xs,112,512,webp,gender,F,890858,1575354,0.07187881424095932
kk,edgeface_xs,112,512,webp,gender,M,624949,939868,0.05693192656976345
kk,edgeface_xs,112,512,webp,age,__overall__,1515807,1848306,0.0633288118410553
kk,edgeface_xs,112,512,webp,age,26-35,607008,840462,0.05667337046072398
kk,edgeface_xs,112,512,webp,age,36-50,207304,99108,0.0489948176074271
kk,edgeface_xs,112,512,webp,age,<=25,688654,908736,0.0725118949167079
kk,edgeface_xs,168,1024,webp,skin_tone,__overall__,1515807,1413163,0.028328070850822944
kk,edgeface_xs,168,1024,webp,skin_tone,MST10,50485,6607,0.011350751351964648
kk,edgeface_xs,168,1024,webp,skin_tone,MST5,178369,62240,0.021857842832125503
kk,edgeface_xs,168,1024,webp,skin_tone,MST6,671757,932109,0.02886952942488303
kk,edgeface_xs,168,1024,webp,skin_tone,MST7,415396,384592,0.022759094811328116
kk,edgeface_xs,168,1024,webp,skin_tone,MST8,47266,4349,0.054299472240282115
kk,edgeface_xs,168,1024,webp,skin_tone,MST9,121529,23266,0.03971080693974621
kk,edgeface_xs,168,1024,webp,gender,__overall__,1515807,2515222,0.03345495768389076
kk,edgeface_xs,168,1024,webp,gender,F,890858,1575354,0.03541285893684365
kk,edgeface_xs,168,1024,webp,gender,M,624949,939868,0.030143221512152985
kk,edgeface_xs,168,1024,webp,age,__overall__,1515807,1848306,0.0317161001745221
kk,edgeface_xs,168,1024,webp,age,26-35,607008,840462,0.028808653029283846
kk,edgeface_xs,168,1024,webp,age,36-50,207304,99108,0.025393713911652314
kk,edgeface_xs,168,1024,webp,age,<=25,688654,908736,0.03556059045484698
kk,edgeface_xs,168,512,webp,skin_tone,__overall__,1515807,1413163,0.03725748569702114
kk,edgeface_xs,168,512,webp,skin_tone,MST10,50485,6607,0.024355979479748723
kk,edgeface_xs,168,512,webp,skin_tone,MST5,178369,62240,0.03091862629564278
kk,edgeface_xs,168,512,webp,skin_tone,MST6,671757,932109,0.037795455025947354
kk,edgeface_xs,168,512,webp,skin_tone,MST7,415396,384592,0.030980722694276513
kk,edgeface_xs,168,512,webp,skin_tone,MST8,47266,4349,0.0644237798907738
kk,edgeface_xs,168,512,webp,skin_tone,MST9,121529,23266,0.051867106467420425
kk,edgeface_xs,168,512,webp,gender,__overall__,1515807,2515222,0.04361588418717674
kk,edgeface_xs,168,512,webp,gender,F,890858,1575354,0.046763249670498476
kk,edgeface_xs,168,512,webp,gender,M,624949,939868,0.03845780118244821
kk,edgeface_xs,168,512,webp,age,__overall__,1515807,1848306,0.04143800506630088
kk,edgeface_xs,168,512,webp,age,26-35,607008,840462,0.03864438899014329
kk,edgeface_xs,168,512,webp,age,36-50,207304,99108,0.030773535069624977
kk,edgeface_xs,168,512,webp,age,<=25,688654,908736,0.04651047463641519
kk,edgeface_xs,224,1024,webp,skin_tone,__overall__,1515807,1413163,0.024914132258725352
kk,edgeface_xs,224,1024,webp,skin_tone,MST10,50485,6607,0.010411394819126878
kk,edgeface_xs,224,1024,webp,skin_tone,MST5,178369,62240,0.016971688624219272
kk,edgeface_xs,224,1024,webp,skin_tone,MST6,671757,932109,0.025664185835687657
kk,edgeface_xs,224,1024,webp,skin_tone,MST7,415396,384592,0.020231131325786755
kk,edgeface_xs,224,1024,webp,skin_tone,MST8,47266,4349,0.048756696797098986
kk,edgeface_xs,224,1024,webp,skin_tone,MST9,121529,23266,0.03493497580946346
kk,edgeface_xs,224,1024,webp,gender,__overall__,1515807,2515222,0.029461929528974626
kk,edgeface_xs,224,1024,webp,gender,F,890858,1575354,0.031416561585441996
kk,edgeface_xs,224,1024,webp,gender,M,624949,939868,0.026197019538502585
kk,edgeface_xs,224,1024,webp,age,__overall__,1515807,1848306,0.027839086016740983
kk,edgeface_xs,224,1024,webp,age,26-35,607008,840462,0.025876218182328332
kk,edgeface_xs,224,1024,webp,age,36-50,207304,99108,0.021445115927065217
kk,edgeface_xs,224,1024,webp,age,<=25,688654,908736,0.03106363617359089
kk,edgeface_xs,224,512,webp,skin_tone,__overall__,1515807,1413163,0.026701453776569233
kk,edgeface_xs,224,512,webp,skin_tone,MST10,50485,6607,0.013179944758335442
kk,edgeface_xs,224,512,webp,skin_tone,MST5,178369,62240,0.019823770902787946
kk,edgeface_xs,224,512,webp,skin_tone,MST6,671757,932109,0.027471101476382216
kk,edgeface_xs,224,512,webp,skin_tone,MST7,415396,384592,0.021642182831398737
kk,edgeface_xs,224,512,webp,skin_tone,MST8,47266,4349,0.04923912324233537
kk,edgeface_xs,224,512,webp,skin_tone,MST9,121529,23266,0.0364757251233981
kk,edgeface_xs,224,512,webp,gender,__overall__,1515807,2515222,0.03150769392658974
kk,edgeface_xs,224,512,webp,gender,F,890858,1575354,0.03355834716743557
kk,edgeface_xs,224,512,webp,gender,M,624949,939868,0.028055268678090724
kk,edgeface_xs,224,512,webp,age,__overall__,1515807,1848306,0.02981275345056896
kk,edgeface_xs,224,512,webp,age,26-35,607008,840462,0.027412725840994783
kk,edgeface_xs,224,512,webp,age,36-50,207304,99108,0.02296248367257805
kk,edgeface_xs,224,512,webp,age,<=25,688654,908736,0.033308088968324635
kk,edgeface_xs,64,1024,webp,skin_tone,__overall__,1515807,1413163,0.02618014967924739
kk,edgeface_xs,64,1024,webp,skin_tone,MST10,50485,6607,0.01327542993399922
kk,edgeface_xs,64,1024,webp,skin_tone,MST5,178369,62240,0.018493020127204888
kk,edgeface_xs,64,1024,webp,skin_tone,MST6,671757,932109,0.026362403955098843
kk,edgeface_xs,64,1024,webp,skin_tone,MST7,415396,384592,0.021908594026743923
kk,edgeface_xs,64,1024,webp,skin_tone,MST8,47266,4349,0.0547170343599324
kk,edgeface_xs,64,1024,webp,skin_tone,MST9,121529,23266,0.03452853918528641
kk,edgeface_xs,64,1024,webp,gender,__overall__,1515807,2515222,0.031082916841922124
kk,edgeface_xs,64,1024,webp,gender,F,890858,1575354,0.03254306834179655
kk,edgeface_xs,64,1024,webp,gender,M,624949,939868,0.028552058561372405
kk,edgeface_xs,64,1024,webp,age,__overall__,1515807,1848306,0.029192839776502236
kk,edgeface_xs,64,1024,webp,age,26-35,607008,840462,0.027184281815851467
kk,edgeface_xs,64,1024,webp,age,36-50,207304,99108,0.024595444114949568
kk,edgeface_xs,64,1024,webp,age,<=25,688654,908736,0.032214485217182676
kk,edgeface_xs,64,512,webp,skin_tone,__overall__,1515807,1413163,0.05440799520575358
kk,edgeface_xs,64,512,webp,skin_tone,MST10,50485,6607,0.03586163959854284
kk,edgeface_xs,64,512,webp,skin_tone,MST5,178369,62240,0.05459285116044566
kk,edgeface_xs,64,512,webp,skin_tone,MST6,671757,932109,0.0540830996388184
kk,edgeface_xs,64,512,webp,skin_tone,MST7,415396,384592,0.047065983281708135
kk,edgeface_xs,64,512,webp,skin_tone,MST8,47266,4349,0.0871338099056842
kk,edgeface_xs,64,512,webp,skin_tone,MST9,121529,23266,0.07091326835041728
kk,edgeface_xs,64,512,webp,gender,__overall__,1515807,2515222,0.06442679576367451
kk,edgeface_xs,64,512,webp,gender,F,890858,1575354,0.0689188513615424
kk,edgeface_xs,64,512,webp,gender,M,624949,939868,0.05712368248610529
kk,edgeface_xs,64,512,webp,age,__overall__,1515807,1848306,0.06117884007267404
kk,edgeface_xs,64,512,webp,age,26-35,607008,840462,0.05438792080483928
kk,edgeface_xs,64,512,webp,age,36-50,207304,99108,0.05042274419275189
kk,edgeface_xs,64,512,webp,age,<=25,688654,908736,0.06950646789120099
kk,edgeface_xs,96,1024,webp,skin_tone,__overall__,1515807,1413163,0.023924178564304954
kk,edgeface_xs,96,1024,webp,skin_tone,MST10,50485,6607,0.008991058265024509
kk,edgeface_xs,96,1024,webp,skin_tone,MST5,178369,62240,0.01756568584836717
kk,edgeface_xs,96,1024,webp,skin_tone,MST6,671757,932109,0.02383775614891464
kk,edgeface_xs,96,1024,webp,skin_tone,MST7,415396,384592,0.019416594616714737
kk,edgeface_xs,96,1024,webp,skin_tone,MST8,47266,4349,0.05103967198183279
kk,edgeface_xs,96,1024,webp,skin_tone,MST9,121529,23266,0.031596555301837886
kk,edgeface_xs,96,1024,webp,gender,__overall__,1515807,2515222,0.028351454855783907
kk,edgeface_xs,96,1024,webp,gender,F,890858,1575354,0.029212546104698138
kk,edgeface_xs,96,1024,webp,gender,M,624949,939868,0.026604640818290885
kk,edgeface_xs,96,1024,webp,age,__overall__,1515807,1848306,0.02675241198635972
kk,edgeface_xs,96,1024,webp,age,26-35,607008,840462,0.02480053441922924
kk,edgeface_xs,96,1024,webp,age,36-50,207304,99108,0.02244558625755773
kk,edgeface_xs,96,1024,webp,age,<=25,688654,908736,0.029090649034299594
kk,edgeface_xs,96,512,webp,skin_tone,__overall__,1515807,1413163,0.05924463882459505
kk,edgeface_xs,96,512,webp,skin_tone,MST10,50485,6607,0.04305956604169464
kk,edgeface_xs,96,512,webp,skin_tone,MST5,178369,62240,0.059028516699538305
kk,edgeface_xs,96,512,webp,skin_tone,MST6,671757,932109,0.05913657282347071
kk,edgeface_xs,96,512,webp,skin_tone,MST7,415396,384592,0.05127665942196942
kk,edgeface_xs,96,512,webp,skin_tone,MST8,47266,4349,0.08862897797436439
kk,edgeface_xs,96,512,webp,skin_tone,MST9,121529,23266,0.0781510943440421
kk,edgeface_xs,96,512,webp,gender,__overall__,1515807,2515222,0.06934378939889672
kk,edgeface_xs,96,512,webp,gender,F,890858,1575354,0.0754308021104382
kk,edgeface_xs,96,512,webp,gender,M,624949,939868,0.0597106939445885
kk,edgeface_xs,96,512,webp,age,__overall__,1515807,1848306,0.06642890546714099
kk,edgeface_xs,96,512,webp,age,26-35,607008,840462,0.059356813340862825
kk,edgeface_xs,96,512,webp,age,36-50,207304,99108,0.05028783523233238
kk,edgeface_xs,96,512,webp,age,<=25,688654,908736,0.07628184610808152
