dataset,model,res,budget,codec,attribute,eer_min,eer_max,eer_std,n_subgroups
colorferet,arcface_antelopev2,112,0,aligned,pose,0.0,0.0006204793037907852,0.0002683987637358104,4
colorferet,arcface_antelopev2,112,0,aligned,skin_tone,0.0002606145667489406,0.0020189450085912556,0.0007075862208673511,4
colorferet,arcface_antelopev2,112,0,aligned,gender,0.0002870072982910479,0.0010792062874295325,0.00039609949456924235,2
colorferet,arcface_antelopev2,112,0,aligned,age,0.0,0.0009185458898330816,0.00033419288180120955,4
colorferet,arcface_antelopev2,168,0,aligned,pose,0.0,0.0005896813734117067,0.0002547854769397675,4
colorferet,arcface_antelopev2,168,0,aligned,skin_tone,4.021232105517131e-05,0.001756598305347227,0.0006532289528230142,4
colorferet,arcface_antelopev2,168,0,aligned,gender,0.00021783405323040427,0.0010760040996948723,0.000429085023232234,2
colorferet,arcface_antelopev2,168,0,aligned,age,0.0,0.0008273465520781415,0.00029588409880647814,4
colorferet,arcface_antelopev2,224,0,aligned,pose,0.0,0.00041658600542043573,0.00017983348831140678,4
colorferet,arcface_antelopev2,224,0,aligned,skin_tone,4.021232105517131e-05,0.001756598305347227,0.0006556707684544125,4
colorferet,arcface_antelopev2,224,0,aligned,gender,0.00018891744232586632,0.0010390661404502902,0.00042507434906221197,2
colorferet,arcface_antelopev2,224,0,aligned,age,0.0,0.0008466768276196213,0.0003038822465429706,4
colorferet,arcface_antelopev2,64,0,aligned,pose,0.0,0.0016678105897950325,0.0007216283390730169,4
colorferet,arcface_antelopev2,64,0,aligned,skin_tone,0.000934295474531857,0.0034069120889655834,0.0009738257578520308,4
colorferet,arcface_antelopev2,64,0,aligned,gender,0.0005546927001412541,0.0025647301265494683,0.001005018713204107,2
colorferet,arcface_antelopev2,64,0,aligned,age,5.482456140350877e-05,0.0018065697257110473,0.0006214284632440738,4
colorferet,arcface_antelopev2,96,0,aligned,pose,0.0,0.0008331720108408715,0.00036021966155220413,4
colorferet,arcface_antelopev2,96,0,aligned,skin_tone,0.00022040224569376928,0.0021584146368443177,0.0007498028698821445,4
colorferet,arcface_antelopev2,96,0,aligned,gender,0.0002910850519381188,0.0014453836921406935,0.0005771493201012873,2
colorferet,arcface_antelopev2,96,0,aligned,age,0.0,0.0008864774138346473,0.0003186016072560194,4
colorferet,arcface_antelopev2,112,1024,avif,pose,2.8870471666519107e-06,0.0016780765665880587,0.0007202448646341075,4
colorferet,arcface_antelopev2,112,1024,avif,skin_tone,0.0006016537756082238,0.004071075123706703,0.001330457504885545,4
colorferet,arcface_antelopev2,112,1024,avif,gender,0.0005985473522212458,0.002880360274143741,0.0011409064609612476,2
colorferet,arcface_antelopev2,112,1024,avif,age,0.00023534042496890794,0.002106050526801028,0.0006902385396101777,4
colorferet,arcface_antelopev2,112,512,avif,pose,0.007671394589673787,0.036834130413102906,0.011676430897487213,4
colorferet,arcface_antelopev2,112,512,avif,skin_tone,0.026827687839178688,0.058017521736244776,0.01120922491057174,4
colorferet,arcface_antelopev2,112,512,avif,gender,0.02628471060876262,0.0467519103456817,0.01023359986845954,2
colorferet,arcface_antelopev2,112,512,avif,age,0.01862133179857638,0.041417050486098325,0.00918720769782601,4
colorferet,arcface_antelopev2,112,768,avif,pose,0.0002338752547049671,0.004566313810378609,0.0018148341585375737,4
colorferet,arcface_antelopev2,112,768,avif,skin_tone,0.002807207272765262,0.00861033679195888,0.0023591601163860873,4
colorferet,arcface_antelopev2,112,768,avif,gender,0.0016274857179482672,0.00736426318754415,0.002868388734797941,2
colorferet,arcface_antelopev2,112,768,avif,age,0.0008156703977137414,0.005588963265274816,0.0017920620121514332,4
colorferet,arcface_antelopev2,112,960,avif,pose,1.924698111101274e-06,0.002679944241080333,0.0011258702359267022,4
colorferet,arcface_antelopev2,112,960,avif,skin_tone,0.001122882909106105,0.003997975708502024,0.0011411927609569032,4
colorferet,arcface_antelopev2,112,960,avif,gender,0.0007376134459273103,0.0033829690584659313,0.0013226778062693106,2
colorferet,arcface_antelopev2,112,960,avif,age,0.00023534042496890794,0.002731301303717402,0.0009350287394343863,4
colorferet,arcface_antelopev2,168,1024,avif,pose,3.849396222202548e-06,0.001617947273943191,0.0006924110273116516,4
colorferet,arcface_antelopev2,168,1024,avif,skin_tone,0.000822056021301993,0.003669258792209612,0.0011331093220241768,4
colorferet,arcface_antelopev2,168,1024,avif,gender,0.0007286721012916665,0.0028192931065932183,0.0010453105026507759,2
colorferet,arcface_antelopev2,168,1024,avif,age,5.482456140350877e-05,0.0023321158436342302,0.0008299584724023824,4
colorferet,arcface_antelopev2,168,512,avif,pose,0.0017482903159539496,0.01876396906127908,0.006769339850390933,4
colorferet,arcface_antelopev2,168,512,avif,skin_tone,0.012431492178787924,0.029862171190902856,0.006333154096100403,4
colorferet,arcface_antelopev2,168,512,avif,gender,0.011005077826870584,0.025609788359908417,0.007302355266518916,2
colorferet,arcface_antelopev2,168,512,avif,age,0.008440170940170941,0.020649354818491814,0.004983916721286779,4
colorferet,arcface_antelopev2,224,1024,avif,pose,6.736443388854458e-06,0.001458051018971525,0.0006226978964729024,4
colorferet,arcface_antelopev2,224,1024,avif,skin_tone,0.0010051795469691585,0.004243729858483957,0.001206119081067856,4
colorferet,arcface_antelopev2,224,1024,avif,gender,0.0006409627971316831,0.0029293064373932995,0.0011441718201308081,2
colorferet,arcface_antelopev2,224,1024,avif,age,0.0,0.0021559028562976234,0.0007685388719675302,4
colorferet,arcface_antelopev2,224,512,avif,pose,0.0002281011603716633,0.008960998820879237,0.003371550113637593,4
colorferet,arcface_antelopev2,224,512,avif,skin_tone,0.005739252401075199,0.017376735765432916,0.004399270307827364,4
colorferet,arcface_antelopev2,224,512,avif,gender,0.0039277292582718636,0.014075651312690798,0.005073961027209467,2
colorferet,arcface_antelopev2,224,512,avif,age,0.0032787237702098385,0.011022590240797823,0.003055359483431383,4
colorferet,arcface_antelopev2,64,1024,avif,pose,2.827862362283103e-06,0.002899969788696866,0.0012252447874670537,4
colorferet,arcface_antelopev2,64,1024,avif,skin_tone,0.0017245366847143287,0.005236609809517488,0.0014464711479540914,4
colorferet,arcface_antelopev2,64,1024,avif,gender,0.0008549589645766089,0.0045891129625985,0.0018670769990109456,2
colorferet,arcface_antelopev2,64,1024,avif,age,0.00023534042496890794,0.003050112380348863,0.0010450764156580943,4
colorferet,arcface_antelopev2,64,512,avif,pose,0.005791900285627888,0.02281543680264686,0.0066415789874150295,4
colorferet,arcface_antelopev2,64,512,avif,skin_tone,0.01842509641681126,0.04305481810874391,0.009125718367487826,4
colorferet,arcface_antelopev2,64,512,avif,gender,0.017081643870470627,0.03504840669427679,0.008983381411903083,2
colorferet,arcface_antelopev2,64,512,avif,age,0.010597017146939749,0.02952959317727147,0.007566265744412304,4
colorferet,arcface_antelopev2,96,1024,avif,pose,5.655724724566206e-06,0.0019215672040172234,0.0008156389522024358,4
colorferet,arcface_antelopev2,96,1024,avif,skin_tone,0.001249552162588902,0.0029719106509443005,0.0006958111961656566,4
colorferet,arcface_antelopev2,96,1024,avif,gender,0.0007551900335802805,0.0032288128460182816,0.0012368114062190007,2
colorferet,arcface_antelopev2,96,1024,avif,age,0.00023534042496890794,0.0020724356287592756,0.000699063188725166,4
colorferet,arcface_antelopev2,96,512,avif,pose,0.007389665881663167,0.03245264451562188,0.009632419976462192,4
colorferet,arcface_antelopev2,96,512,avif,skin_tone,0.02535456681879575,0.05917992227310605,0.012911184351471898,4
colorferet,arcface_antelopev2,96,512,avif,gender,0.023895558424971076,0.04680176985616091,0.011453105715594918,2
colorferet,arcface_antelopev2,96,512,avif,age,0.019507868937048506,0.04165813407365262,0.008771961488103754,4
colorferet,arcface_antelopev2,112,1024,heif,pose,1.7322282999911463e-05,0.0031170622000868207,0.001280832427364274,4
colorferet,arcface_antelopev2,112,1024,heif,skin_tone,0.001122882909106105,0.006172982898608438,0.0019629403478570156,4
colorferet,arcface_antelopev2,112,1024,heif,gender,0.0013455156447506598,0.004723142701408533,0.0016888135283289368,2
colorferet,arcface_antelopev2,112,1024,heif,age,0.0005255054113413246,0.0035694728100987725,0.0011441795597260356,4
colorferet,arcface_antelopev2,112,512,heif,pose,0.04782366462514974,0.16591118243520703,0.047126430987191166,4
colorferet,arcface_antelopev2,112,512,heif,skin_tone,0.11183416104391583,0.19534117976740928,0.030229580120394332,4
colorferet,arcface_antelopev2,112,512,heif,gender,0.12194655720758259,0.15797888124206103,0.01801616201723922,2
colorferet,arcface_antelopev2,112,512,heif,age,0.09368698896562674,0.1629955459899195,0.0277512895188441,4
colorferet,arcface_antelopev2,112,768,heif,pose,0.0005827634386513166,0.010612677161428085,0.004042158291347975,4
colorferet,arcface_antelopev2,112,768,heif,skin_tone,0.006319052192302138,0.016065002249212777,0.0035566236800873238,4
colorferet,arcface_antelopev2,112,768,heif,gender,0.004995898552951896,0.014457726855779273,0.004730914151413688,2
colorferet,arcface_antelopev2,112,768,heif,age,0.002753218358868514,0.010792292044745917,0.003118141265962023,4
colorferet,arcface_antelopev2,112,960,heif,pose,8.661141499955732e-06,0.0035453807504135723,0.0014259952889436225,4
colorferet,arcface_antelopev2,112,960,heif,skin_tone,0.002183847637120759,0.007009800668126811,0.0018561243132653512,4
colorferet,arcface_antelopev2,112,960,heif,gender,0.0015325141441837869,0.0056240635680844765,0.002045774711950345,2
colorferet,arcface_antelopev2,112,960,heif,age,0.0007608458363102327,0.004668097742376757,0.001491838905513002,4
colorferet,arcface_antelopev2,168,1024,heif,pose,6.736443388854458e-06,0.0040176963441390075,0.0016162006763323846,4
colorferet,arcface_antelopev2,168,1024,heif,skin_tone,0.0022804734990268926,0.00861033679195888,0.002377572827797923,4
colorferet,arcface_antelopev2,168,1024,heif,gender,0.0013680220571489275,0.006621501267984182,0.002626739605417627,2
colorferet,arcface_antelopev2,168,1024,heif,age,0.00029016498637241667,0.005523646715345037,0.0019289538617970577,4
colorferet,arcface_antelopev2,168,512,heif,pose,0.01704402312179608,0.0901967364459775,0.028330468808168034,4
colorferet,arcface_antelopev2,168,512,heif,skin_tone,0.06099914177049872,0.10334376820571817,0.015936427748106965,4
colorferet,arcface_antelopev2,168,512,heif,gender,0.06022439136836914,0.09494189760566688,0.017358753118648866,2
colorferet,arcface_antelopev2,168,512,heif,age,0.05076517101777986,0.0843793253725869,0.014480210783385569,4
colorferet,arcface_antelopev2,224,1024,heif,pose,2.213402827766465e-05,0.004129195851372121,0.001711727813426909,4
colorferet,arcface_antelopev2,224,1024,heif,skin_tone,0.002156490538432491,0.00641873704859037,0.0016381567204030525,4
colorferet,arcface_antelopev2,224,1024,heif,gender,0.0017185531721705444,0.005601648253941854,0.0019415475408856551,2
colorferet,arcface_antelopev2,224,1024,heif,age,0.00029016498637241667,0.005160028962258187,0.0018237413220114163,4
colorferet,arcface_antelopev2,224,512,heif,pose,0.004607253613044146,0.04144004156254033,0.014862099864468266,4
colorferet,arcface_antelopev2,224,512,heif,skin_tone,0.023909271606677947,0.04933095138013171,0.009604662857880671,4
colorferet,arcface_antelopev2,224,512,heif,gender,0.02275573487343164,0.04445398794863468,0.01084912653760152,2
colorferet,arcface_antelopev2,224,512,heif,age,0.018284264050185968,0.03917023599055448,0.008447916872404348,4
colorferet,arcface_antelopev2,64,1024,heif,pose,4.811745277753184e-06,0.0027151418757992794,0.0011619192048018204,4
colorferet,arcface_antelopev2,64,1024,heif,skin_tone,0.001684324363659157,0.005113732734526522,0.0013607705608554342,4
colorferet,arcface_antelopev2,64,1024,heif,gender,0.0010739923571149751,0.004659786693353004,0.0017928971681190145,2
colorferet,arcface_antelopev2,64,1024,heif,age,0.0007060212749067238,0.003112702910302413,0.000890711991724798,4
colorferet,arcface_antelopev2,64,512,heif,pose,0.03942521547673037,0.10841946121220654,0.027081099221278875,4
colorferet,arcface_antelopev2,64,512,heif,skin_tone,0.07830528086443005,0.15782163742690059,0.029190637529206045,4
colorferet,arcface_antelopev2,64,512,heif,gender,0.08264740261455453,0.1155942195580566,0.016473408471751036,2
colorferet,arcface_antelopev2,64,512,heif,age,0.06225696925193829,0.1126480379914345,0.019909609973419746,4
colorferet,arcface_antelopev2,96,1024,heif,pose,1.3472886777708916e-05,0.0029381005596423922,0.0012292925136633444,4
colorferet,arcface_antelopev2,96,1024,heif,skin_tone,0.0016625366924045083,0.00526979491604168,0.0012958852205860244,4
colorferet,arcface_antelopev2,96,1024,heif,gender,0.0012320742456435642,0.004244550325096296,0.0015062380397263659,2
colorferet,arcface_antelopev2,96,1024,heif,age,0.0007608458363102327,0.003519620480602177,0.0010462555844998013,4
colorferet,arcface_antelopev2,96,512,heif,pose,0.043339122733791376,0.15912118838947356,0.04663766674162421,4
colorferet,arcface_antelopev2,96,512,heif,skin_tone,0.10854550334283614,0.19545059843808765,0.031102787366793325,4
colorferet,arcface_antelopev2,96,512,heif,gender,0.11734378781640681,0.1561708607338318,0.019413536458712494,2
colorferet,arcface_antelopev2,96,512,heif,age,0.09153014275885793,0.15685182359800462,0.026181461271363532,4
colorferet,arcface_antelopev2,112,1024,jpeg2000,pose,0.010034501924035922,0.035965760767543084,0.010491105241849309,4
colorferet,arcface_antelopev2,112,1024,jpeg2000,skin_tone,0.031028944457600925,0.06719246624337219,0.01321694036468645,4
colorferet,arcface_antelopev2,112,1024,jpeg2000,gender,0.030555825080538942,0.05645676146321084,0.012950468191335949,2
colorferet,arcface_antelopev2,112,1024,jpeg2000,age,0.019201661771321217,0.0545259150284436,0.013720250030451124,4
colorferet,arcface_antelopev2,112,512,jpeg2000,pose,0.1099541384476356,0.22415557574530992,0.04644542543756344,4
colorferet,arcface_antelopev2,112,512,jpeg2000,skin_tone,0.18833365848562228,0.28767717159649864,0.037075271813895666,4
colorferet,arcface_antelopev2,112,512,jpeg2000,gender,0.19193356263763434,0.24101758966409065,0.024542013513228156,2
colorferet,arcface_antelopev2,112,512,jpeg2000,age,0.16627813388382262,0.2353751797671364,0.027997240506625387,4
colorferet,arcface_antelopev2,112,768,jpeg2000,pose,0.027936544748576965,0.09564608558304882,0.027067661786660122,4
colorferet,arcface_antelopev2,112,768,jpeg2000,skin_tone,0.07257667452069161,0.13607829472799277,0.02381655552859895,4
colorferet,arcface_antelopev2,112,768,jpeg2000,gender,0.07716014544466096,0.1144105928235009,0.01862522368941997,2
colorferet,arcface_antelopev2,112,768,jpeg2000,age,0.05620898494350507,0.11284651584719584,0.023009697578340486,4
colorferet,arcface_antelopev2,112,960,jpeg2000,pose,0.010045087763646978,0.03597309360810953,0.010485493300927379,4
colorferet,arcface_antelopev2,112,960,jpeg2000,skin_tone,0.031061948179326285,0.06692339033797187,0.013152387508722425,4
colorferet,arcface_antelopev2,112,960,jpeg2000,gender,0.030603650085917863,0.056455848115981186,0.012926099015031662,2
colorferet,arcface_antelopev2,112,960,jpeg2000,age,0.019146837209917708,0.054544472092963425,0.01374325853056022,4
colorferet,arcface_antelopev2,168,1024,jpeg2000,pose,0.007559564768522754,0.031965622910140434,0.009893948115945548,4
colorferet,arcface_antelopev2,168,1024,jpeg2000,skin_tone,0.024657744714757294,0.05657304779392786,0.012220787085347531,4
colorferet,arcface_antelopev2,168,1024,jpeg2000,gender,0.02484191601255359,0.04686272422341545,0.01101040410543093,2
colorferet,arcface_antelopev2,168,1024,jpeg2000,age,0.014817102617025218,0.044329491741791016,0.01182480617263963,4
colorferet,arcface_antelopev2,168,512,jpeg2000,pose,0.0877090434771083,0.18887771608414583,0.039125175449924575,4
colorferet,arcface_antelopev2,168,512,jpeg2000,skin_tone,0.14965882290206728,0.24990514590385168,0.03924388455082166,4
colorferet,arcface_antelopev2,168,512,jpeg2000,gender,0.1598903937723869,0.20044461282209583,0.020277109524854467,2
colorferet,arcface_antelopev2,168,512,jpeg2000,age,0.1328397513932276,0.19935162840903647,0.027136718451353247,4
colorferet,arcface_antelopev2,224,1024,jpeg2000,pose,0.006157275589348502,0.028512676281487216,0.008709709802242161,4
colorferet,arcface_antelopev2,224,1024,jpeg2000,skin_tone,0.023506252379728865,0.04847754105735124,0.009103567391322516,4
colorferet,arcface_antelopev2,224,1024,jpeg2000,gender,0.022450315015815507,0.04321284558001282,0.010381265282098658,2
colorferet,arcface_antelopev2,224,1024,jpeg2000,age,0.016748292990754223,0.040865136067837045,0.00977707785479936,4
colorferet,arcface_antelopev2,224,512,jpeg2000,pose,0.08397713184980903,0.17798195094622976,0.03802969424626039,4
colorferet,arcface_antelopev2,224,512,jpeg2000,skin_tone,0.15116817826261447,0.2505957648429607,0.03853041949177876,4
colorferet,arcface_antelopev2,224,512,jpeg2000,gender,0.1557543267427394,0.20365145061029372,0.02394856193377716,2
colorferet,arcface_antelopev2,224,512,jpeg2000,age,0.13281976127398235,0.19485790953344428,0.02542399587158042,4
colorferet,arcface_antelopev2,64,1024,jpeg2000,pose,0.027025595847776716,0.07219257065925169,0.018167358971789904,4
colorferet,arcface_antelopev2,64,1024,jpeg2000,skin_tone,0.060509355962063346,0.12122860482437704,0.022660502140183565,4
colorferet,arcface_antelopev2,64,1024,jpeg2000,gender,0.06331574785549435,0.09448250741090083,0.015583379777703243,2
colorferet,arcface_antelopev2,64,1024,jpeg2000,age,0.04794932986689952,0.09161292999873644,0.01799721730136373,4
colorferet,arcface_antelopev2,64,512,jpeg2000,pose,0.18290350197704963,0.34569745579763705,0.06181261735730622,4
colorferet,arcface_antelopev2,64,512,jpeg2000,skin_tone,0.2852038148613313,0.3700780956173536,0.03400825323029567,4
colorferet,arcface_antelopev2,64,512,jpeg2000,gender,0.2903037271114164,0.32877304735692126,0.019234660122752434,2
colorferet,arcface_antelopev2,64,512,jpeg2000,age,0.2625234433984774,0.33123906918456203,0.026684947725086706,4
colorferet,arcface_antelopev2,96,1024,jpeg2000,pose,0.007688050584541846,0.029790299091901024,0.008843936418316435,4
colorferet,arcface_antelopev2,96,1024,jpeg2000,skin_tone,0.02509024967898109,0.06230789510556552,0.013551019505801044,4
colorferet,arcface_antelopev2,96,1024,jpeg2000,gender,0.023878420406449875,0.0464299886229141,0.011275784108232113,2
colorferet,arcface_antelopev2,96,1024,jpeg2000,age,0.0168094751395835,0.045354413491303494,0.01146413601813355,4
colorferet,arcface_antelopev2,96,512,jpeg2000,pose,0.09311943846252485,0.24396100982014007,0.057127265345109236,4
colorferet,arcface_antelopev2,96,512,jpeg2000,skin_tone,0.19453054115298096,0.2987912324948563,0.04004621573792073,4
colorferet,arcface_antelopev2,96,512,jpeg2000,gender,0.20631416700217348,0.2397261256389439,0.016705979318385217,2
colorferet,arcface_antelopev2,96,512,jpeg2000,age,0.17586705316437062,0.24432386708273332,0.025322494394467068,4
colorferet,arcface_antelopev2,112,1024,jpeg,pose,0.0001073141367969772,0.004580979491511504,0.0018642169418622149,4
colorferet,arcface_antelopev2,112,1024,jpeg,skin_tone,0.00224576581821221,0.008035865725684535,0.002226712259389606,4
colorferet,arcface_antelopev2,112,1024,jpeg,gender,0.0015598179138139028,0.007068646713291505,0.0027544143997388013,2
colorferet,arcface_antelopev2,112,1024,jpeg,age,0.0008156703977137414,0.004542510295558405,0.0014588401071544107,4
colorferet,arcface_antelopev2,112,512,jpeg,pose,0.1582792113649334,0.4589750778747668,0.1184404716793404,4
colorferet,arcface_antelopev2,112,512,jpeg,skin_tone,0.31913915693109834,0.4421551329985325,0.0465566535082601,4
colorferet,arcface_antelopev2,112,512,jpeg,gender,0.3325334014771697,0.3472351888196876,0.007350893671258962,2
colorferet,arcface_antelopev2,112,512,jpeg,age,0.29431374538625876,0.3785498575257743,0.029799156781163377,4
colorferet,arcface_antelopev2,112,768,jpeg,pose,0.0019619562404923534,0.018139090053148427,0.006640606186547031,4
colorferet,arcface_antelopev2,112,768,jpeg,skin_tone,0.01200590037815234,0.027810041075787408,0.005786888298982778,4
colorferet,arcface_antelopev2,112,768,jpeg,gender,0.008668374371584941,0.02462046892964135,0.007976047279028205,2
colorferet,arcface_antelopev2,112,768,jpeg,age,0.008210582479073653,0.018268199419183492,0.004102513402819203,4
colorferet,arcface_antelopev2,112,960,jpeg,pose,0.00010346474057477465,0.004564847242265319,0.0018316570645843671,4
colorferet,arcface_antelopev2,112,960,jpeg,skin_tone,0.0027267826306549194,0.008381175195239043,0.0022164052351257425,4
colorferet,arcface_antelopev2,112,960,jpeg,gender,0.0020363960242588694,0.007921534763947542,0.0029425693698443356,2
colorferet,arcface_antelopev2,112,960,jpeg,age,0.0012315266862480486,0.00541197706691655,0.0015787518104444613,4
colorferet,arcface_antelopev2,168,1024,jpeg,pose,0.0006133014103246453,0.00905779231635634,0.0034169126682884314,4
colorferet,arcface_antelopev2,168,1024,jpeg,skin_tone,0.006179262043777159,0.015743014535076656,0.0035074538796644964,4
colorferet,arcface_antelopev2,168,1024,jpeg,gender,0.003912617582991542,0.014583863925548644,0.005335623171278551,2
colorferet,arcface_antelopev2,168,1024,jpeg,age,0.0034044150723717284,0.011168281174179312,0.003107353989390461,4
colorferet,arcface_antelopev2,168,512,jpeg,pose,0.0611362695112774,0.2802611481175132,0.08708278237888341,4
colorferet,arcface_antelopev2,168,512,jpeg,skin_tone,0.15938828909137448,0.21108059924927913,0.022076469373009902,4
colorferet,arcface_antelopev2,168,512,jpeg,gender,0.15989735707206001,0.196679095129634,0.01839086902878699,2
colorferet,arcface_antelopev2,168,512,jpeg,age,0.12763802918057215,0.21106384375555262,0.03000188531337185,4
colorferet,arcface_antelopev2,224,1024,jpeg,pose,0.005362770924269883,0.0415852721363791,0.014544259268845432,4
colorferet,arcface_antelopev2,224,1024,jpeg,skin_tone,0.023602621576951498,0.0560218984830719,0.012281293360947099,4
colorferet,arcface_antelopev2,224,1024,jpeg,gender,0.024111631069987496,0.04985424772104265,0.012871308325527575,2
colorferet,arcface_antelopev2,224,1024,jpeg,age,0.016753397490064097,0.049866768557017195,0.013183660686090002,4
colorferet,arcface_antelopev2,224,512,jpeg,pose,0.027085754880851715,0.18103599104806822,0.06166077657891642,4
colorferet,arcface_antelopev2,224,512,jpeg,skin_tone,0.09672724842712636,0.14164362145380263,0.019652779236208413,4
colorferet,arcface_antelopev2,224,512,jpeg,gender,0.09750760310307813,0.1326346160289522,0.017563506462937042,2
colorferet,arcface_antelopev2,224,512,jpeg,age,0.07675503899945191,0.1386629772155433,0.02223278095902151,4
colorferet,arcface_antelopev2,64,1024,jpeg,pose,1.251053772215828e-05,0.004315490332382998,0.0018220495076119213,4
colorferet,arcface_antelopev2,64,1024,jpeg,skin_tone,0.0025465927060163217,0.007617456840925348,0.001998259247836873,4
colorferet,arcface_antelopev2,64,1024,jpeg,gender,0.0016928210772234322,0.00685685112161997,0.002582015022198269,2
colorferet,arcface_antelopev2,64,1024,jpeg,age,0.00029016498637241667,0.00421905995279699,0.0014648318516986094,4
colorferet,arcface_antelopev2,64,512,jpeg,pose,0.016183116371884465,0.063340138209379,0.018725106314980373,4
colorferet,arcface_antelopev2,64,512,jpeg,skin_tone,0.042983799265064196,0.0976389718516552,0.02057609057441931,4
colorferet,arcface_antelopev2,64,512,jpeg,gender,0.0447110592194771,0.07358865682999799,0.014438798805260444,2
colorferet,arcface_antelopev2,64,512,jpeg,age,0.036249163786228375,0.06896736018132005,0.013363764201903544,4
colorferet,arcface_antelopev2,96,1024,jpeg,pose,7.698792444405095e-06,0.0035365813417338353,0.0014929183816476132,4
colorferet,arcface_antelopev2,96,1024,jpeg,skin_tone,0.002209332761906087,0.006435329601852466,0.0016892210026338754,4
colorferet,arcface_antelopev2,96,1024,jpeg,gender,0.0014763599974058578,0.005637785666252771,0.0020807128344234567,2
colorferet,arcface_antelopev2,96,1024,jpeg,age,0.0005255054113413246,0.003605407341205503,0.0012723146008336498,4
colorferet,arcface_antelopev2,96,512,jpeg,pose,0.08544535415639158,0.3069446509861204,0.08945544459571918,4
colorferet,arcface_antelopev2,96,512,jpeg,skin_tone,0.1843411148746791,0.2790704298577465,0.03835921184617848,4
colorferet,arcface_antelopev2,96,512,jpeg,gender,0.18960642169796016,0.22203809764357502,0.01621583797280743,2
colorferet,arcface_antelopev2,96,512,jpeg,age,0.16548726677853953,0.23569451591908164,0.02636010707290967,4
colorferet,arcface_antelopev2,112,1024,jpeg_ai,pose,1.925754462454528e-06,0.0014081877031196838,0.0005999734370587341,4
colorferet,arcface_antelopev2,112,1024,jpeg_ai,skin_tone,0.000822056021301993,0.0034468263976460698,0.0010459228860479745,4
colorferet,arcface_antelopev2,112,1024,jpeg_ai,gender,0.0005990762016930402,0.002580853865518759,0.0009908888319128592,2
colorferet,arcface_antelopev2,112,1024,jpeg_ai,age,0.00023534042496890794,0.0016763430127627404,0.000537485426943858,4
colorferet,arcface_antelopev2,112,512,jpeg_ai,pose,2.310905354945434e-05,0.004758474563842643,0.001959565563061086,4
colorferet,arcface_antelopev2,112,512,jpeg_ai,skin_tone,0.0027267826306549194,0.009496932221263542,0.002764002811910348,4
colorferet,arcface_antelopev2,112,512,jpeg_ai,gender,0.0020872470602145677,0.00661029361091287,0.0022615232753491516,2
colorferet,arcface_antelopev2,112,512,jpeg_ai,age,0.0012315266862480486,0.004993094507181491,0.001425381608672332,4
colorferet,arcface_antelopev2,112,768,jpeg_ai,pose,2.8870471666519107e-06,0.0031258616087665577,0.0013258301392625677,4
colorferet,arcface_antelopev2,112,768,jpeg_ai,skin_tone,0.001684324363659157,0.0043831994867370196,0.0010795483337214255,4
colorferet,arcface_antelopev2,112,768,jpeg_ai,gender,0.0011250430450427391,0.00451123430944101,0.0016930956321991356,2
colorferet,arcface_antelopev2,112,768,jpeg_ai,age,0.0005255054113413246,0.003283909807398657,0.0009897770696944983,4
colorferet,arcface_antelopev2,112,960,jpeg_ai,pose,1.924698111101274e-06,0.0016326129550760856,0.0007017422322408923,4
colorferet,arcface_antelopev2,112,960,jpeg_ai,skin_tone,0.0009024806634123356,0.003948198048715736,0.0012131743083675084,4
colorferet,arcface_antelopev2,112,960,jpeg_ai,gender,0.0006978365474943894,0.0028666381759754464,0.0010844008142405284,2
colorferet,arcface_antelopev2,112,960,jpeg_ai,age,0.00023534042496890794,0.002030315409479272,0.000667899323685948,4
colorferet,arcface_antelopev2,168,1024,jpeg_ai,pose,0.0,0.001458051018971525,0.0006305232142484959,4
colorferet,arcface_antelopev2,168,1024,jpeg_ai,skin_tone,0.0005614414545530525,0.0029055404378959164,0.000911719614712411,4
colorferet,arcface_antelopev2,168,1024,jpeg_ai,gender,0.00045369161001096854,0.002226684664812574,0.0008864965274008027,2
colorferet,arcface_antelopev2,168,1024,jpeg_ai,age,0.00023534042496890794,0.0017215560761293807,0.0005525936047926569,4
colorferet,arcface_antelopev2,168,512,jpeg_ai,pose,0.00020291443454345835,0.0038079367733155,0.0014290041973156731,4
colorferet,arcface_antelopev2,168,512,jpeg_ai,skin_tone,0.001463922117965388,0.005113732734526522,0.001321549441247718,4
colorferet,arcface_antelopev2,168,512,jpeg_ai,gender,0.001824168572362422,0.004862889069050211,0.0015193602483438947,2
colorferet,arcface_antelopev2,168,512,jpeg_ai,age,0.0016702691278249818,0.007028128390357493,0.0020487986515921393,4
colorferet,arcface_antelopev2,224,1024,jpeg_ai,pose,0.0,0.0014595175870848146,0.0006311578370331607,4
colorferet,arcface_antelopev2,224,1024,jpeg_ai,skin_tone,0.0005614414545530525,0.003496604057432358,0.0011747070645729593,4
colorferet,arcface_antelopev2,224,1024,jpeg_ai,gender,0.00034113319624662916,0.0022250835709452434,0.0009419751873493071,2
colorferet,arcface_antelopev2,224,1024,jpeg_ai,age,5.482456140350877e-05,0.001584370463986141,0.0005469467409366418,4
colorferet,arcface_antelopev2,224,512,jpeg_ai,pose,0.00011797344661114865,0.006451216811563597,0.002677177264347822,4
colorferet,arcface_antelopev2,224,512,jpeg_ai,skin_tone,0.0035601168291701972,0.010957998716842547,0.0028572405405767297,4
colorferet,arcface_antelopev2,224,512,jpeg_ai,gender,0.0023667000009967637,0.008967005279867154,0.003300152639435195,2
colorferet,arcface_antelopev2,224,512,jpeg_ai,age,0.0009961862612791405,0.00770083265613871,0.002544555156761635,4
colorferet,arcface_antelopev2,64,1024,jpeg_ai,pose,0.0004603392596698674,0.008941933435406474,0.0033047973796548067,4
colorferet,arcface_antelopev2,64,1024,jpeg_ai,skin_tone,0.005875029112279465,0.014766727137305223,0.0034669098233159413,4
colorferet,arcface_antelopev2,64,1024,jpeg_ai,gender,0.004994567934970726,0.013088045776587051,0.004046738920808163,2
colorferet,arcface_antelopev2,64,1024,jpeg_ai,age,0.006330701566160163,0.007608458363102326,0.0005047880128714361,4
colorferet,arcface_antelopev2,64,512,jpeg_ai,pose,0.0004663821973694893,0.00982056905775932,0.0036335047893000616,4
colorferet,arcface_antelopev2,64,512,jpeg_ai,skin_tone,0.007258526588134511,0.017081203955664696,0.003958105209177425,4
colorferet,arcface_antelopev2,64,512,jpeg_ai,gender,0.005515816099709065,0.01495724625266279,0.0047207150764768625,2
colorferet,arcface_antelopev2,64,512,jpeg_ai,age,0.006450888990084252,0.00902047725220869,0.0009231651466816754,4
colorferet,arcface_antelopev2,96,1024,jpeg_ai,pose,1.925754462454528e-06,0.002911702333603182,0.001224605688462332,4
colorferet,arcface_antelopev2,96,1024,jpeg_ai,skin_tone,0.001122882909106105,0.00582767342905393,0.0018936195392133507,4
colorferet,arcface_antelopev2,96,1024,jpeg_ai,gender,0.0008145489777718383,0.0035861842344591267,0.0013858176283436442,2
colorferet,arcface_antelopev2,96,1024,jpeg_ai,age,5.482456140350877e-05,0.0021106897929309833,0.0007403783538040926,4
colorferet,arcface_antelopev2,96,512,jpeg_ai,pose,9.62877231227264e-06,0.004795138766674879,0.001979761439933273,4
colorferet,arcface_antelopev2,96,512,jpeg_ai,skin_tone,0.002950878192339617,0.009686179509302891,0.0024682595249231045,4
colorferet,arcface_antelopev2,96,512,jpeg_ai,gender,0.0021104378728338245,0.007397198412120407,0.0026433802696432915,2
colorferet,arcface_antelopev2,96,512,jpeg_ai,age,0.0007060212749067238,0.005948348139142962,0.0019617666564733277,4
colorferet,arcface_antelopev2,112,1024,jpeg_fzt,pose,7.698792444405095e-06,0.004167326622317647,0.0017504375654624768,4
colorferet,arcface_antelopev2,112,1024,jpeg_fzt,skin_tone,0.00224576581821221,0.007617456840925348,0.0022033346125178246,4
colorferet,arcface_antelopev2,112,1024,jpeg_fzt,gender,0.0018918129697361797,0.006348412908170148,0.002228299969216984,2
colorferet,arcface_antelopev2,112,1024,jpeg_fzt,age,0.0005255054113413246,0.004607420458576933,0.0015803720031405063,4
colorferet,arcface_antelopev2,112,512,jpeg_fzt,pose,0.011646607631526376,0.05177549701993359,0.016256030583974384,4
colorferet,arcface_antelopev2,112,512,jpeg_fzt,skin_tone,0.035849920616968206,0.07724054777549169,0.015238257997906528,4
colorferet,arcface_antelopev2,112,512,jpeg_fzt,gender,0.033867604033041454,0.06410395611922673,0.015118176043092638,2
colorferet,arcface_antelopev2,112,512,jpeg_fzt,age,0.028743466686253952,0.053756965689901154,0.010144998728732436,4
colorferet,arcface_antelopev2,112,768,jpeg_fzt,pose,0.00012944816507464183,0.009204489458308401,0.003735726225370706,4
colorferet,arcface_antelopev2,112,768,jpeg_fzt,skin_tone,0.00449153163642442,0.015251506235112792,0.004359434282815861,4
colorferet,arcface_antelopev2,112,768,jpeg_fzt,gender,0.004177664438364232,0.012172602264809148,0.003997468913222457,2
colorferet,arcface_antelopev2,112,768,jpeg_fzt,age,0.0022825375089306978,0.008156016571090908,0.0024995570972902947,4
colorferet,arcface_antelopev2,112,960,jpeg_fzt,pose,2.213402827766465e-05,0.0045413821524526886,0.0019046719130831169,4
colorferet,arcface_antelopev2,112,960,jpeg_fzt,skin_tone,0.0025063803849611505,0.008225113013723886,0.0023006890716375256,4
colorferet,arcface_antelopev2,112,960,jpeg_fzt,gender,0.0020537327440502476,0.006893676280568563,0.0024199717682591576,2
colorferet,arcface_antelopev2,112,960,jpeg_fzt,age,0.0005255054113413246,0.0048902970041016635,0.0016913767882545867,4
colorferet,arcface_antelopev2,168,1024,jpeg_fzt,pose,1.696717417369862e-05,0.0029381005596423922,0.0012358864484515175,4
colorferet,arcface_antelopev2,168,1024,jpeg_fzt,skin_tone,0.0013834974758550455,0.006435329601852466,0.0019579395056855986,4
colorferet,arcface_antelopev2,168,1024,jpeg_fzt,gender,0.0013800816839852725,0.005033969567400816,0.0018269439417077716,2
colorferet,arcface_antelopev2,168,1024,jpeg_fzt,age,0.00023534042496890794,0.0036170055065303905,0.0012405460402062593,4
colorferet,arcface_antelopev2,168,512,jpeg_fzt,pose,0.0674999811901446,0.20807155092511118,0.055844412173020434,4
colorferet,arcface_antelopev2,168,512,jpeg_fzt,skin_tone,0.12405550624957035,0.22997490837223367,0.04071513468515062,4
colorferet,arcface_antelopev2,168,512,jpeg_fzt,gender,0.1325152383566684,0.17223130779221058,0.01985803471777109,2
colorferet,arcface_antelopev2,168,512,jpeg_fzt,age,0.11305139031710912,0.17290698167088941,0.02379378587124008,4
colorferet,arcface_antelopev2,224,1024,jpeg_fzt,pose,1.251053772215828e-05,0.0027107421714594113,0.0011301186717464632,4
colorferet,arcface_antelopev2,224,1024,jpeg_fzt,skin_tone,0.0018829641713399498,0.005113732734526522,0.0013253965790393086,4
colorferet,arcface_antelopev2,224,1024,jpeg_fzt,gender,0.00110458804305066,0.004753676285183795,0.0018245441210665676,2
colorferet,arcface_antelopev2,224,1024,jpeg_fzt,age,0.0005255054113413246,0.0032498885224456525,0.0010439777325350979,4
colorferet,arcface_antelopev2,224,512,jpeg_fzt,pose,0.12400303809808415,0.4044771464690906,0.11275379599071002,4
colorferet,arcface_antelopev2,224,512,jpeg_fzt,skin_tone,0.24889836477974225,0.36388852016548306,0.04233262767208683,4
colorferet,arcface_antelopev2,224,512,jpeg_fzt,gender,0.2685764830668408,0.2848941686178226,0.008158842775490893,2
colorferet,arcface_antelopev2,224,512,jpeg_fzt,age,0.2233581438906161,0.32008304069832677,0.034783132120192795,4
colorferet,arcface_antelopev2,64,1024,jpeg_fzt,pose,0.00034985053300190007,0.017279519816268345,0.006992460988615881,4
colorferet,arcface_antelopev2,64,1024,jpeg_fzt,skin_tone,0.009845847235479061,0.02892579810181191,0.007333332733388739,4
colorferet,arcface_antelopev2,64,1024,jpeg_fzt,gender,0.008526496097296492,0.022312590623640636,0.006893047263172072,2
colorferet,arcface_antelopev2,64,1024,jpeg_fzt,age,0.005325920854171629,0.01706677698382568,0.004897860585736117,4
colorferet,arcface_antelopev2,64,512,jpeg_fzt,pose,0.006402699032720077,0.0466576326070888,0.01600182007312718,4
colorferet,arcface_antelopev2,64,512,jpeg_fzt,skin_tone,0.03037335326362183,0.07181469067793486,0.016811853348491602,4
colorferet,arcface_antelopev2,64,512,jpeg_fzt,gender,0.028717329009833002,0.05872667566244133,0.015004673326304164,2
colorferet,arcface_antelopev2,64,512,jpeg_fzt,age,0.02008819890979334,0.047233992314360075,0.01079911868974446,4
colorferet,arcface_antelopev2,96,1024,jpeg_fzt,pose,3.959007307196344e-05,0.005610711960156277,0.0023707089076647507,4
colorferet,arcface_antelopev2,96,1024,jpeg_fzt,skin_tone,0.00315499680363054,0.009340870039748383,0.0024389325070234037,4
colorferet,arcface_antelopev2,96,1024,jpeg_fzt,gender,0.002016966727469885,0.007580974861113664,0.0027820040668218894,2
colorferet,arcface_antelopev2,96,1024,jpeg_fzt,age,0.0009961862612791405,0.005283296776011561,0.001583679683916561,4
colorferet,arcface_antelopev2,96,512,jpeg_fzt,pose,0.005583173292197141,0.03687226118404843,0.012378742116764842,4
colorferet,arcface_antelopev2,96,512,jpeg_fzt,skin_tone,0.025485072418924434,0.058475844929684447,0.012755096577249258,4
colorferet,arcface_antelopev2,96,512,jpeg_fzt,gender,0.022255277377175576,0.050786953919611466,0.014265838271217945,2
colorferet,arcface_antelopev2,96,512,jpeg_fzt,age,0.018150650948638568,0.03997906504091365,0.00910667005912609,4
colorferet,arcface_antelopev2,112,1024,jpeg_xl,pose,8.661141499955732e-06,0.003759540025576948,0.0015581603046916192,4
colorferet,arcface_antelopev2,112,1024,jpeg_xl,skin_tone,0.00220342947418549,0.006189575451870533,0.0014870289327831435,4
colorferet,arcface_antelopev2,112,1024,jpeg_xl,gender,0.0011679382256763612,0.005624176368380465,0.0022281190713520516,2
colorferet,arcface_antelopev2,112,1024,jpeg_xl,age,0.0005255054113413246,0.004541737084536745,0.0015151537422863925,4
colorferet,arcface_antelopev2,112,512,jpeg_xl,pose,0.0035769489951494584,0.030751102859221197,0.010704740573299702,4
colorferet,arcface_antelopev2,112,512,jpeg_xl,skin_tone,0.020674362846897318,0.04226464385006232,0.007858888589817866,4
colorferet,arcface_antelopev2,112,512,jpeg_xl,gender,0.018733207675500164,0.03874529200617369,0.010006042165336761,2
colorferet,arcface_antelopev2,112,512,jpeg_xl,age,0.011773719271784288,0.034193418477628676,0.009059472093530151,4
colorferet,arcface_antelopev2,112,768,jpeg_xl,pose,0.00040226926137110295,0.008143959059284549,0.003156811344099065,4
colorferet,arcface_antelopev2,112,768,jpeg_xl,skin_tone,0.004994796688351643,0.015078851500335538,0.004195229331063034,4
colorferet,arcface_antelopev2,112,768,jpeg_xl,gender,0.00491832993273552,0.011620821716645423,0.003351245891954952,2
colorferet,arcface_antelopev2,112,768,jpeg_xl,age,0.0015216916726204653,0.009881845089239834,0.0034276921241637513,4
colorferet,arcface_antelopev2,112,960,jpeg_xl,pose,2.0209330166563376e-05,0.004580979491511504,0.0018791254980686108,4
colorferet,arcface_antelopev2,112,960,jpeg_xl,skin_tone,0.002698923308314498,0.008191927907199694,0.0020977027846561503,4
colorferet,arcface_antelopev2,112,960,jpeg_xl,gender,0.0015896277624080856,0.007043829758347888,0.002727100997969901,2
colorferet,arcface_antelopev2,112,960,jpeg_xl,age,0.0007060212749067238,0.005632629906598138,0.0018513272877290576,4
colorferet,arcface_antelopev2,168,1024,jpeg_xl,pose,0.00011597527829693293,0.004787805926108432,0.0019235984745264553,4
colorferet,arcface_antelopev2,168,1024,jpeg_xl,skin_tone,0.003332848646432554,0.009184807858233224,0.002328232703714835,4
colorferet,arcface_antelopev2,168,1024,jpeg_xl,gender,0.002269887722249505,0.0076260310899908855,0.0026780716838706903,2
colorferet,arcface_antelopev2,168,1024,jpeg_xl,age,0.0007608458363102327,0.0066752168212062535,0.0022517513181364874,4
colorferet,arcface_antelopev2,168,512,jpeg_xl,pose,0.0006987387169482494,0.012089793565872373,0.004619359286426465,4
colorferet,arcface_antelopev2,168,512,jpeg_xl,skin_tone,0.008337473913875768,0.01754939050021017,0.003655144567449315,4
colorferet,arcface_antelopev2,168,512,jpeg_xl,gender,0.006448751499921699,0.018285552519047517,0.005918400509562909,2
colorferet,arcface_antelopev2,168,512,jpeg_xl,age,0.00427491003148898,0.014447145328536764,0.004004622070971694,4
colorferet,arcface_antelopev2,224,1024,jpeg_xl,pose,2.7908122610968468e-05,0.005672307820914435,0.0023776882438171325,4
colorferet,arcface_antelopev2,224,1024,jpeg_xl,skin_tone,0.002807207272765262,0.009045338229980163,0.00247819521089509,4
colorferet,arcface_antelopev2,224,1024,jpeg_xl,gender,0.0019356676218161713,0.008164890086919981,0.0031146112325519046,2
colorferet,arcface_antelopev2,224,1024,jpeg_xl,age,0.001121877563441031,0.005444451929826235,0.0016889819239493252,4
colorferet,arcface_antelopev2,224,512,jpeg_xl,pose,8.661141499955732e-06,0.005405352093672639,0.002261631491287728,4
colorferet,arcface_antelopev2,224,512,jpeg_xl,skin_tone,0.0035698533073490867,0.008191927907199694,0.001735333517463097,4
colorferet,arcface_antelopev2,224,512,jpeg_xl,gender,0.00212482493200363,0.008445070568841013,0.0031601228184186918,2
colorferet,arcface_antelopev2,224,512,jpeg_xl,age,0.001970507516543082,0.006156629602478002,0.0016651925584770105,4
colorferet,arcface_antelopev2,64,1024,jpeg_xl,pose,7.698792444405095e-06,0.0037522071850105004,0.0015890831339410766,4
colorferet,arcface_antelopev2,64,1024,jpeg_xl,skin_tone,0.0022312245811223555,0.006139797792084246,0.001471261470801226,4
colorferet,arcface_antelopev2,64,1024,jpeg_xl,gender,0.0014686842258349007,0.005318152783990173,0.001924734279077636,2
colorferet,arcface_antelopev2,64,1024,jpeg_xl,age,0.0005255054113413246,0.003525032957753791,0.001124451130459961,4
colorferet,arcface_antelopev2,64,512,jpeg_xl,pose,0.0034571243206303233,0.016502077393732474,0.005324998931891875,4
colorferet,arcface_antelopev2,64,512,jpeg_xl,skin_tone,0.013157030026050578,0.032233154871204914,0.0070635983284428345,4
colorferet,arcface_antelopev2,64,512,jpeg_xl,gender,0.011471780188398844,0.02529484595895182,0.006911532885276488,2
colorferet,arcface_antelopev2,64,512,jpeg_xl,age,0.0057966017041094445,0.02350624356902757,0.006795938915469629,4
colorferet,arcface_antelopev2,96,1024,jpeg_xl,pose,9.623490555506368e-06,0.0032123891274506355,0.0013493939035793792,4
colorferet,arcface_antelopev2,96,1024,jpeg_xl,skin_tone,0.0021059582971104333,0.00612320523882215,0.0014321976405041196,4
colorferet,arcface_antelopev2,96,1024,jpeg_xl,gender,0.0013662767483610559,0.0055679124824319325,0.0021008178670354383,2
colorferet,arcface_antelopev2,96,1024,jpeg_xl,age,0.00029016498637241667,0.004360884831070184,0.001520841095775928,4
colorferet,arcface_antelopev2,96,512,jpeg_xl,pose,0.004036038363059437,0.02508902068447667,0.008468241416854034,4
colorferet,arcface_antelopev2,96,512,jpeg_xl,skin_tone,0.018178851827288574,0.0389640162828256,0.007968828943376123,4
colorferet,arcface_antelopev2,96,512,jpeg_xl,gender,0.016360275205374877,0.03514801291493923,0.009393868854782175,2
colorferet,arcface_antelopev2,96,512,jpeg_xl,age,0.010071511735598424,0.03321606898734866,0.008862618912470413,4
colorferet,arcface_antelopev2,112,1024,neural_bmshj2018,pose,0.0,0.0,0.0,4
colorferet,arcface_antelopev2,112,1024,neural_bmshj2018,skin_tone,0.0,0.0005555555555555556,0.0002777777777777778,2
colorferet,arcface_antelopev2,112,1024,neural_bmshj2018,gender,0.0,0.00041417936050500896,0.00020708968025250448,2
colorferet,arcface_antelopev2,112,1024,neural_bmshj2018,age,0.0,0.0012623768684770558,0.0005466252186254887,4
colorferet,arcface_antelopev2,112,512,neural_bmshj2018,pose,0.0,0.0055146501833166685,0.002387913575868373,4
colorferet,arcface_antelopev2,112,512,neural_bmshj2018,skin_tone,0.009146638801811217,0.01003554991590884,0.00044445555704881144,2
colorferet,arcface_antelopev2,112,512,neural_bmshj2018,gender,0.0033783783783783786,0.005798511047070125,0.0012100663343458731,2
colorferet,arcface_antelopev2,112,512,neural_bmshj2018,age,0.0,0.011361391816293503,0.0046787030518594735,4
colorferet,arcface_antelopev2,112,768,neural_bmshj2018,pose,0.00011789997640803421,0.005220524180775052,0.0021674454902812002,4
colorferet,arcface_antelopev2,112,768,neural_bmshj2018,skin_tone,0.0030072500499169295,0.009480339668001445,0.0024642694074327727,4
colorferet,arcface_antelopev2,112,768,neural_bmshj2018,gender,0.0018626564909700492,0.007481481440747217,0.002809412474888584,2
colorferet,arcface_antelopev2,112,768,neural_bmshj2018,age,0.0009961862612791405,0.005532925247604946,0.001696780128918606,4
colorferet,arcface_antelopev2,112,960,neural_bmshj2018,pose,3.849396222202548e-06,0.0033194889303438807,0.0013934176351185473,4
colorferet,arcface_antelopev2,112,960,neural_bmshj2018,skin_tone,0.0019228978395199243,0.006368959388804083,0.0018236398119140889,4
colorferet,arcface_antelopev2,112,960,neural_bmshj2018,gender,0.001073272753530198,0.005017845828431526,0.001972286537450664,2
colorferet,arcface_antelopev2,112,960,neural_bmshj2018,age,0.00041585628853430705,0.003736407265175469,0.001207705041695019,4
colorferet,arcface_antelopev2,168,1024,neural_bmshj2018,pose,0.0,0.0,0.0,4
colorferet,arcface_antelopev2,168,1024,neural_bmshj2018,skin_tone,0.0,0.0005555555555555556,0.0002777777777777778,2
colorferet,arcface_antelopev2,168,1024,neural_bmshj2018,gender,0.0,0.00041417936050500896,0.00020708968025250448,2
colorferet,arcface_antelopev2,168,1024,neural_bmshj2018,age,0.0,0.0012623768684770558,0.0005466252186254887,4
colorferet,arcface_antelopev2,168,512,neural_bmshj2018,pose,0.0,0.016543950549950004,0.006791187783134565,4
colorferet,arcface_antelopev2,168,512,neural_bmshj2018,skin_tone,0.006099030027245381,0.02208289794496691,0.007991933958860765,2
colorferet,arcface_antelopev2,168,512,neural_bmshj2018,gender,0.009940304652120214,0.01738151194672934,0.0037206036473045627,2
colorferet,arcface_antelopev2,168,512,neural_bmshj2018,age,0.0,0.01545754590750959,0.0059112118823061235,4
colorferet,arcface_antelopev2,224,1024,neural_bmshj2018,pose,0.0,0.0,0.0,4
colorferet,arcface_antelopev2,224,1024,neural_bmshj2018,skin_tone,0.0,0.003936519888663458,0.001968259944331729,2
colorferet,arcface_antelopev2,224,1024,neural_bmshj2018,gender,0.0,0.0028724747474747478,0.0014362373737373739,2
colorferet,arcface_antelopev2,224,1024,neural_bmshj2018,age,0.0,0.00503300734850727,0.002179356110620528,4
colorferet,arcface_antelopev2,224,512,neural_bmshj2018,pose,0.0,0.0,0.0,4
colorferet,arcface_antelopev2,224,512,neural_bmshj2018,skin_tone,0.0030495150136226907,0.0059125740160222914,0.0014315295011998004,2
colorferet,arcface_antelopev2,224,512,neural_bmshj2018,gender,0.0,0.00372761424454508,0.00186380712227254,2
colorferet,arcface_antelopev2,224,512,neural_bmshj2018,age,0.0,0.006311884342385278,0.0027331260931274435,4
colorferet,arcface_antelopev2,64,1024,neural_bmshj2018,pose,0.0,0.0,0.0,4
colorferet,arcface_antelopev2,64,1024,neural_bmshj2018,skin_tone,0.0,0.0,0.0,2
colorferet,arcface_antelopev2,64,1024,neural_bmshj2018,gender,0.0,0.0,0.0,2
colorferet,arcface_antelopev2,64,1024,neural_bmshj2018,age,0.0,0.0,0.0,4
colorferet,arcface_antelopev2,64,512,neural_bmshj2018,pose,0.0,0.0,0.0,4
colorferet,arcface_antelopev2,64,512,neural_bmshj2018,skin_tone,0.003936519888663458,0.009146638801811217,0.0026050594565738792,2
colorferet,arcface_antelopev2,64,512,neural_bmshj2018,gender,0.0,0.0028992555235350624,0.0014496277617675312,2
colorferet,arcface_antelopev2,64,512,neural_bmshj2018,age,0.0,0.018250602810343394,0.007500309914856043,4
colorferet,arcface_antelopev2,96,1024,neural_bmshj2018,pose,0.0,0.0,0.0,4
colorferet,arcface_antelopev2,96,1024,neural_bmshj2018,skin_tone,0.0008870048750407673,0.0059125740160222914,0.002512784570490762,2
colorferet,arcface_antelopev2,96,1024,neural_bmshj2018,gender,0.0,0.0008283587210100179,0.00041417936050500896,2
colorferet,arcface_antelopev2,96,1024,neural_bmshj2018,age,0.0,0.003478107119646248,0.0015060645613485862,4
colorferet,arcface_antelopev2,96,512,neural_bmshj2018,pose,0.0,0.0055146501833166685,0.002387913575868373,4
colorferet,arcface_antelopev2,96,512,neural_bmshj2018,skin_tone,0.009148545040868072,0.018848833159177986,0.004850144059154957,2
colorferet,arcface_antelopev2,96,512,neural_bmshj2018,gender,0.009731971318786881,0.014003133568350961,0.00213558112478204,2
colorferet,arcface_antelopev2,96,512,neural_bmshj2018,age,0.0,0.018250602810343394,0.0076990338480536925,4
colorferet,arcface_antelopev2,112,1024,neural_mbt2018_mean,pose,0.0,0.20833333333333331,0.08149026260898258,4
colorferet,arcface_antelopev2,112,1024,neural_mbt2018_mean,skin_tone,0.027995471960989202,0.030993654622767285,0.0014990913308890411,2
colorferet,arcface_antelopev2,112,1024,neural_mbt2018_mean,gender,0.0,0.026713325099492247,0.013356662549746124,2
colorferet,arcface_antelopev2,112,1024,neural_mbt2018_mean,age,0.0,0.08770322066162474,0.03589117095073662,4
colorferet,arcface_antelopev2,112,512,neural_mbt2018_mean,pose,0.0,0.03325149674807253,0.012128771098420471,4
colorferet,arcface_antelopev2,112,512,neural_mbt2018_mean,skin_tone,0.006468129571577847,0.02273211445693998,0.008131992442681066,2
colorferet,arcface_antelopev2,112,512,neural_mbt2018_mean,gender,0.014003133568350961,0.014287944284341977,0.0001424053579955082,2
colorferet,arcface_antelopev2,112,512,neural_mbt2018_mean,age,0.0,0.038464011935998355,0.014417773247369904,4
colorferet,arcface_antelopev2,112,768,neural_mbt2018_mean,pose,4.524579779652965e-05,0.003945834506587824,0.0016368251755977266,4
colorferet,arcface_antelopev2,112,768,neural_mbt2018_mean,skin_tone,0.0024860144263190893,0.006468514708376658,0.001571609956511512,4
colorferet,arcface_antelopev2,112,768,neural_mbt2018_mean,gender,0.0014599827490608497,0.0057518017317211775,0.0021459094913301637,2
colorferet,arcface_antelopev2,112,768,neural_mbt2018_mean,age,0.0005255054113413246,0.00423684380629515,0.0014005463542559387,4
colorferet,arcface_antelopev2,112,960,neural_mbt2018_mean,pose,0.0,0.0023205543920781857,0.000970863994690491,4
colorferet,arcface_antelopev2,112,960,neural_mbt2018_mean,skin_tone,0.0014008922218715716,0.004818200924758302,0.001270502254470028,4
colorferet,arcface_antelopev2,112,960,neural_mbt2018_mean,gender,0.0008571177753309405,0.003846351043038532,0.0014946166338537957,2
colorferet,arcface_antelopev2,112,960,neural_mbt2018_mean,age,0.00023534042496890794,0.003033101737872361,0.0010298897548534941,4
colorferet,arcface_antelopev2,168,1024,neural_mbt2018_mean,pose,0.0,0.03567857467502954,0.01544927601969785,4
colorferet,arcface_antelopev2,168,1024,neural_mbt2018_mean,skin_tone,0.0005555555555555556,0.01702158481819499,0.008233014631319717,2
colorferet,arcface_antelopev2,168,1024,neural_mbt2018_mean,gender,0.0,0.009111945931110196,0.004555972965555098,2
colorferet,arcface_antelopev2,168,1024,neural_mbt2018_mean,age,0.0,0.03761511550136338,0.0161138578271718,4
colorferet,arcface_antelopev2,168,512,neural_mbt2018_mean,pose,0.0,0.0,0.0,4
colorferet,arcface_antelopev2,168,512,neural_mbt2018_mean,skin_tone,0.003936519888663458,0.006468129571577847,0.0012658048414571944,2
colorferet,arcface_antelopev2,168,512,neural_mbt2018_mean,gender,0.0033783783783783786,0.00372761424454508,0.00017461793308335078,2
colorferet,arcface_antelopev2,168,512,neural_mbt2018_mean,age,0.0,0.006311884342385278,0.0027331260931274435,4
colorferet,arcface_antelopev2,224,1024,neural_mbt2018_mean,pose,0.0,0.0,0.0,4
colorferet,arcface_antelopev2,224,1024,neural_mbt2018_mean,skin_tone,0.0,0.0008870048750407673,0.00044350243752038366,2
colorferet,arcface_antelopev2,224,1024,neural_mbt2018_mean,gender,0.0,0.010045045045045047,0.005022522522522523,2
colorferet,arcface_antelopev2,224,1024,neural_mbt2018_mean,age,0.0,0.0,0.0,4
colorferet,arcface_antelopev2,224,512,neural_mbt2018_mean,pose,0.0,0.016543950549950004,0.0071637407276051186,4
colorferet,arcface_antelopev2,224,512,neural_mbt2018_mean,skin_tone,0.004823524763704226,0.015614768373389062,0.005395621804842418,2
colorferet,arcface_antelopev2,224,512,neural_mbt2018_mean,gender,0.0,0.006212690407575134,0.003106345203787567,2
colorferet,arcface_antelopev2,224,512,neural_mbt2018_mean,age,0.0,0.00914566156512431,0.003960187624906301,4
colorferet,arcface_antelopev2,64,1024,neural_mbt2018_mean,pose,0.0,0.0,0.0,4
colorferet,arcface_antelopev2,64,1024,neural_mbt2018_mean,skin_tone,0.0,0.0005555555555555556,0.0002777777777777778,2
colorferet,arcface_antelopev2,64,1024,neural_mbt2018_mean,gender,0.0,0.00041417936050500896,0.00020708968025250448,2
colorferet,arcface_antelopev2,64,1024,neural_mbt2018_mean,age,0.0,0.00030902348578491963,0.0001338110945278799,4
colorferet,arcface_antelopev2,64,512,neural_mbt2018_mean,pose,0.0,0.0,0.0,4
colorferet,arcface_antelopev2,64,512,neural_mbt2018_mean,skin_tone,0.003789620341344479,0.003936519888663458,7.344977365948951e-05,2
colorferet,arcface_antelopev2,64,512,neural_mbt2018_mean,gender,0.0,0.0033134348840400717,0.0016567174420200358,2
colorferet,arcface_antelopev2,64,512,neural_mbt2018_mean,age,0.0,0.013511266317452399,0.005521011281836505,4
colorferet,arcface_antelopev2,96,1024,neural_mbt2018_mean,pose,0.0,0.041193224858346214,0.017837189595566228,4
colorferet,arcface_antelopev2,96,1024,neural_mbt2018_mean,skin_tone,0.0,0.0005555555555555556,0.0002777777777777778,2
colorferet,arcface_antelopev2,96,1024,neural_mbt2018_mean,gender,0.0,0.010974509400301907,0.005487254700150953,2
colorferet,arcface_antelopev2,96,1024,neural_mbt2018_mean,age,0.0,0.01576656939329451,0.006827124812561624,4
colorferet,arcface_antelopev2,96,512,neural_mbt2018_mean,pose,0.0,0.0055146501833166685,0.002387913575868373,4
colorferet,arcface_antelopev2,96,512,neural_mbt2018_mean,skin_tone,0.006986034902286149,0.018848833159177986,0.005931399128445918,2
colorferet,arcface_antelopev2,96,512,neural_mbt2018_mean,gender,0.0,0.00745522848909016,0.00372761424454508,2
colorferet,arcface_antelopev2,96,512,neural_mbt2018_mean,age,0.0,0.014195169039032535,0.006146688499408256,4
colorferet,arcface_antelopev2,112,1024,ours_accurate,pose,1.924698111101274e-06,0.0026990096265530955,0.001166360802698465,4
colorferet,arcface_antelopev2,112,1024,ours_accurate,skin_tone,0.0014237097969102166,0.005598511832334093,0.001702812990266408,4
colorferet,arcface_antelopev2,112,1024,ours_accurate,gender,0.0007713274140636963,0.004471894709395434,0.0018502836476658685,2
colorferet,arcface_antelopev2,112,1024,ours_accurate,age,5.482456140350877e-05,0.002729754881674084,0.0009586553598098325,4
colorferet,arcface_antelopev2,112,512,ours_accurate,pose,4.811745277753184e-06,0.003959033619607429,0.0016814290507607662,4
colorferet,arcface_antelopev2,112,512,ours_accurate,skin_tone,0.0023972698484831757,0.0077569264691784105,0.0021993267244732723,4
colorferet,arcface_antelopev2,112,512,ours_accurate,gender,0.0013110820730294966,0.006287458540915613,0.002488188233943058,2
colorferet,arcface_antelopev2,112,512,ours_accurate,age,0.00029016498637241667,0.003906434564338802,0.001332938187754205,4
colorferet,arcface_antelopev2,112,768,ours_accurate,pose,1.924698111101274e-06,0.0025391133715814296,0.00109253453124043,4
colorferet,arcface_antelopev2,112,768,ours_accurate,skin_tone,0.001122882909106105,0.005877451088840217,0.001858764430419275,4
colorferet,arcface_antelopev2,112,768,ours_accurate,gender,0.0008267619572568481,0.004604323354338137,0.0018887806985406447,2
colorferet,arcface_antelopev2,112,768,ours_accurate,age,5.482456140350877e-05,0.0028031703659308627,0.001006363357955744,4
colorferet,arcface_antelopev2,112,960,ours_accurate,pose,0.0,0.0024467195804441944,0.001054011470557393,4
colorferet,arcface_antelopev2,112,960,ours_accurate,skin_tone,0.0013834974758550455,0.0055487341725478055,0.0016682638556783215,4
colorferet,arcface_antelopev2,112,960,ours_accurate,gender,0.0007901695747813532,0.004528846341981642,0.0018693383836001444,2
colorferet,arcface_antelopev2,112,960,ours_accurate,age,5.482456140350877e-05,0.0028194077973857055,0.000995131915319614,4
colorferet,arcface_antelopev2,168,1024,ours_accurate,pose,0.0,0.0022941561660389754,0.0009903747272379615,4
colorferet,arcface_antelopev2,168,1024,ours_accurate,skin_tone,0.00110598736492977,0.00382532097372477,0.0011615673787306326,4
colorferet,arcface_antelopev2,168,1024,ours_accurate,gender,0.0009021717667188943,0.0030329153927240605,0.001065371813002583,2
colorferet,arcface_antelopev2,168,1024,ours_accurate,age,0.00023534042496890794,0.0021589957003842605,0.0007333298429473438,4
colorferet,arcface_antelopev2,168,512,ours_accurate,pose,0.0005827634386513166,0.00898299734257858,0.003489430729644503,4
colorferet,arcface_antelopev2,168,512,ours_accurate,skin_tone,0.005909917632739094,0.014906196765558283,0.003623079537856393,4
colorferet,arcface_antelopev2,168,512,ours_accurate,gender,0.0046991229060922846,0.013321794536355507,0.004311335815131611,2
colorferet,arcface_antelopev2,168,512,ours_accurate,age,0.0028628674816755313,0.009835085603829875,0.0027402559446464228,4
colorferet,arcface_antelopev2,224,1024,ours_accurate,pose,0.0,0.001458051018971525,0.0006305233667184927,4
colorferet,arcface_antelopev2,224,1024,ours_accurate,skin_tone,0.0002606145667489406,0.0029553180976822045,0.0010130822011883628,4
colorferet,arcface_antelopev2,224,1024,ours_accurate,gender,0.00032048139856584153,0.0024515146080147272,0.0010655166047244427,2
colorferet,arcface_antelopev2,224,1024,ours_accurate,age,0.00023534042496890794,0.0017200096540860624,0.0005523040565682222,4
colorferet,arcface_antelopev2,224,512,ours_accurate,pose,0.00013233521224129374,0.005003431769385097,0.0019823963057883083,4
colorferet,arcface_antelopev2,224,512,ours_accurate,skin_tone,0.0043615353218374175,0.009513524774525637,0.0020905096577870067,4
colorferet,arcface_antelopev2,224,512,ours_accurate,gender,0.002819063461574133,0.009258506219155485,0.003219721378790676,2
colorferet,arcface_antelopev2,224,512,ours_accurate,age,0.002463053372496097,0.005879938745126545,0.0014263284494558937,4
colorferet,arcface_antelopev2,64,1024,ours_accurate,pose,0.0012776527593773633,0.017022830065819575,0.006363598361735233,4
colorferet,arcface_antelopev2,64,1024,ours_accurate,skin_tone,0.013646469930222168,0.02871322905835417,0.005835517760309064,4
colorferet,arcface_antelopev2,64,1024,ours_accurate,gender,0.012227210089840717,0.027391729220214663,0.007582259565186973,2
colorferet,arcface_antelopev2,64,1024,ours_accurate,age,0.00831447963800905,0.02177349571448455,0.005880022972455355,4
colorferet,arcface_antelopev2,64,512,ours_accurate,pose,0.001391703339563195,0.016729435781915457,0.006264958762919476,4
colorferet,arcface_antelopev2,64,512,ours_accurate,skin_tone,0.013891461897655603,0.02732526197797984,0.00536276610966077,4
colorferet,arcface_antelopev2,64,512,ours_accurate,gender,0.01213330538787075,0.027860489432730944,0.007863592022430097,2
colorferet,arcface_antelopev2,64,512,ours_accurate,age,0.008839985049350374,0.021999194207207345,0.005850075546143831,4
colorferet,arcface_antelopev2,96,1024,ours_accurate,pose,1.924698111101274e-06,0.009357052872713621,0.003591773480815393,4
colorferet,arcface_antelopev2,96,1024,ours_accurate,skin_tone,0.0034490733694286574,0.01358459989823234,0.004190899995770667,4
colorferet,arcface_antelopev2,96,1024,ours_accurate,gender,0.004037159137488614,0.012035144737672476,0.003998992800091932,2
colorferet,arcface_antelopev2,96,1024,ours_accurate,age,0.0005255054113413246,0.013263506746677114,0.004746604964018816,4
colorferet,arcface_antelopev2,96,512,ours_accurate,pose,0.0001390716556301482,0.014545312554996304,0.00614560476704197,4
colorferet,arcface_antelopev2,96,512,ours_accurate,skin_tone,0.007208311406312208,0.01890417247406031,0.005338862084881115,4
colorferet,arcface_antelopev2,96,512,ours_accurate,gender,0.007667326911559364,0.018197379556048374,0.005265026322244504,2
colorferet,arcface_antelopev2,96,512,ours_accurate,age,0.00291769204307904,0.01905342575198163,0.005932174766940971,4
colorferet,arcface_antelopev2,112,1024,ours_fast,pose,6.736443388854458e-06,0.007260923732591837,0.0030931989456641227,4
colorferet,arcface_antelopev2,112,1024,ours_fast,skin_tone,0.0036509286460081457,0.011270123079872865,0.002866696260669552,4
colorferet,arcface_antelopev2,112,1024,ours_fast,gender,0.002087512945943358,0.009742702424003378,0.00382759473903001,2
colorferet,arcface_antelopev2,112,1024,ours_fast,age,0.0010510108226826492,0.007310519341404196,0.0023841455559848344,4
colorferet,arcface_antelopev2,112,512,ours_fast,pose,0.00011693762735248356,0.00958881096523647,0.00393315730015907,4
colorferet,arcface_antelopev2,112,512,ours_fast,skin_tone,0.00608050754328458,0.015095444053597635,0.0035807717909773283,4
colorferet,arcface_antelopev2,112,512,ours_fast,gender,0.003711160778106147,0.014532628921794079,0.005410734071843966,2
colorferet,arcface_antelopev2,112,512,ours_fast,age,0.0032787237702098385,0.010824727344854759,0.0030170664295883203,4
colorferet,arcface_antelopev2,112,768,ours_fast,pose,9.769064624147083e-05,0.007706841100278061,0.003221801076594901,4
colorferet,arcface_antelopev2,112,768,ours_fast,skin_tone,0.004474919709289735,0.013740662079747498,0.003683099575661351,4
colorferet,arcface_antelopev2,112,768,ours_fast,gender,0.0024043963265853135,0.011044449814130056,0.004320026743772371,2
colorferet,arcface_antelopev2,112,768,ours_fast,age,0.001992372522558281,0.008299021047297014,0.002496282650222065,4
colorferet,arcface_antelopev2,112,960,ours_fast,pose,3.849396222202548e-06,0.006665376086726972,0.002807359189258495,4
colorferet,arcface_antelopev2,112,960,ours_fast,skin_tone,0.003993104424504861,0.01168853196463205,0.002890409407896253,4
colorferet,arcface_antelopev2,112,960,ours_fast,gender,0.002230416925434901,0.010325591502284053,0.004047587288424576,2
colorferet,arcface_antelopev2,112,960,ours_fast,age,0.0010510108226826492,0.007909480943584159,0.0026030104332513486,4
colorferet,arcface_antelopev2,168,1024,ours_fast,pose,4.811745277753184e-06,0.00375367375312379,0.0015833961446664727,4
colorferet,arcface_antelopev2,168,1024,ours_fast,skin_tone,0.002124256810757643,0.004416384593261211,0.0009257599676520638,4
colorferet,arcface_antelopev2,168,1024,ours_fast,gender,0.0014161943307375825,0.005495637657810098,0.002039721663536258,2
colorferet,arcface_antelopev2,168,1024,ours_fast,age,0.00029016498637241667,0.003834565502125341,0.0013846098220419013,4
colorferet,arcface_antelopev2,168,512,ours_fast,pose,0.0005808387405402153,0.012745470504382106,0.004885673669210591,4
colorferet,arcface_antelopev2,168,512,ours_fast,skin_tone,0.008751998431792399,0.015809384748125044,0.0032766345699258618,4
colorferet,arcface_antelopev2,168,512,ours_fast,gender,0.006918613310242079,0.017313382975275383,0.005197384832516652,2
colorferet,arcface_antelopev2,168,512,ours_fast,age,0.005277898420652009,0.012581851127980463,0.0026765818978754484,4
colorferet,arcface_antelopev2,224,1024,ours_fast,pose,0.0,0.0014375190653854728,0.0006205368785399854,4
colorferet,arcface_antelopev2,224,1024,ours_fast,skin_tone,0.0008355409740392791,0.0033571344291792953,0.0010163212043395014,4
colorferet,arcface_antelopev2,224,1024,ours_fast,gender,0.0005510946822173679,0.0025663312204167988,0.0010076182690997154,2
colorferet,arcface_antelopev2,224,1024,ours_fast,age,0.0,0.0018212607351225719,0.0006635110512675649,4
colorferet,arcface_antelopev2,224,512,ours_fast,pose,8.806715568596445e-05,0.0043726864888012865,0.0017464965235857947,4
colorferet,arcface_antelopev2,224,512,ours_fast,skin_tone,0.0034342451148785848,0.008782991526736134,0.002233389534512423,4
colorferet,arcface_antelopev2,224,512,ours_fast,gender,0.002786788700607302,0.008053963408890245,0.002633587354141472,2
colorferet,arcface_antelopev2,224,512,ours_fast,age,0.0007060212749067238,0.006191790922563074,0.0021148385673787485,4
colorferet,arcface_antelopev2,64,1024,ours_fast,pose,0.0038637534479097108,0.03804282452219211,0.013256420937373973,4
colorferet,arcface_antelopev2,64,1024,ours_fast,skin_tone,0.02730529046658081,0.0493475439333938,0.008487217713748454,4
colorferet,arcface_antelopev2,64,1024,ours_fast,gender,0.0250093939142757,0.052938849318705225,0.013964727702214762,2
colorferet,arcface_antelopev2,64,1024,ours_fast,age,0.021860579495988373,0.03998370430704361,0.00806149430035508,4
colorferet,arcface_antelopev2,64,512,ours_fast,pose,0.005355072131825478,0.04386178915443549,0.014745844428130829,4
colorferet,arcface_antelopev2,64,512,ours_fast,skin_tone,0.032139869854173816,0.06176660914581536,0.010919148399222959,4
colorferet,arcface_antelopev2,64,512,ours_fast,gender,0.03042102647401093,0.06053434682492085,0.015056660175454959,2
colorferet,arcface_antelopev2,64,512,ours_fast,age,0.026343741150906513,0.04650053155721226,0.008744606631812552,4
colorferet,arcface_antelopev2,96,1024,ours_fast,pose,0.00023195055659386586,0.009342387191580726,0.0037997210715794124,4
colorferet,arcface_antelopev2,96,1024,ours_fast,skin_tone,0.006417912715241399,0.01607173145136907,0.0034216673874741953,4
colorferet,arcface_antelopev2,96,1024,ours_fast,gender,0.004648965455854167,0.015039127640488606,0.00519508109231722,2
colorferet,arcface_antelopev2,96,1024,ours_fast,age,0.0035688887565822553,0.010661658944886358,0.0029996194387170235,4
colorferet,arcface_antelopev2,96,512,ours_fast,pose,0.0009037434999866975,0.014803468873558365,0.005685874750396184,4
colorferet,arcface_antelopev2,96,512,ours_fast,skin_tone,0.010334229779588361,0.025658355641099386,0.005710537865403608,4
colorferet,arcface_antelopev2,96,512,ours_fast,gender,0.0077310494295601065,0.022437239399838667,0.00735309498513928,2
colorferet,arcface_antelopev2,96,512,ours_fast,age,0.006306029973126472,0.015737447468584537,0.0038272825920621376,4
colorferet,arcface_antelopev2,112,1024,webp,pose,0.0,0.0014741832682177091,0.0006361409231628519,4
colorferet,arcface_antelopev2,112,1024,webp,skin_tone,0.001025788042767906,0.004260322411746053,0.0013148588972649049,4
colorferet,arcface_antelopev2,112,1024,webp,gender,0.0005344113322540427,0.0029470312702299193,0.0012063099689879383,2
colorferet,arcface_antelopev2,112,1024,webp,age,0.0004706808499378159,0.002211940873967493,0.0006643815534894095,4
colorferet,arcface_antelopev2,112,512,webp,pose,0.000565441155651405,0.006878068793777058,0.0025513898343281407,4
colorferet,arcface_antelopev2,112,512,webp,skin_tone,0.0053129520090456454,0.01154906233637899,0.002486859791191811,4
colorferet,arcface_antelopev2,112,512,webp,gender,0.0034959652713532586,0.011334124058959082,0.003919079393802912,2
colorferet,arcface_antelopev2,112,512,webp,age,0.0030433833452409307,0.007990261713947122,0.0020347510539511864,4
colorferet,arcface_antelopev2,112,768,webp,pose,2.827862362283103e-05,0.002706342467119543,0.0011166999957079357,4
colorferet,arcface_antelopev2,112,768,webp,skin_tone,0.0017245366847143287,0.005877451088840217,0.0016915899849717455,4
colorferet,arcface_antelopev2,112,768,webp,gender,0.0011883932276684404,0.004378692864202319,0.0015951498182669394,2
colorferet,arcface_antelopev2,112,768,webp,age,0.00023534042496890794,0.002902101813902395,0.001000512477797898,4
colorferet,arcface_antelopev2,112,960,webp,pose,5.655724724566206e-06,0.0018453056621261718,0.0007906829778530397,4
colorferet,arcface_antelopev2,112,960,webp,skin_tone,0.001066235040314889,0.004522669114990082,0.0013569145057795678,4
colorferet,arcface_antelopev2,112,960,webp,gender,0.0006816991670109735,0.003067451711167647,0.0011928762720783367,2
colorferet,arcface_antelopev2,112,960,webp,age,0.00023534042496890794,0.0022142605070324707,0.0007280352303738484,4
colorferet,arcface_antelopev2,168,1024,webp,pose,2.827862362283103e-06,0.0014756498363309987,0.000607417596895912,4
colorferet,arcface_antelopev2,168,1024,webp,skin_tone,0.0005212291334978812,0.003619481132423324,0.001189788721431664,4
colorferet,arcface_antelopev2,168,1024,webp,gender,0.0006243456809250825,0.002628198934900987,0.0010019266269879522,2
colorferet,arcface_antelopev2,168,1024,webp,age,0.00023534042496890794,0.002417902704237556,0.0008204330892911876,4
colorferet,arcface_antelopev2,168,512,webp,pose,0.00023291290564941649,0.008513614885079722,0.0034131994272670026,4
colorferet,arcface_antelopev2,168,512,webp,skin_tone,0.00450150681392749,0.011253530526610768,0.002503262354991705,4
colorferet,arcface_antelopev2,168,512,webp,gender,0.003353780895446493,0.010670266940082246,0.0036582430223178765,2
colorferet,arcface_antelopev2,168,512,webp,age,0.0026851984138296222,0.008405278218573885,0.00234297592811434,4
colorferet,arcface_antelopev2,224,1024,webp,pose,1.924698111101274e-06,0.0020961291401217835,0.0008676634871943741,4
colorferet,arcface_antelopev2,224,1024,webp,skin_tone,0.001082480236494065,0.00382532097372477,0.0010350386075676948,4
colorferet,arcface_antelopev2,224,1024,webp,gender,0.0008118239160813943,0.0030971847480092433,0.0011426804159639244,2
colorferet,arcface_antelopev2,224,1024,webp,age,0.0,0.002745219102107268,0.0010202668034705496,4
colorferet,arcface_antelopev2,224,512,webp,pose,3.849396222202548e-06,0.004997565496931939,0.0020597629204931627,4
colorferet,arcface_antelopev2,224,512,webp,skin_tone,0.0032078390271041354,0.00920140041149532,0.002258676274646802,4
colorferet,arcface_antelopev2,224,512,webp,gender,0.0021959833537137374,0.00847800579341727,0.003141011219851766,2
colorferet,arcface_antelopev2,224,512,webp,age,0.0004706808499378159,0.0067567708025908745,0.002392491179849968,4
colorferet,arcface_antelopev2,64,1024,webp,pose,0.0,0.002500982600635904,0.0010775058624949323,4
colorferet,arcface_antelopev2,64,1024,webp,skin_tone,0.0014839148555519817,0.00497426310627346,0.001393856809625999,4
colorferet,arcface_antelopev2,64,1024,webp,gender,0.0010029001691615924,0.0037194134263354955,0.0013582566285869515,2
colorferet,arcface_antelopev2,64,1024,webp,age,0.0005255054113413246,0.0026884078734157393,0.0008157872304243767,4
colorferet,arcface_antelopev2,64,512,webp,pose,0.00040226926137110295,0.006030231101803292,0.002322250564751629,4
colorferet,arcface_antelopev2,64,512,webp,skin_tone,0.0036292632940672555,0.010735566322279006,0.0027752294892764654,4
colorferet,arcface_antelopev2,64,512,webp,gender,0.0029798501303369635,0.009838993656635164,0.0034295717631491,2
colorferet,arcface_antelopev2,64,512,webp,age,0.0022825375089306978,0.006825547020717698,0.0017564461904112881,4
colorferet,arcface_antelopev2,96,1024,webp,pose,2.827862362283103e-06,0.0018731704562786715,0.0008091743219183966,4
colorferet,arcface_antelopev2,96,1024,webp,skin_tone,0.0011139439701184006,0.003948198048715736,0.0011138438819521723,4
colorferet,arcface_antelopev2,96,1024,webp,gender,0.0008381019805084158,0.0028506272373021446,0.0010062626283968644,2
colorferet,arcface_antelopev2,96,1024,webp,age,5.482456140350877e-05,0.0021029576827143914,0.0007434533687269743,4
colorferet,arcface_antelopev2,96,512,webp,pose,0.0004677505094099342,0.005854202597585442,0.0021851573556599456,4
colorferet,arcface_antelopev2,96,512,webp,skin_tone,0.003368648727318314,0.01135981504833964,0.0030834936025588176,4
colorferet,arcface_antelopev2,96,512,webp,gender,0.0031927543588220705,0.009187832488400981,0.0029975390647894555,2
colorferet,arcface_antelopev2,96,512,webp,age,0.001992372522558281,0.007227825324887508,0.001962557991154498,4
colorferet,lvface_l,112,0,aligned,pose,1.924698111101274e-06,0.002490716623842878,0.0010769945437218002,4
colorferet,lvface_l,112,0,aligned,skin_tone,0.001684324363659157,0.005113732734526522,0.001469589156284037,4
colorferet,lvface_l,112,0,aligned,gender,0.0018696788927129537,0.004557778831889573,0.0013440499695883095,2
colorferet,lvface_l,112,0,aligned,age,0.0009413616998756318,0.0035335382789920423,0.0011480862589058269,4
colorferet,lvface_l,168,0,aligned,pose,1.924698111101274e-06,0.0015035146304834982,0.0006489881028828809,4
colorferet,lvface_l,168,0,aligned,skin_tone,0.001196196609748298,0.004366606933474923,0.001260735323365378,4
colorferet,lvface_l,168,0,aligned,gender,0.0011236038378731848,0.003184669964370714,0.0010305330632487647,2
colorferet,lvface_l,168,0,aligned,age,0.0005255054113413246,0.0022954081015058407,0.0006678458977405941,4
colorferet,lvface_l,224,0,aligned,pose,1.9222414873535734e-06,0.0014551178827449463,0.0006263209448398507,4
colorferet,lvface_l,224,0,aligned,skin_tone,0.001122882909106105,0.004416384593261211,0.0013386210405284531,4
colorferet,lvface_l,224,0,aligned,gender,0.0010327762515125,0.0029413146413982756,0.0009542691949428878,2
colorferet,lvface_l,224,0,aligned,age,0.0005255054113413246,0.002227771918511084,0.0006179207549162893,4
colorferet,lvface_l,64,0,aligned,pose,1.924698111101274e-06,0.0029146354698297607,0.001259179821433656,4
colorferet,lvface_l,64,0,aligned,skin_tone,0.0014237097969102166,0.00581220852318041,0.001816022843983127,4
colorferet,lvface_l,64,0,aligned,gender,0.0023329980370136137,0.005195443502547439,0.0014312227327669125,2
colorferet,lvface_l,64,0,aligned,age,0.0012315266862480486,0.004657272788073528,0.0014368513933006816,4
colorferet,lvface_l,96,0,aligned,pose,1.924698111101274e-06,0.0014565844508582356,0.0006292028440746324,4
colorferet,lvface_l,96,0,aligned,skin_tone,0.0008622683423571643,0.004522669114990082,0.0015262041673018444,4
colorferet,lvface_l,96,0,aligned,gender,0.0013421574946883663,0.0030377186743260507,0.0008477805898188422,2
colorferet,lvface_l,96,0,aligned,age,5.482456140350877e-05,0.0025199269962957248,0.0009707701764934916,4
colorferet,lvface_l,112,1024,avif,pose,0.0,0.003530715069280678,0.0014941233040184252,4
colorferet,lvface_l,112,1024,avif,skin_tone,0.003740699882578076,0.00760087331284089,0.0017054340582036698,4
colorferet,lvface_l,112,1024,avif,gender,0.0035164865071020627,0.0077865916779078555,0.0021350525854028964,2
colorferet,lvface_l,112,1024,avif,age,0.0015216916726204653,0.007329849616945676,0.0025565210931703863,4
colorferet,lvface_l,112,512,avif,pose,0.009862666559497728,0.04754946734246125,0.015099912876966118,4
colorferet,lvface_l,112,512,avif,skin_tone,0.04156783914798429,0.072399025095315,0.011723092335891064,4
colorferet,lvface_l,112,512,avif,gender,0.03966782436460866,0.06397324136844734,0.012152708501919341,2
colorferet,lvface_l,112,512,avif,age,0.03303815314835837,0.061265347927248415,0.011394713995514292,4
colorferet,lvface_l,112,768,avif,pose,0.00011789997640803421,0.008148358763624419,0.003291127315630048,4
colorferet,lvface_l,112,768,avif,skin_tone,0.007258526588134511,0.012268403533399246,0.0022008681735485812,4
colorferet,lvface_l,112,768,avif,gender,0.006537006773561592,0.013809080128642074,0.003636036677540241,2
colorferet,lvface_l,112,768,avif,age,0.002753218358868514,0.013152203922359034,0.004219107126495604,4
colorferet,lvface_l,112,960,avif,pose,0.0,0.0035864446575856767,0.0015126387375636022,4
colorferet,lvface_l,112,960,avif,skin_tone,0.002766994951710091,0.008534708591465415,0.00243852866678959,4
colorferet,lvface_l,112,960,avif,gender,0.004064264205848555,0.009137972977921769,0.002536854386036607,2
colorferet,lvface_l,112,960,avif,age,0.0017570320975893732,0.00832604387025424,0.0027487698939759426,4
colorferet,lvface_l,168,1024,avif,pose,4.811745277753184e-06,0.00479367219856159,0.002065853484613224,4
colorferet,lvface_l,168,1024,avif,skin_tone,0.002766994951710091,0.009078523336504354,0.002518089493712632,4
colorferet,lvface_l,168,1024,avif,gender,0.00267112225698915,0.007366552028049157,0.0023477148855300034,2
colorferet,lvface_l,168,1024,avif,age,0.0007608458363102327,0.00656045432869113,0.0021573844084081116,4
colorferet,lvface_l,168,512,avif,pose,0.0022006432404750734,0.029383979063273613,0.010830037601487487,4
colorferet,lvface_l,168,512,avif,skin_tone,0.022218895187546432,0.03356589490758894,0.004722401843666283,4
colorferet,lvface_l,168,512,avif,gender,0.02123533762210173,0.036792619993266544,0.007778641185582406,2
colorferet,lvface_l,168,512,avif,age,0.014760216237560462,0.03474484738337702,0.009128277786482047,4
colorferet,lvface_l,224,1024,avif,pose,6.736443388854458e-06,0.004802471607241327,0.0020069186119719253,4
colorferet,lvface_l,224,1024,avif,skin_tone,0.003360900418052924,0.009234585518019513,0.0022285592727005247,4
colorferet,lvface_l,224,1024,avif,gender,0.0030335393647422442,0.008777399401746263,0.0028719300185020094,2
colorferet,lvface_l,224,1024,avif,age,0.0012315266862480486,0.00793577011832057,0.0025742229723920633,4
colorferet,lvface_l,224,512,avif,pose,0.0004667881603543836,0.0131679227822557,0.005129181186483218,4
colorferet,lvface_l,224,512,avif,skin_tone,0.00932578891285206,0.02158055131523639,0.004880394314180904,4
colorferet,lvface_l,224,512,avif,gender,0.008134856277020545,0.01984346398308528,0.005854303853032367,2
colorferet,lvface_l,224,512,avif,age,0.005479645311671399,0.0189004090952948,0.005573102966627872,4
colorferet,lvface_l,64,1024,avif,pose,1.6359933944360827e-05,0.0054214843429188225,0.0023074107731631413,4
colorferet,lvface_l,64,1024,avif,skin_tone,0.0035527627960009866,0.006870331039873749,0.0014356826378531646,4
colorferet,lvface_l,64,1024,avif,gender,0.0028082031740457505,0.007963963751431791,0.0025778802886930203,2
colorferet,lvface_l,64,1024,avif,age,0.0017570320975893732,0.0063158319473381064,0.0018267293933665163,4
colorferet,lvface_l,64,512,avif,pose,0.005988793122770014,0.031022458290802857,0.009823712645105169,4
colorferet,lvface_l,64,512,avif,skin_tone,0.02907865881806446,0.04915156744319816,0.007625354808367224,4
colorferet,lvface_l,64,512,avif,gender,0.02753425404171101,0.04875559176175143,0.010610668860020208,2
colorferet,lvface_l,64,512,avif,age,0.02008819890979334,0.04449215375484816,0.010303516773457375,4
colorferet,lvface_l,96,1024,avif,pose,2.8870471666519107e-06,0.003505783411354757,0.001511601782838408,4
colorferet,lvface_l,96,1024,avif,skin_tone,0.002807207272765262,0.007144092860877842,0.0020226590487208034,4
colorferet,lvface_l,96,1024,avif,gender,0.0031595201264088693,0.006737918974253585,0.0017891994239223577,2
colorferet,lvface_l,96,1024,avif,age,0.0019866401741184567,0.0055205538712584,0.0015228354982938475,4
colorferet,lvface_l,96,512,avif,pose,0.009519782407734573,0.04258856604836155,0.01342327207995115,4
colorferet,lvface_l,96,512,avif,skin_tone,0.03839886251053597,0.06260342691533373,0.009327367235931975,4
colorferet,lvface_l,96,512,avif,gender,0.03840867724945738,0.059532557044603106,0.010561939897572863,2
colorferet,lvface_l,96,512,avif,age,0.03010488608398825,0.05838945616248074,0.012055515023853002,4
colorferet,lvface_l,112,1024,heif,pose,1.6359933944360827e-05,0.008924334618047002,0.003779297453729147,4
colorferet,lvface_l,112,1024,heif,skin_tone,0.004982884090463767,0.010845643350878561,0.0024516416126480135,4
colorferet,lvface_l,112,1024,heif,gender,0.0050101169905425735,0.011101288646420278,0.003045585827938852,2
colorferet,lvface_l,112,1024,heif,age,0.0027205264285662945,0.009605154231888378,0.003132716601226285,4
colorferet,lvface_l,112,512,heif,pose,0.04178332666315372,0.13631312475801627,0.036425326232431526,4
colorferet,lvface_l,112,512,heif,skin_tone,0.10643441175205562,0.18146777726156502,0.027332395593450378,4
colorferet,lvface_l,112,512,heif,gender,0.11424334141770638,0.14511086212707414,0.015433760354683877,2
colorferet,lvface_l,112,512,heif,age,0.09284703412526835,0.15186234701022355,0.02140647853283274,4
colorferet,lvface_l,112,768,heif,pose,0.0008127892971340812,0.01732644999589361,0.00660467210457188,4
colorferet,lvface_l,112,768,heif,skin_tone,0.01199294720306858,0.022958655044504915,0.00410253721770549,4
colorferet,lvface_l,112,768,heif,gender,0.011574509866917118,0.02248961335141486,0.0054575517422488715,2
colorferet,lvface_l,112,768,heif,age,0.0074329992707771325,0.020601494860750635,0.00584334381060647,4
colorferet,lvface_l,112,960,heif,pose,3.959007307196344e-05,0.009339454055354147,0.0038818382136468228,4
colorferet,lvface_l,112,960,heif,skin_tone,0.005802768518809289,0.012887106858951246,0.002985071729061628,4
colorferet,lvface_l,112,960,heif,gender,0.006025316654402103,0.012339792828787416,0.0031572380871926565,2
colorferet,lvface_l,112,960,heif,age,0.0033247462017624908,0.011025316260774052,0.0036249890926114718,4
colorferet,lvface_l,168,1024,heif,pose,2.5983424499867195e-05,0.007486815552661528,0.003068508705132276,4
colorferet,lvface_l,168,1024,heif,skin_tone,0.005161355285079472,0.010752158875541103,0.002378043671359526,4
colorferet,lvface_l,168,1024,heif,gender,0.0048527547055987625,0.011183970581179759,0.003165607937790498,2
colorferet,lvface_l,168,1024,heif,age,0.0009961862612791405,0.010705731973120932,0.003795062096084444,4
colorferet,lvface_l,168,512,heif,pose,0.021992466126342168,0.0822126333110415,0.02369956854608645,4
colorferet,lvface_l,168,512,heif,skin_tone,0.07246863547180274,0.11548076001268409,0.01658354675286092,4
colorferet,lvface_l,168,512,heif,gender,0.07149154633535128,0.1086245931742241,0.01856652341943641,2
colorferet,lvface_l,168,512,heif,age,0.06189865643464964,0.10010606657527074,0.013825976238133208,4
colorferet,lvface_l,224,1024,heif,pose,3.393434834739724e-05,0.008575210745837879,0.0035349355560765723,4
colorferet,lvface_l,224,1024,heif,skin_tone,0.004712951028940284,0.009234585518019513,0.001864752189144158,4
colorferet,lvface_l,224,1024,heif,gender,0.0040474072217803626,0.01065654484191395,0.003304568810066794,2
colorferet,lvface_l,224,1024,heif,age,0.0023931966557431605,0.010368363831969651,0.003215200059706286,4
colorferet,lvface_l,224,512,heif,pose,0.007096626004390573,0.037947457264205176,0.012091275544805572,4
colorferet,lvface_l,224,512,heif,skin_tone,0.03462802683754122,0.05838615296121767,0.009351596578469176,4
colorferet,lvface_l,224,512,heif,gender,0.030824659687366498,0.057058627122445756,0.013116983717539629,2
colorferet,lvface_l,224,512,heif,age,0.025860604980852835,0.0517099273364541,0.009561042808743484,4
colorferet,lvface_l,64,1024,heif,pose,2.8870471666519107e-06,0.006039030510483028,0.0025398426946041416,4
colorferet,lvface_l,64,1024,heif,skin_tone,0.003368648727318314,0.0076082833274756685,0.0018695746552161616,4
colorferet,lvface_l,64,1024,heif,gender,0.003771979814602475,0.00879592478151655,0.0025119724834570373,2
colorferet,lvface_l,64,1024,heif,age,0.0022898718306866364,0.007048519493464264,0.00183334486457542,4
colorferet,lvface_l,64,512,heif,pose,0.03916045394289345,0.10877445135686882,0.027792797298747653,4
colorferet,lvface_l,64,512,heif,skin_tone,0.09567815277607247,0.15619777954765013,0.02344594837028188,4
colorferet,lvface_l,64,512,heif,gender,0.09801485923264161,0.1273511123637016,0.014668126565530001,2
colorferet,lvface_l,64,512,heif,age,0.07271225291736128,0.13319646899019938,0.024082452729899985,4
colorferet,lvface_l,96,1024,heif,pose,1.539758488881019e-05,0.006087427258221581,0.002506752036690369,4
colorferet,lvface_l,96,1024,heif,skin_tone,0.005151858691789816,0.009686179509302891,0.001736148246558375,4
colorferet,lvface_l,96,1024,heif,gender,0.0037334684892342406,0.01104902749514007,0.003657779502952915,2
colorferet,lvface_l,96,1024,heif,age,0.003421945627647168,0.008967938465536708,0.0022181135166982084,4
colorferet,lvface_l,96,512,heif,pose,0.045849197846935225,0.13835495054732322,0.03686365023536075,4
colorferet,lvface_l,96,512,heif,skin_tone,0.1171465104840142,0.18955342064703584,0.028881330477122106,4
colorferet,lvface_l,96,512,heif,gender,0.12424462400167346,0.15544409880808338,0.015599737403204958,2
colorferet,lvface_l,96,512,heif,age,0.1046941895395627,0.16285018231784754,0.021603208950063617,4
colorferet,lvface_l,112,1024,jpeg2000,pose,0.007902678858135798,0.04245950805439208,0.0141938624065741,4
colorferet,lvface_l,112,1024,jpeg2000,skin_tone,0.03882606962039099,0.0719608895083442,0.01215453008998506,4
colorferet,lvface_l,112,1024,jpeg2000,gender,0.039913044520652016,0.06605137364934793,0.013069164564347958,2
colorferet,lvface_l,112,1024,jpeg2000,age,0.027089890402478944,0.07100300894234923,0.017746492144131,4
colorferet,lvface_l,112,512,jpeg2000,pose,0.08531205659509473,0.1735887728344655,0.03829904229615979,4
colorferet,lvface_l,112,512,jpeg2000,skin_tone,0.17111566426498412,0.24664443264529545,0.02817006172737604,4
colorferet,lvface_l,112,512,jpeg2000,gender,0.17508229034690137,0.21370302946067232,0.019310369556885476,2
colorferet,lvface_l,112,512,jpeg2000,age,0.1481031305164297,0.2139614357506304,0.023995986477233732,4
colorferet,lvface_l,112,768,jpeg2000,pose,0.022334124475268807,0.08834703107951146,0.02709453837115494,4
colorferet,lvface_l,112,768,jpeg2000,skin_tone,0.08181814355798386,0.13269470439444553,0.021592709389447247,4
colorferet,lvface_l,112,768,jpeg2000,gender,0.08821331321193737,0.11910824176818988,0.015447464278126252,2
colorferet,lvface_l,112,768,jpeg2000,age,0.06546482628138975,0.12512749800324638,0.025553096358457414,4
colorferet,lvface_l,112,960,jpeg2000,pose,0.00814232820717407,0.04245804148627879,0.014130353474366883,4
colorferet,lvface_l,112,960,jpeg2000,skin_tone,0.03884308481062068,0.07218332190290774,0.012245402313417326,4
colorferet,lvface_l,112,960,jpeg2000,gender,0.03988800696212438,0.06615509540497468,0.01313354422142515,2
colorferet,lvface_l,112,960,jpeg2000,age,0.027065590546007774,0.07102465885095569,0.01776489885568597,4
colorferet,lvface_l,168,1024,jpeg2000,pose,0.0072662974659404005,0.04521282103176,0.015457141673618145,4
colorferet,lvface_l,168,1024,jpeg2000,skin_tone,0.0313669828998333,0.06001001084046813,0.012917911639573643,4
colorferet,lvface_l,168,1024,jpeg2000,gender,0.03391604124165701,0.05413149672526148,0.010107727741802235,2
colorferet,lvface_l,168,1024,jpeg2000,age,0.019382177634886616,0.055579326897354946,0.015118165568781837,4
colorferet,lvface_l,168,512,jpeg2000,pose,0.06522042532711438,0.13823029225769362,0.02915908240710964,4
colorferet,lvface_l,168,512,jpeg2000,skin_tone,0.12729418965848513,0.20946706562539177,0.03210262434842476,4
colorferet,lvface_l,168,512,jpeg2000,gender,0.1388659089683641,0.17366101894656594,0.017397554989100922,2
colorferet,lvface_l,168,512,jpeg2000,age,0.1108125634795212,0.16837684275167752,0.02348159308784334,4
colorferet,lvface_l,224,1024,jpeg2000,pose,0.004300708787542025,0.035845461851630234,0.012620758146314838,4
colorferet,lvface_l,224,1024,jpeg2000,skin_tone,0.029631480980599725,0.05018749585186169,0.008188035278208146,4
colorferet,lvface_l,224,1024,jpeg2000,gender,0.02958268462564092,0.05113484249000607,0.010776078932182576,2
colorferet,lvface_l,224,1024,jpeg2000,age,0.020156966920195724,0.05704470198960726,0.013828117063273552,4
colorferet,lvface_l,224,512,jpeg2000,pose,0.06496199795438978,0.1474083431593397,0.03391375827747331,4
colorferet,lvface_l,224,512,jpeg2000,skin_tone,0.13943988018516246,0.20882622434606904,0.027297347304608328,4
colorferet,lvface_l,224,512,jpeg2000,gender,0.1459725554509816,0.1805185687596853,0.017273006654351858,2
colorferet,lvface_l,224,512,jpeg2000,age,0.11930860663829612,0.1821926703035272,0.023158679113158245,4
colorferet,lvface_l,64,1024,jpeg2000,pose,0.02302950718762571,0.07115701224877688,0.020274143032183417,4
colorferet,lvface_l,64,1024,jpeg2000,skin_tone,0.06316396838411645,0.10808573556632228,0.01728433121292083,4
colorferet,lvface_l,64,1024,jpeg2000,gender,0.06858925769354376,0.09443986376768637,0.012925303037071303,2
colorferet,lvface_l,64,1024,jpeg2000,age,0.049455436247273984,0.09710300137884055,0.018352561074362114,4
colorferet,lvface_l,64,512,jpeg2000,pose,0.12361175768728125,0.20469775864395245,0.03130046649610154,4
colorferet,lvface_l,64,512,jpeg2000,skin_tone,0.20007115734572384,0.28449942110425286,0.033385759234311675,4
colorferet,lvface_l,64,512,jpeg2000,gender,0.21844174062853133,0.23861284517911646,0.010085552275292564,2
colorferet,lvface_l,64,512,jpeg2000,age,0.18193048805321782,0.2543226756091507,0.0257939170909736,4
colorferet,lvface_l,96,1024,jpeg2000,pose,0.005787215726180039,0.04068606422981709,0.013643507090642484,4
colorferet,lvface_l,96,1024,jpeg2000,skin_tone,0.03277225520419085,0.05990372631873926,0.010754172482766292,4
colorferet,lvface_l,96,1024,jpeg2000,gender,0.03324888271328114,0.053475070129379604,0.01011309370804923,2
colorferet,lvface_l,96,1024,jpeg2000,age,0.02366527335689738,0.05717960753148637,0.013069335748818457,4
colorferet,lvface_l,96,512,jpeg2000,pose,0.07157646264774332,0.15595862224725165,0.034453675597879714,4
colorferet,lvface_l,96,512,jpeg2000,skin_tone,0.1642112102782081,0.2300547369895946,0.02555776949614999,4
colorferet,lvface_l,96,512,jpeg2000,gender,0.17296117980090897,0.19062506883732236,0.008831944518206694,2
colorferet,lvface_l,96,512,jpeg2000,age,0.13835940134095132,0.20603929573219099,0.024469609843352343,4
colorferet,lvface_l,112,1024,jpeg,pose,5.655724724566206e-06,0.008101428583999155,0.003349772258477179,4
colorferet,lvface_l,112,1024,jpeg,skin_tone,0.005940385408957686,0.013411945163455084,0.0031388449935099323,4
colorferet,lvface_l,112,1024,jpeg,gender,0.006322944372359942,0.012680702077371004,0.003178878852505531,2
colorferet,lvface_l,112,1024,jpeg,age,0.003311676243773039,0.011112600665775182,0.0038220621747306017,4
colorferet,lvface_l,112,512,jpeg,pose,0.10573666063629562,0.19992751120458038,0.037942227840659995,4
colorferet,lvface_l,112,512,jpeg,skin_tone,0.17739533787385892,0.26069095079017424,0.03206411408238304,4
colorferet,lvface_l,112,512,jpeg,gender,0.1758448608542258,0.2269350827747466,0.02554511096026041,2
colorferet,lvface_l,112,512,jpeg,age,0.15463216893502263,0.2302846103495222,0.027566617582948087,4
colorferet,lvface_l,112,768,jpeg,pose,0.002088517358400343,0.022250687087161075,0.008206891266201393,4
colorferet,lvface_l,112,768,jpeg,skin_tone,0.018220445424478125,0.03318612051355796,0.005590570618806854,4
colorferet,lvface_l,112,768,jpeg,gender,0.015198118875542038,0.03305993566994671,0.008930908397202335,2
colorferet,lvface_l,112,768,jpeg,age,0.011062199769185991,0.029759484986412125,0.0071891913726688135,4
colorferet,lvface_l,112,960,jpeg,pose,0.00011693762735248356,0.008963931957105816,0.0036430772713753868,4
colorferet,lvface_l,112,960,jpeg,skin_tone,0.006638521537741933,0.01591566926985391,0.0035361905335936417,4
colorferet,lvface_l,112,960,jpeg,gender,0.007177795936588407,0.01349505107491513,0.0031586275691633616,2
colorferet,lvface_l,112,960,jpeg,age,0.003823397609962,0.01280405038970537,0.003955503941214473,4
colorferet,lvface_l,168,1024,jpeg,pose,0.000807366385104489,0.014200588387127051,0.005355672145456781,4
colorferet,lvface_l,168,1024,jpeg,skin_tone,0.011865083570893342,0.021882812327160904,0.0037457783919455584,4
colorferet,lvface_l,168,1024,jpeg,gender,0.009823359732735314,0.022053224361994896,0.006114932314629791,2
colorferet,lvface_l,168,1024,jpeg,age,0.006668889500902494,0.01993103102046762,0.004898932870912874,4
colorferet,lvface_l,168,512,jpeg,pose,0.05902897412919074,0.13216038315558526,0.027944558547564717,4
colorferet,lvface_l,168,512,jpeg,skin_tone,0.12309565615070192,0.14874311409039623,0.010663354062544147,4
colorferet,lvface_l,168,512,jpeg,gender,0.11764094293032837,0.1602777169863377,0.021318387028004662,2
colorferet,lvface_l,168,512,jpeg,age,0.09740328489103531,0.15963806244706066,0.022741572925213963,4
colorferet,lvface_l,224,1024,jpeg,pose,0.004250691936838271,0.03310098861356517,0.012376593223298352,4
colorferet,lvface_l,224,1024,jpeg,skin_tone,0.030508160760713547,0.051721661762645366,0.007799825189936125,4
colorferet,lvface_l,224,1024,jpeg,gender,0.027232731171950166,0.05238684316994952,0.012577055998999678,2
colorferet,lvface_l,224,1024,jpeg,age,0.018107220496070175,0.05287862677319435,0.013524615833129064,4
colorferet,lvface_l,224,512,jpeg,pose,0.03299037719180893,0.09312897073316673,0.023695632921765377,4
colorferet,lvface_l,224,512,jpeg,skin_tone,0.07779908825654326,0.11153929116612464,0.013561767643521726,4
colorferet,lvface_l,224,512,jpeg,gender,0.08155723171036472,0.1228736138257705,0.02065819105770289,2
colorferet,lvface_l,224,512,jpeg,age,0.06557418870849888,0.12292593613387001,0.020800630142703433,4
colorferet,lvface_l,64,1024,jpeg,pose,1.0585839611057006e-05,0.0072799891180645995,0.0030213661788085393,4
colorferet,lvface_l,64,1024,jpeg,skin_tone,0.004792358524228531,0.011466747904277347,0.0027706563316176,4
colorferet,lvface_l,64,1024,jpeg,gender,0.0061943250642158,0.012826165073844327,0.0033159200048142635,2
colorferet,lvface_l,64,1024,jpeg,age,0.00403956960652007,0.011629650777304785,0.003271071923414426,4
colorferet,lvface_l,64,512,jpeg,pose,0.01789956819983294,0.06429210223739631,0.019670056594995555,4
colorferet,lvface_l,64,512,jpeg,skin_tone,0.060275297242452466,0.1054093567251462,0.018616299580729145,4
colorferet,lvface_l,64,512,jpeg,gender,0.061585729324245705,0.08788958928707488,0.013151929981414588,2
colorferet,lvface_l,64,512,jpeg,age,0.04927045163204041,0.08639889495336463,0.01391120259619316,4
colorferet,lvface_l,96,1024,jpeg,pose,1.251053772215828e-05,0.0075117472105874486,0.003085348822143518,4
colorferet,lvface_l,96,1024,jpeg,skin_tone,0.005614414545530524,0.011738309624418339,0.0027066050641468354,4
colorferet,lvface_l,96,1024,jpeg,gender,0.006110759747459612,0.012162195154671502,0.003025717703605945,2
colorferet,lvface_l,96,1024,jpeg,age,0.0036298179178384047,0.01120808176039434,0.0029322633306690347,4
colorferet,lvface_l,96,512,jpeg,pose,0.06067574883688717,0.14193703583119216,0.03386834139844144,4
colorferet,lvface_l,96,512,jpeg,skin_tone,0.12626324327274438,0.20651847672986587,0.03146999197043767,4
colorferet,lvface_l,96,512,jpeg,gender,0.13078859774701268,0.17471634351600498,0.021963872884496152,2
colorferet,lvface_l,96,512,jpeg,age,0.12165501924304288,0.16862289286667134,0.01885574779338324,4
colorferet,lvface_l,112,1024,jpeg_ai,pose,1.925754462454528e-06,0.0035336482055072565,0.0014988052517726923,4
colorferet,lvface_l,112,1024,jpeg_ai,skin_tone,0.002807207272765262,0.006993208114864716,0.0017061287888977083,4
colorferet,lvface_l,112,1024,jpeg_ai,gender,0.0023478314442492917,0.007450034509742302,0.002551101532746505,2
colorferet,lvface_l,112,1024,jpeg_ai,age,0.0005255054113413246,0.0055561215782547226,0.001979798833712752,4
colorferet,lvface_l,112,512,jpeg_ai,pose,0.00011508481491746685,0.006867802816984032,0.0028416140274924815,4
colorferet,lvface_l,112,512,jpeg_ai,skin_tone,0.004711933882118189,0.010506404725559169,0.002385470737917626,4
colorferet,lvface_l,112,512,jpeg_ai,gender,0.004967191693515841,0.011802422125429663,0.003417615215956911,2
colorferet,lvface_l,112,512,jpeg_ai,age,0.002753218358868514,0.010173187393201971,0.002991422840057754,4
colorferet,lvface_l,112,768,jpeg_ai,pose,2.8870471666519107e-06,0.004840602378186853,0.00205452122714545,4
colorferet,lvface_l,112,768,jpeg_ai,skin_tone,0.0031080341605693737,0.008331397535452756,0.0021146391603336988,4
colorferet,lvface_l,112,768,jpeg_ai,gender,0.003291150316405569,0.009524389656566535,0.003116619670080483,2
colorferet,lvface_l,112,768,jpeg_ai,age,0.0015216916726204653,0.008636349625647449,0.0027937188421374892,4
colorferet,lvface_l,112,960,jpeg_ai,pose,1.924698111101274e-06,0.0035292485011673884,0.0014969478925366641,4
colorferet,lvface_l,112,960,jpeg_ai,skin_tone,0.0028474195938204333,0.006730861411620687,0.0016854891430326563,4
colorferet,lvface_l,112,960,jpeg_ai,gender,0.002767226936304868,0.008125437686578415,0.0026791053751367734,2
colorferet,lvface_l,112,960,jpeg_ai,age,0.0007608458363102327,0.006428681193699505,0.0022677609789454596,4
colorferet,lvface_l,168,1024,jpeg_ai,pose,0.0,0.0026946099222132274,0.0011659682531925133,4
colorferet,lvface_l,168,1024,jpeg_ai,skin_tone,0.002163386847550201,0.00727214737137084,0.0020298757090686944,4
colorferet,lvface_l,168,1024,jpeg_ai,gender,0.0019962001627731834,0.0053269588002604895,0.001665379318743653,2
colorferet,lvface_l,168,1024,jpeg_ai,age,0.0008156703977137414,0.004757750658088379,0.0014866027316537075,4
colorferet,lvface_l,168,512,jpeg_ai,pose,0.00020291443454345835,0.007915134102988278,0.003075401562452232,4
colorferet,lvface_l,168,512,jpeg_ai,skin_tone,0.0036292632940672555,0.008796769828171095,0.0020710372466766335,4
colorferet,lvface_l,168,512,jpeg_ai,gender,0.005034205039776466,0.010084062873770921,0.002524928916997228,2
colorferet,lvface_l,168,512,jpeg_ai,age,0.0035293291582050197,0.00931066589928819,0.0022063732709811856,4
colorferet,lvface_l,224,1024,jpeg_ai,pose,0.0,0.0025097820093156406,0.0010851071877958506,4
colorferet,lvface_l,224,1024,jpeg_ai,skin_tone,0.0022856382343695,0.006402144495328275,0.0015850331730716547,4
colorferet,lvface_l,224,1024,jpeg_ai,gender,0.0017429922347272052,0.005503755927442738,0.0018803818463577664,2
colorferet,lvface_l,224,1024,jpeg_ai,age,0.0012315266862480486,0.00421018780744833,0.0012001695347548357,4
colorferet,lvface_l,224,512,jpeg_ai,pose,0.0,0.008562011632818275,0.0035956269045781205,4
colorferet,lvface_l,224,512,jpeg_ai,skin_tone,0.006506964693417888,0.013059906491744284,0.002755935117285853,4
colorferet,lvface_l,224,512,jpeg_ai,gender,0.004979267350477889,0.01421791212142946,0.004619322385475785,2
colorferet,lvface_l,224,512,jpeg_ai,age,0.001992372522558281,0.012694293987430608,0.004190565071414357,4
colorferet,lvface_l,64,1024,jpeg_ai,pose,0.0004767081726007309,0.012196853038142504,0.004747562009737454,4
colorferet,lvface_l,64,1024,jpeg_ai,skin_tone,0.0077395434005772205,0.017605897362152755,0.003588721173311706,4
colorferet,lvface_l,64,1024,jpeg_ai,gender,0.00850422925620143,0.017840921514837182,0.004668346129317876,2
colorferet,lvface_l,64,1024,jpeg_ai,age,0.0091849745971263,0.012763476592468683,0.0013101790350630049,4
colorferet,lvface_l,64,512,jpeg_ai,pose,0.000579605799768965,0.013976163135170649,0.005398321736783082,4
colorferet,lvface_l,64,512,jpeg_ai,skin_tone,0.01175005822455893,0.021637058177178974,0.003848773637789859,4
colorferet,lvface_l,64,512,jpeg_ai,gender,0.009933405025482784,0.02261369812613295,0.006340146550325083,2
colorferet,lvface_l,64,512,jpeg_ai,age,0.009075325474319284,0.0190255901552019,0.003836985510817903,4
colorferet,lvface_l,96,1024,jpeg_ai,pose,1.925754462454528e-06,0.004171726326657516,0.0017442348239842885,4
colorferet,lvface_l,96,1024,jpeg_ai,skin_tone,0.001463922117965388,0.009357462593010478,0.00290271532329425,4
colorferet,lvface_l,96,1024,jpeg_ai,gender,0.002074210901947678,0.007745538183698959,0.0028356636408756407,2
colorferet,lvface_l,96,1024,jpeg_ai,age,0.0007608458363102327,0.00548657214910624,0.0016795919511606917,4
colorferet,lvface_l,96,512,jpeg_ai,pose,2.549647298790334e-05,0.0073430515469360465,0.0030551440534629898,4
colorferet,lvface_l,96,512,jpeg_ai,skin_tone,0.005875029112279465,0.012575127393936712,0.0028874624375501983,4
colorferet,lvface_l,96,512,jpeg_ai,gender,0.005373025430444499,0.01259550570151454,0.003611240135535021,2
colorferet,lvface_l,96,512,jpeg_ai,age,0.0032787237702098385,0.011536538193396118,0.003394637731570244,4
colorferet,lvface_l,112,1024,jpeg_fzt,pose,0.00011597527829693293,0.006473215333262938,0.0026474816245479534,4
colorferet,lvface_l,112,1024,jpeg_fzt,skin_tone,0.005722267912173782,0.011482692123330605,0.0023897821487130887,4
colorferet,lvface_l,112,1024,jpeg_fzt,gender,0.004890025525067615,0.01135036059822436,0.003230167536578372,2
colorferet,lvface_l,112,1024,jpeg_fzt,age,0.00354364665021923,0.009612113131083311,0.002247708363912259,4
colorferet,lvface_l,112,512,jpeg_fzt,pose,0.015500091943417737,0.054486239191393004,0.016118464848829023,4
colorferet,lvface_l,112,512,jpeg_fzt,skin_tone,0.05354280304034117,0.08734200202060427,0.013788830853774445,4
colorferet,lvface_l,112,512,jpeg_fzt,gender,0.05197665576114752,0.08077064280698196,0.01439699352291722,2
colorferet,lvface_l,112,512,jpeg_fzt,age,0.04209392436439686,0.07406357945289091,0.012638970961067893,4
colorferet,lvface_l,112,768,jpeg_fzt,pose,0.00025600928298263176,0.012108858951345136,0.004831067345633935,4
colorferet,lvface_l,112,768,jpeg_fzt,skin_tone,0.011303431651076792,0.022450554191278956,0.004838595055753947,4
colorferet,lvface_l,112,768,jpeg_fzt,gender,0.011095053342133043,0.021473075325403185,0.005189010991635071,2
colorferet,lvface_l,112,768,jpeg_fzt,age,0.007207154263502788,0.01899779412122301,0.005705321884400172,4
colorferet,lvface_l,112,960,jpeg_fzt,pose,2.7908122610968468e-05,0.006501080127415438,0.00272895828233433,4
colorferet,lvface_l,112,960,jpeg_fzt,skin_tone,0.006342590022066115,0.013478315376503468,0.002813630225129012,4
colorferet,lvface_l,112,960,jpeg_fzt,gender,0.00573850805738123,0.012658286763228383,0.0034598893529235765,2
colorferet,lvface_l,112,960,jpeg_fzt,age,0.0038164530511443943,0.010990888588909797,0.00268832498063474,4
colorferet,lvface_l,168,1024,jpeg_fzt,pose,7.698792444405095e-06,0.005414151502352376,0.0022369544418966675,4
colorferet,lvface_l,168,1024,jpeg_fzt,skin_tone,0.005187867068598816,0.011940852778903948,0.0029218873160496636,4
colorferet,lvface_l,168,1024,jpeg_fzt,gender,0.0058307086171547435,0.010577865641822795,0.002373578512334026,2
colorferet,lvface_l,168,1024,jpeg_fzt,age,0.002981082031147767,0.009639120106674646,0.002896339510355471,4
colorferet,lvface_l,168,512,jpeg_fzt,pose,0.06278686918098988,0.11998707586850163,0.02350420799017782,4
colorferet,lvface_l,168,512,jpeg_fzt,skin_tone,0.11126778600175405,0.18595366621682413,0.028471958482541554,4
colorferet,lvface_l,168,512,jpeg_fzt,gender,0.11100668043642144,0.1563123209956368,0.02265282027960768,2
colorferet,lvface_l,168,512,jpeg_fzt,age,0.10233651043999151,0.14638696663953094,0.01660541030971765,4
colorferet,lvface_l,224,1024,jpeg_fzt,pose,3.849396222202548e-06,0.005720704568652986,0.0023965468647616545,4
colorferet,lvface_l,224,1024,jpeg_fzt,skin_tone,0.004809244905044503,0.009669586956040796,0.0022290620799005284,4
colorferet,lvface_l,224,1024,jpeg_fzt,gender,0.004571504235985932,0.009742589623707389,0.0025855426938607286,2
colorferet,lvface_l,224,1024,jpeg_fzt,age,0.002753218358868514,0.008927731492410431,0.0026756705368866816,4
colorferet,lvface_l,224,512,jpeg_fzt,pose,0.07941367733589552,0.1594908442152687,0.032693081435424674,4
colorferet,lvface_l,224,512,jpeg_fzt,skin_tone,0.14191097735851002,0.194258607847909,0.01955594297967962,4
colorferet,lvface_l,224,512,jpeg_fzt,gender,0.13743912825286422,0.1926729949904739,0.027616933368804844,2
colorferet,lvface_l,224,512,jpeg_fzt,age,0.12135957570249986,0.18943576203484364,0.024529690351871882,4
colorferet,lvface_l,64,1024,jpeg_fzt,pose,0.00013522225940794565,0.013299954243074865,0.005300568141624029,4
colorferet,lvface_l,64,1024,jpeg_fzt,skin_tone,0.010105946181954943,0.021653650730441065,0.005307566524795211,4
colorferet,lvface_l,64,1024,jpeg_fzt,gender,0.010782992385888241,0.020917179242275145,0.005067093428193452,2
colorferet,lvface_l,64,1024,jpeg_fzt,age,0.005751229072518375,0.02049328488051919,0.006062556394185148,4
colorferet,lvface_l,64,512,jpeg_fzt,pose,0.007584585843967071,0.04299488607698896,0.014518212788477829,4
colorferet,lvface_l,64,512,jpeg_fzt,skin_tone,0.04096878950549453,0.07505567723427947,0.012830377660375909,4
colorferet,lvface_l,64,512,jpeg_fzt,gender,0.04061041743184934,0.06685370349802533,0.013121643033087996,2
colorferet,lvface_l,64,512,jpeg_fzt,age,0.030252894349274362,0.062208557444172904,0.012932701134072154,4
colorferet,lvface_l,96,1024,jpeg_fzt,pose,2.827862362283103e-06,0.005613645096382856,0.0023570348764055636,4
colorferet,lvface_l,96,1024,jpeg_fzt,skin_tone,0.004752146203173361,0.010835121641851582,0.0026133818996372537,4
colorferet,lvface_l,96,1024,jpeg_fzt,gender,0.004286961850067533,0.011676972802297967,0.003695005476115217,2
colorferet,lvface_l,96,1024,jpeg_fzt,age,0.002515918578177196,0.008767755936528667,0.002417357707327861,4
colorferet,lvface_l,96,512,jpeg_fzt,pose,0.00791711409396906,0.04573642617882745,0.015253180095386868,4
colorferet,lvface_l,96,512,jpeg_fzt,skin_tone,0.039902555594321897,0.06897238630413782,0.012666174875214752,4
colorferet,lvface_l,96,512,jpeg_fzt,gender,0.04209969809492896,0.06393447671474345,0.010917389309907245,2
colorferet,lvface_l,96,512,jpeg_fzt,age,0.02977569403695721,0.06406766595655593,0.01300407246467515,4
colorferet,lvface_l,112,1024,jpeg_xl,pose,1.1548188666607643e-05,0.005590180006570225,0.002321001033631059,4
colorferet,lvface_l,112,1024,jpeg_xl,skin_tone,0.004104510815607556,0.010722623054122197,0.0023974043618021873,4
colorferet,lvface_l,112,1024,jpeg_xl,gender,0.004735649054811055,0.009219166619109907,0.002241758782149426,2
colorferet,lvface_l,112,1024,jpeg_xl,age,0.0022259586198146823,0.009505449572895187,0.003205380571202109,4
colorferet,lvface_l,112,512,jpeg_xl,pose,0.0066433107308138985,0.036441009497495104,0.0122437142501845,4
colorferet,lvface_l,112,512,jpeg_xl,skin_tone,0.029704476908757063,0.050430115852894114,0.00801122874896849,4
colorferet,lvface_l,112,512,jpeg_xl,gender,0.029252327478158372,0.04768028635355598,0.009213979437698803,2
colorferet,lvface_l,112,512,jpeg_xl,age,0.01918416570048409,0.04708203656720362,0.011956755345286455,4
colorferet,lvface_l,112,768,jpeg_xl,pose,0.0008127892971340812,0.009293990443842173,0.003426090531857037,4
colorferet,lvface_l,112,768,jpeg_xl,skin_tone,0.008500182540351033,0.02115539731665829,0.0048851166599711005,4
colorferet,lvface_l,112,768,jpeg_xl,gender,0.010751916964229372,0.01629982153640639,0.0027739522860885093,2
colorferet,lvface_l,112,768,jpeg_xl,age,0.0029885587838374217,0.01837519023868118,0.006931385292115386,4
colorferet,lvface_l,112,960,jpeg_xl,pose,0.00014881917698331406,0.006235590968286931,0.0025139606563485814,4
colorferet,lvface_l,112,960,jpeg_xl,skin_tone,0.004735356177523561,0.01099118382336674,0.0023783926873413856,4
colorferet,lvface_l,112,960,jpeg_xl,gender,0.004792175536964026,0.010548245405277188,0.002878034934156581,2
colorferet,lvface_l,112,960,jpeg_xl,age,0.002806697696185469,0.009787919731508665,0.0030151374891527753,4
colorferet,lvface_l,168,1024,jpeg_xl,pose,4.524579779652965e-05,0.0086999093660906,0.003598446815632366,4
colorferet,lvface_l,168,1024,jpeg_xl,skin_tone,0.006609775093189461,0.012842543605595362,0.002509645729586355,4
colorferet,lvface_l,168,1024,jpeg_xl,gender,0.00653539393228717,0.013922070046584838,0.0036933380571488343,2
colorferet,lvface_l,168,1024,jpeg_xl,age,0.0029885587838374217,0.012788952993382592,0.004440335968129774,4
colorferet,lvface_l,168,512,jpeg_xl,pose,0.001063644331854561,0.016142687544730326,0.006231362762436195,4
colorferet,lvface_l,168,512,jpeg_xl,skin_tone,0.016159584790546022,0.023984720102062637,0.0033064506205603018,4
colorferet,lvface_l,168,512,jpeg_xl,gender,0.014555303369274339,0.02861525955629589,0.007029978093510775,2
colorferet,lvface_l,168,512,jpeg_xl,age,0.010068577071802441,0.02623331199352627,0.006835434127176732,4
colorferet,lvface_l,224,1024,jpeg_xl,pose,9.769064624147083e-05,0.008330253540295426,0.003480451882091053,4
colorferet,lvface_l,224,1024,jpeg_xl,skin_tone,0.005499243085075027,0.010835121641851582,0.002049427339217097,4
colorferet,lvface_l,224,1024,jpeg_xl,gender,0.004835657853668976,0.012090608076687343,0.0036274751115091836,2
colorferet,lvface_l,224,1024,jpeg_xl,age,0.003366401355887224,0.010165861669896633,0.0028068167736962613,4
colorferet,lvface_l,224,512,jpeg_xl,pose,8.90295047415151e-05,0.008776170907981651,0.003569060732357504,4
colorferet,lvface_l,224,512,jpeg_xl,skin_tone,0.0067614025184839065,0.011967471221138174,0.002008726744306866,4
colorferet,lvface_l,224,512,jpeg_xl,gender,0.005705753560691213,0.013548225573424992,0.0039212360063668895,2
colorferet,lvface_l,224,512,jpeg_xl,age,0.0038538228656050154,0.012128134509469896,0.0032328576745598455,4
colorferet,lvface_l,64,1024,jpeg_xl,pose,1.3472886777708916e-05,0.006055162759729213,0.002539826763178004,4
colorferet,lvface_l,64,1024,jpeg_xl,skin_tone,0.003709687936177598,0.00879958407999823,0.0021109476265076363,4
colorferet,lvface_l,64,1024,jpeg_xl,gender,0.003507785030328011,0.009508378717893232,0.0030002968437826106,2
colorferet,lvface_l,64,1024,jpeg_xl,age,0.0026274106021295144,0.008088419950896994,0.002196618979524954,4
colorferet,lvface_l,64,512,jpeg_xl,pose,0.00262464771718016,0.023501911671535675,0.008381585522674295,4
colorferet,lvface_l,64,512,jpeg_xl,skin_tone,0.019830640833995432,0.03461400190261277,0.006074812847365339,4
colorferet,lvface_l,64,512,jpeg_xl,gender,0.017876759369423387,0.03396554701792865,0.008044393824252632,2
colorferet,lvface_l,64,512,jpeg_xl,age,0.008785160487946865,0.032595536602163924,0.0094219967940555,4
colorferet,lvface_l,96,1024,jpeg_xl,pose,2.5983424499867195e-05,0.004799538471014747,0.001976773437398855,4
colorferet,lvface_l,96,1024,jpeg_xl,skin_tone,0.00414257250988459,0.009775871477769666,0.002103824191031002,4
colorferet,lvface_l,96,1024,jpeg_xl,gender,0.0036822441672016088,0.009901774718349007,0.0031097652755736993,2
colorferet,lvface_l,96,1024,jpeg_xl,age,0.0014668671112169564,0.00896366602351716,0.002980805556642015,4
colorferet,lvface_l,96,512,jpeg_xl,pose,0.005434876822053314,0.02949107886616686,0.01003160746413417,4
colorferet,lvface_l,96,512,jpeg_xl,skin_tone,0.025299489934289026,0.04517538875913299,0.008445805057770544,4
colorferet,lvface_l,96,512,jpeg_xl,gender,0.0276443211913297,0.0412704569320856,0.006813067870377949,2
colorferet,lvface_l,96,512,jpeg_xl,age,0.0165048909456101,0.04511276526563458,0.012010525828812168,4
colorferet,lvface_l,112,1024,neural_bmshj2018,pose,0.0,0.0,0.0,4
colorferet,lvface_l,112,1024,neural_bmshj2018,skin_tone,0.003936519888663458,0.016170323928944616,0.006116902020140579,2
colorferet,lvface_l,112,1024,neural_bmshj2018,gender,0.0,0.00745522848909016,0.00372761424454508,2
colorferet,lvface_l,112,1024,neural_bmshj2018,age,0.0,0.011361391816293503,0.004919626967629399,4
colorferet,lvface_l,112,512,neural_bmshj2018,pose,0.0,0.0055146501833166685,0.002418165689393954,4
colorferet,lvface_l,112,512,neural_bmshj2018,skin_tone,0.013972069804572298,0.0209717868338558,0.003499858514641751,2
colorferet,lvface_l,112,512,neural_bmshj2018,gender,0.01345958556333196,0.01738151194672934,0.0019609631916986895,2
colorferet,lvface_l,112,512,neural_bmshj2018,age,0.0,0.01829132313024862,0.007362707682351236,4
colorferet,lvface_l,112,768,neural_bmshj2018,pose,8.661141499955732e-06,0.007140624816678986,0.00298465675309871,4
colorferet,lvface_l,112,768,neural_bmshj2018,skin_tone,0.004752146203173361,0.011705124517894147,0.002751894441371142,4
colorferet,lvface_l,112,768,neural_bmshj2018,gender,0.004245332242498597,0.012138979293595215,0.003946823525548309,2
colorferet,lvface_l,112,768,neural_bmshj2018,age,0.0031777244228572855,0.010050692790470259,0.0025781271428382546,4
colorferet,lvface_l,112,960,neural_bmshj2018,pose,4.811745277753184e-06,0.004730609769690143,0.001975476933460107,4
colorferet,lvface_l,112,960,neural_bmshj2018,skin_tone,0.003815690589951445,0.008520644823492105,0.0019286939324080657,4
colorferet,lvface_l,112,960,neural_bmshj2018,gender,0.0027287818446933582,0.00901446314954537,0.0031428406524260056,2
colorferet,lvface_l,112,960,neural_bmshj2018,age,0.002395238455467109,0.007163688372890639,0.0019420554444427797,4
colorferet,lvface_l,168,1024,neural_bmshj2018,pose,0.0,0.0,0.0,4
colorferet,lvface_l,168,1024,neural_bmshj2018,skin_tone,0.003936519888663458,0.006468129571577847,0.0012658048414571944,2
colorferet,lvface_l,168,1024,neural_bmshj2018,gender,0.0,0.004970152326060107,0.0024850761630300536,2
colorferet,lvface_l,168,1024,neural_bmshj2018,age,0.0,0.006311884342385278,0.0027331260931274435,4
colorferet,lvface_l,168,512,neural_bmshj2018,pose,0.0,0.03567857467502954,0.01544927601969785,4
colorferet,lvface_l,168,512,neural_bmshj2018,skin_tone,0.014859074679613064,0.05007836990595611,0.017609647613171527,2
colorferet,lvface_l,168,512,neural_bmshj2018,gender,0.027127504459997256,0.028006267136701922,0.0004393813383523331,2
colorferet,lvface_l,168,512,neural_bmshj2018,age,0.0,0.04132313024862054,0.016058427999559862,4
colorferet,lvface_l,224,1024,neural_bmshj2018,pose,0.0,0.0055146501833166685,0.002387913575868373,4
colorferet,lvface_l,224,1024,neural_bmshj2018,skin_tone,0.003936519888663458,0.005651340996168583,0.0008574105537525623,2
colorferet,lvface_l,224,1024,neural_bmshj2018,gender,0.0,0.005946969696969697,0.0029734848484848486,2
colorferet,lvface_l,224,1024,neural_bmshj2018,age,0.0,0.007549511022760905,0.0032690341659307918,4
colorferet,lvface_l,224,512,neural_bmshj2018,pose,0.0,0.0055146501833166685,0.002387913575868373,4
colorferet,lvface_l,224,512,neural_bmshj2018,skin_tone,0.006986034902286149,0.016170323928944616,0.0045921445133292335,2
colorferet,lvface_l,224,512,neural_bmshj2018,gender,0.010974509400301907,0.014003133568350961,0.0015143120840245272,2
colorferet,lvface_l,224,512,neural_bmshj2018,age,0.0,0.016719922775986645,0.006828359061132464,4
colorferet,lvface_l,64,1024,neural_bmshj2018,pose,0.0,0.0,0.0,4
colorferet,lvface_l,64,1024,neural_bmshj2018,skin_tone,0.0017740097500815346,0.012936259143155694,0.0055811246965370796,2
colorferet,lvface_l,64,1024,neural_bmshj2018,gender,0.0,0.004970152326060107,0.0024850761630300536,2
colorferet,lvface_l,64,1024,neural_bmshj2018,age,0.0,0.00914566156512431,0.003960187624906301,4
colorferet,lvface_l,64,512,neural_bmshj2018,pose,0.0,0.024649274308396203,0.010673448867961108,4
colorferet,lvface_l,64,512,neural_bmshj2018,skin_tone,0.013972069804572298,0.027995471960989202,0.007011701078208452,2
colorferet,lvface_l,64,512,neural_bmshj2018,gender,0.0033783783783783786,0.017395533141210374,0.007008577381415998,2
colorferet,lvface_l,64,512,neural_bmshj2018,age,0.0,0.02062027105678889,0.009469514895550727,4
colorferet,lvface_l,96,1024,neural_bmshj2018,pose,0.0,0.0055146501833166685,0.002387913575868373,4
colorferet,lvface_l,96,1024,neural_bmshj2018,skin_tone,0.003936519888663458,0.009146638801811217,0.0026050594565738792,2
colorferet,lvface_l,96,1024,neural_bmshj2018,gender,0.0,0.005798511047070125,0.0028992555235350624,2
colorferet,lvface_l,96,1024,neural_bmshj2018,age,0.0,0.006620907828170198,0.0027946142333908812,4
colorferet,lvface_l,96,512,neural_bmshj2018,pose,0.0,0.016543950549950004,0.006794780065439743,4
colorferet,lvface_l,96,512,neural_bmshj2018,skin_tone,0.023120614845440368,0.03769766631835597,0.0072885257364578016,2
colorferet,lvface_l,96,512,neural_bmshj2018,gender,0.01738151194672934,0.021123147385755457,0.0018708177195130588,2
colorferet,lvface_l,96,512,neural_bmshj2018,age,0.0,0.05001247193813918,0.018649656860267223,4
colorferet,lvface_l,112,1024,neural_mbt2018_mean,pose,0.0,0.01959488272921109,0.008484833113836878,4
colorferet,lvface_l,112,1024,neural_mbt2018_mean,skin_tone,0.016134579943154218,0.016170323928944616,1.787199289519925e-05,2
colorferet,lvface_l,112,1024,neural_mbt2018_mean,gender,0.0,0.01491045697818032,0.00745522848909016,2
colorferet,lvface_l,112,1024,neural_mbt2018_mean,age,0.0,0.029582754540309716,0.012077549023717934,4
colorferet,lvface_l,112,512,neural_mbt2018_mean,pose,0.0,0.0055146501833166685,0.0024061039191721387,4
colorferet,lvface_l,112,512,neural_mbt2018_mean,skin_tone,0.010922554790949605,0.015614768373389062,0.0023461067912197283,2
colorferet,lvface_l,112,512,neural_mbt2018_mean,gender,0.0033783783783783786,0.010354484012625223,0.003488052817123422,2
colorferet,lvface_l,112,512,neural_mbt2018_mean,age,0.0,0.03176186912779579,0.01229939965991168,4
colorferet,lvface_l,112,768,neural_mbt2018_mean,pose,1.82846320554621e-05,0.005791140168713996,0.0023510142119150036,4
colorferet,lvface_l,112,768,neural_mbt2018_mean,skin_tone,0.00478221979215815,0.010522997278821264,0.0022112303178349582,4
colorferet,lvface_l,112,768,neural_mbt2018_mean,gender,0.003377420413395998,0.011205698148684703,0.003914138867644353,2
colorferet,lvface_l,112,768,neural_mbt2018_mean,age,0.002463053372496097,0.00952168700435003,0.0028425780524418817,4
colorferet,lvface_l,112,960,neural_mbt2018_mean,pose,0.0,0.0037419412082174744,0.0015813018890781074,4
colorferet,lvface_l,112,960,neural_mbt2018_mean,skin_tone,0.0030276095184590315,0.008889276048465004,0.0023516130465234364,4
colorferet,lvface_l,112,960,neural_mbt2018_mean,gender,0.0025403441380906764,0.008702035189685757,0.0030808455257975405,2
colorferet,lvface_l,112,960,neural_mbt2018_mean,age,0.0015216916726204653,0.007342181430491379,0.0023070575245672143,4
colorferet,lvface_l,168,1024,neural_mbt2018_mean,pose,0.0,0.03567857467502954,0.01544927601969785,4
colorferet,lvface_l,168,1024,neural_mbt2018_mean,skin_tone,0.002678509230233368,0.017908589693235756,0.007615040231501194,2
colorferet,lvface_l,168,1024,neural_mbt2018_mean,gender,0.0033783783783783786,0.010354484012625223,0.003488052817123422,2
colorferet,lvface_l,168,1024,neural_mbt2018_mean,age,0.0,0.034023383238154035,0.014269935405546755,4
colorferet,lvface_l,168,512,neural_mbt2018_mean,pose,0.0,0.0055146501833166685,0.002387913575868373,4
colorferet,lvface_l,168,512,neural_mbt2018_mean,skin_tone,0.01003554991590884,0.018848833159177986,0.004406641621634573,2
colorferet,lvface_l,168,512,neural_mbt2018_mean,gender,0.012839560175655277,0.01738151194672934,0.0022709758855370315,2
colorferet,lvface_l,168,512,neural_mbt2018_mean,age,0.0,0.02050705338141781,0.008488991572213932,4
colorferet,lvface_l,224,1024,neural_mbt2018_mean,pose,0.0,0.0055146501833166685,0.002387913575868373,4
colorferet,lvface_l,224,1024,neural_mbt2018_mean,skin_tone,0.002162510138581923,0.0062068965517241385,0.0020221932065711077,2
colorferet,lvface_l,224,1024,neural_mbt2018_mean,gender,0.0,0.003693181818181818,0.001846590909090909,2
colorferet,lvface_l,224,1024,neural_mbt2018_mean,age,0.0,0.0062912591856340875,0.0026246481539030277,4
colorferet,lvface_l,224,512,neural_mbt2018_mean,pose,0.0,0.024649274308396203,0.010673448867961108,4
colorferet,lvface_l,224,512,neural_mbt2018_mean,skin_tone,0.008760044652367684,0.03178509230233368,0.011512523824982999,2
colorferet,lvface_l,224,512,neural_mbt2018_mean,gender,0.0,0.016567174420200358,0.008283587210100179,2
colorferet,lvface_l,224,512,neural_mbt2018_mean,age,0.0,0.021769430249894868,0.008538098745623468,4
colorferet,lvface_l,64,1024,neural_mbt2018_mean,pose,0.0,0.0,0.0,4
colorferet,lvface_l,64,1024,neural_mbt2018_mean,skin_tone,0.0012755052635411558,0.012380703587600139,0.0055525991620294915,2
colorferet,lvface_l,64,1024,neural_mbt2018_mean,gender,0.0,0.004555972965555098,0.002277986482777549,2
colorferet,lvface_l,64,1024,neural_mbt2018_mean,age,0.0,0.006620907828170198,0.002866937187655323,4
colorferet,lvface_l,64,512,neural_mbt2018_mean,pose,0.0,0.016543950549950004,0.0071637407276051186,4
colorferet,lvface_l,64,512,neural_mbt2018_mean,skin_tone,0.013972069804572298,0.015059212817833506,0.0005435715066306043,2
colorferet,lvface_l,64,512,neural_mbt2018_mean,gender,0.012425380815150268,0.014003133568350961,0.0007888763766003464,2
colorferet,lvface_l,64,512,neural_mbt2018_mean,age,0.0,0.012932792170555478,0.00534628649675461,4
colorferet,lvface_l,96,1024,neural_mbt2018_mean,pose,0.0,0.0,0.0,4
colorferet,lvface_l,96,1024,neural_mbt2018_mean,skin_tone,0.002162510138581923,0.009146638801811217,0.003492064331614647,2
colorferet,lvface_l,96,1024,neural_mbt2018_mean,gender,0.0,0.004555972965555098,0.002277986482777549,2
colorferet,lvface_l,96,1024,neural_mbt2018_mean,age,0.0,0.006311884342385278,0.0027331260931274435,4
colorferet,lvface_l,96,512,neural_mbt2018_mean,pose,0.0,0.0,0.0,4
colorferet,lvface_l,96,512,neural_mbt2018_mean,skin_tone,0.009647049527408452,0.027995471960989202,0.009174211216790375,2
colorferet,lvface_l,96,512,neural_mbt2018_mean,gender,0.014003133568350961,0.014496277617675312,0.00024657202466217554,2
colorferet,lvface_l,96,512,neural_mbt2018_mean,age,0.0,0.019553699998725676,0.007776143872557452,4
colorferet,lvface_l,112,1024,ours_accurate,pose,1.924698111101274e-06,0.004368286784461418,0.0018878012984521503,4
colorferet,lvface_l,112,1024,ours_accurate,skin_tone,0.0037516304415220743,0.008626929345220975,0.00207614281750006,4
colorferet,lvface_l,112,1024,ours_accurate,gender,0.0032822089717699254,0.008536671320166798,0.0026272311741984363,2
colorferet,lvface_l,112,1024,ours_accurate,age,0.0019319150620042721,0.006777241113264422,0.0022912593774515634,4
colorferet,lvface_l,112,512,ours_accurate,pose,8.48358708684931e-06,0.006025831397463424,0.0025669767277004376,4
colorferet,lvface_l,112,512,ours_accurate,skin_tone,0.004939901147410014,0.009742686371245474,0.0019732321556239444,4
colorferet,lvface_l,112,512,ours_accurate,gender,0.00465790680048981,0.010625210711205025,0.0029836519553576076,2
colorferet,lvface_l,112,512,ours_accurate,age,0.0024885560221201038,0.008720223240097049,0.003092789717214487,4
colorferet,lvface_l,112,768,ours_accurate,pose,2.827862362283103e-06,0.003972232732627035,0.001681225630452692,4
colorferet,lvface_l,112,768,ours_accurate,skin_tone,0.004058855203272078,0.007879803544169377,0.0017510803969670106,4
colorferet,lvface_l,112,768,ours_accurate,gender,0.003722806902976031,0.00882817225945513,0.0025526826782395493,2
colorferet,lvface_l,112,768,ours_accurate,age,0.0019968491727382002,0.006941082724254481,0.002383723771161006,4
colorferet,lvface_l,112,960,ours_accurate,pose,0.0,0.003948767642814403,0.0016999518171147434,4
colorferet,lvface_l,112,960,ours_accurate,skin_tone,0.003288224085207972,0.008225113013723886,0.0021127333702293605,4
colorferet,lvface_l,112,960,ours_accurate,gender,0.003356353208167285,0.008327852315637947,0.002485749553735331,2
colorferet,lvface_l,112,960,ours_accurate,age,0.0018347156361195945,0.006992481475794395,0.0022911772411134314,4
colorferet,lvface_l,168,1024,ours_accurate,pose,1.924698111101274e-06,0.0031243950406532684,0.0013489270584318325,4
colorferet,lvface_l,168,1024,ours_accurate,skin_tone,0.002458400662947317,0.005671611247538772,0.0014872730150951453,4
colorferet,lvface_l,168,1024,ours_accurate,gender,0.0024385237966881596,0.005342281992296114,0.0014518790978039773,2
colorferet,lvface_l,168,1024,ours_accurate,age,0.0015216916726204653,0.004573967225707569,0.0013769357658943132,4
colorferet,lvface_l,168,512,ours_accurate,pose,0.0008195257405229355,0.011610145131580492,0.004283302963831099,4
colorferet,lvface_l,168,512,ours_accurate,skin_tone,0.011880784736377239,0.0189373575805845,0.0025261173411008624,4
colorferet,lvface_l,168,512,ours_accurate,gender,0.008131365659444802,0.02412048738671213,0.007994560863633664,2
colorferet,lvface_l,168,512,ours_accurate,age,0.00626728255404726,0.019520207832258715,0.00543216545484937,4
colorferet,lvface_l,224,1024,ours_accurate,pose,1.924698111101274e-06,0.002500982600635904,0.0010772117828348007,4
colorferet,lvface_l,224,1024,ours_accurate,skin_tone,0.0019047266093529264,0.005097140181264426,0.001299990734154032,4
colorferet,lvface_l,224,1024,ours_accurate,gender,0.0012160030989168732,0.0044774985379310885,0.0016307477195071076,2
colorferet,lvface_l,224,1024,ours_accurate,age,0.0014302009542188398,0.003224005734620492,0.0007146981129322158,4
colorferet,lvface_l,224,512,ours_accurate,pose,0.00040509712373338605,0.008730707296469678,0.0034271402570328273,4
colorferet,lvface_l,224,512,ours_accurate,skin_tone,0.007939300614584994,0.013807032292795882,0.0022433484163568948,4
colorferet,lvface_l,224,512,ours_accurate,gender,0.005438415427050742,0.016022956042516006,0.005292270307732632,2
colorferet,lvface_l,224,512,ours_accurate,age,0.0048846136372329724,0.01084133160042001,0.002264518269912695,4
colorferet,lvface_l,64,1024,ours_accurate,pose,0.001515377410304533,0.022482445179683924,0.008415164248525925,4
colorferet,lvface_l,64,1024,ours_accurate,skin_tone,0.02045052340595791,0.03200409378511894,0.004627089049743294,4
colorferet,lvface_l,64,1024,ours_accurate,gender,0.018275967560922153,0.0374756792936896,0.009599855866383723,2
colorferet,lvface_l,64,1024,ours_accurate,age,0.011816919700086647,0.03487584730734699,0.009221040847300278,4
colorferet,lvface_l,64,512,ours_accurate,pose,0.0012824645046551166,0.022145053852381122,0.008302235941139054,4
colorferet,lvface_l,64,512,ours_accurate,skin_tone,0.020735298399334502,0.03240039350608036,0.004591580880519844,4
colorferet,lvface_l,64,512,ours_accurate,gender,0.018524835869220005,0.03761713955549459,0.009546151843137292,2
colorferet,lvface_l,64,512,ours_accurate,age,0.011768521727360523,0.035280038857670525,0.00945137735540835,4
colorferet,lvface_l,96,1024,ours_accurate,pose,1.9246981111012736e-05,0.01230101970480917,0.004682091725969883,4
colorferet,lvface_l,96,1024,ours_accurate,skin_tone,0.005052973090977472,0.015185136022064408,0.004497940626417986,4
colorferet,lvface_l,96,1024,ours_accurate,gender,0.006746139350017945,0.015819853666818796,0.004536857158400426,2
colorferet,lvface_l,96,1024,ours_accurate,age,0.0030433833452409307,0.0174864327545824,0.005624508505321395,4
colorferet,lvface_l,96,512,ours_accurate,pose,0.00037775865561286853,0.01912042577405465,0.008161096637262086,4
colorferet,lvface_l,96,512,ours_accurate,skin_tone,0.011351804552484131,0.027886621089193667,0.00704977845314621,4
colorferet,lvface_l,96,512,ours_accurate,gender,0.013680625105716542,0.024770396806828694,0.005544885850556076,2
colorferet,lvface_l,96,512,ours_accurate,age,0.006212457992643751,0.0252239731528495,0.007603136509460968,4
colorferet,lvface_l,112,1024,ours_fast,pose,3.1106485985114134e-05,0.007929799784121174,0.0032707467054640584,4
colorferet,lvface_l,112,1024,ours_fast,skin_tone,0.0074454974107938336,0.013669482396203685,0.002622126997024635,4
colorferet,lvface_l,112,1024,ours_fast,gender,0.006706362451585025,0.015696805984488096,0.004495221766451536,2
colorferet,lvface_l,112,1024,ours_fast,age,0.0033175999027286705,0.012991088331345203,0.004058010745649954,4
colorferet,lvface_l,112,512,ours_fast,pose,0.00033733999527974174,0.012523978388652282,0.005035840654026693,4
colorferet,lvface_l,112,512,ours_fast,skin_tone,0.010105946181954943,0.018754341767704408,0.0033680047918875126,4
colorferet,lvface_l,112,512,ours_fast,gender,0.009765286643064645,0.02253707122109308,0.006385892289014218,2
colorferet,lvface_l,112,512,ours_fast,age,0.005816364923468518,0.018976144212616553,0.005036851259187647,4
colorferet,lvface_l,112,768,ours_fast,pose,0.00011693762735248356,0.009635741144861732,0.00395727945902443,4
colorferet,lvface_l,112,768,ours_fast,skin_tone,0.008341197176185443,0.015122534526998787,0.00283588731654988,4
colorferet,lvface_l,112,768,ours_fast,gender,0.007853713207755856,0.0169365728598346,0.004541429826039372,2
colorferet,lvface_l,112,768,ours_fast,age,0.0044429308810878115,0.014024396713693408,0.003883149716229876,4
colorferet,lvface_l,112,960,ours_fast,pose,0.00011693762735248356,0.008091162607206128,0.0033147387050556027,4
colorferet,lvface_l,112,960,ours_fast,skin_tone,0.007299879295666669,0.01371775065687696,0.00275406636641716,4
colorferet,lvface_l,112,960,ours_fast,gender,0.006754600958930404,0.015194422800757886,0.0042199109209137406,2
colorferet,lvface_l,112,960,ours_fast,age,0.0035904063036538347,0.012446945586101356,0.0040226294644096685,4
colorferet,lvface_l,168,1024,ours_fast,pose,5.655724724566206e-06,0.005326117084931892,0.0022656069207805636,4
colorferet,lvface_l,168,1024,ours_fast,skin_tone,0.004239273692909135,0.0077735190224405065,0.0015119007876851168,4
colorferet,lvface_l,168,1024,ours_fast,gender,0.0034740048284349007,0.008409733703463762,0.0024678644375144307,2
colorferet,lvface_l,168,1024,ours_fast,age,0.0027156236694726374,0.007181065839477549,0.0015913356148659563,4
colorferet,lvface_l,168,512,ours_fast,pose,0.001278615108432914,0.01828725376321378,0.0067246488641256605,4
colorferet,lvface_l,168,512,ours_fast,skin_tone,0.015181430356463216,0.02457941465094847,0.003971529238952199,4
colorferet,lvface_l,168,512,ours_fast,gender,0.014116905415413983,0.02757184133542756,0.0067274679600067885,2
colorferet,lvface_l,168,512,ours_fast,age,0.010467583773960894,0.023095499506420356,0.005562656427182715,4
colorferet,lvface_l,224,1024,ours_fast,pose,2.8870471666519107e-06,0.0029102357654898926,0.0012544399592962238,4
colorferet,lvface_l,224,1024,ours_fast,skin_tone,0.001684324363659157,0.005113732734526522,0.001424159861087757,4
colorferet,lvface_l,224,1024,ours_fast,gender,0.001757916568637005,0.005018759175661179,0.0016304213035120872,2
colorferet,lvface_l,224,1024,ours_fast,age,0.001471856108343573,0.004044393387503701,0.0010689498774075258,4
colorferet,lvface_l,224,512,ours_fast,pose,0.0001073141367969772,0.009568279011650416,0.003957503384082923,4
colorferet,lvface_l,224,512,ours_fast,skin_tone,0.0053940122998367545,0.012312780690692684,0.002655183516168312,4
colorferet,lvface_l,224,512,ours_fast,gender,0.004357773003567904,0.01386511841399863,0.004753672705215363,2
colorferet,lvface_l,224,512,ours_fast,age,0.003363338656301301,0.01114081240150999,0.0030912295105211315,4
colorferet,lvface_l,64,1024,ours_fast,pose,0.003953745301706776,0.037756763078854436,0.01346351047910846,4
colorferet,lvface_l,64,1024,ours_fast,skin_tone,0.03827789812348707,0.05572813020084336,0.0064218442057632046,4
colorferet,lvface_l,64,1024,ours_fast,gender,0.03715765344274802,0.060893555852682746,0.011867951204967364,2
colorferet,lvface_l,64,1024,ours_fast,age,0.02721484366607224,0.05595808160956542,0.012249520026153505,4
colorferet,lvface_l,64,512,ours_fast,pose,0.005809349754457703,0.04360363283587343,0.014860424995394618,4
colorferet,lvface_l,64,512,ours_fast,skin_tone,0.0455555982339257,0.06331963782984357,0.0073299317764108154,4
colorferet,lvface_l,64,512,ours_fast,gender,0.04402484372968729,0.07129163683531886,0.013633396552815785,2
colorferet,lvface_l,64,512,ours_fast,age,0.03319252296651361,0.06568731642902967,0.014078335730134237,4
colorferet,lvface_l,96,1024,ours_fast,pose,0.00011693762735248356,0.012286354023676276,0.004907990240904792,4
colorferet,lvface_l,96,1024,ours_fast,skin_tone,0.011447947786351529,0.017695530523117613,0.0025475886824082757,4
colorferet,lvface_l,96,1024,ours_fast,gender,0.010005535807771287,0.02058393706214024,0.005289200627184477,2
colorferet,lvface_l,96,1024,ours_fast,age,0.006407312998459046,0.017464009634954283,0.004273920736466172,4
colorferet,lvface_l,96,512,ours_fast,pose,0.0009306892735421153,0.017801698725845624,0.006837905605462917,4
colorferet,lvface_l,96,512,ours_fast,skin_tone,0.01709080028887583,0.027966103257302567,0.004655567450718378,4
colorferet,lvface_l,96,512,ours_fast,gender,0.014909341201297811,0.030744852441543007,0.007917755620122598,2
colorferet,lvface_l,96,512,ours_fast,age,0.010890272913160973,0.025407839124801008,0.006539361216865017,4
colorferet,lvface_l,112,1024,webp,pose,0.0,0.004576579787171636,0.001942499427261694,4
colorferet,lvface_l,112,1024,webp,skin_tone,0.0030678218395142026,0.007972884155144862,0.0023293876856668133,4
colorferet,lvface_l,112,1024,webp,gender,0.003519910890921081,0.007176258403290591,0.0018281737561847548,2
colorferet,lvface_l,112,1024,webp,age,0.0021114038962764415,0.0061775063000628,0.0015950224688161105,4
colorferet,lvface_l,112,512,webp,pose,0.0009646691491746524,0.01113925577534523,0.004137316084710931,4
colorferet,lvface_l,112,512,webp,skin_tone,0.010072147300806827,0.01740992087195711,0.003305538516426793,4
colorferet,lvface_l,112,512,webp,gender,0.009319519019251649,0.018440734879020808,0.0045606079298845794,2
colorferet,lvface_l,112,512,webp,age,0.005035755867799212,0.016448851930214645,0.005338579179374279,4
colorferet,lvface_l,112,768,webp,pose,1.1311449449132412e-05,0.006253189785646405,0.002604222753128488,4
colorferet,lvface_l,112,768,webp,skin_tone,0.004594464049146154,0.00993338622642307,0.0022235952889033844,4
colorferet,lvface_l,112,768,webp,gender,0.004515416322964727,0.009965130726404536,0.0027248572017199045,2
colorferet,lvface_l,112,768,webp,age,0.0022825375089306978,0.008511535389850756,0.002837123070426048,4
colorferet,lvface_l,112,960,webp,pose,2.827862362283103e-06,0.00459124546830453,0.001981451273099149,4
colorferet,lvface_l,112,960,webp,skin_tone,0.003368648727318314,0.008191927907199694,0.002346600664787199,4
colorferet,lvface_l,112,960,webp,gender,0.0036483977315517734,0.007665257889740474,0.0020084300790943503,2
colorferet,lvface_l,112,960,webp,age,0.0020748532414615797,0.006673303575052527,0.002021156347001309,4
colorferet,lvface_l,168,1024,webp,pose,0.0,0.004173192894770805,0.0017692347621342359,4
colorferet,lvface_l,168,1024,webp,skin_tone,0.002807207272765262,0.007740333915916314,0.0019666422233112473,4
colorferet,lvface_l,168,1024,webp,gender,0.0026576234229832504,0.008249060315250804,0.0027957184461337766,2
colorferet,lvface_l,168,1024,webp,age,0.0017022075361858642,0.007350319927619222,0.002292743679769233,4
colorferet,lvface_l,168,512,webp,pose,0.0002069294811495493,0.014222586908826393,0.005724168850505306,4
colorferet,lvface_l,168,512,webp,skin_tone,0.010138924738308061,0.018625233217554184,0.003647612328829765,4
colorferet,lvface_l,168,512,webp,gender,0.009179584755021244,0.020607727869558216,0.005714071557268486,2
colorferet,lvface_l,168,512,webp,age,0.005296274618167547,0.01920408321280264,0.005296165877965234,4
colorferet,lvface_l,224,1024,webp,pose,0.0,0.003969299596400456,0.0016801025329014586,4
colorferet,lvface_l,224,1024,webp,skin_tone,0.002832221518633462,0.0077569264691784105,0.0020092020764499886,4
colorferet,lvface_l,224,1024,webp,gender,0.00233467711204476,0.006910600566471518,0.002287961727213379,2
colorferet,lvface_l,224,1024,webp,age,0.0008156703977137414,0.0065751453381026545,0.002196557003536983,4
colorferet,lvface_l,224,512,webp,pose,4.524579779652965e-05,0.008936067162953316,0.0036790847476328463,4
colorferet,lvface_l,224,512,webp,skin_tone,0.006321906205148956,0.013946501921048944,0.0029866494763114266,4
colorferet,lvface_l,224,512,webp,gender,0.0059365816450390255,0.014132715745572996,0.004098067050266985,2
colorferet,lvface_l,224,512,webp,age,0.0032787237702098385,0.014603294392111076,0.00462741402468601,4
colorferet,lvface_l,64,1024,webp,pose,2.8870471666519107e-06,0.005054761653350228,0.0021834044287756178,4
colorferet,lvface_l,64,1024,webp,skin_tone,0.0029971648061418547,0.007178089816469649,0.001991370933456568,4
colorferet,lvface_l,64,1024,webp,gender,0.003045598991578589,0.006999799676996308,0.00197710034270886,2
colorferet,lvface_l,64,1024,webp,age,0.001341175809055066,0.006197976610736347,0.0020307017389104448,4
colorferet,lvface_l,64,512,webp,pose,0.0004648634622432823,0.01044984777022984,0.0040908451930889355,4
colorferet,lvface_l,64,512,webp,skin_tone,0.008440923699789833,0.01622779363288423,0.0032342055354560536,4
colorferet,lvface_l,64,512,webp,gender,0.007100268482963449,0.0168201551535652,0.004859943335300875,2
colorferet,lvface_l,64,512,webp,age,0.005131078381963018,0.015505969674599721,0.0041203028042735585,4
colorferet,lvface_l,96,1024,webp,pose,0.0,0.002706342467119543,0.0011668174015645506,4
colorferet,lvface_l,96,1024,webp,skin_tone,0.002639407803069793,0.006139797792084246,0.0014468506503361113,4
colorferet,lvface_l,96,1024,webp,gender,0.0019323094717538778,0.0063662505413027565,0.002216970534774439,2
colorferet,lvface_l,96,1024,webp,age,0.0015216916726204653,0.0051998295484732135,0.0015070695844711611,4
colorferet,lvface_l,96,512,webp,pose,0.00040226926137110295,0.010232755358839886,0.004029352174719053,4
colorferet,lvface_l,96,512,webp,skin_tone,0.008642024063989555,0.018731517739283055,0.004147844122139377,4
colorferet,lvface_l,96,512,webp,gender,0.007796252321321823,0.016993750093012787,0.004598748885845482,2
colorferet,lvface_l,96,512,webp,age,0.006428348415128079,0.01568063623989301,0.003791514095847083,4
colorferet,topofr_r100,112,0,aligned,pose,0.0,0.0007979743761219246,0.000345256128537308,4
colorferet,topofr_r100,112,0,aligned,skin_tone,0.00022040224569376928,0.0024041687868262504,0.0008708472769973917,4
colorferet,topofr_r100,112,0,aligned,gender,0.00026024949814084156,0.0011940228998316045,0.0004668867008453815,2
colorferet,topofr_r100,112,0,aligned,age,0.0,0.0007438793245397933,0.0002703302149712625,4
colorferet,topofr_r100,168,0,aligned,pose,0.0,0.00041658600542043573,0.0001801109395153156,4
colorferet,topofr_r100,168,0,aligned,skin_tone,0.00022040224569376928,0.0021915997433685098,0.0008002381162796718,4
colorferet,topofr_r100,168,0,aligned,gender,0.0001614400385908828,0.0010358639527156298,0.00043721195706237354,2
colorferet,topofr_r100,168,0,aligned,age,0.0,0.0005761716584414378,0.00020889320613216812,4
colorferet,topofr_r100,224,0,aligned,pose,0.0,0.00046351618504569825,0.00020043212961853914,4
colorferet,topofr_r100,224,0,aligned,skin_tone,4.021232105517131e-05,0.002331069371621572,0.0008865020592955832,4
colorferet,topofr_r100,224,0,aligned,gender,0.00021855365681518147,0.001181214148892963,0.00048133024603889073,2
colorferet,topofr_r100,224,0,aligned,age,0.0,0.0006611853080231043,0.00023873164231956155,4
colorferet,topofr_r100,64,0,aligned,pose,0.0,0.0015035146304834982,0.0006502096436196171,4
colorferet,topofr_r100,64,0,aligned,skin_tone,0.0008525561642689679,0.0020521301151154477,0.00047376973694746195,4
colorferet,topofr_r100,64,0,aligned,gender,0.00047880315495602303,0.0021416010892520987,0.0008313989671480379,2
colorferet,topofr_r100,64,0,aligned,age,0.00023534042496890794,0.0012195731129663809,0.0003594704734427921,4
colorferet,topofr_r100,96,0,aligned,pose,0.0,0.0008214394659345559,0.0003551393328260768,4
colorferet,topofr_r100,96,0,aligned,skin_tone,0.0002606145667489406,0.0018561536249198027,0.0006513625630135938,4
colorferet,topofr_r100,96,0,aligned,gender,0.0003197617949810643,0.0011788125080919678,0.0004295253565554517,2
colorferet,topofr_r100,96,0,aligned,age,0.0,0.0006963466281081753,0.00027604144209069905,4
colorferet,topofr_r100,112,1024,avif,pose,3.849396222202548e-06,0.0022912230298123967,0.0009848890520483642,4
colorferet,topofr_r100,112,1024,avif,skin_tone,0.0013834974758550455,0.0033571344291792953,0.0007880506607675261,4
colorferet,topofr_r100,112,1024,avif,gender,0.0007646111139391089,0.0039611676554406035,0.0015982782707507472,2
colorferet,topofr_r100,112,1024,avif,age,0.00023534042496890794,0.002461569345560878,0.0008300690972517622,4
colorferet,topofr_r100,112,512,avif,pose,0.008124565373565986,0.042155847793694926,0.013868896629264344,4
colorferet,topofr_r100,112,512,avif,skin_tone,0.028005887219753417,0.054594017094017094,0.00999168564786627,4
colorferet,topofr_r100,112,512,avif,gender,0.026743099928317984,0.051078917004945504,0.01216790853831376,2
colorferet,topofr_r100,112,512,avif,age,0.02142666045830658,0.044037376226807215,0.009225901105659172,4
colorferet,topofr_r100,112,768,avif,pose,0.00011693762735248356,0.005622444505062593,0.002254832822536079,4
colorferet,topofr_r100,112,768,avif,skin_tone,0.003464350203966988,0.009636401849516604,0.00238820809146482,4
colorferet,topofr_r100,112,768,avif,gender,0.001750348197414191,0.00888672498590867,0.003568188394247239,2
colorferet,topofr_r100,112,768,avif,age,0.0018118566589928819,0.006220399730364463,0.001747739495153854,4
colorferet,topofr_r100,112,960,avif,pose,3.849396222202548e-06,0.0031287947449931365,0.0013448392253538194,4
colorferet,topofr_r100,112,960,avif,skin_tone,0.0013834974758550455,0.0042105447519597645,0.0010678419102158694,4
colorferet,topofr_r100,112,960,avif,gender,0.0008055211179232672,0.004635657485047063,0.001915068183561898,2
colorferet,topofr_r100,112,960,avif,age,0.00023534042496890794,0.002912153557183964,0.000984671631039965,4
colorferet,topofr_r100,168,1024,avif,pose,2.8870471666519107e-06,0.0018775701606185396,0.0007739100734372229,4
colorferet,topofr_r100,168,1024,avif,skin_tone,0.0010595617585437795,0.0043500143802128275,0.0012829290296965704,4
colorferet,topofr_r100,168,1024,avif,gender,0.0007563893728882425,0.003127718331784505,0.0011856644794481313,2
colorferet,topofr_r100,168,1024,avif,age,0.0,0.0025114216750574737,0.0009090619490833095,4
colorferet,topofr_r100,168,512,avif,pose,0.0013878539433409927,0.021408715667640466,0.00794861268215376,4
colorferet,topofr_r100,168,512,avif,skin_tone,0.01265291561512911,0.025173576543291817,0.004506714132869503,4
colorferet,topofr_r100,168,512,avif,gender,0.010923257818902268,0.026227552157520644,0.007652147169309188,2
colorferet,topofr_r100,168,512,avif,age,0.008669620532872378,0.019920166503363545,0.004587403560265507,4
colorferet,topofr_r100,224,1024,avif,pose,1.3472886777708916e-05,0.0022941561660389754,0.0009593813069114861,4
colorferet,topofr_r100,224,1024,avif,skin_tone,0.0013163296000901362,0.004310100071532341,0.0011243102869551579,4
colorferet,topofr_r100,224,1024,avif,gender,0.0008393013198163779,0.0036287260222393645,0.0013947123512114933,2
colorferet,topofr_r100,224,1024,avif,age,0.00023534042496890794,0.002338301531807504,0.0007852101632927003,4
colorferet,topofr_r100,224,512,avif,pose,0.0003594740235574064,0.011268354099937816,0.004382088223894891,4
colorferet,topofr_r100,224,512,avif,skin_tone,0.006374642406175869,0.017393328318695014,0.004047576165966202,4
colorferet,topofr_r100,224,512,avif,gender,0.003946571418989521,0.016098207454280523,0.006075818017645502,2
colorferet,topofr_r100,224,512,avif,age,0.002698393797465005,0.012065950366427597,0.0035281929806886404,4
colorferet,topofr_r100,64,1024,avif,pose,2.8870471666519107e-06,0.002700476194666385,0.0011618058978363594,4
colorferet,topofr_r100,64,1024,avif,skin_tone,0.0015341151110721245,0.003480011504170262,0.0006964069950948309,4
colorferet,topofr_r100,64,1024,avif,gender,0.0007395323888200495,0.004116124414821919,0.0016882960130009345,2
colorferet,topofr_r100,64,1024,avif,age,0.0007060212749067238,0.002109916581909324,0.0005551521506338546,4
colorferet,topofr_r100,64,512,avif,pose,0.005834318221062134,0.023977160401487688,0.007458273665877094,4
colorferet,topofr_r100,64,512,avif,skin_tone,0.018573643865903655,0.04164039512400168,0.008374586260615312,4
colorferet,topofr_r100,64,512,avif,gender,0.016092308769071657,0.03809561913151084,0.011001655181219592,2
colorferet,topofr_r100,64,512,avif,age,0.011067697996877564,0.027709066090369716,0.00677727834023353,4
colorferet,topofr_r100,96,1024,avif,pose,2.827862362283103e-06,0.0020682643459692843,0.0008874678701151771,4
colorferet,topofr_r100,96,1024,avif,skin_tone,0.0012977744217594223,0.0033239493226551037,0.0007706770155589691,4
colorferet,topofr_r100,96,1024,avif,gender,0.0008725355522295791,0.0034496400545521097,0.0012885522511612653,2
colorferet,topofr_r100,96,1024,avif,age,0.00023534042496890794,0.001978143446917699,0.0006877368704486139,4
colorferet,topofr_r100,96,512,avif,pose,0.007679878176760636,0.03683999668555606,0.011638497337988319,4
colorferet,topofr_r100,96,512,avif,skin_tone,0.025099958317164106,0.05419220076252,0.010847794968455067,4
colorferet,topofr_r100,96,512,avif,gender,0.023978694140334694,0.04699412672083251,0.01150771629024891,2
colorferet,topofr_r100,96,512,avif,age,0.01639361885104919,0.041052580396388136,0.00969061423420205,4
colorferet,topofr_r100,112,1024,heif,pose,8.661141499955732e-06,0.004143861532505016,0.0017030370444470707,4
colorferet,topofr_r100,112,1024,heif,skin_tone,0.0023209958176922865,0.004818200924758302,0.0010279328883742965,4
colorferet,topofr_r100,112,1024,heif,gender,0.001358600976790099,0.0057518017317211775,0.0021966003774655392,2
colorferet,topofr_r100,112,1024,heif,age,0.0007608458363102327,0.003974070747333559,0.0012880678198443191,4
colorferet,topofr_r100,112,512,heif,pose,0.03950665784729014,0.15631797176563067,0.04512640215176742,4
colorferet,topofr_r100,112,512,heif,skin_tone,0.10695815261983196,0.1849110086060043,0.028666185742700967,4
colorferet,topofr_r100,112,512,heif,gender,0.11455248095696838,0.1537137422972814,0.019580630670156515,2
colorferet,topofr_r100,112,512,heif,age,0.09674107556592278,0.1497984958283042,0.021681672386331716,4
colorferet,topofr_r100,112,768,heif,pose,0.0006987387169482494,0.011866834882029262,0.0044735541730104855,4
colorferet,topofr_r100,112,768,heif,skin_tone,0.0067726650632298204,0.016277571292670517,0.003379524303483814,4
colorferet,topofr_r100,112,768,heif,gender,0.005140001871751402,0.016165791797596356,0.005512894962922477,2
colorferet,topofr_r100,112,768,heif,age,0.0029337342224339128,0.01127799801365323,0.0032320938571865285,4
colorferet,topofr_r100,112,960,heif,pose,1.3472886777708916e-05,0.005600445983363251,0.0022850822267340724,4
colorferet,topofr_r100,112,960,heif,skin_tone,0.002849493373546655,0.007288739924632935,0.0017653697793959461,4
colorferet,topofr_r100,112,960,heif,gender,0.0019426900235590757,0.007354543824044181,0.0027059269002425524,2
colorferet,topofr_r100,112,960,heif,age,0.0007060212749067238,0.00472026970493833,0.00165128816039687,4
colorferet,topofr_r100,168,1024,heif,pose,5.774094333303821e-06,0.00479367219856159,0.001947260651417019,4
colorferet,topofr_r100,168,1024,heif,skin_tone,0.0024436954548691667,0.006262674867075212,0.0013872457942494592,4
colorferet,topofr_r100,168,1024,heif,gender,0.0015599915479187704,0.006704183202743663,0.0025720958274124462,2
colorferet,topofr_r100,168,1024,heif,age,0.0005255054113413246,0.004891843426144982,0.0016501239204365701,4
colorferet,topofr_r100,168,512,heif,pose,0.014812584711543387,0.09902570380603756,0.03305904484773782,4
colorferet,topofr_r100,168,512,heif,skin_tone,0.06217083529440558,0.10100956468514707,0.015872262529774275,4
colorferet,topofr_r100,168,512,heif,gender,0.06201414412884121,0.09798121737386024,0.017983536622509518,2
colorferet,topofr_r100,168,512,heif,age,0.05339052762140452,0.08236650611809707,0.01204734822938599,4
colorferet,topofr_r100,224,1024,heif,pose,6.736443388854458e-06,0.004799538471014747,0.0019755226546384593,4
colorferet,topofr_r100,224,1024,heif,skin_tone,0.0026770314890982292,0.005983735610569087,0.001251345594504641,4
colorferet,topofr_r100,224,1024,heif,gender,0.0018790999730717822,0.006950627913154772,0.002535763970041495,2
colorferet,topofr_r100,224,1024,heif,age,0.0005255054113413246,0.0053543926272033625,0.0018561762849330235,4
colorferet,topofr_r100,224,512,heif,pose,0.0041616371319118765,0.04703458094282731,0.0169764337415171,4
colorferet,topofr_r100,224,512,heif,skin_tone,0.02865133176730089,0.05120369755831361,0.008457184432407045,4
colorferet,topofr_r100,224,512,heif,gender,0.025962360401634653,0.05303514055133701,0.01353639007485118,2
colorferet,topofr_r100,224,512,heif,age,0.022763543845872425,0.04346039179454327,0.008458465214438455,4
colorferet,topofr_r100,64,1024,heif,pose,1.1311449449132412e-05,0.0035453807504135723,0.001501723471516474,4
colorferet,topofr_r100,64,1024,heif,skin_tone,0.001944938930408098,0.004851386031282494,0.0012943832993677915,4
colorferet,topofr_r100,64,1024,heif,gender,0.0014217112915542078,0.004920754048866074,0.001749521378655933,2
colorferet,topofr_r100,64,1024,heif,age,0.0007060212749067238,0.0028751260924687414,0.0008957166956294424,4
colorferet,topofr_r100,64,512,heif,pose,0.03580019392788357,0.11282437186887707,0.03080198918171484,4
colorferet,topofr_r100,64,512,heif,skin_tone,0.07909897157659627,0.14997501898925542,0.0263356372804932,4
colorferet,topofr_r100,64,512,heif,gender,0.08149579150289257,0.12032695787780737,0.019415583187457397,2
colorferet,topofr_r100,64,512,heif,age,0.06624171429705486,0.11158213605777406,0.018644068067051434,4
colorferet,topofr_r100,96,1024,heif,pose,5.655724724566206e-06,0.003338554315816644,0.0014024783293542194,4
colorferet,topofr_r100,96,1024,heif,skin_tone,0.0018237053307787487,0.005409264544294743,0.0013218307892187305,4
colorferet,topofr_r100,96,1024,heif,gender,0.0013246471407921206,0.004907144750993768,0.0017912488051008235,2
colorferet,topofr_r100,96,1024,heif,age,0.0005255054113413246,0.0031749266161455554,0.0010122055541332393,4
colorferet,topofr_r100,96,512,heif,pose,0.03814671202656012,0.15731116102331255,0.04703054512655034,4
colorferet,topofr_r100,96,512,heif,skin_tone,0.1093298202670258,0.17979100757357874,0.025285864660539916,4
colorferet,topofr_r100,96,512,heif,gender,0.11457583230877796,0.1549908873881947,0.020207527539708364,2
colorferet,topofr_r100,96,512,heif,age,0.09964966150808946,0.1506312152947331,0.020197955255349336,4
colorferet,topofr_r100,112,1024,jpeg2000,pose,0.010420921721148746,0.0437209986155597,0.013658354196173785,4
colorferet,topofr_r100,112,1024,jpeg2000,skin_tone,0.03242449134090905,0.07198734541271211,0.014350497416266657,4
colorferet,topofr_r100,112,1024,jpeg2000,gender,0.032909170719196496,0.06274902328572846,0.01491992628326598,2
colorferet,topofr_r100,112,1024,jpeg2000,age,0.01898236352570718,0.06058829201188087,0.01616734383079393,4
colorferet,topofr_r100,112,512,jpeg2000,pose,0.09789078480664347,0.23619685157157438,0.05212456049487015,4
colorferet,topofr_r100,112,512,jpeg2000,skin_tone,0.18886307954216852,0.28365273998362867,0.03749535887926517,4
colorferet,topofr_r100,112,512,jpeg2000,gender,0.18991681071086075,0.24403951205547364,0.027061350672306445,2
colorferet,topofr_r100,112,512,jpeg2000,age,0.16372136711238555,0.2320742988800621,0.026056192886886466,4
colorferet,topofr_r100,112,768,jpeg2000,pose,0.0272046172063153,0.09821159718066946,0.0281877348074779,4
colorferet,topofr_r100,112,768,jpeg2000,skin_tone,0.0762396050041679,0.1369052491464053,0.02313426853532149,4
colorferet,topofr_r100,112,768,jpeg2000,gender,0.08129029811095151,0.12369918142524769,0.02120444165714809,2
colorferet,topofr_r100,112,768,jpeg2000,age,0.06144129885422456,0.11738535790165017,0.02365847276358171,4
colorferet,topofr_r100,112,960,jpeg2000,pose,0.010362218428760157,0.04373273116046601,0.013678171141577444,4
colorferet,topofr_r100,112,960,jpeg2000,skin_tone,0.03243681124571725,0.0719972087638179,0.014379372605801901,4
colorferet,topofr_r100,112,960,jpeg2000,gender,0.032936102153451566,0.0627135736200552,0.014888735733301815,2
colorferet,topofr_r100,112,960,jpeg2000,age,0.018966321346352306,0.06060375623231406,0.016163196048205743,4
colorferet,topofr_r100,168,1024,jpeg2000,pose,0.006186146061015021,0.03828778172773456,0.013196280864408804,4
colorferet,topofr_r100,168,1024,jpeg2000,skin_tone,0.025649759041749327,0.05018436170291218,0.00989877189923324,4
colorferet,topofr_r100,168,1024,jpeg2000,gender,0.025931540947263486,0.0493295620234658,0.011699010538101157,2
colorferet,topofr_r100,168,1024,jpeg2000,age,0.015868113439707867,0.046818123473109964,0.012842294706571746,4
colorferet,topofr_r100,168,512,jpeg2000,pose,0.07668176854834416,0.1723507473631105,0.03599540673826054,4
colorferet,topofr_r100,168,512,jpeg2000,skin_tone,0.14256943934820232,0.23664299462401273,0.036719054069369206,4
colorferet,topofr_r100,168,512,jpeg2000,gender,0.15691993068750426,0.1901257531513073,0.016602911231901524,2
colorferet,topofr_r100,168,512,jpeg2000,age,0.13338821295566675,0.1846879336727315,0.021583072604330827,4
colorferet,topofr_r100,224,1024,jpeg2000,pose,0.005587985037474895,0.03399135678082433,0.010996088416878559,4
colorferet,topofr_r100,224,1024,jpeg2000,skin_tone,0.024543183026334136,0.05019422505401798,0.009466224276503999,4
colorferet,topofr_r100,224,1024,jpeg2000,gender,0.02423671859396448,0.04850949639709003,0.012136388901562774,2
colorferet,topofr_r100,224,1024,jpeg2000,age,0.017028773385197534,0.04694997573370328,0.012257109687690044,4
colorferet,topofr_r100,224,512,jpeg2000,pose,0.07499988031722321,0.1850652989452442,0.04252187637944013,4
colorferet,topofr_r100,224,512,jpeg2000,skin_tone,0.1505151704983368,0.2435299182171486,0.03621971547443024,4
colorferet,topofr_r100,224,512,jpeg2000,gender,0.15711964401965406,0.20471717134500866,0.023798763662677302,2
colorferet,topofr_r100,224,512,jpeg2000,age,0.13240888285635083,0.19120081574219017,0.023966482197883953,4
colorferet,topofr_r100,64,1024,jpeg2000,pose,0.02585333252708523,0.08235639731676697,0.022248745884267156,4
colorferet,topofr_r100,64,1024,jpeg2000,skin_tone,0.062387019414629985,0.11311291048133154,0.018646454548664346,4
colorferet,topofr_r100,64,1024,jpeg2000,gender,0.0666577250913922,0.0988071014845019,0.016074688196554852,2
colorferet,topofr_r100,64,1024,jpeg2000,age,0.04843605289619221,0.0924434485205029,0.018726127322510916,4
colorferet,topofr_r100,64,512,jpeg2000,pose,0.15435823479952765,0.31350300793120034,0.059037509804693265,4
colorferet,topofr_r100,64,512,jpeg2000,skin_tone,0.24783389330378847,0.34217163337094314,0.03817187920952191,4
colorferet,topofr_r100,64,512,jpeg2000,gender,0.2579160900614439,0.293919850369301,0.018001880153928562,2
colorferet,topofr_r100,64,512,jpeg2000,age,0.2319703678934399,0.2935568004159942,0.022600308735871225,4
colorferet,topofr_r100,96,1024,jpeg2000,pose,0.007249663938429287,0.035245514501425504,0.011235479014243642,4
colorferet,topofr_r100,96,1024,jpeg2000,skin_tone,0.026221013577302214,0.061119038664336336,0.0129145998335161,4
colorferet,topofr_r100,96,1024,jpeg2000,gender,0.02580829003299641,0.04984349126515529,0.01201760061607944,2
colorferet,topofr_r100,96,1024,jpeg2000,age,0.017915310523669657,0.047932291751422815,0.012277916904605538,4
colorferet,topofr_r100,96,512,jpeg2000,pose,0.083567615675363,0.21140419863785154,0.048805950519142105,4
colorferet,topofr_r100,96,512,jpeg2000,skin_tone,0.1804320458241268,0.27634740750573367,0.03822477065707979,4
colorferet,topofr_r100,96,512,jpeg2000,gender,0.1918407839095287,0.217823742501366,0.012991479295918651,2
colorferet,topofr_r100,96,512,jpeg2000,age,0.1656461602729178,0.2242956488503417,0.02163247551307119,4
colorferet,topofr_r100,112,1024,jpeg,pose,1.6359933944360827e-05,0.006468815628923069,0.0027196149120926735,4
colorferet,topofr_r100,112,1024,jpeg,skin_tone,0.0035285609946331805,0.008347990088714851,0.0018571917579767732,4
colorferet,topofr_r100,112,1024,jpeg,gender,0.002201086812563903,0.008642569116002564,0.0032207411517193307,2
colorferet,topofr_r100,112,1024,jpeg,age,0.0007608458363102327,0.005836272103803223,0.0020254311088222852,4
colorferet,topofr_r100,112,512,jpeg,pose,0.11546659130135284,0.4108197565790246,0.11343211278027508,4
colorferet,topofr_r100,112,512,jpeg,skin_tone,0.2657078466570356,0.36187943850799764,0.03448792701779111,4
colorferet,topofr_r100,112,512,jpeg,gender,0.2758994581617624,0.30580530377523985,0.014952922806738711,2
colorferet,topofr_r100,112,512,jpeg,age,0.2412695533534034,0.31803774658092726,0.02754859071062397,4
colorferet,topofr_r100,112,768,jpeg,pose,0.001628465641434814,0.016840935289148568,0.006179742686246633,4
colorferet,topofr_r100,112,768,jpeg,skin_tone,0.011199256490902353,0.02885942788876352,0.00632882302888522,4
colorferet,topofr_r100,112,768,jpeg,gender,0.008182176479510972,0.02472236399080879,0.008270093755648909,2
colorferet,topofr_r100,112,768,jpeg,age,0.006517784122549391,0.018947535404815162,0.004807639922123591,4
colorferet,topofr_r100,112,960,jpeg,pose,0.00011693762735248356,0.0058043392817336,0.002361393654500277,4
colorferet,topofr_r100,112,960,jpeg,skin_tone,0.0037458331762481602,0.009413969454953063,0.0020719970504188127,4
colorferet,topofr_r100,112,960,jpeg,gender,0.0024094335516787538,0.009292929737303085,0.0034417480928121656,2
colorferet,topofr_r100,112,960,jpeg,age,0.001992372522558281,0.0062455093071679645,0.0017974479094383297,4
colorferet,topofr_r100,168,1024,jpeg,pose,0.000807366385104489,0.01201353202398132,0.0046068449269229175,4
colorferet,topofr_r100,168,1024,jpeg,skin_tone,0.006944870282994742,0.01617801597309794,0.004116724681208238,4
colorferet,topofr_r100,168,1024,jpeg,gender,0.0059647374857673685,0.016500635071598588,0.00526794879291561,2
colorferet,topofr_r100,168,1024,jpeg,age,0.004105392109644933,0.012448898395055925,0.003464652165532995,4
colorferet,topofr_r100,168,512,jpeg,pose,0.05578070398782107,0.23690104624969202,0.07003816760795643,4
colorferet,topofr_r100,168,512,jpeg,skin_tone,0.16277829064474597,0.18561598407143276,0.010369506610852498,4
colorferet,topofr_r100,168,512,jpeg,gender,0.1600352918962671,0.19448548037941715,0.01722509424157502,2
colorferet,topofr_r100,168,512,jpeg,age,0.12897595786556176,0.20432518655235374,0.029129067400229483,4
colorferet,topofr_r100,224,1024,jpeg,pose,0.0041082145422257355,0.0371289509344972,0.01332937376217434,4
colorferet,topofr_r100,224,1024,jpeg,skin_tone,0.02371820992410867,0.04974936026489089,0.010581499805254052,4
colorferet,topofr_r100,224,1024,jpeg,gender,0.022929300772615593,0.047329770541768415,0.012200234884576411,2
colorferet,topofr_r100,224,1024,jpeg,age,0.01650733622576648,0.04094669004922166,0.009955679259535678,4
colorferet,topofr_r100,224,512,jpeg,pose,0.027622794522261296,0.15702652581746507,0.0509190171429039,4
colorferet,topofr_r100,224,512,jpeg,skin_tone,0.09859643514920279,0.12329732749275459,0.011897105486159043,4
colorferet,topofr_r100,224,512,jpeg,gender,0.09312006325355973,0.13042543059638428,0.018652683671412276,2
colorferet,topofr_r100,224,512,jpeg,age,0.07380252996565852,0.12251291200099867,0.018198957975376056,4
colorferet,topofr_r100,64,1024,jpeg,pose,5.774094333303821e-06,0.004956501589759835,0.002099108069473261,4
colorferet,topofr_r100,64,1024,jpeg,skin_tone,0.0023524595513166216,0.007305332477895032,0.0019580900604259715,4
colorferet,topofr_r100,64,1024,jpeg,gender,0.001595450824843028,0.0064286932021286325,0.002416621188642802,2
colorferet,topofr_r100,64,1024,jpeg,age,0.0007060212749067238,0.003758057173781926,0.001189816516862973,4
colorferet,topofr_r100,64,512,jpeg,pose,0.013890087622076533,0.06330200743843348,0.01985727649832818,4
colorferet,topofr_r100,64,512,jpeg,skin_tone,0.041126456942284534,0.09235931358450772,0.018925105284372377,4
colorferet,topofr_r100,64,512,jpeg,gender,0.043826315473471614,0.07229285166929492,0.014233268097911651,2
colorferet,topofr_r100,64,512,jpeg,age,0.03278723770209838,0.06580517176563143,0.014044597374130729,4
colorferet,topofr_r100,96,1024,jpeg,pose,1.1548188666607643e-05,0.0034852111271455894,0.0014659407941634243,4
colorferet,topofr_r100,96,1024,jpeg,skin_tone,0.0021227921437750284,0.007444802106148094,0.0019474298968541826,4
colorferet,topofr_r100,96,1024,jpeg,gender,0.0015689328925544142,0.005851407952383613,0.0021412375299146,2
colorferet,topofr_r100,96,1024,jpeg,age,0.0005255054113413246,0.003780073906498791,0.001298369559929265,4
colorferet,topofr_r100,96,512,jpeg,pose,0.06649664678001149,0.24540578106484578,0.06957289075929207,4
colorferet,topofr_r100,96,512,jpeg,skin_tone,0.16217948374847785,0.25177162378413454,0.035649258368510926,4
colorferet,topofr_r100,96,512,jpeg,gender,0.16746363338013226,0.2019196058059204,0.017227986212894064,2
colorferet,topofr_r100,96,512,jpeg,age,0.14592025143103415,0.2081457922087041,0.022899534714664254,4
colorferet,topofr_r100,112,1024,jpeg_ai,pose,1.925754462454528e-06,0.0014463184740652097,0.0005948903725180417,4
colorferet,topofr_r100,112,1024,jpeg_ai,skin_tone,0.0009802587183855556,0.004539261668252177,0.0013451220342789395,4
colorferet,topofr_r100,112,1024,jpeg_ai,gender,0.00061602375583083,0.0029638427558368865,0.0011739095000030282,2
colorferet,topofr_r100,112,1024,jpeg_ai,age,0.00029016498637241667,0.0017988376154944555,0.0005725858616075077,4
colorferet,topofr_r100,112,512,jpeg_ai,pose,1.5406035699636225e-05,0.006810606660565743,0.0028425218458708467,4
colorferet,topofr_r100,112,512,jpeg_ai,skin_tone,0.0030324795818590976,0.008626929345220975,0.002059638033813999,4
colorferet,topofr_r100,112,512,jpeg_ai,gender,0.0023273514008698842,0.007642842575597853,0.0026577455873639843,2
colorferet,topofr_r100,112,512,jpeg_ai,age,0.0012863512476515573,0.005359031893333317,0.001561711027770183,4
colorferet,topofr_r100,168,1024,jpeg_ai,pose,0.0,0.001666344021681743,0.0007209931445924143,4
colorferet,topofr_r100,168,1024,jpeg_ai,skin_tone,0.0009642738727013277,0.00352978916395655,0.0010333499840219716,4
colorferet,topofr_r100,168,1024,jpeg_ai,gender,0.000689953058166488,0.002845023408766489,0.0010775351753000006,2
colorferet,topofr_r100,168,1024,jpeg_ai,age,0.00023534042496890794,0.0018027036706027514,0.0006252760066283224,4
colorferet,topofr_r100,168,512,jpeg_ai,pose,5.665882886200742e-06,0.004564847242265319,0.0017754382324397732,4
colorferet,topofr_r100,168,512,jpeg_ai,skin_tone,0.0022859781392673808,0.005196009591022406,0.001353071017485957,4
colorferet,topofr_r100,168,512,jpeg_ai,gender,0.002429459556774904,0.004891821558958143,0.0012311810010916194,2
colorferet,topofr_r100,168,512,jpeg_ai,age,0.0018682633312973006,0.007028128390357493,0.0018966083084958547,4
colorferet,topofr_r100,224,1024,jpeg_ai,pose,0.0,0.0016194138420564806,0.0006990241388332797,4
colorferet,topofr_r100,224,1024,jpeg_ai,skin_tone,0.0009224587325746712,0.003217664800926233,0.0008713123246461731,4
colorferet,topofr_r100,224,1024,jpeg_ai,gender,0.00045190584618942447,0.0027855573350832963,0.0011668257444469358,2
colorferet,topofr_r100,224,1024,jpeg_ai,age,5.482456140350877e-05,0.0018112089918410025,0.0006228741960366386,4
colorferet,topofr_r100,224,512,jpeg_ai,pose,2.549647298790334e-05,0.008295055905576477,0.0034800533099590275,4
colorferet,topofr_r100,224,512,jpeg_ai,skin_tone,0.003880436442388939,0.01053958983208336,0.002373411931088499,4
colorferet,topofr_r100,224,512,jpeg_ai,gender,0.0027976455531543596,0.010043009379562026,0.0036226819132038333,2
colorferet,topofr_r100,224,512,jpeg_ai,age,0.0015216916726204653,0.00724483596736401,0.0022240622575845454,4
colorferet,topofr_r100,64,1024,jpeg_ai,pose,0.0005715725656624252,0.011033662871188388,0.004158704745685425,4
colorferet,topofr_r100,64,1024,jpeg_ai,skin_tone,0.006436470566832517,0.014610664955790064,0.0032463590831928748,4
colorferet,topofr_r100,64,1024,jpeg_ai,gender,0.005317545487146366,0.015758673698972287,0.00522056410591296,2
colorferet,topofr_r100,64,1024,jpeg_ai,age,0.007196924333596906,0.008819990615283938,0.0006579181931086529,4
colorferet,topofr_r100,64,512,jpeg_ai,pose,0.0005844228668302458,0.012201293073105487,0.004615389030427214,4
colorferet,topofr_r100,64,512,jpeg_ai,skin_tone,0.00828822846228028,0.016383855814399387,0.003315517569535502,4
colorferet,topofr_r100,64,512,jpeg_ai,gender,0.005891052063470914,0.01764331016737964,0.005876129051954363,2
colorferet,topofr_r100,64,512,jpeg_ai,age,0.007542101294186404,0.009651287304013313,0.0008607281017264718,4
colorferet,topofr_r100,96,1024,jpeg_ai,pose,1.925754462454528e-06,0.003130261313106426,0.001339391262482845,4
colorferet,topofr_r100,96,1024,jpeg_ai,skin_tone,0.0014065092647923465,0.005688203800800868,0.0017087086075026684,4
colorferet,topofr_r100,96,1024,jpeg_ai,gender,0.0008905354087857488,0.003958766014639608,0.0015341153029269296,2
colorferet,topofr_r100,96,1024,jpeg_ai,age,0.0,0.002067023151607661,0.0008010537962839218,4
colorferet,topofr_r100,96,512,jpeg_ai,pose,1.0591649543499905e-05,0.005632710481855619,0.0023336530226851265,4
colorferet,topofr_r100,96,512,jpeg_ai,skin_tone,0.0027130926358132426,0.00920140041149532,0.0026185357318169156,4
colorferet,topofr_r100,96,512,jpeg_ai,gender,0.002600491692519077,0.007096778656265771,0.002248143481873347,2
colorferet,topofr_r100,96,512,jpeg_ai,age,0.0012315266862480486,0.004894936270231618,0.00153535692760455,4
colorferet,topofr_r100,112,1024,jpeg_fzt,pose,2.8870471666519107e-06,0.004811271015921064,0.002019158760957195,4
colorferet,topofr_r100,112,1024,jpeg_fzt,skin_tone,0.0022258346227687674,0.007707148809392123,0.0020015062635742003,4
colorferet,topofr_r100,112,1024,jpeg_fzt,gender,0.001786527077923226,0.0063460112673691515,0.0022797420947229625,2
colorferet,topofr_r100,112,1024,jpeg_fzt,age,0.0015216916726204653,0.004133273092193664,0.0011195162264508052,4
colorferet,topofr_r100,112,512,jpeg_fzt,pose,0.011213501688116263,0.04922461077282273,0.015450737913063797,4
colorferet,topofr_r100,112,512,jpeg_fzt,skin_tone,0.03537858396441687,0.0720469864236042,0.013359362651539716,4
colorferet,topofr_r100,112,512,jpeg_fzt,gender,0.03557945700451352,0.06507553977179542,0.014748041383640949,2
colorferet,topofr_r100,112,512,jpeg_fzt,age,0.023947252652748007,0.055019104971859634,0.012697707245361149,4
colorferet,topofr_r100,112,768,jpeg_fzt,pose,0.00034985053300190007,0.00917955780038248,0.003682390874880566,4
colorferet,topofr_r100,112,768,jpeg_fzt,skin_tone,0.005456667448941599,0.013740662079747498,0.003096563520197993,4
colorferet,topofr_r100,112,768,jpeg_fzt,gender,0.004051857310802475,0.013461428103701198,0.004704785396449362,2
colorferet,topofr_r100,112,768,jpeg_fzt,age,0.0035140641951787463,0.008638302434602018,0.002368477719159374,4
colorferet,topofr_r100,112,960,jpeg_fzt,pose,7.698792444405095e-06,0.0049872995201389134,0.002112859414448926,4
colorferet,topofr_r100,112,960,jpeg_fzt,skin_tone,0.0026630209539521806,0.0096529944027787,0.0025968485406384495,4
colorferet,topofr_r100,112,960,jpeg_fzt,gender,0.0017703896974398101,0.007656564673766146,0.0029430874881631684,2
colorferet,topofr_r100,112,960,jpeg_fzt,age,0.0017022075361858642,0.004708671539613442,0.00115290927340796,4
colorferet,topofr_r100,168,1024,jpeg_fzt,pose,7.698792444405095e-06,0.004787805926108432,0.00203071057859693,4
colorferet,topofr_r100,168,1024,jpeg_fzt,skin_tone,0.002214028047327573,0.008175335353937597,0.0022024531915657234,4
colorferet,topofr_r100,168,1024,jpeg_fzt,gender,0.001546798815531188,0.006309873855058235,0.0023815375197635234,2
colorferet,topofr_r100,168,1024,jpeg_fzt,age,0.0007060212749067238,0.003750325063565334,0.0012062987196584036,4
colorferet,topofr_r100,168,512,jpeg_fzt,pose,0.05220713543146911,0.16714488886346837,0.04578908030733397,4
colorferet,topofr_r100,168,512,jpeg_fzt,skin_tone,0.10729575878262482,0.19616813418582185,0.03333316081680176,4
colorferet,topofr_r100,168,512,jpeg_fzt,gender,0.11257687177035362,0.15477235996502764,0.021097744097337008,2
colorferet,topofr_r100,168,512,jpeg_fzt,age,0.09746519289852601,0.1445645658692763,0.018693701605484978,4
colorferet,topofr_r100,224,1024,jpeg_fzt,pose,1.0585839611057006e-05,0.004162926917977778,0.00170195118153265,4
colorferet,topofr_r100,224,1024,jpeg_fzt,skin_tone,0.0022529350567735314,0.006730861411620687,0.0018177956479478675,4
colorferet,topofr_r100,224,1024,jpeg_fzt,gender,0.001767991018823886,0.005734076898884557,0.0019830429400303357,2
colorferet,topofr_r100,224,1024,jpeg_fzt,age,0.0005255054113413246,0.003705112000198694,0.0013288894156065307,4
colorferet,topofr_r100,224,512,jpeg_fzt,pose,0.08611038622218939,0.32679114896812267,0.09304246789267506,4
colorferet,topofr_r100,224,512,jpeg_fzt,skin_tone,0.21157517536455883,0.283676061739047,0.02602727888778194,4
colorferet,topofr_r100,224,512,jpeg_fzt,gender,0.21414198344861657,0.25624243324832785,0.02105022489985564,2
colorferet,topofr_r100,224,512,jpeg_fzt,age,0.17802889683309714,0.259494500550738,0.02909610492991083,4
colorferet,topofr_r100,64,1024,jpeg_fzt,pose,0.00034985053300190007,0.0124521165511011,0.004976559245444059,4
colorferet,topofr_r100,64,1024,jpeg_fzt,skin_tone,0.00823443143488203,0.018246738641475482,0.003641511116088555,4
colorferet,topofr_r100,64,1024,jpeg_fzt,gender,0.005880146463808086,0.01972293074185156,0.006921392139021736,2
colorferet,topofr_r100,64,1024,jpeg_fzt,age,0.0035688887565822553,0.013660739397805715,0.004142952232935763,4
colorferet,topofr_r100,64,512,jpeg_fzt,pose,0.005016769787490185,0.04139017824668849,0.014192494491472847,4
colorferet,topofr_r100,64,512,jpeg_fzt,skin_tone,0.027143865163523066,0.06074367823720714,0.013125215523798158,4
colorferet,topofr_r100,64,512,jpeg_fzt,gender,0.024962859549126772,0.0559121858374501,0.015474663144161663,2
colorferet,topofr_r100,64,512,jpeg_fzt,age,0.02102956060966897,0.042390415232867525,0.009330799934507266,4
colorferet,topofr_r100,96,1024,jpeg_fzt,pose,6.736443388854458e-06,0.00519705909096242,0.002182548644677145,4
colorferet,topofr_r100,96,1024,jpeg_fzt,skin_tone,0.0025720417150831396,0.007026393221388908,0.001645078312311849,4
colorferet,topofr_r100,96,1024,jpeg_fzt,gender,0.0017392480420242158,0.007178660044091586,0.0027197060010336854,2
colorferet,topofr_r100,96,1024,jpeg_fzt,age,0.0007608458363102327,0.004709444750635101,0.0015595772270683404,4
colorferet,topofr_r100,96,512,jpeg_fzt,pose,0.003805050155521122,0.03558877210118147,0.01252369733171276,4
colorferet,topofr_r100,96,512,jpeg_fzt,skin_tone,0.02361248085737134,0.04833134222694188,0.009257875992955472,4
colorferet,topofr_r100,96,512,jpeg_fzt,gender,0.020588469429352267,0.04810969602116494,0.013760613295906336,2
colorferet,topofr_r100,96,512,jpeg_fzt,age,0.01648303636929531,0.037895477196541585,0.008373868314975629,4
colorferet,topofr_r100,112,1024,jpeg_xl,pose,1.924698111101274e-06,0.004795138766674879,0.001998487525177678,4
colorferet,topofr_r100,112,1024,jpeg_xl,skin_tone,0.002864968575675318,0.007879803544169377,0.001860886977086464,4
colorferet,topofr_r100,112,1024,jpeg_xl,gender,0.0014193126129382837,0.00752482377546112,0.003052755581261418,2
colorferet,topofr_r100,112,1024,jpeg_xl,age,0.0009961862612791405,0.005545296623951494,0.0016989968384184487,4
colorferet,topofr_r100,112,512,jpeg_xl,pose,0.0031438430517393475,0.03689425970574777,0.013370334881611039,4
colorferet,topofr_r100,112,512,jpeg_xl,skin_tone,0.022251234937667966,0.04372571034564132,0.007809907740378895,4
colorferet,topofr_r100,112,512,jpeg_xl,gender,0.02056989220366151,0.043676565965473396,0.011553336880905943,2
colorferet,topofr_r100,112,512,jpeg_xl,age,0.014746235876266837,0.03729879566462575,0.009616595321389072,4
colorferet,topofr_r100,112,768,jpeg_xl,pose,0.00041075284845795224,0.009983398448957563,0.003916793653500043,4
colorferet,topofr_r100,112,768,jpeg_xl,skin_tone,0.00522050810319399,0.013667562664542821,0.003046738729755182,4
colorferet,topofr_r100,112,768,jpeg_xl,gender,0.004814003512368935,0.012578807016203564,0.003882401751917314,2
colorferet,topofr_r100,112,768,jpeg_xl,age,0.0020471970839617895,0.010771415347161119,0.0034559880672074324,4
colorferet,topofr_r100,112,960,jpeg_xl,pose,0.00011405058018583165,0.004806871311581195,0.0019596649025042205,4
colorferet,topofr_r100,112,960,jpeg_xl,skin_tone,0.0029288473805395955,0.008298212428928564,0.001987675686966512,4
colorferet,topofr_r100,112,960,jpeg_xl,gender,0.0019154524876856846,0.007829934012621758,0.0029572407624680365,2
colorferet,topofr_r100,112,960,jpeg_xl,age,0.0008704949591172501,0.006124561126479569,0.0020033886904820422,4
colorferet,topofr_r100,168,1024,jpeg_xl,pose,0.00010538943868587592,0.006876602225663769,0.0027955575567220605,4
colorferet,topofr_r100,168,1024,jpeg_xl,skin_tone,0.003768056981266344,0.008381175195239043,0.0017106333850121134,4
colorferet,topofr_r100,168,1024,jpeg_xl,gender,0.0029305859177884896,0.00892206185128592,0.0029957379667487154,2
colorferet,topofr_r100,168,1024,jpeg_xl,age,0.0007608458363102327,0.007029962428944443,0.0024532859711254916,4
colorferet,topofr_r100,168,512,jpeg_xl,pose,0.0006843034811149899,0.013373282648739339,0.005131349363947044,4
colorferet,topofr_r100,168,512,jpeg_xl,skin_tone,0.008794981374846153,0.015374383310103757,0.002459785315947634,4
colorferet,topofr_r100,168,512,jpeg_xl,gender,0.006645584581680115,0.01913192339393825,0.006243169406129067,2
colorferet,topofr_r100,168,512,jpeg_xl,age,0.003749404620147654,0.015065070382147798,0.0045490705181156325,4
colorferet,topofr_r100,224,1024,jpeg_xl,pose,1.4139311811415515e-05,0.005861535438151889,0.0024503394803287327,4
colorferet,topofr_r100,224,1024,jpeg_xl,skin_tone,0.0032454627131325723,0.009480339668001445,0.0025533268349742064,4
colorferet,topofr_r100,224,1024,jpeg_xl,gender,0.002904374087118193,0.008111828388706109,0.002603727150793958,2
colorferet,topofr_r100,224,1024,jpeg_xl,age,0.0008156703977137414,0.0055232798912346285,0.0019180875031931434,4
colorferet,topofr_r100,224,512,jpeg_xl,pose,2.2622898898264825e-05,0.007702441395938193,0.0032095696751527187,4
colorferet,topofr_r100,224,512,jpeg_xl,skin_tone,0.004407115613054484,0.010835121641851582,0.002273231701749862,4
colorferet,topofr_r100,224,512,jpeg_xl,gender,0.0029872860340463283,0.01047185504569104,0.0037422845058223556,2
colorferet,topofr_r100,224,512,jpeg_xl,age,0.0017570320975893732,0.007387800880769272,0.002294571177945066,4
colorferet,topofr_r100,64,1024,jpeg_xl,pose,1.7322282999911463e-05,0.003802070500862342,0.001583485120228555,4
colorferet,topofr_r100,64,1024,jpeg_xl,skin_tone,0.0022250646287182547,0.006262674867075212,0.0015087578236229154,4
colorferet,topofr_r100,64,1024,jpeg_xl,gender,0.0013588408446516913,0.005606451535543845,0.0021238053454460766,2
colorferet,topofr_r100,64,1024,jpeg_xl,age,0.0009961862612791405,0.0032545277885756077,0.0008900352174055205,4
colorferet,topofr_r100,64,512,jpeg_xl,pose,0.002680904287607166,0.01753180986237725,0.006009448978647122,4
colorferet,topofr_r100,64,512,jpeg_xl,skin_tone,0.013954540007141095,0.02721897745625097,0.005127034016775575,4
colorferet,topofr_r100,64,512,jpeg_xl,gender,0.01255913891200627,0.026703979438485608,0.007072420263239669,2
colorferet,topofr_r100,64,512,jpeg_xl,age,0.006557447540419677,0.022753898486050368,0.006633730799669737,4
colorferet,topofr_r100,96,1024,jpeg_xl,pose,4.811745277753184e-06,0.0035409810460737038,0.0014871727370037496,4
colorferet,topofr_r100,96,1024,jpeg_xl,skin_tone,0.0021840289806858526,0.005409264544294743,0.0011797882761893307,4
colorferet,topofr_r100,96,1024,jpeg_xl,gender,0.0011939764222417904,0.005927685511673773,0.0023668545447159913,2
colorferet,topofr_r100,96,1024,jpeg_xl,age,0.00023534042496890794,0.004277417603531836,0.0014928382333788152,4
colorferet,topofr_r100,96,512,jpeg_xl,pose,0.002905156051756627,0.031582808301948775,0.01132679511890258,4
colorferet,topofr_r100,96,512,jpeg_xl,skin_tone,0.01963078961984921,0.0375128131383524,0.006600952217359806,4
colorferet,topofr_r100,96,512,jpeg_xl,gender,0.017584872380717657,0.03788611238034431,0.010150619999813327,2
colorferet,topofr_r100,96,512,jpeg_xl,age,0.010597017146939749,0.035012259708468566,0.009460831120225782,4
colorferet,topofr_r100,112,1024,neural_bmshj2018,pose,0.0,0.0,0.0,4
colorferet,topofr_r100,112,1024,neural_bmshj2018,skin_tone,0.0008870048750407673,0.0032340647857889235,0.0011735299553740782,2
colorferet,topofr_r100,112,1024,neural_bmshj2018,gender,0.0,0.00041417936050500896,0.00020708968025250448,2
colorferet,topofr_r100,112,1024,neural_bmshj2018,age,0.0,0.0012623768684770558,0.0005466252186254887,4
colorferet,topofr_r100,112,512,neural_bmshj2018,pose,0.0,0.011029300366633337,0.004775827151736746,4
colorferet,topofr_r100,112,512,neural_bmshj2018,skin_tone,0.006468129571577847,0.009148545040868072,0.0013402077346451125,2
colorferet,topofr_r100,112,512,neural_bmshj2018,gender,0.0033783783783783786,0.00745522848909016,0.002038425055355891,2
colorferet,topofr_r100,112,512,neural_bmshj2018,age,0.0,0.02062027105678889,0.008621189155111508,4
colorferet,topofr_r100,168,1024,neural_bmshj2018,pose,0.0,0.0,0.0,4
colorferet,topofr_r100,168,1024,neural_bmshj2018,skin_tone,0.0,0.006468129571577847,0.0032340647857889235,2
colorferet,topofr_r100,168,1024,neural_bmshj2018,gender,0.0,0.0016567174420200358,0.0008283587210100179,2
colorferet,topofr_r100,168,1024,neural_bmshj2018,age,0.0,0.0037871306054311675,0.0016398756558764663,4
colorferet,topofr_r100,168,512,neural_bmshj2018,pose,0.0,0.016543950549950004,0.006791187783134565,4
colorferet,topofr_r100,168,512,neural_bmshj2018,skin_tone,0.009148545040868072,0.03446360153256705,0.01265752824584949,2
colorferet,topofr_r100,168,512,neural_bmshj2018,gender,0.014003133568350961,0.016567174420200358,0.0012820204259246983,2
colorferet,topofr_r100,168,512,neural_bmshj2018,age,0.0,0.023340830604156843,0.008707456136366538,4
colorferet,topofr_r100,224,1024,neural_bmshj2018,pose,0.0,0.0,0.0,4
colorferet,topofr_r100,224,1024,neural_bmshj2018,skin_tone,0.004823524763704226,0.008199233716475095,0.0016878544763854345,2
colorferet,topofr_r100,224,1024,neural_bmshj2018,gender,0.0,0.0030744949494949493,0.0015372474747474747,2
colorferet,topofr_r100,224,1024,neural_bmshj2018,age,0.0,0.006600282671419007,0.0028580062328035396,4
colorferet,topofr_r100,224,512,neural_bmshj2018,pose,0.0,0.0,0.0,4
colorferet,topofr_r100,224,512,neural_bmshj2018,skin_tone,0.006099030027245381,0.015614768373389062,0.00475786917307184,2
colorferet,topofr_r100,224,512,neural_bmshj2018,gender,0.0,0.004555972965555098,0.002277986482777549,2
colorferet,topofr_r100,224,512,neural_bmshj2018,age,0.0,0.011361391816293503,0.004639040437409118,4
colorferet,topofr_r100,64,1024,neural_bmshj2018,pose,0.0,0.0,0.0,4
colorferet,topofr_r100,64,1024,neural_bmshj2018,skin_tone,0.0,0.003789620341344479,0.0018948101706722396,2
colorferet,topofr_r100,64,1024,neural_bmshj2018,gender,0.0,0.0020708968025250447,0.0010354484012625224,2
colorferet,topofr_r100,64,1024,neural_bmshj2018,age,0.0,0.0025247537369541117,0.0010932504372509774,4
colorferet,topofr_r100,64,512,neural_bmshj2018,pose,0.0,0.003876469828143171,0.0016785606740879417,4
colorferet,topofr_r100,64,512,neural_bmshj2018,skin_tone,0.006099030027245381,0.015059212817833506,0.0044800913952940625,2
colorferet,topofr_r100,64,512,neural_bmshj2018,gender,0.0,0.006626869768080143,0.0033134348840400717,2
colorferet,topofr_r100,64,512,neural_bmshj2018,age,0.0,0.018250602810343394,0.007490972853537995,4
colorferet,topofr_r100,96,1024,neural_bmshj2018,pose,0.0,0.0,0.0,4
colorferet,topofr_r100,96,1024,neural_bmshj2018,skin_tone,0.0,0.009146638801811217,0.004573319400905608,2
colorferet,topofr_r100,96,1024,neural_bmshj2018,gender,0.0,0.0012425380815150268,0.0006212690407575134,2
colorferet,topofr_r100,96,1024,neural_bmshj2018,age,0.0,0.0037871306054311675,0.0016398756558764663,4
colorferet,topofr_r100,96,512,neural_bmshj2018,pose,0.0,0.011029300366633337,0.004775827151736746,4
colorferet,topofr_r100,96,512,neural_bmshj2018,skin_tone,0.006986034902286149,0.025316962730755836,0.009165463914234843,2
colorferet,topofr_r100,96,512,neural_bmshj2018,gender,0.009526125291615204,0.014003133568350961,0.0022385041383678785,2
colorferet,topofr_r100,96,512,neural_bmshj2018,age,0.0,0.01767327615867878,0.008206338288829247,4
colorferet,topofr_r100,112,1024,neural_mbt2018_mean,pose,0.0,0.03567857467502954,0.017253869422757386,4
colorferet,topofr_r100,112,1024,neural_mbt2018_mean,skin_tone,0.027995471960989202,0.03276766437284882,0.0023860962059298104,2
colorferet,topofr_r100,112,1024,neural_mbt2018_mean,gender,0.0,0.027955863181007273,0.013977931590503636,2
colorferet,topofr_r100,112,1024,neural_mbt2018_mean,age,0.0,0.08326259196378041,0.03331943495134687,4
colorferet,topofr_r100,112,512,neural_mbt2018_mean,pose,0.0,0.03325149674807253,0.012650815044924402,4
colorferet,topofr_r100,112,512,neural_mbt2018_mean,skin_tone,0.009146638801811217,0.017908589693235756,0.00438097544571227,2
colorferet,topofr_r100,112,512,neural_mbt2018_mean,gender,0.0,0.012425380815150268,0.006212690407575134,2
colorferet,topofr_r100,112,512,neural_mbt2018_mean,age,0.0,0.03761511550136338,0.014271777137556176,4
colorferet,topofr_r100,168,1024,neural_mbt2018_mean,pose,0.0,0.0,0.0,4
colorferet,topofr_r100,168,1024,neural_mbt2018_mean,skin_tone,0.0,0.0032340647857889235,0.0016170323928944618,2
colorferet,topofr_r100,168,1024,neural_mbt2018_mean,gender,0.0,0.0008283587210100179,0.00041417936050500896,2
colorferet,topofr_r100,168,1024,neural_mbt2018_mean,age,0.0,0.0015714003542619754,0.0006804363131533686,4
colorferet,topofr_r100,168,512,neural_mbt2018_mean,pose,0.0,0.0,0.0,4
colorferet,topofr_r100,168,512,neural_mbt2018_mean,skin_tone,0.004823524763704226,0.02208289794496691,0.008629686590631343,2
colorferet,topofr_r100,168,512,neural_mbt2018_mean,gender,0.0,0.008697766570605187,0.004348883285302594,2
colorferet,topofr_r100,168,512,neural_mbt2018_mean,age,0.0,0.017028946261771566,0.007097953528569229,4
colorferet,topofr_r100,224,1024,neural_mbt2018_mean,pose,0.0,0.0,0.0,4
colorferet,topofr_r100,224,1024,neural_mbt2018_mean,skin_tone,0.0008870048750407673,0.0025478927203065136,0.0008304439226328731,2
colorferet,topofr_r100,224,1024,neural_mbt2018_mean,gender,0.0,0.010045045045045047,0.005022522522522523,2
colorferet,topofr_r100,224,1024,neural_mbt2018_mean,age,0.0,0.0015672753229117372,0.0006786501221830119,4
colorferet,topofr_r100,224,512,neural_mbt2018_mean,pose,0.0,0.0055146501833166685,0.002387913575868373,4
colorferet,topofr_r100,224,512,neural_mbt2018_mean,skin_tone,0.003936519888663458,0.009146638801811217,0.0026050594565738792,2
colorferet,topofr_r100,224,512,neural_mbt2018_mean,gender,0.0,0.004347639632221765,0.0021738198161108824,2
colorferet,topofr_r100,224,512,neural_mbt2018_mean,age,0.0,0.00914566156512431,0.003960187624906301,4
colorferet,topofr_r100,64,1024,neural_mbt2018_mean,pose,0.0,0.0,0.0,4
colorferet,topofr_r100,64,1024,neural_mbt2018_mean,skin_tone,0.0,0.006468129571577847,0.0032340647857889235,2
colorferet,topofr_r100,64,1024,neural_mbt2018_mean,gender,0.0,0.0024850761630300536,0.0012425380815150268,2
colorferet,topofr_r100,64,1024,neural_mbt2018_mean,age,0.0,0.0037871306054311675,0.0016398756558764663,4
colorferet,topofr_r100,64,512,neural_mbt2018_mean,pose,0.0,0.0,0.0,4
colorferet,topofr_r100,64,512,neural_mbt2018_mean,skin_tone,0.004823524763704226,0.009146638801811217,0.0021615570190534955,2
colorferet,topofr_r100,64,512,neural_mbt2018_mean,gender,0.0,0.004970152326060107,0.0024850761630300536,2
colorferet,topofr_r100,64,512,neural_mbt2018_mean,age,0.0,0.005049507473908223,0.002082775266015008,4
colorferet,topofr_r100,96,1024,neural_mbt2018_mean,pose,0.0,0.0,0.0,4
colorferet,topofr_r100,96,1024,neural_mbt2018_mean,skin_tone,0.0,0.009146638801811217,0.004573319400905608,2
colorferet,topofr_r100,96,1024,neural_mbt2018_mean,gender,0.0,0.0008283587210100179,0.00041417936050500896,2
colorferet,topofr_r100,96,1024,neural_mbt2018_mean,age,0.0,0.0037871306054311675,0.0016398756558764663,4
colorferet,topofr_r100,96,512,neural_mbt2018_mean,pose,0.0,0.0,0.0,4
colorferet,topofr_r100,96,512,neural_mbt2018_mean,skin_tone,0.009148545040868072,0.024761407175200277,0.0078064310671661025,2
colorferet,topofr_r100,96,512,neural_mbt2018_mean,gender,0.008903612597776864,0.028006267136701922,0.009551327269462529,2
colorferet,topofr_r100,96,512,neural_mbt2018_mean,age,0.0,0.013886145553247613,0.0060128774048803756,4
colorferet,topofr_r100,112,1024,ours_accurate,pose,0.0,0.0027591389191979634,0.0011941871985717749,4
colorferet,topofr_r100,112,1024,ours_accurate,skin_tone,0.0011771281020505754,0.00497426310627346,0.0013787116814753893,4
colorferet,topofr_r100,112,1024,ours_accurate,gender,0.0010175983424754536,0.0037379388061057808,0.0013601702318151636,2
colorferet,topofr_r100,112,1024,ours_accurate,age,0.0004706808499378159,0.0023719164298492564,0.0007936530318141295,4
colorferet,topofr_r100,112,512,ours_accurate,pose,4.811745277753184e-06,0.004406417555406944,0.0018721686712880505,4
colorferet,topofr_r100,112,512,ours_accurate,skin_tone,0.002220701329098683,0.006329045080123596,0.001732269156310839,4
colorferet,topofr_r100,112,512,ours_accurate,gender,0.0015857898766226072,0.006024890091535212,0.002219550107456303,2
colorferet,topofr_r100,112,512,ours_accurate,age,0.0007608458363102327,0.0037309947880238546,0.0011995878927614388,4
colorferet,topofr_r100,112,768,ours_accurate,pose,1.924698111101274e-06,0.0033781516548754592,0.0014590684100461368,4
colorferet,topofr_r100,112,768,ours_accurate,skin_tone,0.001463922117965388,0.005253202362779584,0.0015422011350996417,4
colorferet,topofr_r100,112,768,ours_accurate,gender,0.001002180565576815,0.004393215509304278,0.0016955174718637316,2
colorferet,topofr_r100,112,768,ours_accurate,age,0.00023534042496890794,0.0024865619025411373,0.0009239678165545791,4
colorferet,topofr_r100,112,960,ours_accurate,pose,1.924698111101274e-06,0.00329602384053125,0.0014248744456599547,4
colorferet,topofr_r100,112,960,ours_accurate,skin_tone,0.0014222707117208318,0.004678731296505239,0.001264899483327298,4
colorferet,topofr_r100,112,960,ours_accurate,gender,0.0010571353730467821,0.0041233293372249045,0.0015330969820890614,2
colorferet,topofr_r100,112,960,ours_accurate,age,0.00023534042496890794,0.0026922739285240357,0.0009540523802198612,4
colorferet,topofr_r100,168,1024,ours_accurate,pose,0.0,0.002298555870378844,0.0009930972506199528,4
colorferet,topofr_r100,168,1024,ours_accurate,skin_tone,0.0010740103019384261,0.003808728420462674,0.0010980620871396246,4
colorferet,topofr_r100,168,1024,ours_accurate,gender,0.0007260335548141501,0.0032930822013034653,0.0012835243232446577,2
colorferet,topofr_r100,168,1024,ours_accurate,age,0.00029016498637241667,0.0019303235093854447,0.0006565500094044759,4
colorferet,topofr_r100,168,512,ours_accurate,pose,0.0006087468631511837,0.009115028803397745,0.003443877694926995,4
colorferet,topofr_r100,168,512,ours_accurate,skin_tone,0.0061245478464006225,0.013813761494952177,0.0028086203034225874,4
colorferet,topofr_r100,168,512,ours_accurate,gender,0.004822291487176526,0.01485695228536268,0.005017330399093077,2
colorferet,topofr_r100,168,512,ours_accurate,age,0.001992372522558281,0.010419356196598313,0.0032447186431073627,4
colorferet,topofr_r100,224,1024,ours_accurate,pose,0.0,0.0014301862248190255,0.0006181821262820557,4
colorferet,topofr_r100,224,1024,ours_accurate,skin_tone,0.000822056021301993,0.004104260230230895,0.0013496144200323985,4
colorferet,topofr_r100,224,1024,ours_accurate,gender,0.0004062717598330858,0.0028506272373021446,0.0012221777387345294,2
colorferet,topofr_r100,224,1024,ours_accurate,age,0.00023534042496890794,0.001362944413282894,0.0004243805132360262,4
colorferet,topofr_r100,224,512,ours_accurate,pose,0.00034792583489079876,0.0052395895662478145,0.0020433723847398514,4
colorferet,topofr_r100,224,512,ours_accurate,skin_tone,0.00415119308667705,0.009078523336504354,0.0018839167110038908,4
colorferet,topofr_r100,224,512,ours_accurate,gender,0.0030556734417654698,0.00965670550121325,0.00330051602972389,2
colorferet,topofr_r100,224,512,ours_accurate,age,0.0022825375089306978,0.006144664613042707,0.0016313613906726006,4
colorferet,topofr_r100,64,1024,ours_accurate,pose,0.0010933506981363355,0.01740421843652107,0.006508762243576786,4
colorferet,topofr_r100,64,1024,ours_accurate,skin_tone,0.013551414757745333,0.023298199801771096,0.0037286497783055477,4
colorferet,topofr_r100,64,1024,ours_accurate,gender,0.010891529027415345,0.028670835695606744,0.0088896533340957,2
colorferet,topofr_r100,64,1024,ours_accurate,age,0.008024314651636633,0.021295888679904236,0.005981889202826092,4
colorferet,topofr_r100,64,512,ours_accurate,pose,0.001031266966950238,0.01756554092898291,0.006564878524425133,4
colorferet,topofr_r100,64,512,ours_accurate,skin_tone,0.013740423122846575,0.02342122009852746,0.003655792719272625,4
colorferet,topofr_r100,64,512,ours_accurate,gender,0.010951694694083622,0.029054625132858537,0.009051465219387458,2
colorferet,topofr_r100,64,512,ours_accurate,age,0.008089902356363565,0.021908361693562813,0.005990791598839296,4
colorferet,topofr_r100,96,1024,ours_accurate,pose,3.849396222202548e-06,0.009593210669576337,0.003705957209773211,4
colorferet,topofr_r100,96,1024,ours_accurate,skin_tone,0.004190704748620308,0.01302672138522009,0.003940805735963283,4
colorferet,topofr_r100,96,1024,ours_accurate,gender,0.004552620908676856,0.011807913153669329,0.0036276461224962362,2
colorferet,topofr_r100,96,1024,ours_accurate,age,0.0005255054113413246,0.012527359532353911,0.004397072707147239,4
colorferet,topofr_r100,96,512,ours_accurate,pose,0.00011693762735248356,0.017432083230673565,0.0068812349588618215,4
colorferet,topofr_r100,96,512,ours_accurate,skin_tone,0.007875753795522633,0.01984727476530755,0.005581595119926583,4
colorferet,topofr_r100,96,512,ours_accurate,gender,0.008101076075127434,0.02014937476717958,0.006024149346026074,2
colorferet,topofr_r100,96,512,ours_accurate,age,0.002517877933899606,0.019075848871609746,0.005965314176249555,4
colorferet,topofr_r100,112,1024,ours_fast,pose,6.736443388854458e-06,0.006449750243450307,0.0027109309347039465,4
colorferet,topofr_r100,112,1024,ours_fast,skin_tone,0.0037129047756412105,0.007854872645176487,0.0017041492631457553,4
colorferet,topofr_r100,112,1024,ours_fast,gender,0.0025515516938287948,0.009846198579038151,0.0036473234426046782,2
colorferet,topofr_r100,112,1024,ours_fast,age,0.0015216916726204653,0.006958093366730983,0.0022873354480242992,4
colorferet,topofr_r100,112,512,ours_fast,pose,0.00023291290564941649,0.009805903376626424,0.003969162535373766,4
colorferet,topofr_r100,112,512,ours_fast,skin_tone,0.0061300131258726215,0.013322253194988313,0.0026113665481820674,4
colorferet,topofr_r100,112,512,ours_fast,gender,0.004345341041356518,0.015052736938360912,0.005353697948502197,2
colorferet,topofr_r100,112,512,ours_fast,age,0.003206309618992567,0.011019497396711186,0.00287385817409881,4
colorferet,topofr_r100,112,768,ours_fast,pose,8.661141499955732e-06,0.0076599109206527995,0.0031565975826066016,4
colorferet,topofr_r100,112,768,ours_fast,skin_tone,0.004660214827913371,0.009719364615827085,0.0019161188742010456,4
colorferet,topofr_r100,112,768,ours_fast,gender,0.0029379144211497113,0.011624023904380082,0.004343054741615185,2
colorferet,topofr_r100,112,768,ours_fast,age,0.0022737391731112618,0.007780027441657511,0.0021567568744702515,4
colorferet,topofr_r100,112,960,ours_fast,pose,3.849396222202548e-06,0.00672403881125855,0.0028412853878073126,4
colorferet,topofr_r100,112,960,ours_fast,skin_tone,0.0038210805483050335,0.00823124038453315,0.0017800669121845302,4
colorferet,topofr_r100,112,960,ours_fast,gender,0.0028434225831084157,0.009692842913524166,0.0034247101652078752,2
colorferet,topofr_r100,112,960,ours_fast,age,0.0020891458395292206,0.006915973147450979,0.0020686566336857145,4
colorferet,topofr_r100,168,1024,ours_fast,pose,1.0585839611057006e-05,0.003743407776330764,0.0016090364966062673,4
colorferet,topofr_r100,168,1024,ours_fast,skin_tone,0.001708962298790499,0.004963588412855841,0.0012818985481720926,4
colorferet,topofr_r100,168,1024,ours_fast,gender,0.0015662943460768978,0.004989026138819583,0.0017113658963713427,2
colorferet,topofr_r100,168,1024,ours_fast,age,0.0007060212749067238,0.003390166978675529,0.0012146688090545745,4
colorferet,topofr_r100,168,512,ours_fast,pose,0.0006977763678926988,0.014627440369340515,0.00564407085442721,4
colorferet,topofr_r100,168,512,ours_fast,skin_tone,0.008799450696912407,0.017688860128463234,0.0036477032167923406,4
colorferet,topofr_r100,168,512,ours_fast,gender,0.007358599038211551,0.019963771623727016,0.006302586292757733,2
colorferet,topofr_r100,168,512,ours_fast,age,0.005886403533512318,0.014501230537252063,0.003096284030447132,4
colorferet,topofr_r100,224,1024,ours_fast,pose,0.0,0.0018761035925052502,0.0008069581815025844,4
colorferet,topofr_r100,224,1024,ours_fast,skin_tone,0.0008048472344654563,0.0031844796944020416,0.0010269054425169994,4
colorferet,topofr_r100,224,1024,ours_fast,gender,0.0008889128005745874,0.0024146894490661335,0.0007628883242457731,2
colorferet,topofr_r100,224,1024,ours_fast,age,0.0,0.0018104357808193432,0.0007732215457117158,4
colorferet,topofr_r100,224,512,ours_fast,pose,0.00011693762735248356,0.005418551206692244,0.0022228995729496005,4
colorferet,topofr_r100,224,512,ours_fast,skin_tone,0.0033542271362818144,0.008035865725684535,0.0018879983445384081,4
colorferet,topofr_r100,224,512,ours_fast,gender,0.0028703540173634894,0.008323049034035957,0.002726347508336234,2
colorferet,topofr_r100,224,512,ours_fast,age,0.0015216916726204653,0.006494770954650942,0.0020867413647863856,4
colorferet,topofr_r100,64,1024,ours_fast,pose,0.002825750037570618,0.036634636819072426,0.013163237819802128,4
colorferet,topofr_r100,64,1024,ours_fast,skin_tone,0.025406775771993788,0.042922077682647136,0.007089601043972948,4
colorferet,topofr_r100,64,1024,ours_fast,gender,0.022722731541140836,0.05082972130798369,0.014053494883421426,2
colorferet,topofr_r100,64,1024,ours_fast,age,0.019209486456817235,0.03829804319922011,0.007792145653348953,4
colorferet,topofr_r100,64,512,ours_fast,pose,0.00462842529226626,0.04397915493412176,0.01504693479785959,4
colorferet,topofr_r100,64,512,ours_fast,skin_tone,0.03106267355358666,0.052877333097350356,0.008535176185576483,4
colorferet,topofr_r100,64,512,ours_fast,gender,0.027943296815535063,0.06037652627869284,0.01621661473157889,2
colorferet,topofr_r100,64,512,ours_fast,age,0.023522347376220977,0.0466542818621199,0.009452686833566488,4
colorferet,topofr_r100,96,1024,ours_fast,pose,0.00023291290564941649,0.008761505226848756,0.0036089938244318887,4
colorferet,topofr_r100,96,1024,ours_fast,skin_tone,0.0061840633516453275,0.012681411915665582,0.002625648680741098,4
colorferet,topofr_r100,96,1024,ours_fast,gender,0.004626045541489439,0.015639053804968224,0.005506504131739393,2
colorferet,topofr_r100,96,1024,ours_fast,age,0.0030433833452409307,0.010800757803183323,0.0034088498053380253,4
colorferet,topofr_r100,96,512,ours_fast,pose,0.0010457022027834976,0.01457904362160196,0.005624868179584638,4
colorferet,topofr_r100,96,512,ours_fast,skin_tone,0.010216225427832968,0.01844281165640206,0.003265570854617559,4
colorferet,topofr_r100,96,512,ours_fast,gender,0.008046294901762334,0.0232585677191938,0.007606136408715733,2
colorferet,topofr_r100,96,512,ours_fast,age,0.005703851999654225,0.017325683987678975,0.005116807859571099,4
colorferet,topofr_r100,112,1024,webp,pose,1.924698111101274e-06,0.0024085888094986683,0.0010392399022724013,4
colorferet,topofr_r100,112,1024,webp,skin_tone,0.0012042285360553393,0.004416384593261211,0.0011442965305915897,4
colorferet,topofr_r100,112,1024,webp,gender,0.0007701280747557343,0.00353552417704625,0.0013826980511452579,2
colorferet,topofr_r100,112,1024,webp,age,0.0005255054113413246,0.0021207415362125524,0.0006083725712871156,4
colorferet,topofr_r100,112,512,webp,pose,0.00034985053300190007,0.007662844056879378,0.002931740872018807,4
colorferet,topofr_r100,112,512,webp,skin_tone,0.005138180142445683,0.01016109525600466,0.0018028521515373297,4
colorferet,topofr_r100,112,512,webp,gender,0.0029637127498535476,0.012160594060804171,0.004598440655475312,2
colorferet,topofr_r100,112,512,webp,age,0.0018118566589928819,0.009187044883174978,0.0027939432671230282,4
colorferet,topofr_r100,112,768,webp,pose,1.4139311811415515e-05,0.004836202673846984,0.0020248533287441765,4
colorferet,topofr_r100,112,768,webp,skin_tone,0.0017245366847143287,0.006730861411620687,0.001951244172784315,4
colorferet,topofr_r100,112,768,webp,gender,0.0011571441719047029,0.005939693715678748,0.0023912747718870227,2
colorferet,topofr_r100,112,768,webp,age,0.0007060212749067238,0.003401765144000417,0.0010016679003642059,4
colorferet,topofr_r100,112,960,webp,pose,2.8870471666519107e-06,0.0020799968908755996,0.0008966788228742412,4
colorferet,topofr_r100,112,960,webp,skin_tone,0.001196453274431802,0.004711916403029431,0.0012765953872429044,4
colorferet,topofr_r100,112,960,webp,gender,0.0008400209234011552,0.0033300201605480475,0.001244999618573446,2
colorferet,topofr_r100,112,960,webp,age,0.0005255054113413246,0.00211378263701762,0.00057372289187922,4
colorferet,topofr_r100,168,1024,webp,pose,2.827862362283103e-06,0.002122527366160994,0.0009159057802107973,4
colorferet,topofr_r100,168,1024,webp,skin_tone,0.0012709306524381625,0.003480011504170262,0.000838175505529984,4
colorferet,topofr_r100,168,1024,webp,gender,0.0005939898628509902,0.00345604443002143,0.00143102728358522,2
colorferet,topofr_r100,168,1024,webp,age,5.482456140350877e-05,0.002410170594020964,0.0008428442410863585,4
colorferet,topofr_r100,168,512,webp,pose,0.00012078702357468612,0.008271590815763848,0.003251694251843962,4
colorferet,topofr_r100,168,512,webp,skin_tone,0.004779653145323108,0.012535213085256226,0.0028415594116553574,4
colorferet,topofr_r100,168,512,webp,gender,0.002925614926451774,0.012373990746343037,0.004724187909945631,2
colorferet,topofr_r100,168,512,webp,age,0.002868569107333474,0.00917349390889552,0.0024536103207194564,4
colorferet,topofr_r100,224,1024,webp,pose,2.827862362283103e-06,0.00225455882698016,0.0009404085157204428,4
colorferet,topofr_r100,224,1024,webp,skin_tone,0.0012551987856259947,0.004087667676968798,0.0010702522102527326,4
colorferet,topofr_r100,224,1024,webp,gender,0.0011344641254015676,0.003738739353039446,0.0013021376138189391,2
colorferet,topofr_r100,224,1024,webp,age,0.00029016498637241667,0.0027587305135858813,0.0009787012717735026,4
colorferet,topofr_r100,224,512,webp,pose,7.698792444405095e-06,0.006310385942064694,0.002571550953344385,4
colorferet,topofr_r100,224,512,webp,skin_tone,0.003936155566095198,0.010851714195113677,0.0024700127463011374,4
colorferet,topofr_r100,224,512,webp,gender,0.002512147130770916,0.010177151918668047,0.0038325023939485654,2
colorferet,topofr_r100,224,512,webp,age,0.0010510108226826492,0.0074797734295458706,0.002459009631379722,4
colorferet,topofr_r100,64,1024,webp,pose,0.0,0.0022780239167927915,0.0009586910364921644,4
colorferet,topofr_r100,64,1024,webp,skin_tone,0.0013834974758550455,0.0038419135269868662,0.0010264808628367961,4
colorferet,topofr_r100,64,1024,webp,gender,0.0008727754200911715,0.0037459442754424316,0.00143658442767563,2
colorferet,topofr_r100,64,1024,webp,age,0.0005255054113413246,0.0021941570204693315,0.0006911183685819585,4
colorferet,topofr_r100,64,512,webp,pose,0.00024157404714937223,0.005637110186195488,0.002176263721538586,4
colorferet,topofr_r100,64,512,webp,skin_tone,0.004036118068886886,0.008733213866949845,0.0017517922526792797,4
colorferet,topofr_r100,64,512,webp,gender,0.0025762169169813946,0.00932917994990999,0.0033764815164642973,2
colorferet,topofr_r100,64,512,webp,age,0.0012315266862480486,0.00656895964992938,0.0020113801703101814,4
colorferet,topofr_r100,96,1024,webp,pose,1.924698111101274e-06,0.0016648774535684536,0.0007170735627074926,4
colorferet,topofr_r100,96,1024,webp,skin_tone,0.0010953887917876863,0.003217664800926233,0.0007733258392337517,4
colorferet,topofr_r100,96,1024,webp,gender,0.0006106069790575907,0.0029229020619239788,0.001156147541433194,2
colorferet,topofr_r100,96,1024,webp,age,0.00023534042496890794,0.0018073429367327066,0.00057200723955079,4
colorferet,topofr_r100,96,512,webp,pose,0.0003556246273352039,0.005977434649724871,0.002252788764029707,4
colorferet,topofr_r100,96,512,webp,skin_tone,0.00442515746201819,0.010596096694025944,0.0022344675199931757,4
colorferet,topofr_r100,96,512,webp,gender,0.0030812981363644385,0.010206772155213656,0.0035627370094246085,2
colorferet,topofr_r100,96,512,webp,age,0.0015216916726204653,0.007858082192044244,0.0023259363149213423,4
colorferet,edgeface_xs,112,0,aligned,pose,1.924698111101274e-06,0.006709373130125656,0.0028644438543133227,4
colorferet,edgeface_xs,112,0,aligned,skin_tone,0.00284549276105727,0.009792464031031761,0.003160385736306224,4
colorferet,edgeface_xs,112,0,aligned,gender,0.0032725480235495045,0.008214523996807215,0.002470987986628855,2
colorferet,edgeface_xs,112,0,aligned,age,0.0022825375089306978,0.0058518829215276555,0.0014751341980310084,4
colorferet,edgeface_xs,168,0,aligned,pose,2.8870471666519107e-06,0.006247323513193247,0.0026644576894790896,4
colorferet,edgeface_xs,168,0,aligned,skin_tone,0.0026071740753949445,0.01010458839406208,0.0031790664720608933,4
colorferet,edgeface_xs,168,0,aligned,gender,0.003231092050085437,0.007457352232441277,0.0021131300911779198,2
colorferet,edgeface_xs,168,0,aligned,age,0.001992372522558281,0.005942921268670727,0.0015774818486163124,4
colorferet,edgeface_xs,224,0,aligned,pose,1.924698111101274e-06,0.006085960690108291,0.0025943164470865984,4
colorferet,edgeface_xs,224,0,aligned,skin_tone,0.002590083564046845,0.010087995840799982,0.003280815003178592,4
colorferet,edgeface_xs,224,0,aligned,gender,0.0033347651006239683,0.007271861889284701,0.001968548394330366,2
colorferet,edgeface_xs,224,0,aligned,age,0.0017570320975893732,0.006175686413133992,0.001759913459180078,4
colorferet,edgeface_xs,64,0,aligned,pose,5.774094333303821e-06,0.008765904931188624,0.0036865263376994113,4
colorferet,edgeface_xs,64,0,aligned,skin_tone,0.003930090181871368,0.011137344646123355,0.003476515365894518,4
colorferet,edgeface_xs,64,0,aligned,gender,0.004519626544125247,0.010382881535758228,0.0029316274958164903,2
colorferet,edgeface_xs,64,0,aligned,age,0.003439300925300732,0.008217902805642798,0.0020074089609839925,4
colorferet,edgeface_xs,96,0,aligned,pose,1.924698111101274e-06,0.006407219768164912,0.00274221067817624,4
colorferet,edgeface_xs,96,0,aligned,skin_tone,0.0030206719345775594,0.009965118765809015,0.003282163516983565,4
colorferet,edgeface_xs,96,0,aligned,gender,0.003416891210210602,0.008445070568841013,0.002514089679315206,2
colorferet,edgeface_xs,96,0,aligned,age,0.0017570320975893732,0.006100663568279534,0.0017984036309145318,4
colorferet,edgeface_xs,112,1024,avif,pose,0.00016295848879472957,0.0093878508030927,0.003790568784743254,4
colorferet,edgeface_xs,112,1024,avif,skin_tone,0.004920062645661779,0.016679387624167607,0.004654485630955604,4
colorferet,edgeface_xs,112,1024,avif,gender,0.005119786737620915,0.012456785481398506,0.0036684993718887953,2
colorferet,edgeface_xs,112,1024,avif,age,0.003098207906644439,0.008868405568402682,0.002438841329474338,4
colorferet,edgeface_xs,112,512,avif,pose,0.02108944366717893,0.06901395292902984,0.018110792512126175,4
colorferet,edgeface_xs,112,512,avif,skin_tone,0.05706224691168128,0.10147775122969256,0.015929690697966386,4
colorferet,edgeface_xs,112,512,avif,gender,0.055423224352438856,0.09135742726537105,0.017967101456466097,2
colorferet,edgeface_xs,112,512,avif,age,0.046195636355026326,0.08300632921602244,0.015847377617452377,4
colorferet,edgeface_xs,112,768,avif,pose,0.0012843892027662178,0.013150323964896226,0.004765496610476381,4
colorferet,edgeface_xs,112,768,avif,skin_tone,0.009603935244247675,0.023516533557517164,0.005437105351635678,4
colorferet,edgeface_xs,112,768,avif,gender,0.008638605689582177,0.019534463811552303,0.005447929060985063,2
colorferet,edgeface_xs,112,768,avif,age,0.006031942129078352,0.01504997298582502,0.0038055471115601355,4
colorferet,edgeface_xs,112,960,avif,pose,0.0003488881839463494,0.010389718477584972,0.004113183922041994,4
colorferet,edgeface_xs,112,960,avif,skin_tone,0.005570308501077422,0.01733682145675243,0.0048578615552734095,4
colorferet,edgeface_xs,112,960,avif,gender,0.005737482352178135,0.012945784967848388,0.0036041513078351266,2
colorferet,edgeface_xs,112,960,avif,age,0.0045650750178613956,0.00975933188218673,0.0022226094238055757,4
colorferet,edgeface_xs,168,1024,avif,pose,0.00020254856186669302,0.009569745579763707,0.0038605733723665737,4
colorferet,edgeface_xs,168,1024,avif,skin_tone,0.005178777782229487,0.01754939050021017,0.0052043907172131905,4
colorferet,edgeface_xs,168,1024,avif,gender,0.005433311968200577,0.012400634395745961,0.003483661213772692,2
colorferet,edgeface_xs,168,1024,avif,age,0.0030433833452409307,0.009262723114085708,0.0025059417080540098,4
colorferet,edgeface_xs,168,512,avif,pose,0.00919187980617977,0.04027974420118968,0.01246537671910777,4
colorferet,edgeface_xs,168,512,avif,skin_tone,0.03140074269714731,0.05337870474842002,0.007919204847181623,4
colorferet,edgeface_xs,168,512,avif,gender,0.028438129950626362,0.052463120729239685,0.012012495389306661,2
colorferet,edgeface_xs,168,512,avif,age,0.021816680801923477,0.04759761006744692,0.009891791771837233,4
colorferet,edgeface_xs,224,1024,avif,pose,0.0002338752547049671,0.010809237619231988,0.004410413240312596,4
colorferet,edgeface_xs,224,1024,avif,skin_tone,0.005481895909043423,0.01699151198719792,0.004574383983683908,4
colorferet,edgeface_xs,224,1024,avif,gender,0.005682701178813036,0.01361329547564384,0.003965297148415402,2
colorferet,edgeface_xs,224,1024,avif,age,0.0030433833452409307,0.009947530378481197,0.0030100368861431027,4
colorferet,edgeface_xs,224,512,avif,pose,0.0022064173348083777,0.02402849028545282,0.008789451329272379,4
colorferet,edgeface_xs,224,512,avif,skin_tone,0.01562947192547222,0.04061433006644396,0.009531900404490838,4
colorferet,edgeface_xs,224,512,avif,gender,0.014017641287306145,0.03162816127567832,0.008805259994186089,2
colorferet,edgeface_xs,224,512,avif,age,0.012118708819560214,0.0252239731528495,0.005579222215771959,4
colorferet,edgeface_xs,64,1024,avif,pose,0.00011693762735248356,0.011114364448042424,0.004585981777196809,4
colorferet,edgeface_xs,64,1024,avif,skin_tone,0.0053940122998367545,0.016400448367661483,0.004715182011843427,4
colorferet,edgeface_xs,64,1024,avif,gender,0.005839037758553753,0.013022863074072213,0.00359191265775923,2
colorferet,edgeface_xs,64,1024,avif,age,0.004720438300890418,0.010511465381536782,0.002423762261858,4
colorferet,edgeface_xs,64,512,avif,pose,0.017736609711038208,0.04865696825173348,0.012031322653416178,4
colorferet,edgeface_xs,64,512,avif,skin_tone,0.04175330169171115,0.08062100396008938,0.014013580478373812,4
colorferet,edgeface_xs,64,512,avif,gender,0.04006866149680796,0.06824568709106418,0.014088512797128111,2
colorferet,edgeface_xs,64,512,avif,age,0.0349998760465761,0.06009330751071365,0.010351512565384895,4
colorferet,edgeface_xs,96,1024,avif,pose,0.00020254856186669302,0.008138092786831391,0.0033171279754763312,4
colorferet,edgeface_xs,96,1024,avif,skin_tone,0.004774112544732698,0.01473354203078103,0.00417629554233003,4
colorferet,edgeface_xs,96,1024,avif,gender,0.005098851999905651,0.011665877945522644,0.0032835129728084967,2
colorferet,edgeface_xs,96,1024,avif,age,0.0035140641951787463,0.008643006790925396,0.0023524282759768774,4
colorferet,edgeface_xs,96,512,avif,pose,0.021025460361064112,0.06008664484413314,0.014339923337386628,4
colorferet,edgeface_xs,96,512,avif,skin_tone,0.054423338519516626,0.09936911425263453,0.01618452415355343,4
colorferet,edgeface_xs,96,512,avif,gender,0.05369850981736283,0.08382928850187929,0.01506538934225823,2
colorferet,edgeface_xs,96,512,avif,age,0.04455204293209305,0.08127972748685185,0.01491912297260804,4
colorferet,edgeface_xs,112,1024,heif,pose,0.00046582581129883297,0.011482513375101193,0.004546786604154063,4
colorferet,edgeface_xs,112,1024,heif,skin_tone,0.006872370901338005,0.018993864442527084,0.004719172895409485,4
colorferet,edgeface_xs,112,1024,heif,gender,0.00725204757333391,0.015601428099085966,0.004174690262876028,2
colorferet,edgeface_xs,112,1024,heif,age,0.005035755867799212,0.012566179214298166,0.0032428793453414964,4
colorferet,edgeface_xs,112,512,heif,pose,0.0839376511043253,0.15826459161944317,0.030999202507101423,4
colorferet,edgeface_xs,112,512,heif,skin_tone,0.14461796615886435,0.2278564080440698,0.02947461986892861,4
colorferet,edgeface_xs,112,512,heif,gender,0.15126340017277012,0.19486170460365448,0.02179915221544218,2
colorferet,edgeface_xs,112,512,heif,age,0.12640813853829738,0.195098457286782,0.026856518294446966,4
colorferet,edgeface_xs,112,768,heif,pose,0.003499467679074551,0.025169722261330706,0.008743162626374054,4
colorferet,edgeface_xs,112,768,heif,skin_tone,0.016106123215258734,0.038841139207834635,0.008133907563109615,4
colorferet,edgeface_xs,112,768,heif,gender,0.016636819618677884,0.03254166529270093,0.007952422837011523,2
colorferet,edgeface_xs,112,768,heif,age,0.010071511735598424,0.026873620603964574,0.007356385825660797,4
colorferet,edgeface_xs,112,960,heif,pose,0.0004667881603543836,0.01270733973343658,0.004932095834324369,4
colorferet,edgeface_xs,112,960,heif,skin_tone,0.008018291934447749,0.021587280517392685,0.004882574624212864,4
colorferet,edgeface_xs,112,960,heif,gender,0.008010074854661882,0.017522201979804235,0.004756063562571177,2
colorferet,edgeface_xs,112,960,heif,age,0.0045102504564578875,0.013214794452312585,0.003892592625189025,4
colorferet,edgeface_xs,168,1024,heif,pose,0.00034985053300190007,0.012485847617706757,0.004885728664132771,4
colorferet,edgeface_xs,168,1024,heif,skin_tone,0.0068241486421674845,0.02283577796951395,0.006154887209875702,4
colorferet,edgeface_xs,168,1024,heif,gender,0.007522503989175082,0.01577239579714058,0.004124945903982749,2
colorferet,edgeface_xs,168,1024,heif,age,0.002753218358868514,0.012650627346107286,0.004302748993185828,4
colorferet,edgeface_xs,168,512,heif,pose,0.040366602248146206,0.11188116691891638,0.02682909299054398,4
colorferet,edgeface_xs,168,512,heif,skin_tone,0.0977065705018409,0.14936063361430058,0.01833206273249026,4
colorferet,edgeface_xs,168,512,heif,gender,0.09333418292077891,0.14305559636150011,0.0248607067203606,2
colorferet,edgeface_xs,168,512,heif,age,0.08164497107499186,0.13451395220440773,0.020301255876665137,4
colorferet,edgeface_xs,224,1024,heif,pose,0.00023291290564941649,0.012435984301854917,0.004934236563145868,4
colorferet,edgeface_xs,224,1024,heif,skin_tone,0.007359288778464691,0.02043833838484399,0.004834800697993258,4
colorferet,edgeface_xs,224,1024,heif,gender,0.007815028248282754,0.016425270859538085,0.004305121305627666,2
colorferet,edgeface_xs,224,1024,heif,age,0.004329734592892488,0.012921132515285469,0.003867530300055509,4
colorferet,edgeface_xs,224,512,heif,pose,0.01731977277752058,0.06173099034411554,0.017951984455416497,4
colorferet,edgeface_xs,224,512,heif,skin_tone,0.048834307415005274,0.0916951505497666,0.015712966332712925,4
colorferet,edgeface_xs,224,512,heif,gender,0.04839559466494649,0.08086418305306303,0.016234294194058273,2
colorferet,edgeface_xs,224,512,heif,age,0.037266682859650666,0.07834677635768478,0.01591095792939878,4
colorferet,edgeface_xs,64,1024,heif,pose,0.0004503429215299157,0.012435984301854917,0.005023606309188301,4
colorferet,edgeface_xs,64,1024,heif,skin_tone,0.0064746802300859685,0.01759916815999646,0.004722141431101595,4
colorferet,edgeface_xs,64,1024,heif,gender,0.00692498234215693,0.014202588929393835,0.0036388032936184524,2
colorferet,edgeface_xs,64,1024,heif,age,0.005439212797624856,0.011861508142664118,0.0025157128852804967,4
colorferet,edgeface_xs,64,512,heif,pose,0.06470879383350191,0.13821118654159775,0.0284885172726092,4
colorferet,edgeface_xs,64,512,heif,skin_tone,0.12189091132811694,0.1926580717240769,0.025145558766370618,4
colorferet,edgeface_xs,64,512,heif,gender,0.12457720619366706,0.158973680755706,0.01719823728101947,2
colorferet,edgeface_xs,64,512,heif,age,0.10230767576936307,0.1647239818396421,0.025981913516275486,4
colorferet,edgeface_xs,96,1024,heif,pose,0.00034985053300190007,0.012051662794926848,0.004819411538767458,4
colorferet,edgeface_xs,96,1024,heif,skin_tone,0.006973178719298616,0.018313108854523866,0.004424445639361763,4
colorferet,edgeface_xs,96,1024,heif,gender,0.007457755765971245,0.014835224717857733,0.003688734475943244,2
colorferet,edgeface_xs,96,1024,heif,age,0.004800415442830304,0.012351372826267984,0.003394079591658701,4
colorferet,edgeface_xs,96,512,heif,pose,0.08194539308568617,0.161534136572689,0.032847857660648516,4
colorferet,edgeface_xs,96,512,heif,skin_tone,0.15018587257380545,0.2308319137482209,0.028554658367631495,4
colorferet,edgeface_xs,96,512,heif,gender,0.1561627071789962,0.1940856690586303,0.01896148093981706,2
colorferet,edgeface_xs,96,512,heif,age,0.13370125013042222,0.19592711288409842,0.024710882012901943,4
colorferet,edgeface_xs,112,1024,jpeg2000,pose,0.022901069274530037,0.05183709288069175,0.012745995160718188,4
colorferet,edgeface_xs,112,1024,jpeg2000,skin_tone,0.05186965385633271,0.09845919706791148,0.016495165470053495,4
colorferet,edgeface_xs,112,1024,jpeg2000,gender,0.050771174649288486,0.08922645888684858,0.019227642118780044,2
colorferet,edgeface_xs,112,1024,jpeg2000,age,0.03331274311343971,0.08580872637093165,0.02030106638984499,4
colorferet,edgeface_xs,112,512,jpeg2000,pose,0.1123232172070382,0.18469283097509182,0.03058925270895237,4
colorferet,edgeface_xs,112,512,jpeg2000,skin_tone,0.18408333715726516,0.2708184000353975,0.03163667091630694,4
colorferet,edgeface_xs,112,512,jpeg2000,gender,0.18604777571323539,0.23793080108135733,0.025941512684060974,2
colorferet,edgeface_xs,112,512,jpeg2000,age,0.160337017436977,0.22839335423553903,0.0265392971875066,4
colorferet,edgeface_xs,112,768,jpeg2000,pose,0.04662877388454973,0.10808940272547019,0.02543398205926991,4
colorferet,edgeface_xs,112,768,jpeg2000,skin_tone,0.09563112746514373,0.16154067387889648,0.023357582760460203,4
colorferet,edgeface_xs,112,768,jpeg2000,gender,0.09624726745241036,0.14617747431929526,0.02496510343344245,2
colorferet,edgeface_xs,112,768,jpeg2000,age,0.07758353510094997,0.1400874116864485,0.026297234657573127,4
colorferet,edgeface_xs,112,960,jpeg2000,pose,0.022901069274530037,0.051737325918364954,0.012717412666158567,4
colorferet,edgeface_xs,112,960,jpeg2000,skin_tone,0.05195580108600531,0.09866503690921292,0.016539669118573425,4
colorferet,edgeface_xs,112,960,jpeg2000,gender,0.05086560738525998,0.08927460450316448,0.01920449855895225,2
colorferet,edgeface_xs,112,960,jpeg2000,age,0.0332579185520362,0.08587632299112555,0.020340807494957324,4
colorferet,edgeface_xs,168,1024,jpeg2000,pose,0.01670972758989333,0.048922457410861986,0.012894044773397955,4
colorferet,edgeface_xs,168,1024,jpeg2000,skin_tone,0.0434616892584781,0.08158383295354822,0.014008084936649593,4
colorferet,edgeface_xs,168,1024,jpeg2000,gender,0.04325179607400102,0.07349820597135556,0.01512320494867727,2
colorferet,edgeface_xs,168,1024,jpeg2000,age,0.03244224815432246,0.07279028795531964,0.016635823812758545,4
colorferet,edgeface_xs,168,512,jpeg2000,pose,0.0953359726795196,0.15281516182112562,0.022377385554849735,4
colorferet,edgeface_xs,168,512,jpeg2000,skin_tone,0.15599342848202102,0.22474189361592295,0.025304355870183298,4
colorferet,edgeface_xs,168,512,jpeg2000,gender,0.15862376061919564,0.20671445933047083,0.024045349355637596,2
colorferet,edgeface_xs,168,512,jpeg2000,age,0.13081066130290045,0.1991234808359434,0.0264585735926117,4
colorferet,edgeface_xs,224,1024,jpeg2000,pose,0.013958414405020629,0.04525531117642228,0.01260376633136454,4
colorferet,edgeface_xs,224,1024,jpeg2000,skin_tone,0.04214090711918811,0.08042502746989373,0.013729971918203535,4
colorferet,edgeface_xs,224,1024,jpeg2000,gender,0.04079347961288803,0.0725109388361398,0.01585872961162588,2
colorferet,edgeface_xs,224,1024,jpeg2000,age,0.02693581143658543,0.07171062647447274,0.017349800863497588,4
colorferet,edgeface_xs,224,512,jpeg2000,pose,0.09505109292487045,0.16058070597655838,0.027160736192923335,4
colorferet,edgeface_xs,224,512,jpeg2000,skin_tone,0.15900857373447005,0.23800763994896867,0.028601230089228442,4
colorferet,edgeface_xs,224,512,jpeg2000,gender,0.15979095417412192,0.21342538530957178,0.026817215567724928,2
colorferet,edgeface_xs,224,512,jpeg2000,age,0.13541549958282884,0.20555200377843952,0.027504246136921668,4
colorferet,edgeface_xs,64,1024,jpeg2000,pose,0.04421880750738931,0.08696084189809111,0.01765429134248825,4
colorferet,edgeface_xs,64,1024,jpeg2000,skin_tone,0.0872093615126319,0.14389172805911374,0.020055604631684352,4
colorferet,edgeface_xs,64,1024,jpeg2000,gender,0.08796976316318597,0.12813608861501558,0.020083162725914802,2
colorferet,edgeface_xs,64,1024,jpeg2000,age,0.07201112000173607,0.1232428735271486,0.02054624108123647,4
colorferet,edgeface_xs,64,512,jpeg2000,pose,0.1598461111010191,0.23019749906139642,0.027229599774018454,4
colorferet,edgeface_xs,64,512,jpeg2000,skin_tone,0.2343916051790132,0.31236910319093236,0.03011375080747485,4
colorferet,edgeface_xs,64,512,jpeg2000,gender,0.2345071823610524,0.28453565828156013,0.02501423796025387,2
colorferet,edgeface_xs,64,512,jpeg2000,age,0.20601400006577766,0.2729894850914,0.024969366566981444,4
colorferet,edgeface_xs,96,1024,jpeg2000,pose,0.016957880664221218,0.047440941302077835,0.013392728655342285,4
colorferet,edgeface_xs,96,1024,jpeg2000,skin_tone,0.04459886977388683,0.08930757431620244,0.015911517016479373,4
colorferet,edgeface_xs,96,1024,jpeg2000,gender,0.04320718961948403,0.0746689002098149,0.015730855295165436,2
colorferet,edgeface_xs,96,1024,jpeg2000,age,0.03244224815432246,0.07399057035554539,0.016632320681660314,4
colorferet,edgeface_xs,96,512,jpeg2000,pose,0.10184596141483049,0.1763537376954935,0.02973256833493532,4
colorferet,edgeface_xs,96,512,jpeg2000,skin_tone,0.1923461384311076,0.25930925200769894,0.025161999757004706,4
colorferet,edgeface_xs,96,512,jpeg2000,gender,0.18904194984545888,0.23310543586275512,0.022031743008648116,2
colorferet,edgeface_xs,96,512,jpeg2000,age,0.16114215274276594,0.2364314363444265,0.027961214482736377,4
colorferet,edgeface_xs,112,1024,jpeg,pose,0.0003488881839463494,0.014146325366935341,0.005664714313442458,4
colorferet,edgeface_xs,112,1024,jpeg,skin_tone,0.008562490655786013,0.022975247597767014,0.005195778563589994,4
colorferet,edgeface_xs,112,1024,jpeg,gender,0.008004599060436674,0.019464365027139486,0.005729882983351406,2
colorferet,edgeface_xs,112,1024,jpeg,age,0.005973595700993466,0.014250287613565029,0.0037834234333526486,4
colorferet,edgeface_xs,112,512,jpeg,pose,0.18678936501903085,0.3590530992983938,0.07001342803047174,4
colorferet,edgeface_xs,112,512,jpeg,skin_tone,0.27984645699763483,0.39651676216602877,0.04233936090812995,4
colorferet,edgeface_xs,112,512,jpeg,gender,0.29255713018497276,0.3180943237463184,0.012768596780672825,2
colorferet,edgeface_xs,112,512,jpeg,age,0.2505660307990898,0.3340372334602526,0.02994105358008919,4
colorferet,edgeface_xs,112,768,jpeg,pose,0.004928702631804221,0.037268315235882817,0.01296764094492275,4
colorferet,edgeface_xs,112,768,jpeg,skin_tone,0.02309821980001825,0.053222642566904864,0.010729939246738946,4
colorferet,edgeface_xs,112,768,jpeg,gender,0.0223511421886297,0.04772087770171918,0.012684867756544739,2
colorferet,edgeface_xs,112,768,jpeg,age,0.01705928836578577,0.03997987781473615,0.009485243120828032,4
colorferet,edgeface_xs,112,960,jpeg,pose,0.0005837257877068672,0.016532875324111553,0.006466948137598628,4
colorferet,edgeface_xs,112,960,jpeg,skin_tone,0.009723328941867275,0.025396008937855357,0.005548511137418544,4
colorferet,edgeface_xs,112,960,jpeg,gender,0.00870941684308255,0.022059166591418516,0.006674874874167984,2
colorferet,edgeface_xs,112,960,jpeg,age,0.006086766690481861,0.016983309756287333,0.0044538857877534565,4
colorferet,edgeface_xs,168,1024,jpeg,pose,0.003066507051623226,0.022593944686917042,0.007972311349351939,4
colorferet,edgeface_xs,168,1024,jpeg,skin_tone,0.015308085986339343,0.03587909190799614,0.007313593404108474,4
colorferet,edgeface_xs,168,1024,jpeg,gender,0.01422256364260198,0.031859733995237755,0.008818585176317888,2
colorferet,edgeface_xs,168,1024,jpeg,age,0.011270689478806772,0.025132327865382463,0.005543158248053064,4
colorferet,edgeface_xs,168,512,jpeg,pose,0.10369675412230367,0.2319298789787993,0.05098174924287281,4
colorferet,edgeface_xs,168,512,jpeg,skin_tone,0.17724873771978786,0.22206864892369638,0.017734521883880913,4
colorferet,edgeface_xs,168,512,jpeg,gender,0.17463423328087288,0.22499749740842134,0.02518163206377423,2
colorferet,edgeface_xs,168,512,jpeg,age,0.13889258600180354,0.22870433767299092,0.036809243291443486,4
colorferet,edgeface_xs,224,1024,jpeg,pose,0.020215266113597335,0.07164688632923868,0.021133829011454008,4
colorferet,edgeface_xs,224,1024,jpeg,skin_tone,0.05115645269674466,0.08996187399983777,0.014475533627827332,4
colorferet,edgeface_xs,224,1024,jpeg,gender,0.050776177839477424,0.08697769730878135,0.018100759734651965,2
colorferet,edgeface_xs,224,1024,jpeg,age,0.03868647307503355,0.08662679439074987,0.01909824963743282,4
colorferet,edgeface_xs,224,512,jpeg,pose,0.07549476913495773,0.1983799592000751,0.04993490465677982,4
colorferet,edgeface_xs,224,512,jpeg,skin_tone,0.14583217678065263,0.20049482681061628,0.020915491918562134,4
colorferet,edgeface_xs,224,512,jpeg,gender,0.1454224023047322,0.18646959387759313,0.020523595786430468,2
colorferet,edgeface_xs,224,512,jpeg,age,0.11249719463714966,0.19673240314065882,0.030707221917706046,4
colorferet,edgeface_xs,64,1024,jpeg,pose,0.0004494658773544722,0.014784403488085601,0.005912111675393456,4
colorferet,edgeface_xs,64,1024,jpeg,skin_tone,0.00864767262938114,0.019724397690316586,0.0048849268515119134,4
colorferet,edgeface_xs,64,1024,jpeg,gender,0.008478232522785806,0.019169199754070797,0.005345483615642495,2
colorferet,edgeface_xs,64,1024,jpeg,age,0.0063697414437822114,0.014272716957436886,0.0037028204651148333,4
colorferet,edgeface_xs,64,512,jpeg,pose,0.038435095566295166,0.11271144612415379,0.030122896497687585,4
colorferet,edgeface_xs,64,512,jpeg,skin_tone,0.0852113084050399,0.15382052756944903,0.02446166341618124,4
colorferet,edgeface_xs,64,512,jpeg,gender,0.08844366869224891,0.12196207119322669,0.016759201250488888,2
colorferet,edgeface_xs,64,512,jpeg,age,0.07376965942985914,0.12074687650972346,0.01809914403274036,4
colorferet,edgeface_xs,96,1024,jpeg,pose,0.00023483760376051777,0.012213025618011804,0.0049527198030943085,4
colorferet,edgeface_xs,96,1024,jpeg,skin_tone,0.0068837394685306,0.01826333119473758,0.004384020844409566,4
colorferet,edgeface_xs,96,1024,jpeg,gender,0.007005429376712417,0.015753069870436634,0.0043738202468621085,2
colorferet,edgeface_xs,96,1024,jpeg,age,0.004640392432443089,0.011522253570895844,0.003176619318732893,4
colorferet,edgeface_xs,96,512,jpeg,pose,0.11421297283415809,0.2189291449614586,0.04337963549316244,4
colorferet,edgeface_xs,96,512,jpeg,skin_tone,0.18431750172379674,0.2730732358428648,0.03493705343150643,4
colorferet,edgeface_xs,96,512,jpeg,gender,0.18605880963486865,0.22638340408201713,0.020162297223574238,2
colorferet,edgeface_xs,96,512,jpeg,age,0.16362254156599024,0.22602681072004055,0.023094860547210584,4
colorferet,edgeface_xs,112,1024,jpeg_ai,pose,1.6368912930863488e-05,0.009314522397428226,0.003866715366623512,4
colorferet,edgeface_xs,112,1024,jpeg_ai,skin_tone,0.004533775698504758,0.015480667831832629,0.004652146975400267,4
colorferet,edgeface_xs,112,1024,jpeg_ai,gender,0.005189868229380947,0.010797091756489293,0.002803611763554173,2
colorferet,edgeface_xs,112,1024,jpeg_ai,age,0.0029885587838374217,0.008764022503397072,0.0021910989025663826,4
colorferet,edgeface_xs,112,512,jpeg_ai,pose,0.00046707940028845827,0.013983495975737097,0.005582870358874615,4
colorferet,edgeface_xs,112,512,jpeg_ai,skin_tone,0.008283723183477488,0.01960152061532562,0.004945158748643547,4
colorferet,edgeface_xs,112,512,jpeg_ai,gender,0.009295889194560225,0.017182329823608032,0.003943220314523903,2
colorferet,edgeface_xs,112,512,jpeg_ai,age,0.005561261279140537,0.015035782031813182,0.004264512218227527,4
colorferet,edgeface_xs,168,1024,jpeg_ai,pose,2.2663531544802968e-05,0.007290255094857626,0.0030597522234435924,4
colorferet,edgeface_xs,168,1024,jpeg_ai,skin_tone,0.0039943458107177705,0.013568007344970243,0.004086625697199655,4
colorferet,edgeface_xs,168,1024,jpeg_ai,gender,0.005010305448504341,0.00986072122414011,0.0024252078878178847,2
colorferet,edgeface_xs,168,1024,jpeg_ai,age,0.002753218358868514,0.0088478812753363,0.002502577782596334,4
colorferet,edgeface_xs,168,512,jpeg_ai,pose,0.0006059103621872746,0.010828303004704751,0.004217204381778843,4
colorferet,edgeface_xs,168,512,jpeg_ai,skin_tone,0.007613956436825661,0.017449835180637596,0.004516139553195096,4
colorferet,edgeface_xs,168,512,jpeg_ai,gender,0.008027291467554973,0.01494752688916282,0.003460117710803924,2
colorferet,edgeface_xs,168,512,jpeg_ai,age,0.00586987202797604,0.012826504775899885,0.0025140430498060175,4
colorferet,edgeface_xs,224,1024,jpeg_ai,pose,1.7331790162090754e-05,0.0079122009667617,0.0032833047442438717,4
colorferet,edgeface_xs,224,1024,jpeg_ai,skin_tone,0.003705332961495679,0.015185136022064408,0.004818610633982803,4
colorferet,edgeface_xs,224,1024,jpeg_ai,gender,0.004739333744497248,0.01010407654711255,0.002682371401307651,2
colorferet,edgeface_xs,224,1024,jpeg_ai,age,0.002753218358868514,0.008527504710422004,0.0022793357349661764,4
colorferet,edgeface_xs,224,512,jpeg_ai,pose,0.0002454085561899639,0.01639941762580221,0.006665358999235759,4
colorferet,edgeface_xs,224,512,jpeg_ai,skin_tone,0.009356023186103964,0.023672595739032323,0.005501993814890651,4
colorferet,edgeface_xs,224,512,jpeg_ai,gender,0.009779288895763127,0.02012684665274097,0.005173778878488921,2
colorferet,edgeface_xs,224,512,jpeg_ai,age,0.004980931306395703,0.01697517125915949,0.005299090658241221,4
colorferet,edgeface_xs,64,1024,jpeg_ai,pose,0.0020975243537575397,0.02267460593314796,0.007798867009048432,4
colorferet,edgeface_xs,64,1024,jpeg_ai,skin_tone,0.01590070593006621,0.03593559876993872,0.007139578236786067,4
colorferet,edgeface_xs,64,1024,jpeg_ai,gender,0.015615695615855742,0.030910441911653944,0.007647373147899101,2
colorferet,edgeface_xs,64,1024,jpeg_ai,age,0.015569739802486183,0.023892925782275712,0.0033470772898024494,4
colorferet,edgeface_xs,64,512,jpeg_ai,pose,0.0022157971442112023,0.024744336847230534,0.008591184040306132,4
colorferet,edgeface_xs,64,512,jpeg_ai,skin_tone,0.017879295141150317,0.03811060596004513,0.007229815079468252,4
colorferet,edgeface_xs,64,512,jpeg_ai,gender,0.01719103796874097,0.033449903882075846,0.008129432956667439,2
colorferet,edgeface_xs,64,512,jpeg_ai,age,0.017447337338848914,0.025937047225589996,0.0031987764109032172,4
colorferet,edgeface_xs,96,1024,jpeg_ai,pose,0.0002330582615286155,0.00956094617108397,0.0038584562018629614,4
colorferet,edgeface_xs,96,1024,jpeg_ai,skin_tone,0.003930090181871368,0.01599863203616439,0.0050230495309799925,4
colorferet,edgeface_xs,96,1024,jpeg_ai,gender,0.005932203390706702,0.012403836583480623,0.0032358165963869605,2
colorferet,edgeface_xs,96,1024,jpeg_ai,age,0.002517877933899606,0.010359320572437297,0.002874552309670521,4
colorferet,edgeface_xs,96,512,jpeg_ai,pose,0.00044265710784722144,0.01567330508723147,0.006280319625121071,4
colorferet,edgeface_xs,96,512,jpeg_ai,skin_tone,0.00911712891575138,0.021597143868498484,0.005117735595456453,4
colorferet,edgeface_xs,96,512,jpeg_ai,gender,0.00941671515483225,0.019728760170979194,0.005156022508073472,2
colorferet,edgeface_xs,96,512,jpeg_ai,age,0.006557447540419677,0.01614295930174907,0.004535478278816612,4
colorferet,edgeface_xs,112,1024,jpeg_fzt,pose,0.00040226926137110295,0.012961096347658772,0.005289404435168745,4
colorferet,edgeface_xs,112,1024,jpeg_fzt,skin_tone,0.007252427030546661,0.02179312035869413,0.005356856076618657,4
colorferet,edgeface_xs,112,1024,jpeg_fzt,gender,0.006962120694112334,0.016874130199008724,0.004956004752448195,2
colorferet,edgeface_xs,112,1024,jpeg_fzt,age,0.006031942129078352,0.011439591976503644,0.0026755138559516763,4
colorferet,edgeface_xs,112,512,jpeg_fzt,pose,0.030873987608750424,0.09479384818673518,0.025423861472253003,4
colorferet,edgeface_xs,112,512,jpeg_fzt,skin_tone,0.07783465566767721,0.15082842931203588,0.02657929160635887,4
colorferet,edgeface_xs,112,512,jpeg_fzt,gender,0.07557282505994678,0.12336925423314343,0.023898214586598326,2
colorferet,edgeface_xs,112,512,jpeg_fzt,age,0.06411725481643338,0.11081819280947197,0.01768364458402819,4
colorferet,edgeface_xs,112,768,jpeg_fzt,pose,0.0013686069622299798,0.024360015340302466,0.009443195106360684,4
colorferet,edgeface_xs,112,768,jpeg_fzt,skin_tone,0.015487039808993783,0.03760250510681917,0.008242596230466706,4
colorferet,edgeface_xs,112,768,jpeg_fzt,gender,0.013254775482154908,0.03006796097113555,0.008406592744490323,2
colorferet,edgeface_xs,112,768,jpeg_fzt,age,0.011359104286366111,0.023127567982418787,0.004486279979363989,4
colorferet,edgeface_xs,112,960,jpeg_fzt,pose,0.0004667881603543836,0.014366350914551875,0.005748178517092038,4
colorferet,edgeface_xs,112,960,jpeg_fzt,skin_tone,0.008055734276911091,0.023934942442276348,0.005791853627271453,4
colorferet,edgeface_xs,112,960,jpeg_fzt,gender,0.0074864325090141905,0.018914636774027046,0.005714102132506427,2
colorferet,edgeface_xs,112,960,jpeg_fzt,age,0.005561261279140537,0.01294974132308686,0.0033919696253816418,4
colorferet,edgeface_xs,168,1024,jpeg_fzt,pose,0.0003652481178907102,0.010818037027911724,0.004346688901008066,4
colorferet,edgeface_xs,168,1024,jpeg_fzt,skin_tone,0.006227227638264174,0.020627585672883343,0.005429191998547236,4
colorferet,edgeface_xs,168,1024,jpeg_fzt,gender,0.006337336444055486,0.014009093116900607,0.003835878336422561,2
colorferet,edgeface_xs,168,1024,jpeg_fzt,age,0.004993244701815582,0.010112308802162077,0.00245930194292955,4
colorferet,edgeface_xs,168,512,jpeg_fzt,pose,0.10346909357145964,0.18619190557061233,0.033286562972376546,4
colorferet,edgeface_xs,168,512,jpeg_fzt,skin_tone,0.15466136701511873,0.25370760602641534,0.03655401685683192,4
colorferet,edgeface_xs,168,512,jpeg_fzt,gender,0.1562147012389442,0.20225583551805973,0.02302056713955776,2
colorferet,edgeface_xs,168,512,jpeg_fzt,age,0.13889790444011052,0.1922203753362547,0.019303793805792235,4
colorferet,edgeface_xs,224,1024,jpeg_fzt,pose,0.00024349874526047348,0.012075127884739478,0.004796572736488035,4
colorferet,edgeface_xs,224,1024,jpeg_fzt,skin_tone,0.0067156408837017465,0.020315461309853025,0.005334055341029847,4
colorferet,edgeface_xs,224,1024,jpeg_fzt,gender,0.006767967325422854,0.015297005608563004,0.004264519141570076,2
colorferet,edgeface_xs,224,1024,jpeg_fzt,age,0.0045102504564578875,0.011318427675588823,0.002996104607547396,4
colorferet,edgeface_xs,224,512,jpeg_fzt,pose,0.15212847735733398,0.2856033974516913,0.054715597188731216,4
colorferet,edgeface_xs,224,512,jpeg_fzt,skin_tone,0.2351549480558694,0.33691170180600727,0.037399004494195226,4
colorferet,edgeface_xs,224,512,jpeg_fzt,gender,0.23908506459669235,0.28594136397276726,0.023428149688037456,2
colorferet,edgeface_xs,224,512,jpeg_fzt,age,0.20476391756404144,0.28902714700929527,0.029932517882439974,4
colorferet,edgeface_xs,64,1024,jpeg_fzt,pose,0.0009316516225976659,0.026978323390001523,0.010469306970290776,4
colorferet,edgeface_xs,64,1024,jpeg_fzt,skin_tone,0.015225877966499584,0.03760250510681917,0.008843761510027422,4
colorferet,edgeface_xs,64,1024,jpeg_fzt,gender,0.01569439121780289,0.02994673998326416,0.007126174382730636,2
colorferet,edgeface_xs,64,1024,jpeg_fzt,age,0.011248213860442963,0.024334997795249662,0.006392972586652301,4
colorferet,edgeface_xs,64,512,jpeg_fzt,pose,0.015464168324769656,0.07130806876444569,0.021736330574382304,4
colorferet,edgeface_xs,64,512,jpeg_fzt,skin_tone,0.05435859761661703,0.11293039239544847,0.021540915001823393,4
colorferet,edgeface_xs,64,512,jpeg_fzt,gender,0.053924010674424996,0.08446420218598645,0.015270095755780727,2
colorferet,edgeface_xs,64,512,jpeg_fzt,age,0.045161165464382896,0.07805804138529635,0.01280202261225419,4
colorferet,edgeface_xs,96,1024,jpeg_fzt,pose,0.00013425991035239505,0.013731205929628195,0.005679590589755828,4
colorferet,edgeface_xs,96,1024,jpeg_fzt,skin_tone,0.007350411536988726,0.022344269669550082,0.00617505371677169,4
colorferet,edgeface_xs,96,1024,jpeg_fzt,gender,0.008213037100473556,0.016912669252120635,0.0043498160758235396,2
colorferet,edgeface_xs,96,1024,jpeg_fzt,age,0.005822490322640364,0.013055631670253323,0.003506522376819904,4
colorferet,edgeface_xs,96,512,jpeg_fzt,pose,0.018278370173673668,0.07178189125690754,0.02123760771926179,4
colorferet,edgeface_xs,96,512,jpeg_fzt,skin_tone,0.056320494569567725,0.10826511950325582,0.01875920500308645,4
colorferet,edgeface_xs,96,512,jpeg_fzt,gender,0.05517868263338886,0.08998363065121452,0.01740247400891283,2
colorferet,edgeface_xs,96,512,jpeg_fzt,age,0.044679050194191196,0.0841216770922682,0.015208989714490523,4
colorferet,edgeface_xs,112,1024,jpeg_xl,pose,0.0002338752547049671,0.012312752249715486,0.004835096005875214,4
colorferet,edgeface_xs,112,1024,jpeg_xl,skin_tone,0.007387959901898751,0.020833425514184788,0.005228604878222937,4
colorferet,edgeface_xs,112,1024,jpeg_xl,gender,0.0075651593019471115,0.015841355633731766,0.004138098165892327,2
colorferet,edgeface_xs,112,1024,jpeg_xl,age,0.002698393797465005,0.012393633588407716,0.004087629302219157,4
colorferet,edgeface_xs,112,512,jpeg_xl,pose,0.014305377890855876,0.05998985134865603,0.018585207299380842,4
colorferet,edgeface_xs,112,512,jpeg_xl,skin_tone,0.04504387598648392,0.08452255849796833,0.014018201889985754,4
colorferet,edgeface_xs,112,512,jpeg_xl,gender,0.04466389655166542,0.07307255154809947,0.014204327498217022,2
colorferet,edgeface_xs,112,512,jpeg_xl,age,0.03396377903542207,0.0707035677040601,0.015214511693390489,4
colorferet,edgeface_xs,112,768,jpeg_xl,pose,0.0024162338631245786,0.01978490212124412,0.007011082977195626,4
colorferet,edgeface_xs,112,768,jpeg_xl,skin_tone,0.013508733099165221,0.03434492599721245,0.008061323335361813,4
colorferet,edgeface_xs,112,768,jpeg_xl,gender,0.014947464091864891,0.027144596763165878,0.006098566335650493,2
colorferet,edgeface_xs,112,768,jpeg_xl,age,0.0072634688153264005,0.025613473693761504,0.007405709047270724,4
colorferet,edgeface_xs,112,960,jpeg_xl,pose,0.0005837257877068672,0.013687208886229513,0.0052753485118467915,4
colorferet,edgeface_xs,112,960,jpeg_xl,skin_tone,0.008115143759709113,0.02527313186286439,0.00645072163028568,4
colorferet,edgeface_xs,112,960,jpeg_xl,gender,0.008322508146281724,0.01821739322939,0.004947442541554137,2
colorferet,edgeface_xs,112,960,jpeg_xl,age,0.0030433833452409307,0.014791839192993386,0.004669245992429233,4
colorferet,edgeface_xs,168,1024,jpeg_xl,pose,0.001163602179191532,0.013338125344643507,0.004995805017419937,4
colorferet,edgeface_xs,168,1024,jpeg_xl,skin_tone,0.009628831718547583,0.022072059615200257,0.0045704902350091154,4
colorferet,edgeface_xs,168,1024,jpeg_xl,gender,0.009350487040562374,0.019383284186247338,0.005016398572842482,2
colorferet,edgeface_xs,168,1024,jpeg_xl,age,0.0057966017041094445,0.015903202325728324,0.004569848343150521,4
colorferet,edgeface_xs,168,512,jpeg_xl,pose,0.003394078240388675,0.029737502639822604,0.010509813960806863,4
colorferet,edgeface_xs,168,512,jpeg_xl,skin_tone,0.02271970365891062,0.04092645442947428,0.00670708751360328,4
colorferet,edgeface_xs,168,512,jpeg_xl,gender,0.019283838721420463,0.04023596847264532,0.01047606487561243,2
colorferet,edgeface_xs,168,512,jpeg_xl,age,0.015826133283708875,0.03502499790892553,0.00715746697590079,4
colorferet,edgeface_xs,224,1024,jpeg_xl,pose,0.00046582581129883297,0.013762003860007274,0.005422220719470709,4
colorferet,edgeface_xs,224,1024,jpeg_xl,skin_tone,0.009091275577652158,0.020833425514184788,0.004705941755436171,4
colorferet,edgeface_xs,224,1024,jpeg_xl,gender,0.00933613613545825,0.019552075844092937,0.005107969854317343,2
colorferet,edgeface_xs,224,1024,jpeg_xl,age,0.005035755867799212,0.015114476761932297,0.00466096689096043,4
colorferet,edgeface_xs,224,512,jpeg_xl,pose,0.0005837257877068672,0.01729711863362782,0.006833345618881708,4
colorferet,edgeface_xs,224,512,jpeg_xl,skin_tone,0.01093540806066456,0.024426450742240216,0.005360359282142905,4
colorferet,edgeface_xs,224,512,jpeg_xl,gender,0.010533255907066047,0.023338960813448273,0.006402852453191113,2
colorferet,edgeface_xs,224,512,jpeg_xl,age,0.0075344840363259225,0.019199850333583936,0.004654077924744056,4
colorferet,edgeface_xs,64,1024,jpeg_xl,pose,0.00025600928298263176,0.012066328476059741,0.00481931255312696,4
colorferet,edgeface_xs,64,1024,jpeg_xl,skin_tone,0.006878349510177012,0.017795144650192107,0.004378001408167271,4
colorferet,edgeface_xs,64,1024,jpeg_xl,gender,0.0068733194509925325,0.014914704464882553,0.0040206925069450105,2
colorferet,edgeface_xs,64,1024,jpeg_xl,age,0.00440060133365087,0.011059054639389844,0.0028377597102706067,4
colorferet,edgeface_xs,64,512,jpeg_xl,pose,0.008453310213517728,0.036832663844989615,0.011245787468138415,4
colorferet,edgeface_xs,64,512,jpeg_xl,skin_tone,0.03107875132466261,0.06275275989469259,0.01124709403544508,4
colorferet,edgeface_xs,64,512,jpeg_xl,gender,0.03227307151305338,0.05084116551050872,0.00928404699872767,2
colorferet,edgeface_xs,64,512,jpeg_xl,age,0.018637373977931252,0.05253889943617725,0.013573972230157858,4
colorferet,edgeface_xs,96,1024,jpeg_xl,pose,0.00036332341977960895,0.011913765061654523,0.004789493044009503,4
colorferet,edgeface_xs,96,1024,jpeg_xl,skin_tone,0.006391914261089062,0.01986386731856965,0.00506770978093307,4
colorferet,edgeface_xs,96,1024,jpeg_xl,gender,0.006694236590991954,0.015469687200780938,0.004387725304894492,2
colorferet,edgeface_xs,96,1024,jpeg_xl,age,0.0035140641951787463,0.011438746780556654,0.0035910201757633183,4
colorferet,edgeface_xs,96,512,jpeg_xl,pose,0.011536406447562746,0.04839143876198186,0.015105488285848881,4
colorferet,edgeface_xs,96,512,jpeg_xl,skin_tone,0.036729365170348575,0.07573643282228269,0.013794219078478045,4
colorferet,edgeface_xs,96,512,jpeg_xl,gender,0.03653475593673168,0.06457443022590634,0.014019837144587328,2
colorferet,edgeface_xs,96,512,jpeg_xl,age,0.026700471011616524,0.06414921993794055,0.015024756384831535,4
colorferet,edgeface_xs,112,1024,neural_bmshj2018,pose,0.0,0.016543950549950004,0.0071637407276051186,4
colorferet,edgeface_xs,112,1024,neural_bmshj2018,skin_tone,0.006986034902286149,0.02208289794496691,0.007548431521340381,2
colorferet,edgeface_xs,112,1024,neural_bmshj2018,gender,0.013253739536160287,0.014003133568350961,0.0003746970160953371,2
colorferet,edgeface_xs,112,1024,neural_bmshj2018,age,0.0,0.012932792170555478,0.005288966747788204,4
colorferet,edgeface_xs,112,512,neural_bmshj2018,pose,0.0,0.016543950549950004,0.006255342859432232,4
colorferet,edgeface_xs,112,512,neural_bmshj2018,skin_tone,0.027944139609144596,0.031229536746778124,0.0016426985688167643,2
colorferet,edgeface_xs,112,512,neural_bmshj2018,gender,0.02547078701797722,0.028006267136701922,0.0012677400593623517,2
colorferet,edgeface_xs,112,512,neural_bmshj2018,age,0.0,0.03343984555197329,0.013354228866078054,4
colorferet,edgeface_xs,168,1024,neural_bmshj2018,pose,0.0,0.016543950549950004,0.0071637407276051186,4
colorferet,edgeface_xs,168,1024,neural_bmshj2018,skin_tone,0.006986034902286149,0.019404388714733545,0.006209176906223698,2
colorferet,edgeface_xs,168,1024,neural_bmshj2018,gender,0.012839560175655277,0.014003133568350961,0.0005817866963478422,2
colorferet,edgeface_xs,168,1024,neural_bmshj2018,age,0.0,0.016719922775986645,0.007125843646155452,4
colorferet,edgeface_xs,168,512,neural_bmshj2018,pose,0.0,0.041193224858346214,0.016302257758709224,4
colorferet,edgeface_xs,168,512,neural_bmshj2018,skin_tone,0.027944139609144596,0.047399860675722744,0.009727860533289074,2
colorferet,edgeface_xs,168,512,neural_bmshj2018,gender,0.03189181075888568,0.059390912651782216,0.013749550946448266,2
colorferet,edgeface_xs,168,512,neural_bmshj2018,age,0.0,0.04511026085405171,0.017750057412236828,4
colorferet,edgeface_xs,224,1024,neural_bmshj2018,pose,0.0,0.016543950549950004,0.0071637407276051186,4
colorferet,edgeface_xs,224,1024,neural_bmshj2018,skin_tone,0.012198060054490763,0.028812260536398467,0.008307100240953852,2
colorferet,edgeface_xs,224,1024,neural_bmshj2018,gender,0.010045045045045047,0.018869949494949495,0.004412452224952224,2
colorferet,edgeface_xs,224,1024,neural_bmshj2018,age,0.0,0.024215808391194454,0.010485752619975386,4
colorferet,edgeface_xs,224,512,neural_bmshj2018,pose,0.0,0.016543950549950004,0.0071637407276051186,4
colorferet,edgeface_xs,224,512,neural_bmshj2018,skin_tone,0.023120614845440368,0.03769766631835597,0.0072885257364578016,2
colorferet,edgeface_xs,224,512,neural_bmshj2018,gender,0.022985710854947165,0.056012534273403844,0.016513411709228338,2
colorferet,edgeface_xs,224,512,neural_bmshj2018,age,0.0,0.034702222420450346,0.014581992664245516,4
colorferet,edgeface_xs,64,1024,neural_bmshj2018,pose,0.0,0.024649274308396203,0.010673448867961108,4
colorferet,edgeface_xs,64,1024,neural_bmshj2018,skin_tone,0.007374535290786537,0.024761407175200277,0.008693435942206871,2
colorferet,edgeface_xs,64,1024,neural_bmshj2018,gender,0.013667918896665295,0.014003133568350961,0.00016760733584283288,2
colorferet,edgeface_xs,64,1024,neural_bmshj2018,age,0.0,0.01545754590750959,0.006346603745842892,4
colorferet,edgeface_xs,64,512,neural_bmshj2018,pose,0.0,0.024649274308396203,0.010673448867961108,4
colorferet,edgeface_xs,64,512,neural_bmshj2018,skin_tone,0.024894624595521903,0.03714211076280042,0.006123743083639258,2
colorferet,edgeface_xs,64,512,neural_bmshj2018,gender,0.023814069575957185,0.04200940070505288,0.009097665564547847,2
colorferet,edgeface_xs,64,512,neural_bmshj2018,age,0.0,0.03248649216928115,0.013131911940801226,4
colorferet,edgeface_xs,96,1024,neural_bmshj2018,pose,0.0,0.016543950549950004,0.0071637407276051186,4
colorferet,edgeface_xs,96,1024,neural_bmshj2018,skin_tone,0.010922554790949605,0.022638453500522467,0.005857949354786431,2
colorferet,edgeface_xs,96,1024,neural_bmshj2018,gender,0.014003133568350961,0.016567174420200358,0.0012820204259246983,2
colorferet,edgeface_xs,96,1024,neural_bmshj2018,age,0.0,0.019553699998725676,0.008082697038161021,4
colorferet,edgeface_xs,96,512,neural_bmshj2018,pose,0.0,0.030163924491712873,0.011604083980368702,4
colorferet,edgeface_xs,96,512,neural_bmshj2018,skin_tone,0.03276766437284882,0.06569313827934517,0.016462736953248173,2
colorferet,edgeface_xs,96,512,neural_bmshj2018,gender,0.04182962810484424,0.07001566784175481,0.014093019868455285,2
colorferet,edgeface_xs,96,512,neural_bmshj2018,age,0.0,0.054255922419176025,0.020263383993233585,4
colorferet,edgeface_xs,112,1024,neural_mbt2018_mean,pose,0.0065316275764036955,0.20833333333333331,0.07969969140563195,4
colorferet,edgeface_xs,112,1024,neural_mbt2018_mean,skin_tone,0.03493017451143074,0.04684430512016719,0.005957065304368226,2
colorferet,edgeface_xs,112,1024,neural_mbt2018_mean,gender,0.01738151194672934,0.035616937697269105,0.009117712875269883,2
colorferet,edgeface_xs,112,1024,neural_mbt2018_mean,age,0.0,0.09847841745125277,0.03750299736986322,4
colorferet,edgeface_xs,112,512,neural_mbt2018_mean,pose,0.0,0.03325149674807253,0.011998656749163865,4
colorferet,edgeface_xs,112,512,neural_mbt2018_mean,skin_tone,0.029718149359226127,0.0409317311041449,0.005606790872459387,2
colorferet,edgeface_xs,112,512,neural_mbt2018_mean,gender,0.0323059901193907,0.04538777908343126,0.00654089448202028,2
colorferet,edgeface_xs,112,512,neural_mbt2018_mean,age,0.0,0.04564747646241704,0.01744341114835486,4
colorferet,edgeface_xs,168,1024,neural_mbt2018_mean,pose,0.0,0.016543950549950004,0.0071637407276051186,4
colorferet,edgeface_xs,168,1024,neural_mbt2018_mean,skin_tone,0.007873039777326916,0.022638453500522467,0.007382706861597775,2
colorferet,edgeface_xs,168,1024,neural_mbt2018_mean,gender,0.012011201454645258,0.028006267136701922,0.007997532841028332,2
colorferet,edgeface_xs,168,1024,neural_mbt2018_mean,age,0.0,0.01514852242172467,0.006446297468349143,4
colorferet,edgeface_xs,168,512,neural_mbt2018_mean,pose,0.0,0.016543950549950004,0.0071637407276051186,4
colorferet,edgeface_xs,168,512,neural_mbt2018_mean,skin_tone,0.017908589693235756,0.031229536746778124,0.006660473526771185,2
colorferet,edgeface_xs,168,512,neural_mbt2018_mean,gender,0.022365685467270482,0.0313846455150803,0.004509480023904909,2
colorferet,edgeface_xs,168,512,neural_mbt2018_mean,age,0.0,0.029961738432327044,0.011071842440488637,4
colorferet,edgeface_xs,224,1024,neural_mbt2018_mean,pose,0.0,0.011029300366633337,0.005115263670424358,4
colorferet,edgeface_xs,224,1024,neural_mbt2018_mean,skin_tone,0.010922554790949605,0.020057471264367816,0.004567458236709105,2
colorferet,edgeface_xs,224,1024,neural_mbt2018_mean,gender,0.010258838383838384,0.06711711711711713,0.02842913936663937,2
colorferet,edgeface_xs,224,1024,neural_mbt2018_mean,age,0.0,0.014149793694179912,0.0058015072057838474,4
colorferet,edgeface_xs,224,512,neural_mbt2018_mean,pose,0.0,0.0055146501833166685,0.002387913575868373,4
colorferet,edgeface_xs,224,512,neural_mbt2018_mean,skin_tone,0.02007109983181768,0.021527342389411355,0.000728121278796838,2
colorferet,edgeface_xs,224,512,neural_mbt2018_mean,gender,0.01760137916838205,0.04200940070505288,0.012204010768335414,2
colorferet,edgeface_xs,224,512,neural_mbt2018_mean,age,0.0,0.02839033807806507,0.011865903157881136,4
colorferet,edgeface_xs,64,1024,neural_mbt2018_mean,pose,0.0,0.022058600733266674,0.009551654303473493,4
colorferet,edgeface_xs,64,1024,neural_mbt2018_mean,skin_tone,0.006986034902286149,0.022638453500522467,0.00782620929911816,2
colorferet,edgeface_xs,64,1024,neural_mbt2018_mean,gender,0.010354484012625223,0.014003133568350961,0.0018243247778628692,2
colorferet,edgeface_xs,64,1024,neural_mbt2018_mean,age,0.0,0.014195169039032535,0.005816139187927059,4
colorferet,edgeface_xs,64,512,neural_mbt2018_mean,pose,0.0,0.022058600733266674,0.009135933444868545,4
colorferet,edgeface_xs,64,512,neural_mbt2018_mean,skin_tone,0.017908589693235756,0.03769766631835597,0.009894538312560108,2
colorferet,edgeface_xs,64,512,neural_mbt2018_mean,gender,0.0033783783783783786,0.020086455331412102,0.008354038476516862,2
colorferet,edgeface_xs,64,512,neural_mbt2018_mean,age,0.0,0.025556560855326035,0.010000211286921344,4
colorferet,edgeface_xs,96,1024,neural_mbt2018_mean,pose,0.0,0.022058600733266674,0.009551654303473493,4
colorferet,edgeface_xs,96,1024,neural_mbt2018_mean,skin_tone,0.009148545040868072,0.02208289794496691,0.006467176452049419,2
colorferet,edgeface_xs,96,1024,neural_mbt2018_mean,gender,0.012219534787978593,0.0313846455150803,0.009582555363550854,2
colorferet,edgeface_xs,96,1024,neural_mbt2018_mean,age,0.0,0.011670415302078421,0.0047661789438031565,4
colorferet,edgeface_xs,96,512,neural_mbt2018_mean,pose,0.0,0.030163924491712873,0.01218904277706739,4
colorferet,edgeface_xs,96,512,neural_mbt2018_mean,skin_tone,0.03010664974772652,0.05007836990595611,0.009985860079114797,2
colorferet,edgeface_xs,96,512,neural_mbt2018_mean,gender,0.030855118704542335,0.04200940070505288,0.005577141000255272,2
colorferet,edgeface_xs,96,512,neural_mbt2018_mean,age,0.0,0.042585507117097604,0.01743120833428909,4
colorferet,edgeface_xs,112,1024,ours_accurate,pose,1.696717417369862e-05,0.00958881096523647,0.004039641998086272,4
colorferet,edgeface_xs,112,1024,ours_accurate,skin_tone,0.0044513193153692485,0.013322253194988313,0.004076781987242348,4
colorferet,edgeface_xs,112,1024,ours_accurate,gender,0.004885575436045503,0.011033016556466768,0.0030737205602106325,2
colorferet,edgeface_xs,112,1024,ours_accurate,age,0.002753218358868514,0.008104727154202788,0.0022807057518003477,4
colorferet,edgeface_xs,112,512,ours_accurate,pose,0.00020254856186669302,0.010652274500486902,0.004375331528515429,4
colorferet,edgeface_xs,112,512,ours_accurate,skin_tone,0.004752146203173361,0.016121509111155355,0.0047802658229858285,4
colorferet,edgeface_xs,112,512,ours_accurate,gender,0.005882892410633745,0.013429981172696281,0.0037735443810312684,2
colorferet,edgeface_xs,112,512,ours_accurate,age,0.003749404620147654,0.009722792086831734,0.002611357267916446,4
colorferet,edgeface_xs,112,768,ours_accurate,pose,1.539758488881019e-05,0.009097429986038272,0.0038024613708846776,4
colorferet,edgeface_xs,112,768,ours_accurate,skin_tone,0.00427112939073065,0.014036193889515719,0.004329694446269337,4
colorferet,edgeface_xs,112,768,ours_accurate,gender,0.004988942384965717,0.011128732842756867,0.003069895228895575,2
colorferet,edgeface_xs,112,768,ours_accurate,age,0.0022825375089306978,0.00869142174404414,0.002562882663450037,4
colorferet,edgeface_xs,112,960,ours_accurate,pose,1.0585839611057006e-05,0.009395183643659145,0.003946851455629809,4
colorferet,edgeface_xs,112,960,ours_accurate,skin_tone,0.00449153163642442,0.01313300590694896,0.003987111220582378,4
colorferet,edgeface_xs,112,960,ours_accurate,gender,0.00491641098984278,0.01128106236074521,0.0031823256854512146,2
colorferet,edgeface_xs,112,960,ours_accurate,age,0.002753218358868514,0.0081024918604834,0.0022555357011781367,4
colorferet,edgeface_xs,168,1024,ours_accurate,pose,3.849396222202548e-06,0.008548812519798669,0.0036232283419101517,4
colorferet,edgeface_xs,168,1024,ours_accurate,skin_tone,0.004538873835272423,0.014085971549302006,0.0042983631035635045,4
colorferet,edgeface_xs,168,1024,ours_accurate,gender,0.005426289566457673,0.010800181143927966,0.0026869457887351463,2
colorferet,edgeface_xs,168,1024,ours_accurate,age,0.0030433833452409307,0.010059423261604559,0.0027062972221515605,4
colorferet,edgeface_xs,168,512,ours_accurate,pose,0.001283426853710667,0.019446044225828026,0.0074556493186831345,4
colorferet,edgeface_xs,168,512,ours_accurate,skin_tone,0.012941691220995082,0.029393984646357382,0.006293340819025223,4
colorferet,edgeface_xs,168,512,ours_accurate,gender,0.01352348658920821,0.025425436964573472,0.005950975187682631,2
colorferet,edgeface_xs,168,512,ours_accurate,age,0.009600830885660609,0.02091037739412238,0.005242629991794104,4
colorferet,edgeface_xs,224,1024,ours_accurate,pose,2.502107544431656e-05,0.007932732920347754,0.0033192523633459405,4
colorferet,edgeface_xs,224,1024,ours_accurate,skin_tone,0.003889877860816196,0.012263003030906397,0.0040052417700010435,4
colorferet,edgeface_xs,224,1024,ours_accurate,gender,0.005180738241630693,0.009612562619565682,0.0022159121889674944,2
colorferet,edgeface_xs,224,1024,ours_accurate,age,0.0014668671112169564,0.00908639977555499,0.002757289388045098,4
colorferet,edgeface_xs,224,512,ours_accurate,pose,0.0007016257641149013,0.015815602524843667,0.0060899015765897525,4
colorferet,edgeface_xs,224,512,ours_accurate,skin_tone,0.011008270129451485,0.023632681430351837,0.005133931952476635,4
colorferet,edgeface_xs,224,512,ours_accurate,gender,0.010257869666479577,0.021658340067967782,0.005700235200744102,2
colorferet,edgeface_xs,224,512,ours_accurate,age,0.008024314651636633,0.017621361988306973,0.0039004424970979497,4
colorferet,edgeface_xs,64,1024,ours_accurate,pose,0.0018440562640843193,0.028726835556650593,0.010841513207924989,4
colorferet,edgeface_xs,64,1024,ours_accurate,skin_tone,0.019933168453940907,0.041713494539206364,0.008738440136796468,4
colorferet,edgeface_xs,64,1024,ours_accurate,gender,0.01952797590624319,0.03881734123020354,0.009644682661980175,2
colorferet,edgeface_xs,64,1024,ours_accurate,age,0.01358557593077717,0.0315146955233841,0.008111737839745246,4
colorferet,edgeface_xs,64,512,ours_accurate,pose,0.0017964077687314815,0.02847747864676827,0.010745696022299819,4
colorferet,edgeface_xs,64,512,ours_accurate,skin_tone,0.019957822182019178,0.04169017278378797,0.008680055736231079,4
colorferet,edgeface_xs,64,512,ours_accurate,gender,0.01949515517579645,0.03877571278965296,0.009640278806928254,2
colorferet,edgeface_xs,64,512,ours_accurate,age,0.013820916355746077,0.032031329933157784,0.008089151831103565,4
colorferet,edgeface_xs,96,1024,ours_accurate,pose,2.5983424499867195e-05,0.01597843191604191,0.006149540762562755,4
colorferet,edgeface_xs,96,1024,ours_accurate,skin_tone,0.0075622937602501175,0.020175991681599965,0.005516546506135419,4
colorferet,edgeface_xs,96,1024,ours_accurate,gender,0.008230721088474668,0.01880210900212998,0.005285693956827656,2
colorferet,edgeface_xs,96,1024,ours_accurate,age,0.003749404620147654,0.015994808050394514,0.004777641586446263,4
colorferet,edgeface_xs,96,512,ours_accurate,pose,0.0004619764150766304,0.02194262712212406,0.008506880885609034,4
colorferet,edgeface_xs,96,512,ours_accurate,skin_tone,0.011682098434421244,0.02850837753232776,0.007077722597044968,4
colorferet,edgeface_xs,96,512,ours_accurate,gender,0.01336444522923325,0.027482303824014804,0.007058929297390777,2
colorferet,edgeface_xs,96,512,ours_accurate,age,0.00854982006297796,0.023471082248942496,0.006217636770117992,4
colorferet,edgeface_xs,112,1024,ours_fast,pose,0.00021559062264950502,0.01186536831391597,0.004887069593321359,4
colorferet,edgeface_xs,112,1024,ours_fast,skin_tone,0.007800838409267675,0.020036522053346904,0.004727903634236592,4
colorferet,edgeface_xs,112,1024,ours_fast,gender,0.007234950721404124,0.016658794018714562,0.004711921648655219,2
colorferet,edgeface_xs,112,1024,ours_fast,age,0.005035755867799212,0.011883958077828969,0.0030148151138148674,4
colorferet,edgeface_xs,112,512,ours_fast,pose,0.0006987387169482494,0.016653174240024403,0.006496995357088364,4
colorferet,edgeface_xs,112,512,ours_fast,skin_tone,0.0113675364192963,0.02607003532370228,0.005713385904713057,4
colorferet,edgeface_xs,112,512,ours_fast,gender,0.010209697392890923,0.0226212414494239,0.006205772028266488,2
colorferet,edgeface_xs,112,512,ours_fast,age,0.008024314651636633,0.017266919950032877,0.00428761621952269,4
colorferet,edgeface_xs,112,768,ours_fast,pose,0.00021944001887170758,0.014180056433540998,0.005715668616757487,4
colorferet,edgeface_xs,112,768,ours_fast,skin_tone,0.008498053901764589,0.02309812467275798,0.005699601648628751,4
colorferet,edgeface_xs,112,768,ours_fast,gender,0.008038552896434653,0.018578880152795157,0.005270163628180252,2
colorferet,edgeface_xs,112,768,ours_fast,age,0.006322107115450769,0.013516228062357135,0.003174618403707918,4
colorferet,edgeface_xs,112,960,ours_fast,pose,0.00011693762735248356,0.012754269913061844,0.0052931752113420695,4
colorferet,edgeface_xs,112,960,ours_fast,skin_tone,0.0076957426128059035,0.020733870194612213,0.004935900950906446,4
colorferet,edgeface_xs,112,960,ours_fast,gender,0.007716764758212705,0.016652389643245242,0.004467812442516268,2
colorferet,edgeface_xs,112,960,ours_fast,age,0.005035755867799212,0.012735640995688953,0.003307503816768708,4
colorferet,edgeface_xs,168,1024,ours_fast,pose,0.00014580809901900267,0.010413183567397604,0.004281546479605946,4
colorferet,edgeface_xs,168,1024,ours_fast,skin_tone,0.005278332978100849,0.015234913681850697,0.003953205479647085,4
colorferet,edgeface_xs,168,1024,ours_fast,gender,0.005845274322955156,0.01302846690260787,0.0035915962898263568,2
colorferet,edgeface_xs,168,1024,ours_fast,age,0.004329734592892488,0.010238312136768577,0.0025386229091848836,4
colorferet,edgeface_xs,168,512,ours_fast,pose,0.0011664892263581837,0.023501911671535675,0.008996566583290205,4
colorferet,edgeface_xs,168,512,ours_fast,skin_tone,0.016308207560756828,0.03028712791395946,0.006127001758445134,4
colorferet,edgeface_xs,168,512,ours_fast,gender,0.015915211085720544,0.03160505821489802,0.007844923564588739,2
colorferet,edgeface_xs,168,512,ours_fast,age,0.011938822462874922,0.024459426321964593,0.005393969626893103,4
colorferet,edgeface_xs,224,1024,ours_fast,pose,6.736443388854458e-06,0.007064363274787934,0.0029221276368881508,4
colorferet,edgeface_xs,224,1024,ours_fast,skin_tone,0.003931716945357216,0.011236937973348671,0.0033468008026760637,4
colorferet,edgeface_xs,224,1024,ours_fast,gender,0.004445416073971163,0.00970496391782513,0.0026297739219269837,2
colorferet,edgeface_xs,224,1024,ours_fast,age,0.001992372522558281,0.0073644688126164835,0.0021357099614388707,4
colorferet,edgeface_xs,224,512,ours_fast,pose,0.0002338752547049671,0.01469490250255183,0.005895927104238965,4
colorferet,edgeface_xs,224,512,ours_fast,skin_tone,0.008225116185157467,0.021842898018480418,0.005697487007229895,4
colorferet,edgeface_xs,224,512,ours_fast,gender,0.008823858880227433,0.01827034212730788,0.004723241623540224,2
colorferet,edgeface_xs,224,512,ours_fast,age,0.006421605596526688,0.014199307123812989,0.0036331715325712472,4
colorferet,edgeface_xs,64,1024,ours_fast,pose,0.0052410215516396465,0.045602968480518105,0.015589907217148072,4
colorferet,edgeface_xs,64,1024,ours_fast,skin_tone,0.036084676698389745,0.06871317374984329,0.011816984028154344,4
colorferet,edgeface_xs,64,1024,ours_fast,gender,0.03326216674659076,0.06199436596245949,0.014366099607934366,2
colorferet,edgeface_xs,64,1024,ours_fast,age,0.028664655656665712,0.04924335190065286,0.007909137542839253,4
colorferet,edgeface_xs,64,512,ours_fast,pose,0.008670237749659002,0.05263796006241714,0.01701694482821625,4
colorferet,edgeface_xs,64,512,ours_fast,skin_tone,0.04185318887338443,0.08180313119916226,0.014328150824860778,4
colorferet,edgeface_xs,64,512,ours_fast,gender,0.038983271850423884,0.0707940678780524,0.015905398013814256,2
colorferet,edgeface_xs,64,512,ours_fast,age,0.03432481070247126,0.056323612608805994,0.009000753269416378,4
colorferet,edgeface_xs,96,1024,ours_fast,pose,0.0004667881603543836,0.017728370320181153,0.007137227367495554,4
colorferet,edgeface_xs,96,1024,ours_fast,skin_tone,0.011519495830392662,0.02556866367263261,0.005120802033991307,4
colorferet,edgeface_xs,96,1024,ours_fast,gender,0.011019188864113117,0.023212023196745236,0.00609641716631606,2
colorferet,edgeface_xs,96,1024,ours_fast,age,0.007935936018640753,0.01827784477555381,0.0048158728239930315,4
colorferet,edgeface_xs,96,512,ours_fast,pose,0.0012805398065440154,0.022837435324346202,0.008721417409046289,4
colorferet,edgeface_xs,96,512,ours_fast,skin_tone,0.01645965364248618,0.03343187466353989,0.00602166835632513,4
colorferet,edgeface_xs,96,512,ours_fast,gender,0.014410480446890056,0.031343978059088964,0.008466748806099454,2
colorferet,edgeface_xs,96,512,ours_fast,age,0.01245789186831392,0.02441864333348822,0.005149612262828725,4
colorferet,edgeface_xs,112,1024,webp,pose,0.00020254856186669302,0.00915609271056985,0.0036843063386347353,4
colorferet,edgeface_xs,112,1024,webp,skin_tone,0.0048036736031258215,0.014159070964506686,0.004211358377554818,4
colorferet,edgeface_xs,112,1024,webp,gender,0.005419159764366625,0.011951662255979332,0.003266251245806353,2
colorferet,edgeface_xs,112,1024,webp,age,0.003651055074723651,0.009565710273050747,0.002416569449694099,4
colorferet,edgeface_xs,112,512,webp,pose,0.0025697407545879863,0.01986116366313517,0.006865819326198697,4
colorferet,edgeface_xs,112,512,webp,skin_tone,0.014997675225940605,0.03294709556573232,0.00702498844788271,4
colorferet,edgeface_xs,112,512,webp,gender,0.013851138956456517,0.0281988732953558,0.007173867169449642,2
colorferet,edgeface_xs,112,512,webp,age,0.011357862983249981,0.023262394398696207,0.005070699378427494,4
colorferet,edgeface_xs,112,768,webp,pose,0.0007887305707453152,0.012306885977262327,0.004806574007588747,4
colorferet,edgeface_xs,112,768,webp,skin_tone,0.006862104313997836,0.020504708597892378,0.00510219285694006,4
colorferet,edgeface_xs,112,768,webp,gender,0.006407907729694266,0.015666385201008826,0.00462923873565728,2
colorferet,edgeface_xs,112,768,webp,age,0.005035755867799212,0.010799984592161666,0.0025857813398523577,4
colorferet,edgeface_xs,112,960,webp,pose,0.0001332975612968444,0.008607475244330247,0.003508140193760372,4
colorferet,edgeface_xs,112,960,webp,skin_tone,0.004757504661423335,0.014142478411244589,0.004327274701515007,4
colorferet,edgeface_xs,112,960,webp,gender,0.005794529736645709,0.011879387431357497,0.0030424288473558936,2
colorferet,edgeface_xs,112,960,webp,age,0.0038873108208339535,0.009573698922525558,0.0025583189416114637,4
colorferet,edgeface_xs,168,1024,webp,pose,3.959007307196344e-05,0.010429315816643789,0.004334457207328263,4
colorferet,edgeface_xs,168,1024,webp,skin_tone,0.005030699042713961,0.017639082468676945,0.005166337608702755,4
colorferet,edgeface_xs,168,1024,webp,gender,0.005265155629485107,0.012226351709660698,0.0034805980400877956,2
colorferet,edgeface_xs,168,1024,webp,age,0.0033335483316133474,0.008704249427210629,0.0024885084559004736,4
colorferet,edgeface_xs,168,512,webp,pose,0.001044739853727947,0.021110921679396478,0.007892323796170185,4
colorferet,edgeface_xs,168,512,webp,skin_tone,0.0128543052876951,0.03445793972109762,0.008278466755010113,4
colorferet,edgeface_xs,168,512,webp,gender,0.01255735243662698,0.02660299772454782,0.00702282264396042,2
colorferet,edgeface_xs,168,512,webp,age,0.00931066589928819,0.021659100046079835,0.005509624382977627,4
colorferet,edgeface_xs,224,1024,webp,pose,9.1916551908167e-05,0.009377584826299672,0.003842719377005682,4
colorferet,edgeface_xs,224,1024,webp,skin_tone,0.00509406451821123,0.01591566926985391,0.0043748779082560755,4
colorferet,edgeface_xs,224,1024,webp,gender,0.005374519274945132,0.012240761554466668,0.003433121139760768,2
colorferet,edgeface_xs,224,1024,webp,age,0.002517877933899606,0.009350573642106653,0.00292229325882562,4
colorferet,edgeface_xs,224,512,webp,pose,0.00034985053300190007,0.01498829678645595,0.005965811804258448,4
colorferet,edgeface_xs,224,512,webp,skin_tone,0.00896318598212169,0.023058210364077493,0.0057482829045882415,4
colorferet,edgeface_xs,224,512,webp,gender,0.008047428007313572,0.019738366734183176,0.005845469363434802,2
colorferet,edgeface_xs,224,512,webp,age,0.0059062508269164616,0.01654778337818618,0.004363458656753444,4
colorferet,edgeface_xs,64,1024,webp,pose,4.807366015881275e-05,0.010818037027911724,0.004495574875493849,4
colorferet,edgeface_xs,64,1024,webp,skin_tone,0.005099273132999725,0.015062258947073442,0.004540370522203732,4
colorferet,edgeface_xs,64,1024,webp,gender,0.005831361986982796,0.01233418900025176,0.0032514135066344816,2
colorferet,edgeface_xs,64,1024,webp,age,0.004285700103562862,0.010051726651704666,0.0022518839622598773,4
colorferet,edgeface_xs,64,512,webp,pose,0.0020942914527336473,0.016883465764433964,0.006022875289851634,4
colorferet,edgeface_xs,64,512,webp,skin_tone,0.01207237653117993,0.03136315199516235,0.007678388263584891,4
colorferet,edgeface_xs,64,512,webp,gender,0.012136316269723307,0.02429443167190943,0.006079057701093061,2
colorferet,edgeface_xs,64,512,webp,age,0.008785160487946865,0.01843022933316449,0.004147693163551788,4
colorferet,edgeface_xs,96,1024,webp,pose,0.00011597527829693293,0.009386384234979409,0.0038773395532694893,4
colorferet,edgeface_xs,96,1024,webp,skin_tone,0.0044513193153692485,0.01607173145136907,0.0049199306228961456,4
colorferet,edgeface_xs,96,1024,webp,gender,0.00486775898053094,0.011739753864011809,0.0034359974417404343,2
colorferet,edgeface_xs,96,1024,webp,age,0.0035140641951787463,0.008100548606338931,0.0020884933318827577,4
colorferet,edgeface_xs,96,512,webp,pose,0.0027930301696818963,0.01930378711883895,0.0067058849283481445,4
colorferet,edgeface_xs,96,512,webp,skin_tone,0.012801976393588512,0.03395656807002795,0.00821213055290894,4
colorferet,edgeface_xs,96,512,webp,gender,0.013408448448252803,0.025058921158974345,0.005825236355360771,2
colorferet,edgeface_xs,96,512,webp,age,0.00931066589928819,0.021072509820246423,0.005112668683526071,4
