dataset,model,res,budget,codec,attribute,subgroup,n_neg,tau,target_fmr,fmr,fmr_min,fmr_max,fmr_disparity_pp,n_subgroups
colorferet,arcface_antelopev2,112,0,aligned,pose,frontal,30858,0.18521088361740112,0.01,0.0071294315898632445,,,,
colorferet,arcface_antelopev2,112,0,aligned,pose,half,15773,0.18521088361740112,0.01,0.008875927217396818,,,,
colorferet,arcface_antelopev2,112,0,aligned,pose,profile,20437,0.18521088361740112,0.01,0.016587561775211625,,,,
colorferet,arcface_antelopev2,112,0,aligned,pose,quarter,10577,0.18521088361740112,0.01,0.007374491821877659,,,,
colorferet,arcface_antelopev2,112,0,aligned,pose,__overall__,77645,0.18521088361740112,0.01,0.01000708352115397,0.0071294315898632445,0.016587561775211625,0.9458130185348381,4.0
colorferet,arcface_antelopev2,112,0,aligned,skin_tone,Asian,16178,0.18995021283626556,0.01,0.019779948077636295,,,,
colorferet,arcface_antelopev2,112,0,aligned,skin_tone,Black,1745,0.18995021283626556,0.01,0.03667621776504298,,,,
colorferet,arcface_antelopev2,112,0,aligned,skin_tone,Hispanic,748,0.18995021283626556,0.01,0.008021390374331552,,,,
colorferet,arcface_antelopev2,112,0,aligned,skin_tone,White,116837,0.18995021283626556,0.01,0.008233693093797342,,,,
colorferet,arcface_antelopev2,112,0,aligned,skin_tone,__overall__,135532,0.18995021283626556,0.01,0.01000501726529528,0.008021390374331552,0.03667621776504298,2.8654827390711426,4.0
colorferet,arcface_antelopev2,112,0,aligned,gender,female,37642,0.18892085552215576,0.01,0.01583337761011636,,,,
colorferet,arcface_antelopev2,112,0,aligned,gender,male,124724,0.18892085552215576,0.01,0.008242198774894969,,,,
colorferet,arcface_antelopev2,112,0,aligned,gender,__overall__,162366,0.18892085552215576,0.01,0.010002094034465343,0.008242198774894969,0.01583337761011636,0.759117883522139,2.0
colorferet,arcface_antelopev2,112,0,aligned,age,26-35,23660,0.18863825500011444,0.01,0.009721048182586645,,,,
colorferet,arcface_antelopev2,112,0,aligned,age,36-50,28990,0.18863825500011444,0.01,0.007830286305622628,,,,
colorferet,arcface_antelopev2,112,0,aligned,age,51-65,540,0.18863825500011444,0.01,0.009259259259259259,,,,
colorferet,arcface_antelopev2,112,0,aligned,age,<=25,39049,0.18863825500011444,0.01,0.011805680043022869,,,,
colorferet,arcface_antelopev2,112,0,aligned,age,__overall__,92240,0.18863825500011444,0.01,0.010006504770164787,0.007830286305622628,0.011805680043022869,0.39753937374002407,4.0
colorferet,arcface_antelopev2,112,0,aligned,pose,frontal,30858,0.2596956193447113,0.001,0.0005185041156264178,,,,
colorferet,arcface_antelopev2,112,0,aligned,pose,half,15773,0.2596956193447113,0.001,0.0006973942813668928,,,,
colorferet,arcface_antelopev2,112,0,aligned,pose,profile,20437,0.2596956193447113,0.001,0.002104027009835103,,,,
colorferet,arcface_antelopev2,112,0,aligned,pose,quarter,10577,0.2596956193447113,0.001,0.0007563581355771958,,,,
colorferet,arcface_antelopev2,112,0,aligned,pose,__overall__,77645,0.2596956193447113,0.001,0.0010045720909266534,0.0005185041156264178,0.002104027009835103,0.15855228942086852,4.0
colorferet,arcface_antelopev2,112,0,aligned,skin_tone,Asian,16178,0.26184213161468506,0.001,0.002596118185189764,,,,
colorferet,arcface_antelopev2,112,0,aligned,skin_tone,Black,1745,0.26184213161468506,0.001,0.006876790830945559,,,,
colorferet,arcface_antelopev2,112,0,aligned,skin_tone,Hispanic,748,0.26184213161468506,0.001,0.001336898395721925,,,,
colorferet,arcface_antelopev2,112,0,aligned,skin_tone,White,116837,0.26184213161468506,0.001,0.0006932735349247242,,,,
colorferet,arcface_antelopev2,112,0,aligned,skin_tone,__overall__,135532,0.26184213161468506,0.001,0.001003453059056164,0.0006932735349247242,0.006876790830945559,0.6183517296020834,4.0
colorferet,arcface_antelopev2,112,0,aligned,gender,female,37642,0.25886592268943787,0.001,0.0020455873758036236,,,,
colorferet,arcface_antelopev2,112,0,aligned,gender,male,124724,0.25886592268943787,0.001,0.0006895224656040537,,,,
colorferet,arcface_antelopev2,112,0,aligned,gender,__overall__,162366,0.25886592268943787,0.001,0.0010039047583853763,0.0006895224656040537,0.0020455873758036236,0.135606491019957,2.0
colorferet,arcface_antelopev2,112,0,aligned,age,26-35,23660,0.2655603289604187,0.001,0.0011411665257819103,,,,
colorferet,arcface_antelopev2,112,0,aligned,age,36-50,28990,0.2655603289604187,0.001,0.0006898930665746809,,,,
colorferet,arcface_antelopev2,112,0,aligned,age,51-65,540,0.2655603289604187,0.001,0.0,,,,
colorferet,arcface_antelopev2,112,0,aligned,age,<=25,39049,0.2655603289604187,0.001,0.0011780071192604164,,,,
colorferet,arcface_antelopev2,112,0,aligned,age,__overall__,92240,0.2655603289604187,0.001,0.0010082393755420642,0.0,0.0011780071192604164,0.11780071192604165,4.0
colorferet,arcface_antelopev2,112,1024,avif,pose,frontal,30858,0.18705527484416962,0.01,0.007194244604316547,,,,
colorferet,arcface_antelopev2,112,1024,avif,pose,half,15773,0.18705527484416962,0.01,0.00893932669752108,,,,
colorferet,arcface_antelopev2,112,1024,avif,pose,profile,20437,0.18705527484416962,0.01,0.016440769193130107,,,,
colorferet,arcface_antelopev2,112,1024,avif,pose,quarter,10577,0.18705527484416962,0.01,0.007374491821877659,,,,
colorferet,arcface_antelopev2,112,1024,avif,pose,__overall__,77645,0.18705527484416962,0.01,0.01000708352115397,0.007194244604316547,0.016440769193130107,0.9246524588813559,4.0
colorferet,arcface_antelopev2,112,1024,avif,skin_tone,Asian,16178,0.19198152422904968,0.01,0.021263444183459018,,,,
colorferet,arcface_antelopev2,112,1024,avif,skin_tone,Black,1745,0.19198152422904968,0.01,0.03495702005730659,,,,
colorferet,arcface_antelopev2,112,1024,avif,skin_tone,Hispanic,748,0.19198152422904968,0.01,0.0066844919786096255,,,,
colorferet,arcface_antelopev2,112,1024,avif,skin_tone,White,116837,0.19198152422904968,0.01,0.00807107337572858,,,,
colorferet,arcface_antelopev2,112,1024,avif,skin_tone,__overall__,135532,0.19198152422904968,0.01,0.01000501726529528,0.0066844919786096255,0.03495702005730659,2.8272528078696966,4.0
colorferet,arcface_antelopev2,112,1024,avif,gender,female,37642,0.19169902801513672,0.01,0.01567398119122257,,,,
colorferet,arcface_antelopev2,112,1024,avif,gender,male,124724,0.19169902801513672,0.01,0.008290304993425484,,,,
colorferet,arcface_antelopev2,112,1024,avif,gender,__overall__,162366,0.19169902801513672,0.01,0.010002094034465343,0.008290304993425484,0.01567398119122257,0.7383676197797084,2.0
colorferet,arcface_antelopev2,112,1024,avif,age,26-35,23660,0.19085396826267242,0.01,0.010355029585798817,,,,
colorferet,arcface_antelopev2,112,1024,avif,age,36-50,28990,0.19085396826267242,0.01,0.007450845119006554,,,,
colorferet,arcface_antelopev2,112,1024,avif,age,51-65,540,0.19085396826267242,0.01,0.003703703703703704,,,,
colorferet,arcface_antelopev2,112,1024,avif,age,<=25,39049,0.19085396826267242,0.01,0.011780071192604165,,,,
colorferet,arcface_antelopev2,112,1024,avif,age,__overall__,92240,0.19085396826267242,0.01,0.010006504770164787,0.003703703703703704,0.011780071192604165,0.8076367488900461,4.0
colorferet,arcface_antelopev2,112,1024,avif,pose,frontal,30858,0.2624504864215851,0.001,0.0006157236373063711,,,,
colorferet,arcface_antelopev2,112,1024,avif,pose,half,15773,0.2624504864215851,0.001,0.0008241932416154187,,,,
colorferet,arcface_antelopev2,112,1024,avif,pose,profile,20437,0.2624504864215851,0.001,0.002006165288447424,,,,
colorferet,arcface_antelopev2,112,1024,avif,pose,quarter,10577,0.2624504864215851,0.001,0.00047272383473574735,,,,
colorferet,arcface_antelopev2,112,1024,avif,pose,__overall__,77645,0.2624504864215851,0.001,0.0010045720909266534,0.00047272383473574735,0.002006165288447424,0.15334414537116764,4.0
colorferet,arcface_antelopev2,112,1024,avif,skin_tone,Asian,16178,0.26421985030174255,0.001,0.0027197428606749907,,,,
colorferet,arcface_antelopev2,112,1024,avif,skin_tone,Black,1745,0.26421985030174255,0.001,0.006876790830945559,,,,
colorferet,arcface_antelopev2,112,1024,avif,skin_tone,Hispanic,748,0.26421985030174255,0.001,0.0,,,,
colorferet,arcface_antelopev2,112,1024,avif,skin_tone,White,116837,0.26421985030174255,0.001,0.0006847146023947893,,,,
colorferet,arcface_antelopev2,112,1024,avif,skin_tone,__overall__,135532,0.26421985030174255,0.001,0.001003453059056164,0.0,0.006876790830945559,0.6876790830945558,4.0
colorferet,arcface_antelopev2,112,1024,avif,gender,female,37642,0.26191452145576477,0.001,0.0018596248870942033,,,,
colorferet,arcface_antelopev2,112,1024,avif,gender,male,124724,0.26191452145576477,0.001,0.0007456463872229884,,,,
colorferet,arcface_antelopev2,112,1024,avif,gender,__overall__,162366,0.26191452145576477,0.001,0.0010039047583853763,0.0007456463872229884,0.0018596248870942033,0.1113978499871215,2.0
colorferet,arcface_antelopev2,112,1024,avif,age,26-35,23660,0.2677540183067322,0.001,0.001098901098901099,,,,
colorferet,arcface_antelopev2,112,1024,avif,age,36-50,28990,0.2677540183067322,0.001,0.000758882373232149,,,,
colorferet,arcface_antelopev2,112,1024,avif,age,51-65,540,0.2677540183067322,0.001,0.0,,,,
colorferet,arcface_antelopev2,112,1024,avif,age,<=25,39049,0.2677540183067322,0.001,0.0011523982688417117,,,,
colorferet,arcface_antelopev2,112,1024,avif,age,__overall__,92240,0.2677540183067322,0.001,0.0010082393755420642,0.0,0.0011523982688417117,0.11523982688417117,4.0
colorferet,arcface_antelopev2,112,512,avif,pose,frontal,30858,0.23443417251110077,0.01,0.008684943936742498,,,,
colorferet,arcface_antelopev2,112,512,avif,pose,half,15773,0.23443417251110077,0.01,0.006276548532302035,,,,
colorferet,arcface_antelopev2,112,512,avif,pose,profile,20437,0.23443417251110077,0.01,0.017810833292557615,,,,
colorferet,arcface_antelopev2,112,512,avif,pose,quarter,10577,0.23443417251110077,0.01,0.004349059279568876,,,,
colorferet,arcface_antelopev2,112,512,avif,pose,__overall__,77645,0.23443417251110077,0.01,0.01000708352115397,0.004349059279568876,0.017810833292557615,1.3461774012988739,4.0
colorferet,arcface_antelopev2,112,512,avif,skin_tone,Asian,16178,0.2283983826637268,0.01,0.01990357275312152,,,,
colorferet,arcface_antelopev2,112,512,avif,skin_tone,Black,1745,0.2283983826637268,0.01,0.03553008595988539,,,,
colorferet,arcface_antelopev2,112,512,avif,skin_tone,Hispanic,748,0.2283983826637268,0.01,0.012032085561497326,,,,
colorferet,arcface_antelopev2,112,512,avif,skin_tone,White,116837,0.2283983826637268,0.01,0.008242252026327276,,,,
colorferet,arcface_antelopev2,112,512,avif,skin_tone,__overall__,135532,0.2283983826637268,0.01,0.01000501726529528,0.008242252026327276,0.03553008595988539,2.7287833933558114,4.0
colorferet,arcface_antelopev2,112,512,avif,gender,female,37642,0.22998769581317902,0.01,0.016072472238457043,,,,
colorferet,arcface_antelopev2,112,512,avif,gender,male,124724,0.22998769581317902,0.01,0.008170039447099195,,,,
colorferet,arcface_antelopev2,112,512,avif,gender,__overall__,162366,0.22998769581317902,0.01,0.010002094034465343,0.008170039447099195,0.016072472238457043,0.7902432791357848,2.0
colorferet,arcface_antelopev2,112,512,avif,age,26-35,23660,0.22947253286838531,0.01,0.00934065934065934,,,,
colorferet,arcface_antelopev2,112,512,avif,age,36-50,28990,0.22947253286838531,0.01,0.006519489479130735,,,,
colorferet,arcface_antelopev2,112,512,avif,age,51-65,540,0.22947253286838531,0.01,0.003703703703703704,,,,
colorferet,arcface_antelopev2,112,512,avif,age,<=25,39049,0.22947253286838531,0.01,0.013086122563958105,,,,
colorferet,arcface_antelopev2,112,512,avif,age,__overall__,92240,0.22947253286838531,0.01,0.010006504770164787,0.003703703703703704,0.013086122563958105,0.9382418860254401,4.0
colorferet,arcface_antelopev2,112,512,avif,pose,frontal,30858,0.3194417655467987,0.001,0.0006157236373063711,,,,
colorferet,arcface_antelopev2,112,512,avif,pose,half,15773,0.3194417655467987,0.001,0.0004437963608698409,,,,
colorferet,arcface_antelopev2,112,512,avif,pose,profile,20437,0.3194417655467987,0.001,0.0023976121739981405,,,,
colorferet,arcface_antelopev2,112,512,avif,pose,quarter,10577,0.3194417655467987,0.001,0.00028363430084144843,,,,
colorferet,arcface_antelopev2,112,512,avif,pose,__overall__,77645,0.3194417655467987,0.001,0.0010045720909266534,0.00028363430084144843,0.0023976121739981405,0.2113977873156692,4.0
colorferet,arcface_antelopev2,112,512,avif,skin_tone,Asian,16178,0.31041818857192993,0.001,0.0019779948077636297,,,,
colorferet,arcface_antelopev2,112,512,avif,skin_tone,Black,1745,0.31041818857192993,0.001,0.005157593123209169,,,,
colorferet,arcface_antelopev2,112,512,avif,skin_tone,Hispanic,748,0.31041818857192993,0.001,0.0,,,,
colorferet,arcface_antelopev2,112,512,avif,skin_tone,White,116837,0.31041818857192993,0.001,0.0008130985903438123,,,,
colorferet,arcface_antelopev2,112,512,avif,skin_tone,__overall__,135532,0.31041818857192993,0.001,0.001003453059056164,0.0,0.005157593123209169,0.5157593123209169,4.0
colorferet,arcface_antelopev2,112,512,avif,gender,female,37642,0.30906355381011963,0.001,0.0017267945380160458,,,,
colorferet,arcface_antelopev2,112,512,avif,gender,male,124724,0.30906355381011963,0.001,0.0007857349026650845,,,,
colorferet,arcface_antelopev2,112,512,avif,gender,__overall__,162366,0.30906355381011963,0.001,0.0010039047583853763,0.0007857349026650845,0.0017267945380160458,0.09410596353509613,2.0
colorferet,arcface_antelopev2,112,512,avif,age,26-35,23660,0.30526861548423767,0.001,0.0008030431107354185,,,,
colorferet,arcface_antelopev2,112,512,avif,age,36-50,28990,0.30526861548423767,0.001,0.0005864091065884788,,,,
colorferet,arcface_antelopev2,112,512,avif,age,51-65,540,0.30526861548423767,0.001,0.0,,,,
colorferet,arcface_antelopev2,112,512,avif,age,<=25,39049,0.30526861548423767,0.001,0.0014597044738661681,,,,
colorferet,arcface_antelopev2,112,512,avif,age,__overall__,92240,0.30526861548423767,0.001,0.0010082393755420642,0.0,0.0014597044738661681,0.14597044738661683,4.0
colorferet,arcface_antelopev2,112,1024,heif,pose,frontal,30858,0.18983231484889984,0.01,0.0071294315898632445,,,,
colorferet,arcface_antelopev2,112,1024,heif,pose,half,15773,0.18983231484889984,0.01,0.008432130856526977,,,,
colorferet,arcface_antelopev2,112,1024,heif,pose,profile,20437,0.18983231484889984,0.01,0.017468317267700737,,,,
colorferet,arcface_antelopev2,112,1024,heif,pose,quarter,10577,0.18983231484889984,0.01,0.006334499385459015,,,,
colorferet,arcface_antelopev2,112,1024,heif,pose,__overall__,77645,0.18983231484889984,0.01,0.01000708352115397,0.006334499385459015,0.017468317267700737,1.113381788224172,4.0
colorferet,arcface_antelopev2,112,1024,heif,skin_tone,Asian,16178,0.19319604337215424,0.01,0.021881567560885152,,,,
colorferet,arcface_antelopev2,112,1024,heif,skin_tone,Black,1745,0.19319604337215424,0.01,0.03667621776504298,,,,
colorferet,arcface_antelopev2,112,1024,heif,skin_tone,Hispanic,748,0.19319604337215424,0.01,0.014705882352941176,,,,
colorferet,arcface_antelopev2,112,1024,heif,skin_tone,White,116837,0.19319604337215424,0.01,0.007899894725129883,,,,
colorferet,arcface_antelopev2,112,1024,heif,skin_tone,__overall__,135532,0.19319604337215424,0.01,0.01000501726529528,0.007899894725129883,0.03667621776504298,2.877632303991309,4.0
colorferet,arcface_antelopev2,112,1024,heif,gender,female,37642,0.19282883405685425,0.01,0.01601934009882578,,,,
colorferet,arcface_antelopev2,112,1024,heif,gender,male,124724,0.19282883405685425,0.01,0.008186074853276033,,,,
colorferet,arcface_antelopev2,112,1024,heif,gender,__overall__,162366,0.19282883405685425,0.01,0.010002094034465343,0.008186074853276033,0.01601934009882578,0.7833265245549748,2.0
colorferet,arcface_antelopev2,112,1024,heif,age,26-35,23660,0.1917775422334671,0.01,0.010101437024513948,,,,
colorferet,arcface_antelopev2,112,1024,heif,age,36-50,28990,0.1917775422334671,0.01,0.007174887892376682,,,,
colorferet,arcface_antelopev2,112,1024,heif,age,51-65,540,0.1917775422334671,0.01,0.007407407407407408,,,,
colorferet,arcface_antelopev2,112,1024,heif,age,<=25,39049,0.1917775422334671,0.01,0.01208737739762862,,,,
colorferet,arcface_antelopev2,112,1024,heif,age,__overall__,92240,0.1917775422334671,0.01,0.010006504770164787,0.007174887892376682,0.01208737739762862,0.4912489505251939,4.0
colorferet,arcface_antelopev2,112,1024,heif,pose,frontal,30858,0.27069538831710815,0.001,0.00048609760839976666,,,,
colorferet,arcface_antelopev2,112,1024,heif,pose,half,15773,0.27069538831710815,0.001,0.0008241932416154187,,,,
colorferet,arcface_antelopev2,112,1024,heif,pose,profile,20437,0.27069538831710815,0.001,0.002104027009835103,,,,
colorferet,arcface_antelopev2,112,1024,heif,pose,quarter,10577,0.27069538831710815,0.001,0.0006618133686300463,,,,
colorferet,arcface_antelopev2,112,1024,heif,pose,__overall__,77645,0.27069538831710815,0.001,0.0010045720909266534,0.00048609760839976666,0.002104027009835103,0.1617929401435336,4.0
colorferet,arcface_antelopev2,112,1024,heif,skin_tone,Asian,16178,0.26740360260009766,0.001,0.003028804549388058,,,,
colorferet,arcface_antelopev2,112,1024,heif,skin_tone,Black,1745,0.26740360260009766,0.001,0.005157593123209169,,,,
colorferet,arcface_antelopev2,112,1024,heif,skin_tone,Hispanic,748,0.26740360260009766,0.001,0.0,,,,
colorferet,arcface_antelopev2,112,1024,heif,skin_tone,White,116837,0.26740360260009766,0.001,0.0006675967373349196,,,,
colorferet,arcface_antelopev2,112,1024,heif,skin_tone,__overall__,135532,0.26740360260009766,0.001,0.001003453059056164,0.0,0.005157593123209169,0.5157593123209169,4.0
colorferet,arcface_antelopev2,112,1024,heif,gender,female,37642,0.2650775611400604,0.001,0.0017533606078316774,,,,
colorferet,arcface_antelopev2,112,1024,heif,gender,male,124724,0.2650775611400604,0.001,0.0007777171995766652,,,,
colorferet,arcface_antelopev2,112,1024,heif,gender,__overall__,162366,0.2650775611400604,0.001,0.0010039047583853763,0.0007777171995766652,0.0017533606078316774,0.09756434082550121,2.0
colorferet,arcface_antelopev2,112,1024,heif,age,26-35,23660,0.26969626545906067,0.001,0.0012256973795435333,,,,
colorferet,arcface_antelopev2,112,1024,heif,age,36-50,28990,0.26969626545906067,0.001,0.0005174197999310107,,,,
colorferet,arcface_antelopev2,112,1024,heif,age,51-65,540,0.26969626545906067,0.001,0.0,,,,
colorferet,arcface_antelopev2,112,1024,heif,age,<=25,39049,0.26969626545906067,0.001,0.0012548336705165304,,,,
colorferet,arcface_antelopev2,112,1024,heif,age,__overall__,92240,0.26969626545906067,0.001,0.0010082393755420642,0.0,0.0012548336705165304,0.12548336705165306,4.0
colorferet,arcface_antelopev2,112,512,heif,pose,frontal,30858,0.3307071626186371,0.01,0.004569317518957807,,,,
colorferet,arcface_antelopev2,112,512,heif,pose,half,15773,0.3307071626186371,0.01,0.005705953211183668,,,,
colorferet,arcface_antelopev2,112,512,heif,pose,profile,20437,0.3307071626186371,0.01,0.025346185839408914,,,,
colorferet,arcface_antelopev2,112,512,heif,pose,quarter,10577,0.3307071626186371,0.01,0.0026472534745201853,,,,
colorferet,arcface_antelopev2,112,512,heif,pose,__overall__,77645,0.3307071626186371,0.01,0.01000708352115397,0.0026472534745201853,0.025346185839408914,2.2698932364888726,4.0
colorferet,arcface_antelopev2,112,512,heif,skin_tone,Asian,16178,0.29873907566070557,0.01,0.01638026950179256,,,,
colorferet,arcface_antelopev2,112,512,heif,skin_tone,Black,1745,0.29873907566070557,0.01,0.03610315186246418,,,,
colorferet,arcface_antelopev2,112,512,heif,skin_tone,Hispanic,748,0.29873907566070557,0.01,0.009358288770053475,,,,
colorferet,arcface_antelopev2,112,512,heif,skin_tone,White,116837,0.29873907566070557,0.01,0.008712993315473695,,,,
colorferet,arcface_antelopev2,112,512,heif,skin_tone,__overall__,135532,0.29873907566070557,0.01,0.01000501726529528,0.008712993315473695,0.03610315186246418,2.739015854699049,4.0
colorferet,arcface_antelopev2,112,512,heif,gender,female,37642,0.30378013849258423,0.01,0.015434886562881887,,,,
colorferet,arcface_antelopev2,112,512,heif,gender,male,124724,0.30378013849258423,0.01,0.008362464321221256,,,,
colorferet,arcface_antelopev2,112,512,heif,gender,__overall__,162366,0.30378013849258423,0.01,0.010002094034465343,0.008362464321221256,0.015434886562881887,0.7072422241660631,2.0
colorferet,arcface_antelopev2,112,512,heif,age,26-35,23660,0.30918756127357483,0.01,0.008368554522400677,,,,
colorferet,arcface_antelopev2,112,512,heif,age,36-50,28990,0.30918756127357483,0.01,0.005588133839254916,,,,
colorferet,arcface_antelopev2,112,512,heif,age,51-65,540,0.30918756127357483,0.01,0.009259259259259259,,,,
colorferet,arcface_antelopev2,112,512,heif,age,<=25,39049,0.30918756127357483,0.01,0.014289738533637224,,,,
colorferet,arcface_antelopev2,112,512,heif,age,__overall__,92240,0.30918756127357483,0.01,0.010006504770164787,0.005588133839254916,0.014289738533637224,0.8701604694382309,4.0
colorferet,arcface_antelopev2,112,512,heif,pose,frontal,30858,0.45330697298049927,0.001,0.00016203253613325554,,,,
colorferet,arcface_antelopev2,112,512,heif,pose,half,15773,0.45330697298049927,0.001,0.00019019844037278895,,,,
colorferet,arcface_antelopev2,112,512,heif,pose,profile,20437,0.45330697298049927,0.001,0.0033272985271810933,,,,
colorferet,arcface_antelopev2,112,512,heif,pose,quarter,10577,0.45330697298049927,0.001,0.00018908953389429895,,,,
colorferet,arcface_antelopev2,112,512,heif,pose,__overall__,77645,0.45330697298049927,0.001,0.0010045720909266534,0.00016203253613325554,0.0033272985271810933,0.31652659910478376,4.0
colorferet,arcface_antelopev2,112,512,heif,skin_tone,Asian,16178,0.40581467747688293,0.001,0.0024106811719619235,,,,
colorferet,arcface_antelopev2,112,512,heif,skin_tone,Black,1745,0.40581467747688293,0.001,0.0057306590257879654,,,,
colorferet,arcface_antelopev2,112,512,heif,skin_tone,Hispanic,748,0.40581467747688293,0.001,0.004010695187165776,,,,
colorferet,arcface_antelopev2,112,512,heif,skin_tone,White,116837,0.40581467747688293,0.001,0.0007018324674546591,,,,
colorferet,arcface_antelopev2,112,512,heif,skin_tone,__overall__,135532,0.40581467747688293,0.001,0.001003453059056164,0.0007018324674546591,0.0057306590257879654,0.5028826558333307,4.0
colorferet,arcface_antelopev2,112,512,heif,gender,female,37642,0.40957844257354736,0.001,0.00162053025875352,,,,
colorferet,arcface_antelopev2,112,512,heif,gender,male,124724,0.40957844257354736,0.001,0.0008178057150187614,,,,
colorferet,arcface_antelopev2,112,512,heif,gender,__overall__,162366,0.40957844257354736,0.001,0.0010039047583853763,0.0008178057150187614,0.00162053025875352,0.08027245437347585,2.0
colorferet,arcface_antelopev2,112,512,heif,age,26-35,23660,0.42138993740081787,0.001,0.0008875739644970414,,,,
colorferet,arcface_antelopev2,112,512,heif,age,36-50,28990,0.42138993740081787,0.001,0.00020696791997240429,,,,
colorferet,arcface_antelopev2,112,512,heif,age,51-65,540,0.42138993740081787,0.001,0.0,,,,
colorferet,arcface_antelopev2,112,512,heif,age,<=25,39049,0.42138993740081787,0.001,0.0016901841276345106,,,,
colorferet,arcface_antelopev2,112,512,heif,age,__overall__,92240,0.42138993740081787,0.001,0.0010082393755420642,0.0,0.0016901841276345106,0.16901841276345106,4.0
colorferet,arcface_antelopev2,112,1024,jpeg2000,pose,frontal,30858,0.25733137130737305,0.01,0.011407090543781192,,,,
colorferet,arcface_antelopev2,112,1024,jpeg2000,pose,half,15773,0.25733137130737305,0.01,0.006466746972674824,,,,
colorferet,arcface_antelopev2,112,1024,jpeg2000,pose,profile,20437,0.25733137130737305,0.01,0.012819885501785977,,,,
colorferet,arcface_antelopev2,112,1024,jpeg2000,pose,quarter,10577,0.25733137130737305,0.01,0.005767230783776118,,,,
colorferet,arcface_antelopev2,112,1024,jpeg2000,pose,__overall__,77645,0.25733137130737305,0.01,0.01000708352115397,0.005767230783776118,0.012819885501785977,0.705265471800986,4.0
colorferet,arcface_antelopev2,112,1024,jpeg2000,skin_tone,Asian,16178,0.2454780489206314,0.01,0.02058350846829027,,,,
colorferet,arcface_antelopev2,112,1024,jpeg2000,skin_tone,Black,1745,0.2454780489206314,0.01,0.034383954154727794,,,,
colorferet,arcface_antelopev2,112,1024,jpeg2000,skin_tone,Hispanic,748,0.2454780489206314,0.01,0.017379679144385027,,,,
colorferet,arcface_antelopev2,112,1024,jpeg2000,skin_tone,White,116837,0.2454780489206314,0.01,0.008130985903438123,,,,
colorferet,arcface_antelopev2,112,1024,jpeg2000,skin_tone,__overall__,135532,0.2454780489206314,0.01,0.01000501726529528,0.008130985903438123,0.034383954154727794,2.625296825128967,4.0
colorferet,arcface_antelopev2,112,1024,jpeg2000,gender,female,37642,0.2488986700773239,0.01,0.015594282981775676,,,,
colorferet,arcface_antelopev2,112,1024,jpeg2000,gender,male,124724,0.2488986700773239,0.01,0.00831435810269074,,,,
colorferet,arcface_antelopev2,112,1024,jpeg2000,gender,__overall__,162366,0.2488986700773239,0.01,0.010002094034465343,0.00831435810269074,0.015594282981775676,0.7279924879084935,2.0
colorferet,arcface_antelopev2,112,1024,jpeg2000,age,26-35,23660,0.24834267795085907,0.01,0.009213863060016906,,,,
colorferet,arcface_antelopev2,112,1024,jpeg2000,age,36-50,28990,0.24834267795085907,0.01,0.005622628492583649,,,,
colorferet,arcface_antelopev2,112,1024,jpeg2000,age,51-65,540,0.24834267795085907,0.01,0.012962962962962963,,,,
colorferet,arcface_antelopev2,112,1024,jpeg2000,age,<=25,39049,0.24834267795085907,0.01,0.013700734974007017,,,,
colorferet,arcface_antelopev2,112,1024,jpeg2000,age,__overall__,92240,0.24834267795085907,0.01,0.010006504770164787,0.005622628492583649,0.013700734974007017,0.8078106481423368,4.0
colorferet,arcface_antelopev2,112,1024,jpeg2000,pose,frontal,30858,0.34258177876472473,0.001,0.0011342277529327888,,,,
colorferet,arcface_antelopev2,112,1024,jpeg2000,pose,half,15773,0.34258177876472473,0.001,0.0005071958409941039,,,,
colorferet,arcface_antelopev2,112,1024,jpeg2000,pose,profile,20437,0.34258177876472473,0.001,0.001370064099427509,,,,
colorferet,arcface_antelopev2,112,1024,jpeg2000,pose,quarter,10577,0.34258177876472473,0.001,0.0006618133686300463,,,,
colorferet,arcface_antelopev2,112,1024,jpeg2000,pose,__overall__,77645,0.34258177876472473,0.001,0.0010045720909266534,0.0005071958409941039,0.001370064099427509,0.08628682584334052,4.0
colorferet,arcface_antelopev2,112,1024,jpeg2000,skin_tone,Asian,16178,0.3365176320075989,0.001,0.0027197428606749907,,,,
colorferet,arcface_antelopev2,112,1024,jpeg2000,skin_tone,Black,1745,0.3365176320075989,0.001,0.0040114613180515755,,,,
colorferet,arcface_antelopev2,112,1024,jpeg2000,skin_tone,Hispanic,748,0.3365176320075989,0.001,0.00267379679144385,,,,
colorferet,arcface_antelopev2,112,1024,jpeg2000,skin_tone,White,116837,0.3365176320075989,0.001,0.0007103913999845939,,,,
colorferet,arcface_antelopev2,112,1024,jpeg2000,skin_tone,__overall__,135532,0.3365176320075989,0.001,0.001003453059056164,0.0007103913999845939,0.0040114613180515755,0.33010699180669817,4.0
colorferet,arcface_antelopev2,112,1024,jpeg2000,gender,female,37642,0.3315591812133789,0.001,0.001833058817278572,,,,
colorferet,arcface_antelopev2,112,1024,jpeg2000,gender,male,124724,0.3315591812133789,0.001,0.0007536640903114076,,,,
colorferet,arcface_antelopev2,112,1024,jpeg2000,gender,__overall__,162366,0.3315591812133789,0.001,0.0010039047583853763,0.0007536640903114076,0.001833058817278572,0.10793947269671644,2.0
colorferet,arcface_antelopev2,112,1024,jpeg2000,age,26-35,23660,0.3371530771255493,0.001,0.000676246830092984,,,,
colorferet,arcface_antelopev2,112,1024,jpeg2000,age,36-50,28990,0.3371530771255493,0.001,0.0006553984132459469,,,,
colorferet,arcface_antelopev2,112,1024,jpeg2000,age,51-65,540,0.3371530771255493,0.001,0.001851851851851852,,,,
colorferet,arcface_antelopev2,112,1024,jpeg2000,age,<=25,39049,0.3371530771255493,0.001,0.0014597044738661681,,,,
colorferet,arcface_antelopev2,112,1024,jpeg2000,age,__overall__,92240,0.3371530771255493,0.001,0.0010082393755420642,0.0006553984132459469,0.001851851851851852,0.11964534386059052,4.0
colorferet,arcface_antelopev2,112,512,jpeg2000,pose,frontal,30858,0.5061380863189697,0.01,0.00466653704063776,,,,
colorferet,arcface_antelopev2,112,512,jpeg2000,pose,half,15773,0.5061380863189697,0.01,0.005388955810562353,,,,
colorferet,arcface_antelopev2,112,512,jpeg2000,pose,profile,20437,0.5061380863189697,0.01,0.025541909282184274,,,,
colorferet,arcface_antelopev2,112,512,jpeg2000,pose,quarter,10577,0.5061380863189697,0.01,0.0024581639406258864,,,,
colorferet,arcface_antelopev2,112,512,jpeg2000,pose,__overall__,77645,0.5061380863189697,0.01,0.01000708352115397,0.0024581639406258864,0.025541909282184274,2.308374534155839,4.0
colorferet,arcface_antelopev2,112,512,jpeg2000,skin_tone,Asian,16178,0.4537416696548462,0.01,0.016256644826307332,,,,
colorferet,arcface_antelopev2,112,512,jpeg2000,skin_tone,Black,1745,0.4537416696548462,0.01,0.026934097421203437,,,,
colorferet,arcface_antelopev2,112,512,jpeg2000,skin_tone,Hispanic,748,0.4537416696548462,0.01,0.014705882352941176,,,,
colorferet,arcface_antelopev2,112,512,jpeg2000,skin_tone,White,116837,0.4537416696548462,0.01,0.008849936235952652,,,,
colorferet,arcface_antelopev2,112,512,jpeg2000,skin_tone,__overall__,135532,0.4537416696548462,0.01,0.01000501726529528,0.008849936235952652,0.026934097421203437,1.8084161185250784,4.0
colorferet,arcface_antelopev2,112,512,jpeg2000,gender,female,37642,0.46084892749786377,0.01,0.014797300887306733,,,,
colorferet,arcface_antelopev2,112,512,jpeg2000,gender,male,124724,0.46084892749786377,0.01,0.008554889195343317,,,,
colorferet,arcface_antelopev2,112,512,jpeg2000,gender,__overall__,162366,0.46084892749786377,0.01,0.010002094034465343,0.008554889195343317,0.014797300887306733,0.6242411691963415,2.0
colorferet,arcface_antelopev2,112,512,jpeg2000,age,26-35,23660,0.4712256193161011,0.01,0.008579881656804733,,,,
colorferet,arcface_antelopev2,112,512,jpeg2000,age,36-50,28990,0.4712256193161011,0.01,0.002966540186271128,,,,
colorferet,arcface_antelopev2,112,512,jpeg2000,age,51-65,540,0.4712256193161011,0.01,0.007407407407407408,,,,
colorferet,arcface_antelopev2,112,512,jpeg2000,age,<=25,39049,0.4712256193161011,0.01,0.016133575763783964,,,,
colorferet,arcface_antelopev2,112,512,jpeg2000,age,__overall__,92240,0.4712256193161011,0.01,0.010006504770164787,0.002966540186271128,0.016133575763783964,1.3167035577512838,4.0
colorferet,arcface_antelopev2,112,512,jpeg2000,pose,frontal,30858,0.6416711807250977,0.001,0.00016203253613325554,,,,
colorferet,arcface_antelopev2,112,512,jpeg2000,pose,half,15773,0.6416711807250977,0.001,0.00012679896024852597,,,,
colorferet,arcface_antelopev2,112,512,jpeg2000,pose,profile,20437,0.6416711807250977,0.001,0.0034251602485687723,,,,
colorferet,arcface_antelopev2,112,512,jpeg2000,pose,quarter,10577,0.6416711807250977,0.001,9.454476694714947e-05,,,,
colorferet,arcface_antelopev2,112,512,jpeg2000,pose,__overall__,77645,0.6416711807250977,0.001,0.0010045720909266534,9.454476694714947e-05,0.0034251602485687723,0.33306154816216227,4.0
colorferet,arcface_antelopev2,112,512,jpeg2000,skin_tone,Asian,16178,0.5840113759040833,0.001,0.0013598714303374954,,,,
colorferet,arcface_antelopev2,112,512,jpeg2000,skin_tone,Black,1745,0.5840113759040833,0.001,0.001146131805157593,,,,
colorferet,arcface_antelopev2,112,512,jpeg2000,skin_tone,Hispanic,748,0.5840113759040833,0.001,0.001336898395721925,,,,
colorferet,arcface_antelopev2,112,512,jpeg2000,skin_tone,White,116837,0.5840113759040833,0.001,0.0009500415108227701,,,,
colorferet,arcface_antelopev2,112,512,jpeg2000,skin_tone,__overall__,135532,0.5840113759040833,0.001,0.001003453059056164,0.0009500415108227701,0.0013598714303374954,0.04098299195147252,4.0
colorferet,arcface_antelopev2,112,512,jpeg2000,gender,female,37642,0.5857540369033813,0.001,0.002019021305987992,,,,
colorferet,arcface_antelopev2,112,512,jpeg2000,gender,male,124724,0.5857540369033813,0.001,0.0006975401686924729,,,,
colorferet,arcface_antelopev2,112,512,jpeg2000,gender,__overall__,162366,0.5857540369033813,0.001,0.0010039047583853763,0.0006975401686924729,0.002019021305987992,0.1321481137295519,2.0
colorferet,arcface_antelopev2,112,512,jpeg2000,age,26-35,23660,0.6090856790542603,0.001,0.000676246830092984,,,,
colorferet,arcface_antelopev2,112,512,jpeg2000,age,36-50,28990,0.6090856790542603,0.001,0.00017247326664367022,,,,
colorferet,arcface_antelopev2,112,512,jpeg2000,age,51-65,540,0.6090856790542603,0.001,0.0,,,,
colorferet,arcface_antelopev2,112,512,jpeg2000,age,<=25,39049,0.6090856790542603,0.001,0.0018438372301467388,,,,
colorferet,arcface_antelopev2,112,512,jpeg2000,age,__overall__,92240,0.6090856790542603,0.001,0.0010082393755420642,0.0,0.0018438372301467388,0.18438372301467387,4.0
colorferet,arcface_antelopev2,112,1024,jpeg,pose,frontal,30858,0.24489064514636993,0.01,0.005800764793570549,,,,
colorferet,arcface_antelopev2,112,1024,jpeg,pose,half,15773,0.24489064514636993,0.01,0.009319723578266659,,,,
colorferet,arcface_antelopev2,112,1024,jpeg,pose,profile,20437,0.24489064514636993,0.01,0.01883838136712825,,,,
colorferet,arcface_antelopev2,112,1024,jpeg,pose,quarter,10577,0.24489064514636993,0.01,0.006239954618511866,,,,
colorferet,arcface_antelopev2,112,1024,jpeg,pose,__overall__,77645,0.24489064514636993,0.01,0.01000708352115397,0.005800764793570549,0.01883838136712825,1.30376165735577,4.0
colorferet,arcface_antelopev2,112,1024,jpeg,skin_tone,Asian,16178,0.2520098388195038,0.01,0.02472493509704537,,,,
colorferet,arcface_antelopev2,112,1024,jpeg,skin_tone,Black,1745,0.2520098388195038,0.01,0.04297994269340974,,,,
colorferet,arcface_antelopev2,112,1024,jpeg,skin_tone,Hispanic,748,0.2520098388195038,0.01,0.012032085561497326,,,,
colorferet,arcface_antelopev2,112,1024,jpeg,skin_tone,White,116837,0.2520098388195038,0.01,0.007429153435983464,,,,
colorferet,arcface_antelopev2,112,1024,jpeg,skin_tone,__overall__,135532,0.2520098388195038,0.01,0.01000501726529528,0.007429153435983464,0.04297994269340974,3.5550789257426274,4.0
colorferet,arcface_antelopev2,112,1024,jpeg,gender,female,37642,0.25062835216522217,0.01,0.015966207959194515,,,,
colorferet,arcface_antelopev2,112,1024,jpeg,gender,male,124724,0.25062835216522217,0.01,0.008202110259452873,,,,
colorferet,arcface_antelopev2,112,1024,jpeg,gender,__overall__,162366,0.25062835216522217,0.01,0.010002094034465343,0.008202110259452873,0.015966207959194515,0.7764097699741642,2.0
colorferet,arcface_antelopev2,112,1024,jpeg,age,26-35,23660,0.2484917938709259,0.01,0.010946745562130178,,,,
colorferet,arcface_antelopev2,112,1024,jpeg,age,36-50,28990,0.2484917938709259,0.01,0.007795791652293894,,,,
colorferet,arcface_antelopev2,112,1024,jpeg,age,51-65,540,0.2484917938709259,0.01,0.018518518518518517,,,,
colorferet,arcface_antelopev2,112,1024,jpeg,age,<=25,39049,0.2484917938709259,0.01,0.010960587979205613,,,,
colorferet,arcface_antelopev2,112,1024,jpeg,age,__overall__,92240,0.2484917938709259,0.01,0.010006504770164787,0.007795791652293894,0.018518518518518517,1.0722726866224623,4.0
colorferet,arcface_antelopev2,112,1024,jpeg,pose,frontal,30858,0.34105420112609863,0.001,0.00038887808671981335,,,,
colorferet,arcface_antelopev2,112,1024,jpeg,pose,half,15773,0.34105420112609863,0.001,0.0006339948012426298,,,,
colorferet,arcface_antelopev2,112,1024,jpeg,pose,profile,20437,0.34105420112609863,0.001,0.00249547389538582,,,,
colorferet,arcface_antelopev2,112,1024,jpeg,pose,quarter,10577,0.34105420112609863,0.001,0.00047272383473574735,,,,
colorferet,arcface_antelopev2,112,1024,jpeg,pose,__overall__,77645,0.34105420112609863,0.001,0.0010045720909266534,0.00038887808671981335,0.00249547389538582,0.21065958086660067,4.0
colorferet,arcface_antelopev2,112,1024,jpeg,skin_tone,Asian,16178,0.33983442187309265,0.001,0.0030906168871306715,,,,
colorferet,arcface_antelopev2,112,1024,jpeg,skin_tone,Black,1745,0.33983442187309265,0.001,0.0057306590257879654,,,,
colorferet,arcface_antelopev2,112,1024,jpeg,skin_tone,Hispanic,748,0.33983442187309265,0.001,0.001336898395721925,,,,
colorferet,arcface_antelopev2,112,1024,jpeg,skin_tone,White,116837,0.33983442187309265,0.001,0.000641919939745115,,,,
colorferet,arcface_antelopev2,112,1024,jpeg,skin_tone,__overall__,135532,0.33983442187309265,0.001,0.001003453059056164,0.000641919939745115,0.0057306590257879654,0.508873908604285,4.0
colorferet,arcface_antelopev2,112,1024,jpeg,gender,female,37642,0.3382958471775055,0.001,0.0019127570267254662,,,,
colorferet,arcface_antelopev2,112,1024,jpeg,gender,male,124724,0.3382958471775055,0.001,0.0007296109810461499,,,,
colorferet,arcface_antelopev2,112,1024,jpeg,gender,__overall__,162366,0.3382958471775055,0.001,0.0010039047583853763,0.0007296109810461499,0.0019127570267254662,0.11831460456793162,2.0
colorferet,arcface_antelopev2,112,1024,jpeg,age,26-35,23660,0.3436453342437744,0.001,0.0013102282333051563,,,,
colorferet,arcface_antelopev2,112,1024,jpeg,age,36-50,28990,0.3436453342437744,0.001,0.0006553984132459469,,,,
colorferet,arcface_antelopev2,112,1024,jpeg,age,51-65,540,0.3436453342437744,0.001,0.0,,,,
colorferet,arcface_antelopev2,112,1024,jpeg,age,<=25,39049,0.3436453342437744,0.001,0.0011011805680043022,,,,
colorferet,arcface_antelopev2,112,1024,jpeg,age,__overall__,92240,0.3436453342437744,0.001,0.0010082393755420642,0.0,0.0013102282333051563,0.13102282333051563,4.0
colorferet,arcface_antelopev2,112,512,jpeg,pose,frontal,30858,0.8865712881088257,0.01,0.00408321991055804,,,,
colorferet,arcface_antelopev2,112,512,jpeg,pose,half,15773,0.8865712881088257,0.01,0.01635706587205985,,,,
colorferet,arcface_antelopev2,112,512,jpeg,pose,profile,20437,0.8865712881088257,0.01,0.016783285217986985,,,,
colorferet,arcface_antelopev2,112,512,jpeg,pose,quarter,10577,0.8865712881088257,0.01,0.0047272383473574734,,,,
colorferet,arcface_antelopev2,112,512,jpeg,pose,__overall__,77645,0.8865712881088257,0.01,0.01000708352115397,0.00408321991055804,0.016783285217986985,1.2700065307428943,4.0
colorferet,arcface_antelopev2,112,512,jpeg,skin_tone,Asian,16178,0.8696475625038147,0.01,0.013969588329830635,,,,
colorferet,arcface_antelopev2,112,512,jpeg,skin_tone,Black,1745,0.8696475625038147,0.01,0.025787965616045846,,,,
colorferet,arcface_antelopev2,112,512,jpeg,skin_tone,Hispanic,748,0.8696475625038147,0.01,0.009358288770053475,,,,
colorferet,arcface_antelopev2,112,512,jpeg,skin_tone,White,116837,0.8696475625038147,0.01,0.009217970334739851,,,,
colorferet,arcface_antelopev2,112,512,jpeg,skin_tone,__overall__,135532,0.8696475625038147,0.01,0.01000501726529528,0.009217970334739851,0.025787965616045846,1.6569995281305996,4.0
colorferet,arcface_antelopev2,112,512,jpeg,gender,female,37642,0.8764363527297974,0.01,0.009244992295839754,,,,
colorferet,arcface_antelopev2,112,512,jpeg,gender,male,124724,0.8764363527297974,0.01,0.010230589140822937,,,,
colorferet,arcface_antelopev2,112,512,jpeg,gender,__overall__,162366,0.8764363527297974,0.01,0.010002094034465343,0.009244992295839754,0.010230589140822937,0.09855968449831824,2.0
colorferet,arcface_antelopev2,112,512,jpeg,age,26-35,23660,0.8819645643234253,0.01,0.0040574809805579036,,,,
colorferet,arcface_antelopev2,112,512,jpeg,age,36-50,28990,0.8819645643234253,0.01,0.0032080027595722664,,,,
colorferet,arcface_antelopev2,112,512,jpeg,age,51-65,540,0.8819645643234253,0.01,0.011111111111111112,,,,
colorferet,arcface_antelopev2,112,512,jpeg,age,<=25,39049,0.8819645643234253,0.01,0.018643243104817023,,,,
colorferet,arcface_antelopev2,112,512,jpeg,age,__overall__,92240,0.8819645643234253,0.01,0.010006504770164787,0.0032080027595722664,0.018643243104817023,1.5435240345244758,4.0
colorferet,arcface_antelopev2,112,512,jpeg,pose,frontal,30858,0.927584707736969,0.001,0.0009073822023462311,,,,
colorferet,arcface_antelopev2,112,512,jpeg,pose,half,15773,0.927584707736969,0.001,0.0016483864832308375,,,,
colorferet,arcface_antelopev2,112,512,jpeg,pose,profile,20437,0.927584707736969,0.001,0.0008807554924891129,,,,
colorferet,arcface_antelopev2,112,512,jpeg,pose,quarter,10577,0.927584707736969,0.001,0.0005672686016828969,,,,
colorferet,arcface_antelopev2,112,512,jpeg,pose,__overall__,77645,0.927584707736969,0.001,0.0010045720909266534,0.0005672686016828969,0.0016483864832308375,0.10811178815479405,4.0
colorferet,arcface_antelopev2,112,512,jpeg,skin_tone,Asian,16178,0.9182909727096558,0.001,0.0017307454567931759,,,,
colorferet,arcface_antelopev2,112,512,jpeg,skin_tone,Black,1745,0.9182909727096558,0.001,0.0034383954154727794,,,,
colorferet,arcface_antelopev2,112,512,jpeg,skin_tone,Hispanic,748,0.9182909727096558,0.001,0.001336898395721925,,,,
colorferet,arcface_antelopev2,112,512,jpeg,skin_tone,White,116837,0.9182909727096558,0.001,0.0008644521855234215,,,,
colorferet,arcface_antelopev2,112,512,jpeg,skin_tone,__overall__,135532,0.9182909727096558,0.001,0.001003453059056164,0.0008644521855234215,0.0034383954154727794,0.25739432299493575,4.0
colorferet,arcface_antelopev2,112,512,jpeg,gender,female,37642,0.9214838743209839,0.001,0.0011423410020721535,,,,
colorferet,arcface_antelopev2,112,512,jpeg,gender,male,124724,0.9214838743209839,0.001,0.0009621243706103076,,,,
colorferet,arcface_antelopev2,112,512,jpeg,gender,__overall__,162366,0.9214838743209839,0.001,0.0010039047583853763,0.0009621243706103076,0.0011423410020721535,0.01802166314618459,2.0
colorferet,arcface_antelopev2,112,512,jpeg,age,26-35,23660,0.9260736703872681,0.001,0.0002958579881656805,,,,
colorferet,arcface_antelopev2,112,512,jpeg,age,36-50,28990,0.9260736703872681,0.001,0.00010348395998620214,,,,
colorferet,arcface_antelopev2,112,512,jpeg,age,51-65,540,0.9260736703872681,0.001,0.0,,,,
colorferet,arcface_antelopev2,112,512,jpeg,age,<=25,39049,0.9260736703872681,0.001,0.0021255345847524905,,,,
colorferet,arcface_antelopev2,112,512,jpeg,age,__overall__,92240,0.9260736703872681,0.001,0.0010082393755420642,0.0,0.0021255345847524905,0.21255345847524904,4.0
colorferet,arcface_antelopev2,112,1024,jpeg_ai,pose,frontal,30858,,0.01,0.0,,,,
colorferet,arcface_antelopev2,112,1024,jpeg_ai,pose,half,15773,,0.01,0.0,,,,
colorferet,arcface_antelopev2,112,1024,jpeg_ai,pose,profile,20437,,0.01,0.0,,,,
colorferet,arcface_antelopev2,112,1024,jpeg_ai,pose,quarter,10577,,0.01,0.0,,,,
colorferet,arcface_antelopev2,112,1024,jpeg_ai,pose,__overall__,77645,,0.01,0.0,0.0,0.0,0.0,4.0
colorferet,arcface_antelopev2,112,1024,jpeg_ai,skin_tone,Asian,16178,,0.01,0.0,,,,
colorferet,arcface_antelopev2,112,1024,jpeg_ai,skin_tone,Black,1745,,0.01,0.0,,,,
colorferet,arcface_antelopev2,112,1024,jpeg_ai,skin_tone,Hispanic,748,,0.01,0.0,,,,
colorferet,arcface_antelopev2,112,1024,jpeg_ai,skin_tone,White,116837,,0.01,0.0,,,,
colorferet,arcface_antelopev2,112,1024,jpeg_ai,skin_tone,__overall__,135532,,0.01,0.0,0.0,0.0,0.0,4.0
colorferet,arcface_antelopev2,112,1024,jpeg_ai,gender,female,37642,,0.01,0.0,,,,
colorferet,arcface_antelopev2,112,1024,jpeg_ai,gender,male,124724,,0.01,0.0,,,,
colorferet,arcface_antelopev2,112,1024,jpeg_ai,gender,__overall__,162366,,0.01,0.0,0.0,0.0,0.0,2.0
colorferet,arcface_antelopev2,112,1024,jpeg_ai,age,26-35,23660,,0.01,0.0,,,,
colorferet,arcface_antelopev2,112,1024,jpeg_ai,age,36-50,28990,,0.01,0.0,,,,
colorferet,arcface_antelopev2,112,1024,jpeg_ai,age,51-65,540,,0.01,0.0,,,,
colorferet,arcface_antelopev2,112,1024,jpeg_ai,age,<=25,39049,,0.01,0.0,,,,
colorferet,arcface_antelopev2,112,1024,jpeg_ai,age,__overall__,92240,,0.01,0.0,0.0,0.0,0.0,4.0
colorferet,arcface_antelopev2,112,1024,jpeg_ai,pose,frontal,30858,,0.001,0.0,,,,
colorferet,arcface_antelopev2,112,1024,jpeg_ai,pose,half,15773,,0.001,0.0,,,,
colorferet,arcface_antelopev2,112,1024,jpeg_ai,pose,profile,20437,,0.001,0.0,,,,
colorferet,arcface_antelopev2,112,1024,jpeg_ai,pose,quarter,10577,,0.001,0.0,,,,
colorferet,arcface_antelopev2,112,1024,jpeg_ai,pose,__overall__,77645,,0.001,0.0,0.0,0.0,0.0,4.0
colorferet,arcface_antelopev2,112,1024,jpeg_ai,skin_tone,Asian,16178,,0.001,0.0,,,,
colorferet,arcface_antelopev2,112,1024,jpeg_ai,skin_tone,Black,1745,,0.001,0.0,,,,
colorferet,arcface_antelopev2,112,1024,jpeg_ai,skin_tone,Hispanic,748,,0.001,0.0,,,,
colorferet,arcface_antelopev2,112,1024,jpeg_ai,skin_tone,White,116837,,0.001,0.0,,,,
colorferet,arcface_antelopev2,112,1024,jpeg_ai,skin_tone,__overall__,135532,,0.001,0.0,0.0,0.0,0.0,4.0
colorferet,arcface_antelopev2,112,1024,jpeg_ai,gender,female,37642,,0.001,0.0,,,,
colorferet,arcface_antelopev2,112,1024,jpeg_ai,gender,male,124724,,0.001,0.0,,,,
colorferet,arcface_antelopev2,112,1024,jpeg_ai,gender,__overall__,162366,,0.001,0.0,0.0,0.0,0.0,2.0
colorferet,arcface_antelopev2,112,1024,jpeg_ai,age,26-35,23660,,0.001,0.0,,,,
colorferet,arcface_antelopev2,112,1024,jpeg_ai,age,36-50,28990,,0.001,0.0,,,,
colorferet,arcface_antelopev2,112,1024,jpeg_ai,age,51-65,540,,0.001,0.0,,,,
colorferet,arcface_antelopev2,112,1024,jpeg_ai,age,<=25,39049,,0.001,0.0,,,,
colorferet,arcface_antelopev2,112,1024,jpeg_ai,age,__overall__,92240,,0.001,0.0,0.0,0.0,0.0,4.0
colorferet,arcface_antelopev2,112,512,jpeg_ai,pose,frontal,30858,,0.01,0.0,,,,
colorferet,arcface_antelopev2,112,512,jpeg_ai,pose,half,15773,,0.01,0.0,,,,
colorferet,arcface_antelopev2,112,512,jpeg_ai,pose,profile,20437,,0.01,0.0,,,,
colorferet,arcface_antelopev2,112,512,jpeg_ai,pose,quarter,10577,,0.01,0.0,,,,
colorferet,arcface_antelopev2,112,512,jpeg_ai,pose,__overall__,77645,,0.01,0.0,0.0,0.0,0.0,4.0
colorferet,arcface_antelopev2,112,512,jpeg_ai,skin_tone,Asian,16178,,0.01,0.0,,,,
colorferet,arcface_antelopev2,112,512,jpeg_ai,skin_tone,Black,1745,,0.01,0.0,,,,
colorferet,arcface_antelopev2,112,512,jpeg_ai,skin_tone,Hispanic,748,,0.01,0.0,,,,
colorferet,arcface_antelopev2,112,512,jpeg_ai,skin_tone,White,116837,,0.01,0.0,,,,
colorferet,arcface_antelopev2,112,512,jpeg_ai,skin_tone,__overall__,135532,,0.01,0.0,0.0,0.0,0.0,4.0
colorferet,arcface_antelopev2,112,512,jpeg_ai,gender,female,37642,,0.01,0.0,,,,
colorferet,arcface_antelopev2,112,512,jpeg_ai,gender,male,124724,,0.01,0.0,,,,
colorferet,arcface_antelopev2,112,512,jpeg_ai,gender,__overall__,162366,,0.01,0.0,0.0,0.0,0.0,2.0
colorferet,arcface_antelopev2,112,512,jpeg_ai,age,26-35,23660,,0.01,0.0,,,,
colorferet,arcface_antelopev2,112,512,jpeg_ai,age,36-50,28990,,0.01,0.0,,,,
colorferet,arcface_antelopev2,112,512,jpeg_ai,age,51-65,540,,0.01,0.0,,,,
colorferet,arcface_antelopev2,112,512,jpeg_ai,age,<=25,39049,,0.01,0.0,,,,
colorferet,arcface_antelopev2,112,512,jpeg_ai,age,__overall__,92240,,0.01,0.0,0.0,0.0,0.0,4.0
colorferet,arcface_antelopev2,112,512,jpeg_ai,pose,frontal,30858,,0.001,0.0,,,,
colorferet,arcface_antelopev2,112,512,jpeg_ai,pose,half,15773,,0.001,0.0,,,,
colorferet,arcface_antelopev2,112,512,jpeg_ai,pose,profile,20437,,0.001,0.0,,,,
colorferet,arcface_antelopev2,112,512,jpeg_ai,pose,quarter,10577,,0.001,0.0,,,,
colorferet,arcface_antelopev2,112,512,jpeg_ai,pose,__overall__,77645,,0.001,0.0,0.0,0.0,0.0,4.0
colorferet,arcface_antelopev2,112,512,jpeg_ai,skin_tone,Asian,16178,,0.001,0.0,,,,
colorferet,arcface_antelopev2,112,512,jpeg_ai,skin_tone,Black,1745,,0.001,0.0,,,,
colorferet,arcface_antelopev2,112,512,jpeg_ai,skin_tone,Hispanic,748,,0.001,0.0,,,,
colorferet,arcface_antelopev2,112,512,jpeg_ai,skin_tone,White,116837,,0.001,0.0,,,,
colorferet,arcface_antelopev2,112,512,jpeg_ai,skin_tone,__overall__,135532,,0.001,0.0,0.0,0.0,0.0,4.0
colorferet,arcface_antelopev2,112,512,jpeg_ai,gender,female,37642,,0.001,0.0,,,,
colorferet,arcface_antelopev2,112,512,jpeg_ai,gender,male,124724,,0.001,0.0,,,,
colorferet,arcface_antelopev2,112,512,jpeg_ai,gender,__overall__,162366,,0.001,0.0,0.0,0.0,0.0,2.0
colorferet,arcface_antelopev2,112,512,jpeg_ai,age,26-35,23660,,0.001,0.0,,,,
colorferet,arcface_antelopev2,112,512,jpeg_ai,age,36-50,28990,,0.001,0.0,,,,
colorferet,arcface_antelopev2,112,512,jpeg_ai,age,51-65,540,,0.001,0.0,,,,
colorferet,arcface_antelopev2,112,512,jpeg_ai,age,<=25,39049,,0.001,0.0,,,,
colorferet,arcface_antelopev2,112,512,jpeg_ai,age,__overall__,92240,,0.001,0.0,0.0,0.0,0.0,4.0
colorferet,arcface_antelopev2,112,1024,jpeg_fzt,pose,frontal,30858,0.20573465526103973,0.01,0.006319268909196967,,,,
colorferet,arcface_antelopev2,112,1024,jpeg_fzt,pose,half,15773,0.20573465526103973,0.01,0.008115133455905662,,,,
colorferet,arcface_antelopev2,112,1024,jpeg_fzt,pose,profile,20437,0.20573465526103973,0.01,0.01849586534227137,,,,
colorferet,arcface_antelopev2,112,1024,jpeg_fzt,pose,quarter,10577,0.20573465526103973,0.01,0.00718540228798336,,,,
colorferet,arcface_antelopev2,112,1024,jpeg_fzt,pose,__overall__,77645,0.20573465526103973,0.01,0.01000708352115397,0.006319268909196967,0.01849586534227137,1.2176596433074405,4.0
colorferet,arcface_antelopev2,112,1024,jpeg_fzt,skin_tone,Asian,16178,0.21018309891223907,0.01,0.024106811719619235,,,,
colorferet,arcface_antelopev2,112,1024,jpeg_fzt,skin_tone,Black,1745,0.21018309891223907,0.01,0.030945558739255013,,,,
colorferet,arcface_antelopev2,112,1024,jpeg_fzt,skin_tone,Hispanic,748,0.21018309891223907,0.01,0.008021390374331552,,,,
colorferet,arcface_antelopev2,112,1024,jpeg_fzt,skin_tone,White,116837,0.21018309891223907,0.01,0.007754392872120989,,,,
colorferet,arcface_antelopev2,112,1024,jpeg_fzt,skin_tone,__overall__,135532,0.21018309891223907,0.01,0.01000501726529528,0.007754392872120989,0.030945558739255013,2.3191165867134025,4.0
colorferet,arcface_antelopev2,112,1024,jpeg_fzt,gender,female,37642,0.2097412645816803,0.01,0.016630359704585304,,,,
colorferet,arcface_antelopev2,112,1024,jpeg_fzt,gender,male,124724,0.2097412645816803,0.01,0.008001667682242392,,,,
colorferet,arcface_antelopev2,112,1024,jpeg_fzt,gender,__overall__,162366,0.2097412645816803,0.01,0.010002094034465343,0.008001667682242392,0.016630359704585304,0.8628692022342912,2.0
colorferet,arcface_antelopev2,112,1024,jpeg_fzt,age,26-35,23660,0.2071722000837326,0.01,0.010608622147083685,,,,
colorferet,arcface_antelopev2,112,1024,jpeg_fzt,age,36-50,28990,0.2071722000837326,0.01,0.0068299413590893416,,,,
colorferet,arcface_antelopev2,112,1024,jpeg_fzt,age,51-65,540,0.2071722000837326,0.01,0.011111111111111112,,,,
colorferet,arcface_antelopev2,112,1024,jpeg_fzt,age,<=25,39049,0.2071722000837326,0.01,0.011984941995953801,,,,
colorferet,arcface_antelopev2,112,1024,jpeg_fzt,age,__overall__,92240,0.2071722000837326,0.01,0.010006504770164787,0.0068299413590893416,0.011984941995953801,0.515500063686446,4.0
colorferet,arcface_antelopev2,112,1024,jpeg_fzt,pose,frontal,30858,0.2922169864177704,0.001,0.0003240650722665111,,,,
colorferet,arcface_antelopev2,112,1024,jpeg_fzt,pose,half,15773,0.2922169864177704,0.001,0.0005705953211183668,,,,
colorferet,arcface_antelopev2,112,1024,jpeg_fzt,pose,profile,20437,0.2922169864177704,0.001,0.0025444047560796595,,,,
colorferet,arcface_antelopev2,112,1024,jpeg_fzt,pose,quarter,10577,0.2922169864177704,0.001,0.0006618133686300463,,,,
colorferet,arcface_antelopev2,112,1024,jpeg_fzt,pose,__overall__,77645,0.2922169864177704,0.001,0.0010045720909266534,0.0003240650722665111,0.0025444047560796595,0.22203396838131484,4.0
colorferet,arcface_antelopev2,112,1024,jpeg_fzt,skin_tone,Asian,16178,0.29087623953819275,0.001,0.0029669922116454446,,,,
colorferet,arcface_antelopev2,112,1024,jpeg_fzt,skin_tone,Black,1745,0.29087623953819275,0.001,0.009169054441260744,,,,
colorferet,arcface_antelopev2,112,1024,jpeg_fzt,skin_tone,Hispanic,748,0.29087623953819275,0.001,0.0,,,,
colorferet,arcface_antelopev2,112,1024,jpeg_fzt,skin_tone,White,116837,0.29087623953819275,0.001,0.0006162431421553104,,,,
colorferet,arcface_antelopev2,112,1024,jpeg_fzt,skin_tone,__overall__,135532,0.29087623953819275,0.001,0.001003453059056164,0.0,0.009169054441260744,0.9169054441260744,4.0
colorferet,arcface_antelopev2,112,1024,jpeg_fzt,gender,female,37642,0.2895826995372772,0.001,0.0022581159343286754,,,,
colorferet,arcface_antelopev2,112,1024,jpeg_fzt,gender,male,124724,0.2895826995372772,0.001,0.0006253808408967,,,,
colorferet,arcface_antelopev2,112,1024,jpeg_fzt,gender,__overall__,162366,0.2895826995372772,0.001,0.0010039047583853763,0.0006253808408967,0.0022581159343286754,0.16327350934319754,2.0
colorferet,arcface_antelopev2,112,1024,jpeg_fzt,age,26-35,23660,0.2913553714752197,0.001,0.0010143702451394759,,,,
colorferet,arcface_antelopev2,112,1024,jpeg_fzt,age,36-50,28990,0.2913553714752197,0.001,0.00041393583994480857,,,,
colorferet,arcface_antelopev2,112,1024,jpeg_fzt,age,51-65,540,0.2913553714752197,0.001,0.0,,,,
colorferet,arcface_antelopev2,112,1024,jpeg_fzt,age,<=25,39049,0.2913553714752197,0.001,0.0014597044738661681,,,,
colorferet,arcface_antelopev2,112,1024,jpeg_fzt,age,__overall__,92240,0.2913553714752197,0.001,0.0010082393755420642,0.0,0.0014597044738661681,0.14597044738661683,4.0
colorferet,arcface_antelopev2,112,512,jpeg_fzt,pose,frontal,30858,0.2636869549751282,0.01,0.006060016851383757,,,,
colorferet,arcface_antelopev2,112,512,jpeg_fzt,pose,half,15773,0.2636869549751282,0.01,0.006086350091929246,,,,
colorferet,arcface_antelopev2,112,512,jpeg_fzt,pose,profile,20437,0.2636869549751282,0.01,0.022165679894309342,,,,
colorferet,arcface_antelopev2,112,512,jpeg_fzt,pose,quarter,10577,0.2636869549751282,0.01,0.0038763354448331285,,,,
colorferet,arcface_antelopev2,112,512,jpeg_fzt,pose,__overall__,77645,0.2636869549751282,0.01,0.01000708352115397,0.0038763354448331285,0.022165679894309342,1.8289344449476213,4.0
colorferet,arcface_antelopev2,112,512,jpeg_fzt,skin_tone,Asian,16178,0.24919390678405762,0.01,0.0216343182099147,,,,
colorferet,arcface_antelopev2,112,512,jpeg_fzt,skin_tone,Black,1745,0.24919390678405762,0.01,0.028080229226361032,,,,
colorferet,arcface_antelopev2,112,512,jpeg_fzt,skin_tone,Hispanic,748,0.24919390678405762,0.01,0.013368983957219251,,,,
colorferet,arcface_antelopev2,112,512,jpeg_fzt,skin_tone,White,116837,0.24919390678405762,0.01,0.008105309105848318,,,,
colorferet,arcface_antelopev2,112,512,jpeg_fzt,skin_tone,__overall__,135532,0.24919390678405762,0.01,0.01000501726529528,0.008105309105848318,0.028080229226361032,1.9974920120512714,4.0
colorferet,arcface_antelopev2,112,512,jpeg_fzt,gender,female,37642,0.2516622543334961,0.01,0.016311566866797727,,,,
colorferet,arcface_antelopev2,112,512,jpeg_fzt,gender,male,124724,0.2516622543334961,0.01,0.008097880119303421,,,,
colorferet,arcface_antelopev2,112,512,jpeg_fzt,gender,__overall__,162366,0.2516622543334961,0.01,0.010002094034465343,0.008097880119303421,0.016311566866797727,0.8213686747494305,2.0
colorferet,arcface_antelopev2,112,512,jpeg_fzt,age,26-35,23660,0.25250494480133057,0.01,0.00900253592561285,,,,
colorferet,arcface_antelopev2,112,512,jpeg_fzt,age,36-50,28990,0.25250494480133057,0.01,0.005933080372542256,,,,
colorferet,arcface_antelopev2,112,512,jpeg_fzt,age,51-65,540,0.25250494480133057,0.01,0.014814814814814815,,,,
colorferet,arcface_antelopev2,112,512,jpeg_fzt,age,<=25,39049,0.25250494480133057,0.01,0.013572690721913493,,,,
colorferet,arcface_antelopev2,112,512,jpeg_fzt,age,__overall__,92240,0.25250494480133057,0.01,0.010006504770164787,0.005933080372542256,0.014814814814814815,0.888173444227256,4.0
colorferet,arcface_antelopev2,112,512,jpeg_fzt,pose,frontal,30858,0.3651324510574341,0.001,0.0005509106228530689,,,,
colorferet,arcface_antelopev2,112,512,jpeg_fzt,pose,half,15773,0.3651324510574341,0.001,0.00019019844037278895,,,,
colorferet,arcface_antelopev2,112,512,jpeg_fzt,pose,profile,20437,0.3651324510574341,0.001,0.002593335616773499,,,,
colorferet,arcface_antelopev2,112,512,jpeg_fzt,pose,quarter,10577,0.3651324510574341,0.001,0.00047272383473574735,,,,
colorferet,arcface_antelopev2,112,512,jpeg_fzt,pose,__overall__,77645,0.3651324510574341,0.001,0.0010045720909266534,0.00019019844037278895,0.002593335616773499,0.240313717640071,4.0
colorferet,arcface_antelopev2,112,512,jpeg_fzt,skin_tone,Asian,16178,0.34207841753959656,0.001,0.00216343182099147,,,,
colorferet,arcface_antelopev2,112,512,jpeg_fzt,skin_tone,Black,1745,0.34207841753959656,0.001,0.0057306590257879654,,,,
colorferet,arcface_antelopev2,112,512,jpeg_fzt,skin_tone,Hispanic,748,0.34207841753959656,0.001,0.00267379679144385,,,,
colorferet,arcface_antelopev2,112,512,jpeg_fzt,skin_tone,White,116837,0.34207841753959656,0.001,0.0007617449951642031,,,,
colorferet,arcface_antelopev2,112,512,jpeg_fzt,skin_tone,__overall__,135532,0.34207841753959656,0.001,0.001003453059056164,0.0007617449951642031,0.0057306590257879654,0.4968914030623763,4.0
colorferet,arcface_antelopev2,112,512,jpeg_fzt,gender,female,37642,0.3462528884410858,0.001,0.0020721534456192552,,,,
colorferet,arcface_antelopev2,112,512,jpeg_fzt,gender,male,124724,0.3462528884410858,0.001,0.0006815047625156345,,,,
colorferet,arcface_antelopev2,112,512,jpeg_fzt,gender,__overall__,162366,0.3462528884410858,0.001,0.0010039047583853763,0.0006815047625156345,0.0020721534456192552,0.13906486831036208,2.0
colorferet,arcface_antelopev2,112,512,jpeg_fzt,age,26-35,23660,0.34841084480285645,0.001,0.0010143702451394759,,,,
colorferet,arcface_antelopev2,112,512,jpeg_fzt,age,36-50,28990,0.34841084480285645,0.001,0.0006553984132459469,,,,
colorferet,arcface_antelopev2,112,512,jpeg_fzt,age,51-65,540,0.34841084480285645,0.001,0.001851851851851852,,,,
colorferet,arcface_antelopev2,112,512,jpeg_fzt,age,<=25,39049,0.34841084480285645,0.001,0.0012548336705165304,,,,
colorferet,arcface_antelopev2,112,512,jpeg_fzt,age,__overall__,92240,0.34841084480285645,0.001,0.0010082393755420642,0.0006553984132459469,0.001851851851851852,0.11964534386059052,4.0
colorferet,arcface_antelopev2,112,1024,jpeg_xl,pose,frontal,30858,0.1946217566728592,0.01,0.00670814699591678,,,,
colorferet,arcface_antelopev2,112,1024,jpeg_xl,pose,half,15773,0.1946217566728592,0.01,0.00912952513789387,,,,
colorferet,arcface_antelopev2,112,1024,jpeg_xl,pose,profile,20437,0.1946217566728592,0.01,0.016832216078680823,,,,
colorferet,arcface_antelopev2,112,1024,jpeg_xl,pose,quarter,10577,0.1946217566728592,0.01,0.007752670889666257,,,,
colorferet,arcface_antelopev2,112,1024,jpeg_xl,pose,__overall__,77645,0.1946217566728592,0.01,0.01000708352115397,0.00670814699591678,0.016832216078680823,1.0124069082764042,4.0
colorferet,arcface_antelopev2,112,1024,jpeg_xl,skin_tone,Asian,16178,0.19817481935024261,0.01,0.024415873408332303,,,,
colorferet,arcface_antelopev2,112,1024,jpeg_xl,skin_tone,Black,1745,0.19817481935024261,0.01,0.0332378223495702,,,,
colorferet,arcface_antelopev2,112,1024,jpeg_xl,skin_tone,Hispanic,748,0.19817481935024261,0.01,0.0053475935828877,,,,
colorferet,arcface_antelopev2,112,1024,jpeg_xl,skin_tone,White,116837,0.19817481935024261,0.01,0.007677362479351575,,,,
colorferet,arcface_antelopev2,112,1024,jpeg_xl,skin_tone,__overall__,135532,0.19817481935024261,0.01,0.01000501726529528,0.0053475935828877,0.0332378223495702,2.7890228766682497,4.0
colorferet,arcface_antelopev2,112,1024,jpeg_xl,gender,female,37642,0.1981968730688095,0.01,0.014956697306200521,,,,
colorferet,arcface_antelopev2,112,1024,jpeg_xl,gender,male,124724,0.1981968730688095,0.01,0.008506782976812803,,,,
colorferet,arcface_antelopev2,112,1024,jpeg_xl,gender,__overall__,162366,0.1981968730688095,0.01,0.010002094034465343,0.008506782976812803,0.014956697306200521,0.6449914329387718,2.0
colorferet,arcface_antelopev2,112,1024,jpeg_xl,age,26-35,23660,0.19703520834445953,0.01,0.010650887573964497,,,,
colorferet,arcface_antelopev2,112,1024,jpeg_xl,age,36-50,28990,0.19703520834445953,0.01,0.007381855812349086,,,,
colorferet,arcface_antelopev2,112,1024,jpeg_xl,age,51-65,540,0.19703520834445953,0.01,0.007407407407407408,,,,
colorferet,arcface_antelopev2,112,1024,jpeg_xl,age,<=25,39049,0.19703520834445953,0.01,0.011600809239673231,,,,
colorferet,arcface_antelopev2,112,1024,jpeg_xl,age,__overall__,92240,0.19703520834445953,0.01,0.010006504770164787,0.007381855812349086,0.011600809239673231,0.42189534273241447,4.0
colorferet,arcface_antelopev2,112,1024,jpeg_xl,pose,frontal,30858,0.27346041798591614,0.001,0.00048609760839976666,,,,
colorferet,arcface_antelopev2,112,1024,jpeg_xl,pose,half,15773,0.27346041798591614,0.001,0.0005705953211183668,,,,
colorferet,arcface_antelopev2,112,1024,jpeg_xl,pose,profile,20437,0.27346041798591614,0.001,0.0022018887312227823,,,,
colorferet,arcface_antelopev2,112,1024,jpeg_xl,pose,quarter,10577,0.27346041798591614,0.001,0.0008509029025243452,,,,
colorferet,arcface_antelopev2,112,1024,jpeg_xl,pose,__overall__,77645,0.27346041798591614,0.001,0.0010045720909266534,0.00048609760839976666,0.0022018887312227823,0.17157911228230155,4.0
colorferet,arcface_antelopev2,112,1024,jpeg_xl,skin_tone,Asian,16178,0.2760973274707794,0.001,0.0027197428606749907,,,,
colorferet,arcface_antelopev2,112,1024,jpeg_xl,skin_tone,Black,1745,0.2760973274707794,0.001,0.0057306590257879654,,,,
colorferet,arcface_antelopev2,112,1024,jpeg_xl,skin_tone,Hispanic,748,0.2760973274707794,0.001,0.0,,,,
colorferet,arcface_antelopev2,112,1024,jpeg_xl,skin_tone,White,116837,0.2760973274707794,0.001,0.0007018324674546591,,,,
colorferet,arcface_antelopev2,112,1024,jpeg_xl,skin_tone,__overall__,135532,0.2760973274707794,0.001,0.001003453059056164,0.0,0.0057306590257879654,0.5730659025787965,4.0
colorferet,arcface_antelopev2,112,1024,jpeg_xl,gender,female,37642,0.27324503660202026,0.001,0.0019658891663567294,,,,
colorferet,arcface_antelopev2,112,1024,jpeg_xl,gender,male,124724,0.27324503660202026,0.001,0.0007135755748693115,,,,
colorferet,arcface_antelopev2,112,1024,jpeg_xl,gender,__overall__,162366,0.27324503660202026,0.001,0.0010039047583853763,0.0007135755748693115,0.0019658891663567294,0.12523135914874178,2.0
colorferet,arcface_antelopev2,112,1024,jpeg_xl,age,26-35,23660,0.279431015253067,0.001,0.0011411665257819103,,,,
colorferet,arcface_antelopev2,112,1024,jpeg_xl,age,36-50,28990,0.279431015253067,0.001,0.0005174197999310107,,,,
colorferet,arcface_antelopev2,112,1024,jpeg_xl,age,51-65,540,0.279431015253067,0.001,0.0,,,,
colorferet,arcface_antelopev2,112,1024,jpeg_xl,age,<=25,39049,0.279431015253067,0.001,0.00130605137135394,,,,
colorferet,arcface_antelopev2,112,1024,jpeg_xl,age,__overall__,92240,0.279431015253067,0.001,0.0010082393755420642,0.0,0.00130605137135394,0.13060513713539398,4.0
colorferet,arcface_antelopev2,112,512,jpeg_xl,pose,frontal,30858,0.23848991096019745,0.01,0.006222049387517014,,,,
colorferet,arcface_antelopev2,112,512,jpeg_xl,pose,half,15773,0.23848991096019745,0.01,0.00893932669752108,,,,
colorferet,arcface_antelopev2,112,512,jpeg_xl,pose,profile,20437,0.23848991096019745,0.01,0.01874051964574057,,,,
colorferet,arcface_antelopev2,112,512,jpeg_xl,pose,quarter,10577,0.23848991096019745,0.01,0.005767230783776118,,,,
colorferet,arcface_antelopev2,112,512,jpeg_xl,pose,__overall__,77645,0.23848991096019745,0.01,0.01000708352115397,0.005767230783776118,0.01874051964574057,1.2973288861964452,4.0
colorferet,arcface_antelopev2,112,512,jpeg_xl,skin_tone,Asian,16178,0.23429851233959198,0.01,0.021881567560885152,,,,
colorferet,arcface_antelopev2,112,512,jpeg_xl,skin_tone,Black,1745,0.23429851233959198,0.01,0.028080229226361032,,,,
colorferet,arcface_antelopev2,112,512,jpeg_xl,skin_tone,Hispanic,748,0.23429851233959198,0.01,0.012032085561497326,,,,
colorferet,arcface_antelopev2,112,512,jpeg_xl,skin_tone,White,116837,0.23429851233959198,0.01,0.008062514443198644,,,,
colorferet,arcface_antelopev2,112,512,jpeg_xl,skin_tone,__overall__,135532,0.23429851233959198,0.01,0.01000501726529528,0.008062514443198644,0.028080229226361032,2.001771478316239,4.0
colorferet,arcface_antelopev2,112,512,jpeg_xl,gender,female,37642,0.23583006858825684,0.01,0.014797300887306733,,,,
colorferet,arcface_antelopev2,112,512,jpeg_xl,gender,male,124724,0.23583006858825684,0.01,0.008554889195343317,,,,
colorferet,arcface_antelopev2,112,512,jpeg_xl,gender,__overall__,162366,0.23583006858825684,0.01,0.010002094034465343,0.008554889195343317,0.014797300887306733,0.6242411691963415,2.0
colorferet,arcface_antelopev2,112,512,jpeg_xl,age,26-35,23660,0.23441651463508606,0.01,0.010101437024513948,,,,
colorferet,arcface_antelopev2,112,512,jpeg_xl,age,36-50,28990,0.23441651463508606,0.01,0.007140393239047947,,,,
colorferet,arcface_antelopev2,112,512,jpeg_xl,age,51-65,540,0.23441651463508606,0.01,0.018518518518518517,,,,
colorferet,arcface_antelopev2,112,512,jpeg_xl,age,<=25,39049,0.23441651463508606,0.01,0.011959333145535097,,,,
colorferet,arcface_antelopev2,112,512,jpeg_xl,age,__overall__,92240,0.23441651463508606,0.01,0.010006504770164787,0.007140393239047947,0.018518518518518517,1.137812527947057,4.0
colorferet,arcface_antelopev2,112,512,jpeg_xl,pose,frontal,30858,0.3370671272277832,0.001,0.0006481301445330222,,,,
colorferet,arcface_antelopev2,112,512,jpeg_xl,pose,half,15773,0.3370671272277832,0.001,0.0005705953211183668,,,,
colorferet,arcface_antelopev2,112,512,jpeg_xl,pose,profile,20437,0.3370671272277832,0.001,0.0022997504526104614,,,,
colorferet,arcface_antelopev2,112,512,jpeg_xl,pose,quarter,10577,0.3370671272277832,0.001,0.00018908953389429895,,,,
colorferet,arcface_antelopev2,112,512,jpeg_xl,pose,__overall__,77645,0.3370671272277832,0.001,0.0010045720909266534,0.00018908953389429895,0.0022997504526104614,0.21106609187161623,4.0
colorferet,arcface_antelopev2,112,512,jpeg_xl,skin_tone,Asian,16178,0.32525330781936646,0.001,0.002781555198417604,,,,
colorferet,arcface_antelopev2,112,512,jpeg_xl,skin_tone,Black,1745,0.32525330781936646,0.001,0.0040114613180515755,,,,
colorferet,arcface_antelopev2,112,512,jpeg_xl,skin_tone,Hispanic,748,0.32525330781936646,0.001,0.001336898395721925,,,,
colorferet,arcface_antelopev2,112,512,jpeg_xl,skin_tone,White,116837,0.32525330781936646,0.001,0.0007103913999845939,,,,
colorferet,arcface_antelopev2,112,512,jpeg_xl,skin_tone,__overall__,135532,0.32525330781936646,0.001,0.001003453059056164,0.0007103913999845939,0.0040114613180515755,0.33010699180669817,4.0
colorferet,arcface_antelopev2,112,512,jpeg_xl,gender,female,37642,0.3278113901615143,0.001,0.0014080017002284682,,,,
colorferet,arcface_antelopev2,112,512,jpeg_xl,gender,male,124724,0.3278113901615143,0.001,0.0008819473397261153,,,,
colorferet,arcface_antelopev2,112,512,jpeg_xl,gender,__overall__,162366,0.3278113901615143,0.001,0.0010039047583853763,0.0008819473397261153,0.0014080017002284682,0.05260543605023529,2.0
colorferet,arcface_antelopev2,112,512,jpeg_xl,age,26-35,23660,0.33033978939056396,0.001,0.0011411665257819103,,,,
colorferet,arcface_antelopev2,112,512,jpeg_xl,age,36-50,28990,0.33033978939056396,0.001,0.0005519144532597448,,,,
colorferet,arcface_antelopev2,112,512,jpeg_xl,age,51-65,540,0.33033978939056396,0.001,0.001851851851851852,,,,
colorferet,arcface_antelopev2,112,512,jpeg_xl,age,<=25,39049,0.33033978939056396,0.001,0.0012548336705165304,,,,
colorferet,arcface_antelopev2,112,512,jpeg_xl,age,__overall__,92240,0.33033978939056396,0.001,0.0010082393755420642,0.0005519144532597448,0.001851851851851852,0.12999373985921073,4.0
colorferet,arcface_antelopev2,112,1024,neural_bmshj2018,pose,frontal,30858,,0.01,0.0,,,,
colorferet,arcface_antelopev2,112,1024,neural_bmshj2018,pose,half,15773,,0.01,0.0,,,,
colorferet,arcface_antelopev2,112,1024,neural_bmshj2018,pose,profile,20437,,0.01,0.0,,,,
colorferet,arcface_antelopev2,112,1024,neural_bmshj2018,pose,quarter,10577,,0.01,0.0,,,,
colorferet,arcface_antelopev2,112,1024,neural_bmshj2018,pose,__overall__,77645,,0.01,0.0,0.0,0.0,0.0,4.0
colorferet,arcface_antelopev2,112,1024,neural_bmshj2018,skin_tone,Asian,16178,,0.01,0.0,,,,
colorferet,arcface_antelopev2,112,1024,neural_bmshj2018,skin_tone,Black,1745,,0.01,0.0,,,,
colorferet,arcface_antelopev2,112,1024,neural_bmshj2018,skin_tone,Hispanic,748,,0.01,0.0,,,,
colorferet,arcface_antelopev2,112,1024,neural_bmshj2018,skin_tone,White,116837,,0.01,0.0,,,,
colorferet,arcface_antelopev2,112,1024,neural_bmshj2018,skin_tone,__overall__,135532,,0.01,0.0,0.0,0.0,0.0,4.0
colorferet,arcface_antelopev2,112,1024,neural_bmshj2018,gender,female,37642,,0.01,0.0,,,,
colorferet,arcface_antelopev2,112,1024,neural_bmshj2018,gender,male,124724,,0.01,0.0,,,,
colorferet,arcface_antelopev2,112,1024,neural_bmshj2018,gender,__overall__,162366,,0.01,0.0,0.0,0.0,0.0,2.0
colorferet,arcface_antelopev2,112,1024,neural_bmshj2018,age,26-35,23660,,0.01,0.0,,,,
colorferet,arcface_antelopev2,112,1024,neural_bmshj2018,age,36-50,28990,,0.01,0.0,,,,
colorferet,arcface_antelopev2,112,1024,neural_bmshj2018,age,51-65,540,,0.01,0.0,,,,
colorferet,arcface_antelopev2,112,1024,neural_bmshj2018,age,<=25,39049,,0.01,0.0,,,,
colorferet,arcface_antelopev2,112,1024,neural_bmshj2018,age,__overall__,92240,,0.01,0.0,0.0,0.0,0.0,4.0
colorferet,arcface_antelopev2,112,1024,neural_bmshj2018,pose,frontal,30858,,0.001,0.0,,,,
colorferet,arcface_antelopev2,112,1024,neural_bmshj2018,pose,half,15773,,0.001,0.0,,,,
colorferet,arcface_antelopev2,112,1024,neural_bmshj2018,pose,profile,20437,,0.001,0.0,,,,
colorferet,arcface_antelopev2,112,1024,neural_bmshj2018,pose,quarter,10577,,0.001,0.0,,,,
colorferet,arcface_antelopev2,112,1024,neural_bmshj2018,pose,__overall__,77645,,0.001,0.0,0.0,0.0,0.0,4.0
colorferet,arcface_antelopev2,112,1024,neural_bmshj2018,skin_tone,Asian,16178,,0.001,0.0,,,,
colorferet,arcface_antelopev2,112,1024,neural_bmshj2018,skin_tone,Black,1745,,0.001,0.0,,,,
colorferet,arcface_antelopev2,112,1024,neural_bmshj2018,skin_tone,Hispanic,748,,0.001,0.0,,,,
colorferet,arcface_antelopev2,112,1024,neural_bmshj2018,skin_tone,White,116837,,0.001,0.0,,,,
colorferet,arcface_antelopev2,112,1024,neural_bmshj2018,skin_tone,__overall__,135532,,0.001,0.0,0.0,0.0,0.0,4.0
colorferet,arcface_antelopev2,112,1024,neural_bmshj2018,gender,female,37642,,0.001,0.0,,,,
colorferet,arcface_antelopev2,112,1024,neural_bmshj2018,gender,male,124724,,0.001,0.0,,,,
colorferet,arcface_antelopev2,112,1024,neural_bmshj2018,gender,__overall__,162366,,0.001,0.0,0.0,0.0,0.0,2.0
colorferet,arcface_antelopev2,112,1024,neural_bmshj2018,age,26-35,23660,,0.001,0.0,,,,
colorferet,arcface_antelopev2,112,1024,neural_bmshj2018,age,36-50,28990,,0.001,0.0,,,,
colorferet,arcface_antelopev2,112,1024,neural_bmshj2018,age,51-65,540,,0.001,0.0,,,,
colorferet,arcface_antelopev2,112,1024,neural_bmshj2018,age,<=25,39049,,0.001,0.0,,,,
colorferet,arcface_antelopev2,112,1024,neural_bmshj2018,age,__overall__,92240,,0.001,0.0,0.0,0.0,0.0,4.0
colorferet,arcface_antelopev2,112,512,neural_bmshj2018,pose,frontal,30858,,0.01,0.0,,,,
colorferet,arcface_antelopev2,112,512,neural_bmshj2018,pose,half,15773,,0.01,0.0,,,,
colorferet,arcface_antelopev2,112,512,neural_bmshj2018,pose,profile,20437,,0.01,0.0,,,,
colorferet,arcface_antelopev2,112,512,neural_bmshj2018,pose,quarter,10577,,0.01,0.0,,,,
colorferet,arcface_antelopev2,112,512,neural_bmshj2018,pose,__overall__,77645,,0.01,0.0,0.0,0.0,0.0,4.0
colorferet,arcface_antelopev2,112,512,neural_bmshj2018,skin_tone,Asian,16178,,0.01,0.0,,,,
colorferet,arcface_antelopev2,112,512,neural_bmshj2018,skin_tone,Black,1745,,0.01,0.0,,,,
colorferet,arcface_antelopev2,112,512,neural_bmshj2018,skin_tone,Hispanic,748,,0.01,0.0,,,,
colorferet,arcface_antelopev2,112,512,neural_bmshj2018,skin_tone,White,116837,,0.01,0.0,,,,
colorferet,arcface_antelopev2,112,512,neural_bmshj2018,skin_tone,__overall__,135532,,0.01,0.0,0.0,0.0,0.0,4.0
colorferet,arcface_antelopev2,112,512,neural_bmshj2018,gender,female,37642,,0.01,0.0,,,,
colorferet,arcface_antelopev2,112,512,neural_bmshj2018,gender,male,124724,,0.01,0.0,,,,
colorferet,arcface_antelopev2,112,512,neural_bmshj2018,gender,__overall__,162366,,0.01,0.0,0.0,0.0,0.0,2.0
colorferet,arcface_antelopev2,112,512,neural_bmshj2018,age,26-35,23660,,0.01,0.0,,,,
colorferet,arcface_antelopev2,112,512,neural_bmshj2018,age,36-50,28990,,0.01,0.0,,,,
colorferet,arcface_antelopev2,112,512,neural_bmshj2018,age,51-65,540,,0.01,0.0,,,,
colorferet,arcface_antelopev2,112,512,neural_bmshj2018,age,<=25,39049,,0.01,0.0,,,,
colorferet,arcface_antelopev2,112,512,neural_bmshj2018,age,__overall__,92240,,0.01,0.0,0.0,0.0,0.0,4.0
colorferet,arcface_antelopev2,112,512,neural_bmshj2018,pose,frontal,30858,,0.001,0.0,,,,
colorferet,arcface_antelopev2,112,512,neural_bmshj2018,pose,half,15773,,0.001,0.0,,,,
colorferet,arcface_antelopev2,112,512,neural_bmshj2018,pose,profile,20437,,0.001,0.0,,,,
colorferet,arcface_antelopev2,112,512,neural_bmshj2018,pose,quarter,10577,,0.001,0.0,,,,
colorferet,arcface_antelopev2,112,512,neural_bmshj2018,pose,__overall__,77645,,0.001,0.0,0.0,0.0,0.0,4.0
colorferet,arcface_antelopev2,112,512,neural_bmshj2018,skin_tone,Asian,16178,,0.001,0.0,,,,
colorferet,arcface_antelopev2,112,512,neural_bmshj2018,skin_tone,Black,1745,,0.001,0.0,,,,
colorferet,arcface_antelopev2,112,512,neural_bmshj2018,skin_tone,Hispanic,748,,0.001,0.0,,,,
colorferet,arcface_antelopev2,112,512,neural_bmshj2018,skin_tone,White,116837,,0.001,0.0,,,,
colorferet,arcface_antelopev2,112,512,neural_bmshj2018,skin_tone,__overall__,135532,,0.001,0.0,0.0,0.0,0.0,4.0
colorferet,arcface_antelopev2,112,512,neural_bmshj2018,gender,female,37642,,0.001,0.0,,,,
colorferet,arcface_antelopev2,112,512,neural_bmshj2018,gender,male,124724,,0.001,0.0,,,,
colorferet,arcface_antelopev2,112,512,neural_bmshj2018,gender,__overall__,162366,,0.001,0.0,0.0,0.0,0.0,2.0
colorferet,arcface_antelopev2,112,512,neural_bmshj2018,age,26-35,23660,,0.001,0.0,,,,
colorferet,arcface_antelopev2,112,512,neural_bmshj2018,age,36-50,28990,,0.001,0.0,,,,
colorferet,arcface_antelopev2,112,512,neural_bmshj2018,age,51-65,540,,0.001,0.0,,,,
colorferet,arcface_antelopev2,112,512,neural_bmshj2018,age,<=25,39049,,0.001,0.0,,,,
colorferet,arcface_antelopev2,112,512,neural_bmshj2018,age,__overall__,92240,,0.001,0.0,0.0,0.0,0.0,4.0
colorferet,arcface_antelopev2,112,1024,neural_mbt2018_mean,pose,frontal,30858,,0.01,0.0,,,,
colorferet,arcface_antelopev2,112,1024,neural_mbt2018_mean,pose,half,15773,,0.01,0.0,,,,
colorferet,arcface_antelopev2,112,1024,neural_mbt2018_mean,pose,profile,20437,,0.01,0.0,,,,
colorferet,arcface_antelopev2,112,1024,neural_mbt2018_mean,pose,quarter,10577,,0.01,0.0,,,,
colorferet,arcface_antelopev2,112,1024,neural_mbt2018_mean,pose,__overall__,77645,,0.01,0.0,0.0,0.0,0.0,4.0
colorferet,arcface_antelopev2,112,1024,neural_mbt2018_mean,skin_tone,Asian,16178,,0.01,0.0,,,,
colorferet,arcface_antelopev2,112,1024,neural_mbt2018_mean,skin_tone,Black,1745,,0.01,0.0,,,,
colorferet,arcface_antelopev2,112,1024,neural_mbt2018_mean,skin_tone,Hispanic,748,,0.01,0.0,,,,
colorferet,arcface_antelopev2,112,1024,neural_mbt2018_mean,skin_tone,White,116837,,0.01,0.0,,,,
colorferet,arcface_antelopev2,112,1024,neural_mbt2018_mean,skin_tone,__overall__,135532,,0.01,0.0,0.0,0.0,0.0,4.0
colorferet,arcface_antelopev2,112,1024,neural_mbt2018_mean,gender,female,37642,,0.01,0.0,,,,
colorferet,arcface_antelopev2,112,1024,neural_mbt2018_mean,gender,male,124724,,0.01,0.0,,,,
colorferet,arcface_antelopev2,112,1024,neural_mbt2018_mean,gender,__overall__,162366,,0.01,0.0,0.0,0.0,0.0,2.0
colorferet,arcface_antelopev2,112,1024,neural_mbt2018_mean,age,26-35,23660,,0.01,0.0,,,,
colorferet,arcface_antelopev2,112,1024,neural_mbt2018_mean,age,36-50,28990,,0.01,0.0,,,,
colorferet,arcface_antelopev2,112,1024,neural_mbt2018_mean,age,51-65,540,,0.01,0.0,,,,
colorferet,arcface_antelopev2,112,1024,neural_mbt2018_mean,age,<=25,39049,,0.01,0.0,,,,
colorferet,arcface_antelopev2,112,1024,neural_mbt2018_mean,age,__overall__,92240,,0.01,0.0,0.0,0.0,0.0,4.0
colorferet,arcface_antelopev2,112,1024,neural_mbt2018_mean,pose,frontal,30858,,0.001,0.0,,,,
colorferet,arcface_antelopev2,112,1024,neural_mbt2018_mean,pose,half,15773,,0.001,0.0,,,,
colorferet,arcface_antelopev2,112,1024,neural_mbt2018_mean,pose,profile,20437,,0.001,0.0,,,,
colorferet,arcface_antelopev2,112,1024,neural_mbt2018_mean,pose,quarter,10577,,0.001,0.0,,,,
colorferet,arcface_antelopev2,112,1024,neural_mbt2018_mean,pose,__overall__,77645,,0.001,0.0,0.0,0.0,0.0,4.0
colorferet,arcface_antelopev2,112,1024,neural_mbt2018_mean,skin_tone,Asian,16178,,0.001,0.0,,,,
colorferet,arcface_antelopev2,112,1024,neural_mbt2018_mean,skin_tone,Black,1745,,0.001,0.0,,,,
colorferet,arcface_antelopev2,112,1024,neural_mbt2018_mean,skin_tone,Hispanic,748,,0.001,0.0,,,,
colorferet,arcface_antelopev2,112,1024,neural_mbt2018_mean,skin_tone,White,116837,,0.001,0.0,,,,
colorferet,arcface_antelopev2,112,1024,neural_mbt2018_mean,skin_tone,__overall__,135532,,0.001,0.0,0.0,0.0,0.0,4.0
colorferet,arcface_antelopev2,112,1024,neural_mbt2018_mean,gender,female,37642,,0.001,0.0,,,,
colorferet,arcface_antelopev2,112,1024,neural_mbt2018_mean,gender,male,124724,,0.001,0.0,,,,
colorferet,arcface_antelopev2,112,1024,neural_mbt2018_mean,gender,__overall__,162366,,0.001,0.0,0.0,0.0,0.0,2.0
colorferet,arcface_antelopev2,112,1024,neural_mbt2018_mean,age,26-35,23660,,0.001,0.0,,,,
colorferet,arcface_antelopev2,112,1024,neural_mbt2018_mean,age,36-50,28990,,0.001,0.0,,,,
colorferet,arcface_antelopev2,112,1024,neural_mbt2018_mean,age,51-65,540,,0.001,0.0,,,,
colorferet,arcface_antelopev2,112,1024,neural_mbt2018_mean,age,<=25,39049,,0.001,0.0,,,,
colorferet,arcface_antelopev2,112,1024,neural_mbt2018_mean,age,__overall__,92240,,0.001,0.0,0.0,0.0,0.0,4.0
colorferet,arcface_antelopev2,112,512,neural_mbt2018_mean,pose,frontal,30858,,0.01,0.0,,,,
colorferet,arcface_antelopev2,112,512,neural_mbt2018_mean,pose,half,15773,,0.01,0.0,,,,
colorferet,arcface_antelopev2,112,512,neural_mbt2018_mean,pose,profile,20437,,0.01,0.0,,,,
colorferet,arcface_antelopev2,112,512,neural_mbt2018_mean,pose,quarter,10577,,0.01,0.0,,,,
colorferet,arcface_antelopev2,112,512,neural_mbt2018_mean,pose,__overall__,77645,,0.01,0.0,0.0,0.0,0.0,4.0
colorferet,arcface_antelopev2,112,512,neural_mbt2018_mean,skin_tone,Asian,16178,,0.01,0.0,,,,
colorferet,arcface_antelopev2,112,512,neural_mbt2018_mean,skin_tone,Black,1745,,0.01,0.0,,,,
colorferet,arcface_antelopev2,112,512,neural_mbt2018_mean,skin_tone,Hispanic,748,,0.01,0.0,,,,
colorferet,arcface_antelopev2,112,512,neural_mbt2018_mean,skin_tone,White,116837,,0.01,0.0,,,,
colorferet,arcface_antelopev2,112,512,neural_mbt2018_mean,skin_tone,__overall__,135532,,0.01,0.0,0.0,0.0,0.0,4.0
colorferet,arcface_antelopev2,112,512,neural_mbt2018_mean,gender,female,37642,,0.01,0.0,,,,
colorferet,arcface_antelopev2,112,512,neural_mbt2018_mean,gender,male,124724,,0.01,0.0,,,,
colorferet,arcface_antelopev2,112,512,neural_mbt2018_mean,gender,__overall__,162366,,0.01,0.0,0.0,0.0,0.0,2.0
colorferet,arcface_antelopev2,112,512,neural_mbt2018_mean,age,26-35,23660,,0.01,0.0,,,,
colorferet,arcface_antelopev2,112,512,neural_mbt2018_mean,age,36-50,28990,,0.01,0.0,,,,
colorferet,arcface_antelopev2,112,512,neural_mbt2018_mean,age,51-65,540,,0.01,0.0,,,,
colorferet,arcface_antelopev2,112,512,neural_mbt2018_mean,age,<=25,39049,,0.01,0.0,,,,
colorferet,arcface_antelopev2,112,512,neural_mbt2018_mean,age,__overall__,92240,,0.01,0.0,0.0,0.0,0.0,4.0
colorferet,arcface_antelopev2,112,512,neural_mbt2018_mean,pose,frontal,30858,,0.001,0.0,,,,
colorferet,arcface_antelopev2,112,512,neural_mbt2018_mean,pose,half,15773,,0.001,0.0,,,,
colorferet,arcface_antelopev2,112,512,neural_mbt2018_mean,pose,profile,20437,,0.001,0.0,,,,
colorferet,arcface_antelopev2,112,512,neural_mbt2018_mean,pose,quarter,10577,,0.001,0.0,,,,
colorferet,arcface_antelopev2,112,512,neural_mbt2018_mean,pose,__overall__,77645,,0.001,0.0,0.0,0.0,0.0,4.0
colorferet,arcface_antelopev2,112,512,neural_mbt2018_mean,skin_tone,Asian,16178,,0.001,0.0,,,,
colorferet,arcface_antelopev2,112,512,neural_mbt2018_mean,skin_tone,Black,1745,,0.001,0.0,,,,
colorferet,arcface_antelopev2,112,512,neural_mbt2018_mean,skin_tone,Hispanic,748,,0.001,0.0,,,,
colorferet,arcface_antelopev2,112,512,neural_mbt2018_mean,skin_tone,White,116837,,0.001,0.0,,,,
colorferet,arcface_antelopev2,112,512,neural_mbt2018_mean,skin_tone,__overall__,135532,,0.001,0.0,0.0,0.0,0.0,4.0
colorferet,arcface_antelopev2,112,512,neural_mbt2018_mean,gender,female,37642,,0.001,0.0,,,,
colorferet,arcface_antelopev2,112,512,neural_mbt2018_mean,gender,male,124724,,0.001,0.0,,,,
colorferet,arcface_antelopev2,112,512,neural_mbt2018_mean,gender,__overall__,162366,,0.001,0.0,0.0,0.0,0.0,2.0
colorferet,arcface_antelopev2,112,512,neural_mbt2018_mean,age,26-35,23660,,0.001,0.0,,,,
colorferet,arcface_antelopev2,112,512,neural_mbt2018_mean,age,36-50,28990,,0.001,0.0,,,,
colorferet,arcface_antelopev2,112,512,neural_mbt2018_mean,age,51-65,540,,0.001,0.0,,,,
colorferet,arcface_antelopev2,112,512,neural_mbt2018_mean,age,<=25,39049,,0.001,0.0,,,,
colorferet,arcface_antelopev2,112,512,neural_mbt2018_mean,age,__overall__,92240,,0.001,0.0,0.0,0.0,0.0,4.0
colorferet,arcface_antelopev2,112,1024,ours_accurate,pose,frontal,30858,0.19311405718326569,0.01,0.0069349925465033374,,,,
colorferet,arcface_antelopev2,112,1024,ours_accurate,pose,half,15773,0.19311405718326569,0.01,0.00786153553540861,,,,
colorferet,arcface_antelopev2,112,1024,ours_accurate,pose,profile,20437,0.19311405718326569,0.01,0.01732152468561922,,,,
colorferet,arcface_antelopev2,112,1024,ours_accurate,pose,quarter,10577,0.19311405718326569,0.01,0.008036305190507706,,,,
colorferet,arcface_antelopev2,112,1024,ours_accurate,pose,__overall__,77645,0.19311405718326569,0.01,0.01000708352115397,0.0069349925465033374,0.01732152468561922,1.0386532139115883,4.0
colorferet,arcface_antelopev2,112,1024,ours_accurate,skin_tone,Asian,16178,0.19504648447036743,0.01,0.021510693534429474,,,,
colorferet,arcface_antelopev2,112,1024,ours_accurate,skin_tone,Black,1745,0.19504648447036743,0.01,0.03610315186246418,,,,
colorferet,arcface_antelopev2,112,1024,ours_accurate,skin_tone,Hispanic,748,0.19504648447036743,0.01,0.012032085561497326,,,,
colorferet,arcface_antelopev2,112,1024,ours_accurate,skin_tone,White,116837,0.19504648447036743,0.01,0.007994042982959165,,,,
colorferet,arcface_antelopev2,112,1024,ours_accurate,skin_tone,__overall__,135532,0.19504648447036743,0.01,0.01000501726529528,0.007994042982959165,0.03610315186246418,2.810910887950502,4.0
colorferet,arcface_antelopev2,112,1024,ours_accurate,gender,female,37642,0.19453375041484833,0.01,0.016603793634769673,,,,
colorferet,arcface_antelopev2,112,1024,ours_accurate,gender,male,124724,0.19453375041484833,0.01,0.00800968538533081,,,,
colorferet,arcface_antelopev2,112,1024,ours_accurate,gender,__overall__,162366,0.19453375041484833,0.01,0.010002094034465343,0.00800968538533081,0.016603793634769673,0.8594108249438863,2.0
colorferet,arcface_antelopev2,112,1024,ours_accurate,age,26-35,23660,0.19487622380256653,0.01,0.010185967878275571,,,,
colorferet,arcface_antelopev2,112,1024,ours_accurate,age,36-50,28990,0.19487622380256653,0.01,0.006898930665746809,,,,
colorferet,arcface_antelopev2,112,1024,ours_accurate,age,51-65,540,0.19487622380256653,0.01,0.009259259259259259,,,,
colorferet,arcface_antelopev2,112,1024,ours_accurate,age,<=25,39049,0.19487622380256653,0.01,0.012215421649722145,,,,
colorferet,arcface_antelopev2,112,1024,ours_accurate,age,__overall__,92240,0.19487622380256653,0.01,0.010006504770164787,0.006898930665746809,0.012215421649722145,0.5316490983975335,4.0
colorferet,arcface_antelopev2,112,1024,ours_accurate,pose,frontal,30858,0.27021753787994385,0.001,0.00048609760839976666,,,,
colorferet,arcface_antelopev2,112,1024,ours_accurate,pose,half,15773,0.27021753787994385,0.001,0.0005705953211183668,,,,
colorferet,arcface_antelopev2,112,1024,ours_accurate,pose,profile,20437,0.27021753787994385,0.001,0.002348681313304301,,,,
colorferet,arcface_antelopev2,112,1024,ours_accurate,pose,quarter,10577,0.27021753787994385,0.001,0.0005672686016828969,,,,
colorferet,arcface_antelopev2,112,1024,ours_accurate,pose,__overall__,77645,0.27021753787994385,0.001,0.0010045720909266534,0.00048609760839976666,0.002348681313304301,0.1862583704904534,4.0
colorferet,arcface_antelopev2,112,1024,ours_accurate,skin_tone,Asian,16178,0.2703898847103119,0.001,0.002905179873902831,,,,
colorferet,arcface_antelopev2,112,1024,ours_accurate,skin_tone,Black,1745,0.2703898847103119,0.001,0.006876790830945559,,,,
colorferet,arcface_antelopev2,112,1024,ours_accurate,skin_tone,Hispanic,748,0.2703898847103119,0.001,0.001336898395721925,,,,
colorferet,arcface_antelopev2,112,1024,ours_accurate,skin_tone,White,116837,0.2703898847103119,0.001,0.000641919939745115,,,,
colorferet,arcface_antelopev2,112,1024,ours_accurate,skin_tone,__overall__,135532,0.2703898847103119,0.001,0.001003453059056164,0.000641919939745115,0.006876790830945559,0.6234870891200444,4.0
colorferet,arcface_antelopev2,112,1024,ours_accurate,gender,female,37642,0.2673380970954895,0.001,0.002125285585250518,,,,
colorferet,arcface_antelopev2,112,1024,ours_accurate,gender,male,124724,0.2673380970954895,0.001,0.0006654693563387961,,,,
colorferet,arcface_antelopev2,112,1024,ours_accurate,gender,__overall__,162366,0.2673380970954895,0.001,0.0010039047583853763,0.0006654693563387961,0.002125285585250518,0.1459816228911722,2.0
colorferet,arcface_antelopev2,112,1024,ours_accurate,age,26-35,23660,0.27267909049987793,0.001,0.0011411665257819103,,,,
colorferet,arcface_antelopev2,112,1024,ours_accurate,age,36-50,28990,0.27267909049987793,0.001,0.0006898930665746809,,,,
colorferet,arcface_antelopev2,112,1024,ours_accurate,age,51-65,540,0.27267909049987793,0.001,0.0,,,,
colorferet,arcface_antelopev2,112,1024,ours_accurate,age,<=25,39049,0.27267909049987793,0.001,0.0011780071192604164,,,,
colorferet,arcface_antelopev2,112,1024,ours_accurate,age,__overall__,92240,0.27267909049987793,0.001,0.0010082393755420642,0.0,0.0011780071192604164,0.11780071192604165,4.0
colorferet,arcface_antelopev2,112,512,ours_accurate,pose,frontal,30858,0.1949215829372406,0.01,0.006740553503143431,,,,
colorferet,arcface_antelopev2,112,512,ours_accurate,pose,half,15773,0.1949215829372406,0.01,0.00893932669752108,,,,
colorferet,arcface_antelopev2,112,512,ours_accurate,pose,profile,20437,0.1949215829372406,0.01,0.01727259382492538,,,,
colorferet,arcface_antelopev2,112,512,ours_accurate,pose,quarter,10577,0.1949215829372406,0.01,0.007090857521036211,,,,
colorferet,arcface_antelopev2,112,512,ours_accurate,pose,__overall__,77645,0.1949215829372406,0.01,0.01000708352115397,0.006740553503143431,0.01727259382492538,1.053204032178195,4.0
colorferet,arcface_antelopev2,112,512,ours_accurate,skin_tone,Asian,16178,0.19753693044185638,0.01,0.020892570157003337,,,,
colorferet,arcface_antelopev2,112,512,ours_accurate,skin_tone,Black,1745,0.19753693044185638,0.01,0.034383954154727794,,,,
colorferet,arcface_antelopev2,112,512,ours_accurate,skin_tone,Hispanic,748,0.19753693044185638,0.01,0.016042780748663103,,,,
colorferet,arcface_antelopev2,112,512,ours_accurate,skin_tone,White,116837,0.19753693044185638,0.01,0.00808819124078845,,,,
colorferet,arcface_antelopev2,112,512,ours_accurate,skin_tone,__overall__,135532,0.19753693044185638,0.01,0.01000501726529528,0.00808819124078845,0.034383954154727794,2.6295762913939345,4.0
colorferet,arcface_antelopev2,112,512,ours_accurate,gender,female,37642,0.19815291464328766,0.01,0.016842888263110357,,,,
colorferet,arcface_antelopev2,112,512,ours_accurate,gender,male,124724,0.19815291464328766,0.01,0.007937526057535038,,,,
colorferet,arcface_antelopev2,112,512,ours_accurate,gender,__overall__,162366,0.19815291464328766,0.01,0.010002094034465343,0.007937526057535038,0.016842888263110357,0.8905362205575319,2.0
colorferet,arcface_antelopev2,112,512,ours_accurate,age,26-35,23660,0.19762307405471802,0.01,0.009467455621301775,,,,
colorferet,arcface_antelopev2,112,512,ours_accurate,age,36-50,28990,0.19762307405471802,0.01,0.006933425319075543,,,,
colorferet,arcface_antelopev2,112,512,ours_accurate,age,51-65,540,0.19762307405471802,0.01,0.009259259259259259,,,,
colorferet,arcface_antelopev2,112,512,ours_accurate,age,<=25,39049,0.19762307405471802,0.01,0.012625163256421419,,,,
colorferet,arcface_antelopev2,112,512,ours_accurate,age,__overall__,92240,0.19762307405471802,0.01,0.010006504770164787,0.006933425319075543,0.012625163256421419,0.5691737937345875,4.0
colorferet,arcface_antelopev2,112,512,ours_accurate,pose,frontal,30858,0.27734607458114624,0.001,0.00045369110117311556,,,,
colorferet,arcface_antelopev2,112,512,ours_accurate,pose,half,15773,0.27734607458114624,0.001,0.0004437963608698409,,,,
colorferet,arcface_antelopev2,112,512,ours_accurate,pose,profile,20437,0.27734607458114624,0.001,0.00249547389538582,,,,
colorferet,arcface_antelopev2,112,512,ours_accurate,pose,quarter,10577,0.27734607458114624,0.001,0.0005672686016828969,,,,
colorferet,arcface_antelopev2,112,512,ours_accurate,pose,__overall__,77645,0.27734607458114624,0.001,0.0010045720909266534,0.0004437963608698409,0.00249547389538582,0.20516775345159793,4.0
colorferet,arcface_antelopev2,112,512,ours_accurate,skin_tone,Asian,16178,0.27213576436042786,0.001,0.0028433675361602176,,,,
colorferet,arcface_antelopev2,112,512,ours_accurate,skin_tone,Black,1745,0.27213576436042786,0.001,0.006303724928366762,,,,
colorferet,arcface_antelopev2,112,512,ours_accurate,skin_tone,Hispanic,748,0.27213576436042786,0.001,0.0,,,,
colorferet,arcface_antelopev2,112,512,ours_accurate,skin_tone,White,116837,0.27213576436042786,0.001,0.0006761556698648545,,,,
colorferet,arcface_antelopev2,112,512,ours_accurate,skin_tone,__overall__,135532,0.27213576436042786,0.001,0.001003453059056164,0.0,0.006303724928366762,0.6303724928366762,4.0
colorferet,arcface_antelopev2,112,512,ours_accurate,gender,female,37642,0.26857790350914,0.001,0.0020455873758036236,,,,
colorferet,arcface_antelopev2,112,512,ours_accurate,gender,male,124724,0.26857790350914,0.001,0.0006895224656040537,,,,
colorferet,arcface_antelopev2,112,512,ours_accurate,gender,__overall__,162366,0.26857790350914,0.001,0.0010039047583853763,0.0006895224656040537,0.0020455873758036236,0.135606491019957,2.0
colorferet,arcface_antelopev2,112,512,ours_accurate,age,26-35,23660,0.27163517475128174,0.001,0.0012256973795435333,,,,
colorferet,arcface_antelopev2,112,512,ours_accurate,age,36-50,28990,0.27163517475128174,0.001,0.0006898930665746809,,,,
colorferet,arcface_antelopev2,112,512,ours_accurate,age,51-65,540,0.27163517475128174,0.001,0.0,,,,
colorferet,arcface_antelopev2,112,512,ours_accurate,age,<=25,39049,0.27163517475128174,0.001,0.001126789418423007,,,,
colorferet,arcface_antelopev2,112,512,ours_accurate,age,__overall__,92240,0.27163517475128174,0.001,0.0010082393755420642,0.0,0.0012256973795435333,0.12256973795435333,4.0
colorferet,arcface_antelopev2,112,1024,ours_fast,pose,frontal,30858,0.20266662538051605,0.01,0.006870179532050036,,,,
colorferet,arcface_antelopev2,112,1024,ours_fast,pose,half,15773,0.20266662538051605,0.01,0.007671337095035821,,,,
colorferet,arcface_antelopev2,112,1024,ours_fast,pose,profile,20437,0.20266662538051605,0.01,0.01864265792435289,,,,
colorferet,arcface_antelopev2,112,1024,ours_fast,pose,quarter,10577,0.20266662538051605,0.01,0.005956320317670417,,,,
colorferet,arcface_antelopev2,112,1024,ours_fast,pose,__overall__,77645,0.20266662538051605,0.01,0.01000708352115397,0.005956320317670417,0.01864265792435289,1.2686337606682472,4.0
colorferet,arcface_antelopev2,112,1024,ours_fast,skin_tone,Asian,16178,0.20145447552204132,0.01,0.021387068858944244,,,,
colorferet,arcface_antelopev2,112,1024,ours_fast,skin_tone,Black,1745,0.20145447552204132,0.01,0.03667621776504298,,,,
colorferet,arcface_antelopev2,112,1024,ours_fast,skin_tone,Hispanic,748,0.20145447552204132,0.01,0.017379679144385027,,,,
colorferet,arcface_antelopev2,112,1024,ours_fast,skin_tone,White,116837,0.20145447552204132,0.01,0.007968366185369362,,,,
colorferet,arcface_antelopev2,112,1024,ours_fast,skin_tone,__overall__,135532,0.20145447552204132,0.01,0.01000501726529528,0.007968366185369362,0.03667621776504298,2.8707851579673616,4.0
colorferet,arcface_antelopev2,112,1024,ours_fast,gender,female,37642,0.20195922255516052,0.01,0.016842888263110357,,,,
colorferet,arcface_antelopev2,112,1024,ours_fast,gender,male,124724,0.20195922255516052,0.01,0.007937526057535038,,,,
colorferet,arcface_antelopev2,112,1024,ours_fast,gender,__overall__,162366,0.20195922255516052,0.01,0.010002094034465343,0.007937526057535038,0.016842888263110357,0.8905362205575319,2.0
colorferet,arcface_antelopev2,112,1024,ours_fast,age,26-35,23660,0.2018679976463318,0.01,0.009425190194420964,,,,
colorferet,arcface_antelopev2,112,1024,ours_fast,age,36-50,28990,0.2018679976463318,0.01,0.006278026905829596,,,,
colorferet,arcface_antelopev2,112,1024,ours_fast,age,51-65,540,0.2018679976463318,0.01,0.011111111111111112,,,,
colorferet,arcface_antelopev2,112,1024,ours_fast,age,<=25,39049,0.2018679976463318,0.01,0.013111731414376809,,,,
colorferet,arcface_antelopev2,112,1024,ours_fast,age,__overall__,92240,0.2018679976463318,0.01,0.010006504770164787,0.006278026905829596,0.013111731414376809,0.6833704508547213,4.0
colorferet,arcface_antelopev2,112,1024,ours_fast,pose,frontal,30858,0.2920321226119995,0.001,0.00042128459394646445,,,,
colorferet,arcface_antelopev2,112,1024,ours_fast,pose,half,15773,0.2920321226119995,0.001,0.0005071958409941039,,,,
colorferet,arcface_antelopev2,112,1024,ours_fast,pose,profile,20437,0.2920321226119995,0.001,0.002250819591916622,,,,
colorferet,arcface_antelopev2,112,1024,ours_fast,pose,quarter,10577,0.2920321226119995,0.001,0.0010399924364186443,,,,
colorferet,arcface_antelopev2,112,1024,ours_fast,pose,__overall__,77645,0.2920321226119995,0.001,0.0010045720909266534,0.00042128459394646445,0.002250819591916622,0.18295349979701572,4.0
colorferet,arcface_antelopev2,112,1024,ours_fast,skin_tone,Asian,16178,0.2808663845062256,0.001,0.0027197428606749907,,,,
colorferet,arcface_antelopev2,112,1024,ours_fast,skin_tone,Black,1745,0.2808663845062256,0.001,0.005157593123209169,,,,
colorferet,arcface_antelopev2,112,1024,ours_fast,skin_tone,Hispanic,748,0.2808663845062256,0.001,0.0,,,,
colorferet,arcface_antelopev2,112,1024,ours_fast,skin_tone,White,116837,0.2808663845062256,0.001,0.0007103913999845939,,,,
colorferet,arcface_antelopev2,112,1024,ours_fast,skin_tone,__overall__,135532,0.2808663845062256,0.001,0.001003453059056164,0.0,0.005157593123209169,0.5157593123209169,4.0
colorferet,arcface_antelopev2,112,1024,ours_fast,gender,female,37642,0.27990078926086426,0.001,0.002019021305987992,,,,
colorferet,arcface_antelopev2,112,1024,ours_fast,gender,male,124724,0.27990078926086426,0.001,0.0006975401686924729,,,,
colorferet,arcface_antelopev2,112,1024,ours_fast,gender,__overall__,162366,0.27990078926086426,0.001,0.0010039047583853763,0.0006975401686924729,0.002019021305987992,0.1321481137295519,2.0
colorferet,arcface_antelopev2,112,1024,ours_fast,age,26-35,23660,0.285171777009964,0.001,0.0008030431107354185,,,,
colorferet,arcface_antelopev2,112,1024,ours_fast,age,36-50,28990,0.285171777009964,0.001,0.0004484304932735426,,,,
colorferet,arcface_antelopev2,112,1024,ours_fast,age,51-65,540,0.285171777009964,0.001,0.0,,,,
colorferet,arcface_antelopev2,112,1024,ours_fast,age,<=25,39049,0.285171777009964,0.001,0.0015621398755409869,,,,
colorferet,arcface_antelopev2,112,1024,ours_fast,age,__overall__,92240,0.285171777009964,0.001,0.0010082393755420642,0.0,0.0015621398755409869,0.15621398755409868,4.0
colorferet,arcface_antelopev2,112,512,ours_fast,pose,frontal,30858,0.212794229388237,0.01,0.006222049387517014,,,,
colorferet,arcface_antelopev2,112,512,ours_fast,pose,half,15773,0.212794229388237,0.01,0.006022950611804983,,,,
colorferet,arcface_antelopev2,112,512,ours_fast,pose,profile,20437,0.212794229388237,0.01,0.02099133923765719,,,,
colorferet,arcface_antelopev2,112,512,ours_fast,pose,quarter,10577,0.212794229388237,0.01,0.005767230783776118,,,,
colorferet,arcface_antelopev2,112,512,ours_fast,pose,__overall__,77645,0.212794229388237,0.01,0.01000708352115397,0.005767230783776118,0.02099133923765719,1.5224108453881071,4.0
colorferet,arcface_antelopev2,112,512,ours_fast,skin_tone,Asian,16178,0.2081669718027115,0.01,0.02324143899122265,,,,
colorferet,arcface_antelopev2,112,512,ours_fast,skin_tone,Black,1745,0.2081669718027115,0.01,0.03610315186246418,,,,
colorferet,arcface_antelopev2,112,512,ours_fast,skin_tone,Hispanic,748,0.2081669718027115,0.01,0.017379679144385027,,,,
colorferet,arcface_antelopev2,112,512,ours_fast,skin_tone,White,116837,0.2081669718027115,0.01,0.007728716074531184,,,,
colorferet,arcface_antelopev2,112,512,ours_fast,skin_tone,__overall__,135532,0.2081669718027115,0.01,0.01000501726529528,0.007728716074531184,0.03610315186246418,2.8374435787933,4.0
colorferet,arcface_antelopev2,112,512,ours_fast,gender,female,37642,0.2087467461824417,0.01,0.017188247170713565,,,,
colorferet,arcface_antelopev2,112,512,ours_fast,gender,male,124724,0.2087467461824417,0.01,0.007833295917385588,,,,
colorferet,arcface_antelopev2,112,512,ours_fast,gender,__overall__,162366,0.2087467461824417,0.01,0.010002094034465343,0.007833295917385588,0.017188247170713565,0.9354951253327977,2.0
colorferet,arcface_antelopev2,112,512,ours_fast,age,26-35,23660,0.20931383967399597,0.01,0.00934065934065934,,,,
colorferet,arcface_antelopev2,112,512,ours_fast,age,36-50,28990,0.20931383967399597,0.01,0.006002069679199724,,,,
colorferet,arcface_antelopev2,112,512,ours_fast,age,51-65,540,0.20931383967399597,0.01,0.009259259259259259,,,,
colorferet,arcface_antelopev2,112,512,ours_fast,age,<=25,39049,0.20931383967399597,0.01,0.01339342876898256,,,,
colorferet,arcface_antelopev2,112,512,ours_fast,age,__overall__,92240,0.20931383967399597,0.01,0.010006504770164787,0.006002069679199724,0.01339342876898256,0.7391359089782836,4.0
colorferet,arcface_antelopev2,112,512,ours_fast,pose,frontal,30858,0.29984405636787415,0.001,0.0003240650722665111,,,,
colorferet,arcface_antelopev2,112,512,ours_fast,pose,half,15773,0.29984405636787415,0.001,0.0004437963608698409,,,,
colorferet,arcface_antelopev2,112,512,ours_fast,pose,profile,20437,0.29984405636787415,0.001,0.002837989920242697,,,,
colorferet,arcface_antelopev2,112,512,ours_fast,pose,quarter,10577,0.29984405636787415,0.001,0.00028363430084144843,,,,
colorferet,arcface_antelopev2,112,512,ours_fast,pose,__overall__,77645,0.29984405636787415,0.001,0.0010045720909266534,0.00028363430084144843,0.002837989920242697,0.25543556194012484,4.0
colorferet,arcface_antelopev2,112,512,ours_fast,skin_tone,Asian,16178,0.2908490002155304,0.001,0.0027197428606749907,,,,
colorferet,arcface_antelopev2,112,512,ours_fast,skin_tone,Black,1745,0.2908490002155304,0.001,0.0040114613180515755,,,,
colorferet,arcface_antelopev2,112,512,ours_fast,skin_tone,Hispanic,748,0.2908490002155304,0.001,0.0,,,,
colorferet,arcface_antelopev2,112,512,ours_fast,skin_tone,White,116837,0.2908490002155304,0.001,0.0007275092650444637,,,,
colorferet,arcface_antelopev2,112,512,ours_fast,skin_tone,__overall__,135532,0.2908490002155304,0.001,0.001003453059056164,0.0,0.0040114613180515755,0.40114613180515757,4.0
colorferet,arcface_antelopev2,112,512,ours_fast,gender,female,37642,0.2876977324485779,0.001,0.0020721534456192552,,,,
colorferet,arcface_antelopev2,112,512,ours_fast,gender,male,124724,0.2876977324485779,0.001,0.0006815047625156345,,,,
colorferet,arcface_antelopev2,112,512,ours_fast,gender,__overall__,162366,0.2876977324485779,0.001,0.0010039047583853763,0.0006815047625156345,0.0020721534456192552,0.13906486831036208,2.0
colorferet,arcface_antelopev2,112,512,ours_fast,age,26-35,23660,0.2967003583908081,0.001,0.0010143702451394759,,,,
colorferet,arcface_antelopev2,112,512,ours_fast,age,36-50,28990,0.2967003583908081,0.001,0.0005519144532597448,,,,
colorferet,arcface_antelopev2,112,512,ours_fast,age,51-65,540,0.2967003583908081,0.001,0.0,,,,
colorferet,arcface_antelopev2,112,512,ours_fast,age,<=25,39049,0.2967003583908081,0.001,0.0013572690721913494,,,,
colorferet,arcface_antelopev2,112,512,ours_fast,age,__overall__,92240,0.2967003583908081,0.001,0.0010082393755420642,0.0,0.0013572690721913494,0.13572690721913494,4.0
colorferet,arcface_antelopev2,112,1024,webp,pose,frontal,30858,0.18983149528503418,0.01,0.0071294315898632445,,,,
colorferet,arcface_antelopev2,112,1024,webp,pose,half,15773,0.18983149528503418,0.01,0.008241932416154188,,,,
colorferet,arcface_antelopev2,112,1024,webp,pose,profile,20437,0.18983149528503418,0.01,0.017664040710476097,,,,
colorferet,arcface_antelopev2,112,1024,webp,pose,quarter,10577,0.18983149528503418,0.01,0.006239954618511866,,,,
colorferet,arcface_antelopev2,112,1024,webp,pose,__overall__,77645,0.18983149528503418,0.01,0.01000708352115397,0.006239954618511866,0.017664040710476097,1.1424086091964232,4.0
colorferet,arcface_antelopev2,112,1024,webp,skin_tone,Asian,16178,0.19648702442646027,0.01,0.021943379898627765,,,,
colorferet,arcface_antelopev2,112,1024,webp,skin_tone,Black,1745,0.19648702442646027,0.01,0.038395415472779366,,,,
colorferet,arcface_antelopev2,112,1024,webp,skin_tone,Hispanic,748,0.19648702442646027,0.01,0.0066844919786096255,,,,
colorferet,arcface_antelopev2,112,1024,webp,skin_tone,White,116837,0.19648702442646027,0.01,0.007925571522719686,,,,
colorferet,arcface_antelopev2,112,1024,webp,skin_tone,__overall__,135532,0.19648702442646027,0.01,0.01000501726529528,0.0066844919786096255,0.038395415472779366,3.1710923494169743,4.0
colorferet,arcface_antelopev2,112,1024,webp,gender,female,37642,0.1950525939464569,0.01,0.01655066149513841,,,,
colorferet,arcface_antelopev2,112,1024,webp,gender,male,124724,0.1950525939464569,0.01,0.00802572079150765,,,,
colorferet,arcface_antelopev2,112,1024,webp,gender,__overall__,162366,0.1950525939464569,0.01,0.010002094034465343,0.00802572079150765,0.01655066149513841,0.8524940703630761,2.0
colorferet,arcface_antelopev2,112,1024,webp,age,26-35,23660,0.19621534645557404,0.01,0.009636517328825022,,,,
colorferet,arcface_antelopev2,112,1024,webp,age,36-50,28990,0.19621534645557404,0.01,0.007726802345636426,,,,
colorferet,arcface_antelopev2,112,1024,webp,age,51-65,540,0.19621534645557404,0.01,0.012962962962962963,,,,
colorferet,arcface_antelopev2,112,1024,webp,age,<=25,39049,0.19621534645557404,0.01,0.011882506594278983,,,,
colorferet,arcface_antelopev2,112,1024,webp,age,__overall__,92240,0.19621534645557404,0.01,0.010006504770164787,0.007726802345636426,0.012962962962962963,0.5236160617326536,4.0
colorferet,arcface_antelopev2,112,1024,webp,pose,frontal,30858,0.2678806781768799,0.001,0.0005185041156264178,,,,
colorferet,arcface_antelopev2,112,1024,webp,pose,half,15773,0.2678806781768799,0.001,0.0006973942813668928,,,,
colorferet,arcface_antelopev2,112,1024,webp,pose,profile,20437,0.2678806781768799,0.001,0.002152957870528943,,,,
colorferet,arcface_antelopev2,112,1024,webp,pose,quarter,10577,0.2678806781768799,0.001,0.0006618133686300463,,,,
colorferet,arcface_antelopev2,112,1024,webp,pose,__overall__,77645,0.2678806781768799,0.001,0.0010045720909266534,0.0005185041156264178,0.002152957870528943,0.1634453754902525,4.0
colorferet,arcface_antelopev2,112,1024,webp,skin_tone,Asian,16178,0.27028176188468933,0.001,0.003028804549388058,,,,
colorferet,arcface_antelopev2,112,1024,webp,skin_tone,Black,1745,0.27028176188468933,0.001,0.0057306590257879654,,,,
colorferet,arcface_antelopev2,112,1024,webp,skin_tone,Hispanic,748,0.27028176188468933,0.001,0.0,,,,
colorferet,arcface_antelopev2,112,1024,webp,skin_tone,White,116837,0.27028176188468933,0.001,0.0006590378048049847,,,,
colorferet,arcface_antelopev2,112,1024,webp,skin_tone,__overall__,135532,0.27028176188468933,0.001,0.001003453059056164,0.0,0.0057306590257879654,0.5730659025787965,4.0
colorferet,arcface_antelopev2,112,1024,webp,gender,female,37642,0.2686559557914734,0.001,0.0018064927474629403,,,,
colorferet,arcface_antelopev2,112,1024,webp,gender,male,124724,0.2686559557914734,0.001,0.0007616817933998268,,,,
colorferet,arcface_antelopev2,112,1024,webp,gender,__overall__,162366,0.2686559557914734,0.001,0.0010039047583853763,0.0007616817933998268,0.0018064927474629403,0.10448109540631134,2.0
colorferet,arcface_antelopev2,112,1024,webp,age,26-35,23660,0.27693045139312744,0.001,0.001183431952662722,,,,
colorferet,arcface_antelopev2,112,1024,webp,age,36-50,28990,0.27693045139312744,0.001,0.0006209037599172128,,,,
colorferet,arcface_antelopev2,112,1024,webp,age,51-65,540,0.27693045139312744,0.001,0.0,,,,
colorferet,arcface_antelopev2,112,1024,webp,age,<=25,39049,0.27693045139312744,0.001,0.0012036159696791212,,,,
colorferet,arcface_antelopev2,112,1024,webp,age,__overall__,92240,0.27693045139312744,0.001,0.0010082393755420642,0.0,0.0012036159696791212,0.12036159696791211,4.0
colorferet,arcface_antelopev2,112,512,webp,pose,frontal,30858,0.20789283514022827,0.01,0.008944195994555707,,,,
colorferet,arcface_antelopev2,112,512,webp,pose,half,15773,0.20789283514022827,0.01,0.008178532936029924,,,,
colorferet,arcface_antelopev2,112,512,webp,pose,profile,20437,0.20789283514022827,0.01,0.015168566815090278,,,,
colorferet,arcface_antelopev2,112,512,webp,pose,quarter,10577,0.20789283514022827,0.01,0.005861775550723268,,,,
colorferet,arcface_antelopev2,112,512,webp,pose,__overall__,77645,0.20789283514022827,0.01,0.01000708352115397,0.005861775550723268,0.015168566815090278,0.9306791264367009,4.0
colorferet,arcface_antelopev2,112,512,webp,skin_tone,Asian,16178,0.21222266554832458,0.01,0.02398318704413401,,,,
colorferet,arcface_antelopev2,112,512,webp,skin_tone,Black,1745,0.21222266554832458,0.01,0.0332378223495702,,,,
colorferet,arcface_antelopev2,112,512,webp,skin_tone,Hispanic,748,0.21222266554832458,0.01,0.013368983957219251,,,,
colorferet,arcface_antelopev2,112,512,webp,skin_tone,White,116837,0.21222266554832458,0.01,0.00768592141188151,,,,
colorferet,arcface_antelopev2,112,512,webp,skin_tone,__overall__,135532,0.21222266554832458,0.01,0.01000501726529528,0.00768592141188151,0.0332378223495702,2.5551900937688687,4.0
colorferet,arcface_antelopev2,112,512,webp,gender,female,37642,0.21307839453220367,0.01,0.01458477232878168,,,,
colorferet,arcface_antelopev2,112,512,webp,gender,male,124724,0.21307839453220367,0.01,0.008619030820050671,,,,
colorferet,arcface_antelopev2,112,512,webp,gender,__overall__,162366,0.21307839453220367,0.01,0.010002094034465343,0.008619030820050671,0.01458477232878168,0.5965741508731008,2.0
colorferet,arcface_antelopev2,112,512,webp,age,26-35,23660,0.21003109216690063,0.01,0.010946745562130178,,,,
colorferet,arcface_antelopev2,112,512,webp,age,36-50,28990,0.21003109216690063,0.01,0.007002414625733012,,,,
colorferet,arcface_antelopev2,112,512,webp,age,51-65,540,0.21003109216690063,0.01,0.007407407407407408,,,,
colorferet,arcface_antelopev2,112,512,webp,age,<=25,39049,0.21003109216690063,0.01,0.011703244641348049,,,,
colorferet,arcface_antelopev2,112,512,webp,age,__overall__,92240,0.21003109216690063,0.01,0.010006504770164787,0.007002414625733012,0.011703244641348049,0.47008300156150373,4.0
colorferet,arcface_antelopev2,112,512,webp,pose,frontal,30858,0.2922341525554657,0.001,0.0006805366517596734,,,,
colorferet,arcface_antelopev2,112,512,webp,pose,half,15773,0.2922341525554657,0.001,0.0005705953211183668,,,,
colorferet,arcface_antelopev2,112,512,webp,pose,profile,20437,0.2922341525554657,0.001,0.001859372706365905,,,,
colorferet,arcface_antelopev2,112,512,webp,pose,quarter,10577,0.2922341525554657,0.001,0.0009454476694714947,,,,
colorferet,arcface_antelopev2,112,512,webp,pose,__overall__,77645,0.2922341525554657,0.001,0.0010045720909266534,0.0005705953211183668,0.001859372706365905,0.12887773852475382,4.0
colorferet,arcface_antelopev2,112,512,webp,skin_tone,Asian,16178,0.2928308844566345,0.001,0.0029669922116454446,,,,
colorferet,arcface_antelopev2,112,512,webp,skin_tone,Black,1745,0.2928308844566345,0.001,0.004584527220630372,,,,
colorferet,arcface_antelopev2,112,512,webp,skin_tone,Hispanic,748,0.2928308844566345,0.001,0.0,,,,
colorferet,arcface_antelopev2,112,512,webp,skin_tone,White,116837,0.2928308844566345,0.001,0.0006847146023947893,,,,
colorferet,arcface_antelopev2,112,512,webp,skin_tone,__overall__,135532,0.2928308844566345,0.001,0.001003453059056164,0.0,0.004584527220630372,0.4584527220630372,4.0
colorferet,arcface_antelopev2,112,512,webp,gender,female,37642,0.2928674817085266,0.001,0.001567398119122257,,,,
colorferet,arcface_antelopev2,112,512,webp,gender,male,124724,0.2928674817085266,0.001,0.0008338411211955999,,,,
colorferet,arcface_antelopev2,112,512,webp,gender,__overall__,162366,0.2928674817085266,0.001,0.0010039047583853763,0.0008338411211955999,0.001567398119122257,0.07335569979266571,2.0
colorferet,arcface_antelopev2,112,512,webp,age,26-35,23660,0.29499825835227966,0.001,0.001521555367709214,,,,
colorferet,arcface_antelopev2,112,512,webp,age,36-50,28990,0.29499825835227966,0.001,0.0005519144532597448,,,,
colorferet,arcface_antelopev2,112,512,webp,age,51-65,540,0.29499825835227966,0.001,0.0,,,,
colorferet,arcface_antelopev2,112,512,webp,age,<=25,39049,0.29499825835227966,0.001,0.001049962867166893,,,,
colorferet,arcface_antelopev2,112,512,webp,age,__overall__,92240,0.29499825835227966,0.001,0.0010082393755420642,0.0,0.001521555367709214,0.1521555367709214,4.0
colorferet,lvface_l,112,0,aligned,pose,frontal,30858,0.13150979578495026,0.01,0.011601529587141097,,,,
colorferet,lvface_l,112,0,aligned,pose,half,15773,0.13150979578495026,0.01,0.006213149052177772,,,,
colorferet,lvface_l,112,0,aligned,pose,profile,20437,0.13150979578495026,0.01,0.009199001810441846,,,,
colorferet,lvface_l,112,0,aligned,pose,quarter,10577,0.13150979578495026,0.01,0.01257445400397088,,,,
colorferet,lvface_l,112,0,aligned,pose,__overall__,77645,0.13150979578495026,0.01,0.01000708352115397,0.006213149052177772,0.01257445400397088,0.6361304951793108,4.0
colorferet,lvface_l,112,0,aligned,skin_tone,Asian,16178,0.12337261438369751,0.01,0.017801953269872668,,,,
colorferet,lvface_l,112,0,aligned,skin_tone,Black,1745,0.12337261438369751,0.01,0.0166189111747851,,,,
colorferet,lvface_l,112,0,aligned,skin_tone,Hispanic,748,0.12337261438369751,0.01,0.020053475935828877,,,,
colorferet,lvface_l,112,0,aligned,skin_tone,White,116837,0.12337261438369751,0.01,0.008747229045593434,,,,
colorferet,lvface_l,112,0,aligned,skin_tone,__overall__,135532,0.12337261438369751,0.01,0.01000501726529528,0.008747229045593434,0.020053475935828877,1.1306246890235443,4.0
colorferet,lvface_l,112,0,aligned,gender,female,37642,0.12485213577747345,0.01,0.012751713511503109,,,,
colorferet,lvface_l,112,0,aligned,gender,male,124724,0.12485213577747345,0.01,0.009172252333151599,,,,
colorferet,lvface_l,112,0,aligned,gender,__overall__,162366,0.12485213577747345,0.01,0.010002094034465343,0.009172252333151599,0.012751713511503109,0.35794611783515096,2.0
colorferet,lvface_l,112,0,aligned,age,26-35,23660,0.1252153217792511,0.01,0.010101437024513948,,,,
colorferet,lvface_l,112,0,aligned,age,36-50,28990,0.1252153217792511,0.01,0.010279406691962745,,,,
colorferet,lvface_l,112,0,aligned,age,51-65,540,0.1252153217792511,0.01,0.011111111111111112,,,,
colorferet,lvface_l,112,0,aligned,age,<=25,39049,0.1252153217792511,0.01,0.009731363159107788,,,,
colorferet,lvface_l,112,0,aligned,age,__overall__,92240,0.1252153217792511,0.01,0.010006504770164787,0.009731363159107788,0.011111111111111112,0.1379747952003324,4.0
colorferet,lvface_l,112,0,aligned,pose,frontal,30858,0.17444299161434174,0.001,0.0012638537818393933,,,,
colorferet,lvface_l,112,0,aligned,pose,half,15773,0.17444299161434174,0.001,0.0005071958409941039,,,,
colorferet,lvface_l,112,0,aligned,pose,profile,20437,0.17444299161434174,0.001,0.0012232715173459902,,,,
colorferet,lvface_l,112,0,aligned,pose,quarter,10577,0.17444299161434174,0.001,0.0005672686016828969,,,,
colorferet,lvface_l,112,0,aligned,pose,__overall__,77645,0.17444299161434174,0.001,0.0010045720909266534,0.0005071958409941039,0.0012638537818393933,0.07566579408452893,4.0
colorferet,lvface_l,112,0,aligned,skin_tone,Asian,16178,0.16833648085594177,0.001,0.00234886883421931,,,,
colorferet,lvface_l,112,0,aligned,skin_tone,Black,1745,0.16833648085594177,0.001,0.0028653295128939827,,,,
colorferet,lvface_l,112,0,aligned,skin_tone,Hispanic,748,0.16833648085594177,0.001,0.001336898395721925,,,,
colorferet,lvface_l,112,0,aligned,skin_tone,White,116837,0.16833648085594177,0.001,0.0007788628602240728,,,,
colorferet,lvface_l,112,0,aligned,skin_tone,__overall__,135532,0.16833648085594177,0.001,0.001003453059056164,0.0007788628602240728,0.0028653295128939827,0.208646665266991,4.0
colorferet,lvface_l,112,0,aligned,gender,female,37642,0.16888326406478882,0.001,0.0016736623983847829,,,,
colorferet,lvface_l,112,0,aligned,gender,male,124724,0.16888326406478882,0.001,0.000801770308841923,,,,
colorferet,lvface_l,112,0,aligned,gender,__overall__,162366,0.16888326406478882,0.001,0.0010039047583853763,0.000801770308841923,0.0016736623983847829,0.08718920895428599,2.0
colorferet,lvface_l,112,0,aligned,age,26-35,23660,0.1720866709947586,0.001,0.0008453085376162299,,,,
colorferet,lvface_l,112,0,aligned,age,36-50,28990,0.1720866709947586,0.001,0.0012073128665056915,,,,
colorferet,lvface_l,112,0,aligned,age,51-65,540,0.1720866709947586,0.001,0.0,,,,
colorferet,lvface_l,112,0,aligned,age,<=25,39049,0.1720866709947586,0.001,0.0009731363159107788,,,,
colorferet,lvface_l,112,0,aligned,age,__overall__,92240,0.1720866709947586,0.001,0.0010082393755420642,0.0,0.0012073128665056915,0.12073128665056915,4.0
colorferet,lvface_l,112,1024,avif,pose,frontal,30858,0.1215861514210701,0.01,0.008976602501782357,,,,
colorferet,lvface_l,112,1024,avif,pose,half,15773,0.1215861514210701,0.01,0.008432130856526977,,,,
colorferet,lvface_l,112,1024,avif,pose,profile,20437,0.1215861514210701,0.01,0.01365171013358125,,,,
colorferet,lvface_l,112,1024,avif,pose,quarter,10577,0.1215861514210701,0.01,0.008319939491349154,,,,
colorferet,lvface_l,112,1024,avif,pose,__overall__,77645,0.1215861514210701,0.01,0.01000708352115397,0.008319939491349154,0.01365171013358125,0.5331770642232095,4.0
colorferet,lvface_l,112,1024,avif,skin_tone,Asian,16178,0.11860710382461548,0.01,0.016133020150822103,,,,
colorferet,lvface_l,112,1024,avif,skin_tone,Black,1745,0.11860710382461548,0.01,0.017765042979942695,,,,
colorferet,lvface_l,112,1024,avif,skin_tone,Hispanic,748,0.11860710382461548,0.01,0.008021390374331552,,,,
colorferet,lvface_l,112,1024,avif,skin_tone,White,116837,0.11860710382461548,0.01,0.009046791684141154,,,,
colorferet,lvface_l,112,1024,avif,skin_tone,__overall__,135532,0.11860710382461548,0.01,0.01000501726529528,0.008021390374331552,0.017765042979942695,0.9743652605611143,4.0
colorferet,lvface_l,112,1024,avif,gender,female,37642,0.11888446658849716,0.01,0.013415865256893896,,,,
colorferet,lvface_l,112,1024,avif,gender,male,124724,0.11888446658849716,0.01,0.008971809755941118,,,,
colorferet,lvface_l,112,1024,avif,gender,__overall__,162366,0.11888446658849716,0.01,0.010002094034465343,0.008971809755941118,0.013415865256893896,0.4444055500952778,2.0
colorferet,lvface_l,112,1024,avif,age,26-35,23660,0.11852817237377167,0.01,0.010608622147083685,,,,
colorferet,lvface_l,112,1024,avif,age,36-50,28990,0.11852817237377167,0.01,0.009348051052086926,,,,
colorferet,lvface_l,112,1024,avif,age,51-65,540,0.11852817237377167,0.01,0.007407407407407408,,,,
colorferet,lvface_l,112,1024,avif,age,<=25,39049,0.11852817237377167,0.01,0.010166713616225767,,,,
colorferet,lvface_l,112,1024,avif,age,__overall__,92240,0.11852817237377167,0.01,0.010006504770164787,0.007407407407407408,0.010608622147083685,0.32012147396762775,4.0
colorferet,lvface_l,112,1024,avif,pose,frontal,30858,0.16572251915931702,0.001,0.0005509106228530689,,,,
colorferet,lvface_l,112,1024,avif,pose,half,15773,0.16572251915931702,0.001,0.0008241932416154187,,,,
colorferet,lvface_l,112,1024,avif,pose,profile,20437,0.16572251915931702,0.001,0.0019083035670597445,,,,
colorferet,lvface_l,112,1024,avif,pose,quarter,10577,0.16572251915931702,0.001,0.0008509029025243452,,,,
colorferet,lvface_l,112,1024,avif,pose,__overall__,77645,0.16572251915931702,0.001,0.0010045720909266534,0.0005509106228530689,0.0019083035670597445,0.13573929442066757,4.0
colorferet,lvface_l,112,1024,avif,skin_tone,Asian,16178,0.16567739844322205,0.001,0.0018543701322784028,,,,
colorferet,lvface_l,112,1024,avif,skin_tone,Black,1745,0.16567739844322205,0.001,0.0040114613180515755,,,,
colorferet,lvface_l,112,1024,avif,skin_tone,Hispanic,748,0.16567739844322205,0.001,0.001336898395721925,,,,
colorferet,lvface_l,112,1024,avif,skin_tone,White,116837,0.16567739844322205,0.001,0.0008387753879336169,,,,
colorferet,lvface_l,112,1024,avif,skin_tone,__overall__,135532,0.16567739844322205,0.001,0.001003453059056164,0.0008387753879336169,0.0040114613180515755,0.31726859301179583,4.0
colorferet,lvface_l,112,1024,avif,gender,female,37642,0.16517989337444305,0.001,0.0013814356304128368,,,,
colorferet,lvface_l,112,1024,avif,gender,male,124724,0.16517989337444305,0.001,0.0008899650428145345,,,,
colorferet,lvface_l,112,1024,avif,gender,__overall__,162366,0.16517989337444305,0.001,0.0010039047583853763,0.0008899650428145345,0.0013814356304128368,0.04914705875983023,2.0
colorferet,lvface_l,112,1024,avif,age,26-35,23660,0.16472594439983368,0.001,0.001267962806424345,,,,
colorferet,lvface_l,112,1024,avif,age,36-50,28990,0.16472594439983368,0.001,0.0010693342531907554,,,,
colorferet,lvface_l,112,1024,avif,age,51-65,540,0.16472594439983368,0.001,0.001851851851851852,,,,
colorferet,lvface_l,112,1024,avif,age,<=25,39049,0.16472594439983368,0.001,0.0007938743629798458,,,,
colorferet,lvface_l,112,1024,avif,age,__overall__,92240,0.16472594439983368,0.001,0.0010082393755420642,0.0007938743629798458,0.001851851851851852,0.10579774888720062,4.0
colorferet,lvface_l,112,512,avif,pose,frontal,30858,0.1412804126739502,0.01,0.009527513124635427,,,,
colorferet,lvface_l,112,512,avif,pose,half,15773,0.1412804126739502,0.01,0.006466746972674824,,,,
colorferet,lvface_l,112,512,avif,pose,profile,20437,0.1412804126739502,0.01,0.015021774233008758,,,,
colorferet,lvface_l,112,512,avif,pose,quarter,10577,0.1412804126739502,0.01,0.006996312754089061,,,,
colorferet,lvface_l,112,512,avif,pose,__overall__,77645,0.1412804126739502,0.01,0.01000708352115397,0.006466746972674824,0.015021774233008758,0.8555027260333935,4.0
colorferet,lvface_l,112,512,avif,skin_tone,Asian,16178,0.13943566381931305,0.01,0.014402274694028928,,,,
colorferet,lvface_l,112,512,avif,skin_tone,Black,1745,0.13943566381931305,0.01,0.026934097421203437,,,,
colorferet,lvface_l,112,512,avif,skin_tone,Hispanic,748,0.13943566381931305,0.01,0.009358288770053475,,,,
colorferet,lvface_l,112,512,avif,skin_tone,White,116837,0.13943566381931305,0.01,0.009140939941970438,,,,
colorferet,lvface_l,112,512,avif,skin_tone,__overall__,135532,0.13943566381931305,0.01,0.01000501726529528,0.009140939941970438,0.026934097421203437,1.7793157479232997,4.0
colorferet,lvface_l,112,512,avif,gender,female,37642,0.14093516767024994,0.01,0.015089527655278679,,,,
colorferet,lvface_l,112,512,avif,gender,male,124724,0.14093516767024994,0.01,0.008466694461370706,,,,
colorferet,lvface_l,112,512,avif,gender,__overall__,162366,0.14093516767024994,0.01,0.010002094034465343,0.008466694461370706,0.015089527655278679,0.6622833193907973,2.0
colorferet,lvface_l,112,512,avif,age,26-35,23660,0.13990913331508636,0.01,0.00849535080304311,,,,
colorferet,lvface_l,112,512,avif,age,36-50,28990,0.13990913331508636,0.01,0.007002414625733012,,,,
colorferet,lvface_l,112,512,avif,age,51-65,540,0.13990913331508636,0.01,0.007407407407407408,,,,
colorferet,lvface_l,112,512,avif,age,<=25,39049,0.13990913331508636,0.01,0.013188557965632923,,,,
colorferet,lvface_l,112,512,avif,age,__overall__,92240,0.13990913331508636,0.01,0.010006504770164787,0.007002414625733012,0.013188557965632923,0.6186143339899911,4.0
colorferet,lvface_l,112,512,avif,pose,frontal,30858,0.20129191875457764,0.001,0.0006481301445330222,,,,
colorferet,lvface_l,112,512,avif,pose,half,15773,0.20129191875457764,0.001,0.0005705953211183668,,,,
colorferet,lvface_l,112,512,avif,pose,profile,20437,0.20129191875457764,0.001,0.0022018887312227823,,,,
colorferet,lvface_l,112,512,avif,pose,quarter,10577,0.20129191875457764,0.001,0.0003781790677885979,,,,
colorferet,lvface_l,112,512,avif,pose,__overall__,77645,0.20129191875457764,0.001,0.0010045720909266534,0.0003781790677885979,0.0022018887312227823,0.18237096634341846,4.0
colorferet,lvface_l,112,512,avif,skin_tone,Asian,16178,0.19926288723945618,0.001,0.0017307454567931759,,,,
colorferet,lvface_l,112,512,avif,skin_tone,Black,1745,0.19926288723945618,0.001,0.0028653295128939827,,,,
colorferet,lvface_l,112,512,avif,skin_tone,Hispanic,748,0.19926288723945618,0.001,0.001336898395721925,,,,
colorferet,lvface_l,112,512,avif,skin_tone,White,116837,0.19926288723945618,0.001,0.0008730111180533564,,,,
colorferet,lvface_l,112,512,avif,skin_tone,__overall__,135532,0.19926288723945618,0.001,0.001003453059056164,0.0008730111180533564,0.0028653295128939827,0.19923183948406262,4.0
colorferet,lvface_l,112,512,avif,gender,female,37642,0.20029285550117493,0.001,0.0017533606078316774,,,,
colorferet,lvface_l,112,512,avif,gender,male,124724,0.20029285550117493,0.001,0.0007777171995766652,,,,
colorferet,lvface_l,112,512,avif,gender,__overall__,162366,0.20029285550117493,0.001,0.0010039047583853763,0.0007777171995766652,0.0017533606078316774,0.09756434082550121,2.0
colorferet,lvface_l,112,512,avif,age,26-35,23660,0.20102952420711517,0.001,0.0005494505494505495,,,,
colorferet,lvface_l,112,512,avif,age,36-50,28990,0.20102952420711517,0.001,0.0005519144532597448,,,,
colorferet,lvface_l,112,512,avif,age,51-65,540,0.20102952420711517,0.001,0.0,,,,
colorferet,lvface_l,112,512,avif,age,<=25,39049,0.20102952420711517,0.001,0.001638966426797101,,,,
colorferet,lvface_l,112,512,avif,age,__overall__,92240,0.20102952420711517,0.001,0.0010082393755420642,0.0,0.001638966426797101,0.1638966426797101,4.0
colorferet,lvface_l,112,1024,heif,pose,frontal,30858,0.12150594592094421,0.01,0.008036813792209475,,,,
colorferet,lvface_l,112,1024,heif,pose,half,15773,0.12150594592094421,0.01,0.007988334495657135,,,,
colorferet,lvface_l,112,1024,heif,pose,profile,20437,0.12150594592094421,0.01,0.014679258208151882,,,,
colorferet,lvface_l,112,1024,heif,pose,quarter,10577,0.12150594592094421,0.01,0.009738110995556395,,,,
colorferet,lvface_l,112,1024,heif,pose,__overall__,77645,0.12150594592094421,0.01,0.01000708352115397,0.007988334495657135,0.014679258208151882,0.6690923712494747,4.0
colorferet,lvface_l,112,1024,heif,skin_tone,Asian,16178,0.11973243951797485,0.01,0.01532945976016813,,,,
colorferet,lvface_l,112,1024,heif,skin_tone,Black,1745,0.11973243951797485,0.01,0.02349570200573066,,,,
colorferet,lvface_l,112,1024,heif,skin_tone,Hispanic,748,0.11973243951797485,0.01,0.0053475935828877,,,,
colorferet,lvface_l,112,1024,heif,skin_tone,White,116837,0.11973243951797485,0.01,0.009098145279320763,,,,
colorferet,lvface_l,112,1024,heif,skin_tone,__overall__,135532,0.11973243951797485,0.01,0.01000501726529528,0.0053475935828877,0.02349570200573066,1.814810842284296,4.0
colorferet,lvface_l,112,1024,heif,gender,female,37642,0.12033035606145859,0.01,0.013814356304128366,,,,
colorferet,lvface_l,112,1024,heif,gender,male,124724,0.12033035606145859,0.01,0.00885154420961483,,,,
colorferet,lvface_l,112,1024,heif,gender,__overall__,162366,0.12033035606145859,0.01,0.010002094034465343,0.00885154420961483,0.013814356304128366,0.4962812094513536,2.0
colorferet,lvface_l,112,1024,heif,age,26-35,23660,0.12005193531513214,0.01,0.011707523245984784,,,,
colorferet,lvface_l,112,1024,heif,age,36-50,28990,0.12005193531513214,0.01,0.009244567092100725,,,,
colorferet,lvface_l,112,1024,heif,age,51-65,540,0.12005193531513214,0.01,0.007407407407407408,,,,
colorferet,lvface_l,112,1024,heif,age,<=25,39049,0.12005193531513214,0.01,0.00957771005659556,,,,
colorferet,lvface_l,112,1024,heif,age,__overall__,92240,0.12005193531513214,0.01,0.010006504770164787,0.007407407407407408,0.011707523245984784,0.43001158385773763,4.0
colorferet,lvface_l,112,1024,heif,pose,frontal,30858,0.17057982087135315,0.001,0.0006481301445330222,,,,
colorferet,lvface_l,112,1024,heif,pose,half,15773,0.17057982087135315,0.001,0.0005705953211183668,,,,
colorferet,lvface_l,112,1024,heif,pose,profile,20437,0.17057982087135315,0.001,0.0022018887312227823,,,,
colorferet,lvface_l,112,1024,heif,pose,quarter,10577,0.17057982087135315,0.001,0.0003781790677885979,,,,
colorferet,lvface_l,112,1024,heif,pose,__overall__,77645,0.17057982087135315,0.001,0.0010045720909266534,0.0003781790677885979,0.0022018887312227823,0.18237096634341846,4.0
colorferet,lvface_l,112,1024,heif,skin_tone,Asian,16178,0.16400045156478882,0.001,0.0018543701322784028,,,,
colorferet,lvface_l,112,1024,heif,skin_tone,Black,1745,0.16400045156478882,0.001,0.0040114613180515755,,,,
colorferet,lvface_l,112,1024,heif,skin_tone,Hispanic,748,0.16400045156478882,0.001,0.0,,,,
colorferet,lvface_l,112,1024,heif,skin_tone,White,116837,0.16400045156478882,0.001,0.0008473343204635518,,,,
colorferet,lvface_l,112,1024,heif,skin_tone,__overall__,135532,0.16400045156478882,0.001,0.001003453059056164,0.0,0.0040114613180515755,0.40114613180515757,4.0
colorferet,lvface_l,112,1024,heif,gender,female,37642,0.16356803476810455,0.001,0.0019658891663567294,,,,
colorferet,lvface_l,112,1024,heif,gender,male,124724,0.16356803476810455,0.001,0.0007135755748693115,,,,
colorferet,lvface_l,112,1024,heif,gender,__overall__,162366,0.16356803476810455,0.001,0.0010039047583853763,0.0007135755748693115,0.0019658891663567294,0.12523135914874178,2.0
colorferet,lvface_l,112,1024,heif,age,26-35,23660,0.16424790024757385,0.001,0.0011411665257819103,,,,
colorferet,lvface_l,112,1024,heif,age,36-50,28990,0.16424790024757385,0.001,0.0009658502932045533,,,,
colorferet,lvface_l,112,1024,heif,age,51-65,540,0.16424790024757385,0.001,0.0,,,,
colorferet,lvface_l,112,1024,heif,age,<=25,39049,0.16424790024757385,0.001,0.0009731363159107788,,,,
colorferet,lvface_l,112,1024,heif,age,__overall__,92240,0.16424790024757385,0.001,0.0010082393755420642,0.0,0.0011411665257819103,0.11411665257819104,4.0
colorferet,lvface_l,112,512,heif,pose,frontal,30858,0.20643116533756256,0.01,0.005671138764663944,,,,
colorferet,lvface_l,112,512,heif,pose,half,15773,0.20643116533756256,0.01,0.005579154250935143,,,,
colorferet,lvface_l,112,512,heif,pose,profile,20437,0.20643116533756256,0.01,0.023829329157899887,,,,
colorferet,lvface_l,112,512,heif,pose,quarter,10577,0.20643116533756256,0.01,0.0025527087075730356,,,,
colorferet,lvface_l,112,512,heif,pose,__overall__,77645,0.20643116533756256,0.01,0.01000708352115397,0.0025527087075730356,0.023829329157899887,2.127662045032685,4.0
colorferet,lvface_l,112,512,heif,skin_tone,Asian,16178,0.19172021746635437,0.01,0.017369266905674374,,,,
colorferet,lvface_l,112,512,heif,skin_tone,Black,1745,0.19172021746635437,0.01,0.025787965616045846,,,,
colorferet,lvface_l,112,512,heif,skin_tone,Hispanic,748,0.19172021746635437,0.01,0.008021390374331552,,,,
colorferet,lvface_l,112,512,heif,skin_tone,White,116837,0.19172021746635437,0.01,0.008764346910653304,,,,
colorferet,lvface_l,112,512,heif,skin_tone,__overall__,135532,0.19172021746635437,0.01,0.01000501726529528,0.008021390374331552,0.025787965616045846,1.7766575241714295,4.0
colorferet,lvface_l,112,512,heif,gender,female,37642,0.1948583573102951,0.01,0.016045906168641412,,,,
colorferet,lvface_l,112,512,heif,gender,male,124724,0.1948583573102951,0.01,0.008178057150187615,,,,
colorferet,lvface_l,112,512,heif,gender,__overall__,162366,0.1948583573102951,0.01,0.010002094034465343,0.008178057150187615,0.016045906168641412,0.7867849018453797,2.0
colorferet,lvface_l,112,512,heif,age,26-35,23660,0.19664642214775085,0.01,0.008833474218089603,,,,
colorferet,lvface_l,112,512,heif,age,36-50,28990,0.19664642214775085,0.01,0.00469127285270783,,,,
colorferet,lvface_l,112,512,heif,age,51-65,540,0.19664642214775085,0.01,0.005555555555555556,,,,
colorferet,lvface_l,112,512,heif,age,<=25,39049,0.19664642214775085,0.01,0.014725088990755204,,,,
colorferet,lvface_l,112,512,heif,age,__overall__,92240,0.19664642214775085,0.01,0.010006504770164787,0.00469127285270783,0.014725088990755204,1.0033816138047373,4.0
colorferet,lvface_l,112,512,heif,pose,frontal,30858,0.300021231174469,0.001,0.00035647157949316225,,,,
colorferet,lvface_l,112,512,heif,pose,half,15773,0.300021231174469,0.001,0.0003169974006213149,,,,
colorferet,lvface_l,112,512,heif,pose,profile,20437,0.300021231174469,0.001,0.002935851641630376,,,,
colorferet,lvface_l,112,512,heif,pose,quarter,10577,0.300021231174469,0.001,0.00018908953389429895,,,,
colorferet,lvface_l,112,512,heif,pose,__overall__,77645,0.300021231174469,0.001,0.0010045720909266534,0.00018908953389429895,0.002935851641630376,0.2746762107736077,4.0
colorferet,lvface_l,112,512,heif,skin_tone,Asian,16178,0.27715811133384705,0.001,0.0017925577945357893,,,,
colorferet,lvface_l,112,512,heif,skin_tone,Black,1745,0.27715811133384705,0.001,0.0034383954154727794,,,,
colorferet,lvface_l,112,512,heif,skin_tone,Hispanic,748,0.27715811133384705,0.001,0.001336898395721925,,,,
colorferet,lvface_l,112,512,heif,skin_tone,White,116837,0.27715811133384705,0.001,0.0008558932529934867,,,,
colorferet,lvface_l,112,512,heif,skin_tone,__overall__,135532,0.27715811133384705,0.001,0.001003453059056164,0.0008558932529934867,0.0034383954154727794,0.25825021624792927,4.0
colorferet,lvface_l,112,512,heif,gender,female,37642,0.28078728914260864,0.001,0.001833058817278572,,,,
colorferet,lvface_l,112,512,heif,gender,male,124724,0.28078728914260864,0.001,0.0007536640903114076,,,,
colorferet,lvface_l,112,512,heif,gender,__overall__,162366,0.28078728914260864,0.001,0.0010039047583853763,0.0007536640903114076,0.001833058817278572,0.10793947269671644,2.0
colorferet,lvface_l,112,512,heif,age,26-35,23660,0.28555524349212646,0.001,0.000760777683854607,,,,
colorferet,lvface_l,112,512,heif,age,36-50,28990,0.28555524349212646,0.001,0.00020696791997240429,,,,
colorferet,lvface_l,112,512,heif,age,51-65,540,0.28555524349212646,0.001,0.0,,,,
colorferet,lvface_l,112,512,heif,age,<=25,39049,0.28555524349212646,0.001,0.0017670106788906246,,,,
colorferet,lvface_l,112,512,heif,age,__overall__,92240,0.28555524349212646,0.001,0.0010082393755420642,0.0,0.0017670106788906246,0.17670106788906245,4.0
colorferet,lvface_l,112,1024,jpeg2000,pose,frontal,30858,0.14959187805652618,0.01,0.011763562123274354,,,,
colorferet,lvface_l,112,1024,jpeg2000,pose,half,15773,0.14959187805652618,0.01,0.005579154250935143,,,,
colorferet,lvface_l,112,1024,jpeg2000,pose,profile,20437,0.14959187805652618,0.01,0.013015608944561335,,,,
colorferet,lvface_l,112,1024,jpeg2000,pose,quarter,10577,0.14959187805652618,0.01,0.0056726860168289685,,,,
colorferet,lvface_l,112,1024,jpeg2000,pose,__overall__,77645,0.14959187805652618,0.01,0.01000708352115397,0.005579154250935143,0.013015608944561335,0.7436454693626192,4.0
colorferet,lvface_l,112,1024,jpeg2000,skin_tone,Asian,16178,0.1454726904630661,0.01,0.017801953269872668,,,,
colorferet,lvface_l,112,1024,jpeg2000,skin_tone,Black,1745,0.1454726904630661,0.01,0.032091690544412604,,,,
colorferet,lvface_l,112,1024,jpeg2000,skin_tone,Hispanic,748,0.1454726904630661,0.01,0.009358288770053475,,,,
colorferet,lvface_l,112,1024,jpeg2000,skin_tone,White,116837,0.1454726904630661,0.01,0.00860172719258454,,,,
colorferet,lvface_l,112,1024,jpeg2000,skin_tone,__overall__,135532,0.1454726904630661,0.01,0.01000501726529528,0.00860172719258454,0.032091690544412604,2.348996335182806,4.0
colorferet,lvface_l,112,1024,jpeg2000,gender,female,37642,0.14649416506290436,0.01,0.017055416821635406,,,,
colorferet,lvface_l,112,1024,jpeg2000,gender,male,124724,0.14649416506290436,0.01,0.007873384432827684,,,,
colorferet,lvface_l,112,1024,jpeg2000,gender,__overall__,162366,0.14649416506290436,0.01,0.010002094034465343,0.007873384432827684,0.017055416821635406,0.9182032388807722,2.0
colorferet,lvface_l,112,1024,jpeg2000,age,26-35,23660,0.14694027602672577,0.01,0.00874894336432798,,,,
colorferet,lvface_l,112,1024,jpeg2000,age,36-50,28990,0.14694027602672577,0.01,0.005898585719213522,,,,
colorferet,lvface_l,112,1024,jpeg2000,age,51-65,540,0.14694027602672577,0.01,0.001851851851851852,,,,
colorferet,lvface_l,112,1024,jpeg2000,age,<=25,39049,0.14694027602672577,0.01,0.013931214627775359,,,,
colorferet,lvface_l,112,1024,jpeg2000,age,__overall__,92240,0.14694027602672577,0.01,0.010006504770164787,0.001851851851851852,0.013931214627775359,1.2079362775923506,4.0
colorferet,lvface_l,112,1024,jpeg2000,pose,frontal,30858,0.22699680924415588,0.001,0.0010370082312528355,,,,
colorferet,lvface_l,112,1024,jpeg2000,pose,half,15773,0.22699680924415588,0.001,0.00012679896024852597,,,,
colorferet,lvface_l,112,1024,jpeg2000,pose,profile,20437,0.22699680924415588,0.001,0.0020550961491412633,,,,
colorferet,lvface_l,112,1024,jpeg2000,pose,quarter,10577,0.22699680924415588,0.001,0.00018908953389429895,,,,
colorferet,lvface_l,112,1024,jpeg2000,pose,__overall__,77645,0.22699680924415588,0.001,0.0010045720909266534,0.00012679896024852597,0.0020550961491412633,0.19282971888927375,4.0
colorferet,lvface_l,112,1024,jpeg2000,skin_tone,Asian,16178,0.21743807196617126,0.001,0.0022870564964766965,,,,
colorferet,lvface_l,112,1024,jpeg2000,skin_tone,Black,1745,0.21743807196617126,0.001,0.0034383954154727794,,,,
colorferet,lvface_l,112,1024,jpeg2000,skin_tone,Hispanic,748,0.21743807196617126,0.001,0.0,,,,
colorferet,lvface_l,112,1024,jpeg2000,skin_tone,White,116837,0.21743807196617126,0.001,0.0007959807252839426,,,,
colorferet,lvface_l,112,1024,jpeg2000,skin_tone,__overall__,135532,0.21743807196617126,0.001,0.001003453059056164,0.0,0.0034383954154727794,0.3438395415472779,4.0
colorferet,lvface_l,112,1024,jpeg2000,gender,female,37642,0.21690331399440765,0.001,0.002125285585250518,,,,
colorferet,lvface_l,112,1024,jpeg2000,gender,male,124724,0.21690331399440765,0.001,0.0006654693563387961,,,,
colorferet,lvface_l,112,1024,jpeg2000,gender,__overall__,162366,0.21690331399440765,0.001,0.0010039047583853763,0.0006654693563387961,0.002125285585250518,0.1459816228911722,2.0
colorferet,lvface_l,112,1024,jpeg2000,age,26-35,23660,0.22271323204040527,0.001,0.000760777683854607,,,,
colorferet,lvface_l,112,1024,jpeg2000,age,36-50,28990,0.22271323204040527,0.001,0.0002759572266298724,,,,
colorferet,lvface_l,112,1024,jpeg2000,age,51-65,540,0.22271323204040527,0.001,0.0,,,,
colorferet,lvface_l,112,1024,jpeg2000,age,<=25,39049,0.22271323204040527,0.001,0.0017157929780532153,,,,
colorferet,lvface_l,112,1024,jpeg2000,age,__overall__,92240,0.22271323204040527,0.001,0.0010082393755420642,0.0,0.0017157929780532153,0.17157929780532152,4.0
colorferet,lvface_l,112,512,jpeg2000,pose,frontal,30858,0.29143309593200684,0.01,0.008717350443969148,,,,
colorferet,lvface_l,112,512,jpeg2000,pose,half,15773,0.29143309593200684,0.01,0.012172700183858493,,,,
colorferet,lvface_l,112,512,jpeg2000,pose,profile,20437,0.29143309593200684,0.01,0.012819885501785977,,,,
colorferet,lvface_l,112,512,jpeg2000,pose,quarter,10577,0.29143309593200684,0.01,0.005105417415146071,,,,
colorferet,lvface_l,112,512,jpeg2000,pose,__overall__,77645,0.29143309593200684,0.01,0.01000708352115397,0.005105417415146071,0.012819885501785977,0.7714468086639905,4.0
colorferet,lvface_l,112,512,jpeg2000,skin_tone,Asian,16178,0.26692119240760803,0.01,0.013660526641117566,,,,
colorferet,lvface_l,112,512,jpeg2000,skin_tone,Black,1745,0.26692119240760803,0.01,0.0166189111747851,,,,
colorferet,lvface_l,112,512,jpeg2000,skin_tone,Hispanic,748,0.26692119240760803,0.01,0.014705882352941176,,,,
colorferet,lvface_l,112,512,jpeg2000,skin_tone,White,116837,0.26692119240760803,0.01,0.009372031120278679,,,,
colorferet,lvface_l,112,512,jpeg2000,skin_tone,__overall__,135532,0.26692119240760803,0.01,0.01000501726529528,0.009372031120278679,0.0166189111747851,0.724688005450642,4.0
colorferet,lvface_l,112,512,jpeg2000,gender,female,37642,0.26978522539138794,0.01,0.01835715424260135,,,,
colorferet,lvface_l,112,512,jpeg2000,gender,male,124724,0.26978522539138794,0.01,0.007480516981495142,,,,
colorferet,lvface_l,112,512,jpeg2000,gender,__overall__,162366,0.26978522539138794,0.01,0.010002094034465343,0.007480516981495142,0.01835715424260135,1.0876637261106208,2.0
colorferet,lvface_l,112,512,jpeg2000,age,26-35,23660,0.2724878787994385,0.01,0.006846999154691462,,,,
colorferet,lvface_l,112,512,jpeg2000,age,36-50,28990,0.2724878787994385,0.01,0.003966885132804415,,,,
colorferet,lvface_l,112,512,jpeg2000,age,51-65,540,0.2724878787994385,0.01,0.007407407407407408,,,,
colorferet,lvface_l,112,512,jpeg2000,age,<=25,39049,0.2724878787994385,0.01,0.01644088196880842,,,,
colorferet,lvface_l,112,512,jpeg2000,age,__overall__,92240,0.2724878787994385,0.01,0.010006504770164787,0.003966885132804415,0.01644088196880842,1.2473996836004004,4.0
colorferet,lvface_l,112,512,jpeg2000,pose,frontal,30858,0.39964011311531067,0.001,0.00087497569511958,,,,
colorferet,lvface_l,112,512,jpeg2000,pose,half,15773,0.39964011311531067,0.001,0.0015849870031065746,,,,
colorferet,lvface_l,112,512,jpeg2000,pose,profile,20437,0.39964011311531067,0.001,0.0010275480745706317,,,,
colorferet,lvface_l,112,512,jpeg2000,pose,quarter,10577,0.39964011311531067,0.001,0.00047272383473574735,,,,
colorferet,lvface_l,112,512,jpeg2000,pose,__overall__,77645,0.39964011311531067,0.001,0.0010045720909266534,0.00047272383473574735,0.0015849870031065746,0.11122631683708273,4.0
colorferet,lvface_l,112,512,jpeg2000,skin_tone,Asian,16178,0.3724723160266876,0.001,0.0016689331190505624,,,,
colorferet,lvface_l,112,512,jpeg2000,skin_tone,Black,1745,0.3724723160266876,0.001,0.0017191977077363897,,,,
colorferet,lvface_l,112,512,jpeg2000,skin_tone,Hispanic,748,0.3724723160266876,0.001,0.001336898395721925,,,,
colorferet,lvface_l,112,512,jpeg2000,skin_tone,White,116837,0.3724723160266876,0.001,0.000898687915643161,,,,
colorferet,lvface_l,112,512,jpeg2000,skin_tone,__overall__,135532,0.3724723160266876,0.001,0.001003453059056164,0.000898687915643161,0.0017191977077363897,0.08205097920932286,4.0
colorferet,lvface_l,112,512,jpeg2000,gender,female,37642,0.37625837326049805,0.001,0.002178417724881781,,,,
colorferet,lvface_l,112,512,jpeg2000,gender,male,124724,0.37625837326049805,0.001,0.0006494339501619576,,,,
colorferet,lvface_l,112,512,jpeg2000,gender,__overall__,162366,0.37625837326049805,0.001,0.0010039047583853763,0.0006494339501619576,0.002178417724881781,0.15289837747198234,2.0
colorferet,lvface_l,112,512,jpeg2000,age,26-35,23660,0.3811653256416321,0.001,0.0005071851225697379,,,,
colorferet,lvface_l,112,512,jpeg2000,age,36-50,28990,0.3811653256416321,0.001,0.00034494653328734045,,,,
colorferet,lvface_l,112,512,jpeg2000,age,51-65,540,0.3811653256416321,0.001,0.0,,,,
colorferet,lvface_l,112,512,jpeg2000,age,<=25,39049,0.3811653256416321,0.001,0.001818228379728034,,,,
colorferet,lvface_l,112,512,jpeg2000,age,__overall__,92240,0.3811653256416321,0.001,0.0010082393755420642,0.0,0.001818228379728034,0.1818228379728034,4.0
colorferet,lvface_l,112,1024,jpeg,pose,frontal,30858,0.12613730132579803,0.01,0.00758312269103636,,,,
colorferet,lvface_l,112,1024,jpeg,pose,half,15773,0.12613730132579803,0.01,0.00893932669752108,,,,
colorferet,lvface_l,112,1024,jpeg,pose,profile,20437,0.12613730132579803,0.01,0.015706806282722512,,,,
colorferet,lvface_l,112,1024,jpeg,pose,quarter,10577,0.12613730132579803,0.01,0.007658126122719108,,,,
colorferet,lvface_l,112,1024,jpeg,pose,__overall__,77645,0.12613730132579803,0.01,0.01000708352115397,0.00758312269103636,0.015706806282722512,0.812368359168615,4.0
colorferet,lvface_l,112,1024,jpeg,skin_tone,Asian,16178,0.12533342838287354,0.01,0.013845963654345407,,,,
colorferet,lvface_l,112,1024,jpeg,skin_tone,Black,1745,0.12533342838287354,0.01,0.02521489971346705,,,,
colorferet,lvface_l,112,1024,jpeg,skin_tone,Hispanic,748,0.12533342838287354,0.01,0.009358288770053475,,,,
colorferet,lvface_l,112,1024,jpeg,skin_tone,White,116837,0.12533342838287354,0.01,0.009243647132329657,,,,
colorferet,lvface_l,112,1024,jpeg,skin_tone,__overall__,135532,0.12533342838287354,0.01,0.01000501726529528,0.009243647132329657,0.02521489971346705,1.5971252581137394,4.0
colorferet,lvface_l,112,1024,jpeg,gender,female,37642,0.1243651807308197,0.01,0.014717602677859837,,,,
colorferet,lvface_l,112,1024,jpeg,gender,male,124724,0.1243651807308197,0.01,0.008578942304608575,,,,
colorferet,lvface_l,112,1024,jpeg,gender,__overall__,162366,0.1243651807308197,0.01,0.010002094034465343,0.008578942304608575,0.014717602677859837,0.6138660373251262,2.0
colorferet,lvface_l,112,1024,jpeg,age,26-35,23660,0.12386202812194824,0.01,0.011073541842772611,,,,
colorferet,lvface_l,112,1024,jpeg,age,36-50,28990,0.12386202812194824,0.01,0.008382200758882373,,,,
colorferet,lvface_l,112,1024,jpeg,age,51-65,540,0.12386202812194824,0.01,0.009259259259259259,,,,
colorferet,lvface_l,112,1024,jpeg,age,<=25,39049,0.12386202812194824,0.01,0.010576455222925043,,,,
colorferet,lvface_l,112,1024,jpeg,age,__overall__,92240,0.12386202812194824,0.01,0.010006504770164787,0.008382200758882373,0.011073541842772611,0.26913410838902385,4.0
colorferet,lvface_l,112,1024,jpeg,pose,frontal,30858,0.1759539544582367,0.001,0.00045369110117311556,,,,
colorferet,lvface_l,112,1024,jpeg,pose,half,15773,0.1759539544582367,0.001,0.0009509922018639447,,,,
colorferet,lvface_l,112,1024,jpeg,pose,profile,20437,0.1759539544582367,0.001,0.0022018887312227823,,,,
colorferet,lvface_l,112,1024,jpeg,pose,quarter,10577,0.1759539544582367,0.001,0.0003781790677885979,,,,
colorferet,lvface_l,112,1024,jpeg,pose,__overall__,77645,0.1759539544582367,0.001,0.0010045720909266534,0.0003781790677885979,0.0022018887312227823,0.18237096634341846,4.0
colorferet,lvface_l,112,1024,jpeg,skin_tone,Asian,16178,0.17742320895195007,0.001,0.0017307454567931759,,,,
colorferet,lvface_l,112,1024,jpeg,skin_tone,Black,1745,0.17742320895195007,0.001,0.008022922636103151,,,,
colorferet,lvface_l,112,1024,jpeg,skin_tone,Hispanic,748,0.17742320895195007,0.001,0.00267379679144385,,,,
colorferet,lvface_l,112,1024,jpeg,skin_tone,White,116837,0.17742320895195007,0.001,0.0007874217927540077,,,,
colorferet,lvface_l,112,1024,jpeg,skin_tone,__overall__,135532,0.17742320895195007,0.001,0.001003453059056164,0.0007874217927540077,0.008022922636103151,0.7235500843349144,4.0
colorferet,lvface_l,112,1024,jpeg,gender,female,37642,0.17585872113704681,0.001,0.0020721534456192552,,,,
colorferet,lvface_l,112,1024,jpeg,gender,male,124724,0.17585872113704681,0.001,0.0006815047625156345,,,,
colorferet,lvface_l,112,1024,jpeg,gender,__overall__,162366,0.17585872113704681,0.001,0.0010039047583853763,0.0006815047625156345,0.0020721534456192552,0.13906486831036208,2.0
colorferet,lvface_l,112,1024,jpeg,age,26-35,23660,0.1714799702167511,0.001,0.0012256973795435333,,,,
colorferet,lvface_l,112,1024,jpeg,age,36-50,28990,0.1714799702167511,0.001,0.000758882373232149,,,,
colorferet,lvface_l,112,1024,jpeg,age,51-65,540,0.1714799702167511,0.001,0.0,,,,
colorferet,lvface_l,112,1024,jpeg,age,<=25,39049,0.1714799702167511,0.001,0.0010755717175855975,,,,
colorferet,lvface_l,112,1024,jpeg,age,__overall__,92240,0.1714799702167511,0.001,0.0010082393755420642,0.0,0.0012256973795435333,0.12256973795435333,4.0
colorferet,lvface_l,112,512,jpeg,pose,frontal,30858,0.29554110765457153,0.01,0.0053794801996240845,,,,
colorferet,lvface_l,112,512,jpeg,pose,half,15773,0.29554110765457153,0.01,0.005959551131680721,,,,
colorferet,lvface_l,112,512,jpeg,pose,profile,20437,0.29554110765457153,0.01,0.023927190879287567,,,,
colorferet,lvface_l,112,512,jpeg,pose,quarter,10577,0.29554110765457153,0.01,0.0026472534745201853,,,,
colorferet,lvface_l,112,512,jpeg,pose,__overall__,77645,0.29554110765457153,0.01,0.01000708352115397,0.0026472534745201853,0.023927190879287567,2.127993740476738,4.0
colorferet,lvface_l,112,512,jpeg,skin_tone,Asian,16178,0.25790128111839294,0.01,0.013845963654345407,,,,
colorferet,lvface_l,112,512,jpeg,skin_tone,Black,1745,0.25790128111839294,0.01,0.030945558739255013,,,,
colorferet,lvface_l,112,512,jpeg,skin_tone,Hispanic,748,0.25790128111839294,0.01,0.016042780748663103,,,,
colorferet,lvface_l,112,512,jpeg,skin_tone,White,116837,0.25790128111839294,0.01,0.009115263144380633,,,,
colorferet,lvface_l,112,512,jpeg,skin_tone,__overall__,135532,0.25790128111839294,0.01,0.01000501726529528,0.009115263144380633,0.030945558739255013,2.183029559487438,4.0
colorferet,lvface_l,112,512,jpeg,gender,female,37642,0.26109710335731506,0.01,0.017719568567026195,,,,
colorferet,lvface_l,112,512,jpeg,gender,male,124724,0.26109710335731506,0.01,0.007672941855617203,,,,
colorferet,lvface_l,112,512,jpeg,gender,__overall__,162366,0.26109710335731506,0.01,0.010002094034465343,0.007672941855617203,0.017719568567026195,1.0046626711408992,2.0
colorferet,lvface_l,112,512,jpeg,age,26-35,23660,0.2762741446495056,0.01,0.005494505494505495,,,,
colorferet,lvface_l,112,512,jpeg,age,36-50,28990,0.2762741446495056,0.01,0.002966540186271128,,,,
colorferet,lvface_l,112,512,jpeg,age,51-65,540,0.2762741446495056,0.01,0.001851851851851852,,,,
colorferet,lvface_l,112,512,jpeg,age,<=25,39049,0.2762741446495056,0.01,0.01807984839560552,,,,
colorferet,lvface_l,112,512,jpeg,age,__overall__,92240,0.2762741446495056,0.01,0.010006504770164787,0.001851851851851852,0.01807984839560552,1.6227996543753669,4.0
colorferet,lvface_l,112,512,jpeg,pose,frontal,30858,0.41775238513946533,0.001,0.0006805366517596734,,,,
colorferet,lvface_l,112,512,jpeg,pose,half,15773,0.41775238513946533,0.001,0.0003169974006213149,,,,
colorferet,lvface_l,112,512,jpeg,pose,profile,20437,0.41775238513946533,0.001,0.0023976121739981405,,,,
colorferet,lvface_l,112,512,jpeg,pose,quarter,10577,0.41775238513946533,0.001,0.00028363430084144843,,,,
colorferet,lvface_l,112,512,jpeg,pose,__overall__,77645,0.41775238513946533,0.001,0.0010045720909266534,0.00028363430084144843,0.0023976121739981405,0.2113977873156692,4.0
colorferet,lvface_l,112,512,jpeg,skin_tone,Asian,16178,0.3729307949542999,0.001,0.0016689331190505624,,,,
colorferet,lvface_l,112,512,jpeg,skin_tone,Black,1745,0.3729307949542999,0.001,0.0040114613180515755,,,,
colorferet,lvface_l,112,512,jpeg,skin_tone,Hispanic,748,0.3729307949542999,0.001,0.001336898395721925,,,,
colorferet,lvface_l,112,512,jpeg,skin_tone,White,116837,0.3729307949542999,0.001,0.0008644521855234215,,,,
colorferet,lvface_l,112,512,jpeg,skin_tone,__overall__,135532,0.3729307949542999,0.001,0.001003453059056164,0.0008644521855234215,0.0040114613180515755,0.3147009132528154,4.0
colorferet,lvface_l,112,512,jpeg,gender,female,37642,0.3839523494243622,0.001,0.0019924552361723605,,,,
colorferet,lvface_l,112,512,jpeg,gender,male,124724,0.3839523494243622,0.001,0.0007055578717808923,,,,
colorferet,lvface_l,112,512,jpeg,gender,__overall__,162366,0.3839523494243622,0.001,0.0010039047583853763,0.0007055578717808923,0.0019924552361723605,0.12868973643914683,2.0
colorferet,lvface_l,112,512,jpeg,age,26-35,23660,0.39452141523361206,0.001,0.000591715976331361,,,,
colorferet,lvface_l,112,512,jpeg,age,36-50,28990,0.39452141523361206,0.001,0.0,,,,
colorferet,lvface_l,112,512,jpeg,age,51-65,540,0.39452141523361206,0.001,0.0,,,,
colorferet,lvface_l,112,512,jpeg,age,<=25,39049,0.39452141523361206,0.001,0.0020230991830776715,,,,
colorferet,lvface_l,112,512,jpeg,age,__overall__,92240,0.39452141523361206,0.001,0.0010082393755420642,0.0,0.0020230991830776715,0.20230991830776715,4.0
colorferet,lvface_l,112,1024,jpeg_ai,pose,frontal,30858,,0.01,0.0,,,,
colorferet,lvface_l,112,1024,jpeg_ai,pose,half,15773,,0.01,0.0,,,,
colorferet,lvface_l,112,1024,jpeg_ai,pose,profile,20437,,0.01,0.0,,,,
colorferet,lvface_l,112,1024,jpeg_ai,pose,quarter,10577,,0.01,0.0,,,,
colorferet,lvface_l,112,1024,jpeg_ai,pose,__overall__,77645,,0.01,0.0,0.0,0.0,0.0,4.0
colorferet,lvface_l,112,1024,jpeg_ai,skin_tone,Asian,16178,,0.01,0.0,,,,
colorferet,lvface_l,112,1024,jpeg_ai,skin_tone,Black,1745,,0.01,0.0,,,,
colorferet,lvface_l,112,1024,jpeg_ai,skin_tone,Hispanic,748,,0.01,0.0,,,,
colorferet,lvface_l,112,1024,jpeg_ai,skin_tone,White,116837,,0.01,0.0,,,,
colorferet,lvface_l,112,1024,jpeg_ai,skin_tone,__overall__,135532,,0.01,0.0,0.0,0.0,0.0,4.0
colorferet,lvface_l,112,1024,jpeg_ai,gender,female,37642,,0.01,0.0,,,,
colorferet,lvface_l,112,1024,jpeg_ai,gender,male,124724,,0.01,0.0,,,,
colorferet,lvface_l,112,1024,jpeg_ai,gender,__overall__,162366,,0.01,0.0,0.0,0.0,0.0,2.0
colorferet,lvface_l,112,1024,jpeg_ai,age,26-35,23660,,0.01,0.0,,,,
colorferet,lvface_l,112,1024,jpeg_ai,age,36-50,28990,,0.01,0.0,,,,
colorferet,lvface_l,112,1024,jpeg_ai,age,51-65,540,,0.01,0.0,,,,
colorferet,lvface_l,112,1024,jpeg_ai,age,<=25,39049,,0.01,0.0,,,,
colorferet,lvface_l,112,1024,jpeg_ai,age,__overall__,92240,,0.01,0.0,0.0,0.0,0.0,4.0
colorferet,lvface_l,112,1024,jpeg_ai,pose,frontal,30858,,0.001,0.0,,,,
colorferet,lvface_l,112,1024,jpeg_ai,pose,half,15773,,0.001,0.0,,,,
colorferet,lvface_l,112,1024,jpeg_ai,pose,profile,20437,,0.001,0.0,,,,
colorferet,lvface_l,112,1024,jpeg_ai,pose,quarter,10577,,0.001,0.0,,,,
colorferet,lvface_l,112,1024,jpeg_ai,pose,__overall__,77645,,0.001,0.0,0.0,0.0,0.0,4.0
colorferet,lvface_l,112,1024,jpeg_ai,skin_tone,Asian,16178,,0.001,0.0,,,,
colorferet,lvface_l,112,1024,jpeg_ai,skin_tone,Black,1745,,0.001,0.0,,,,
colorferet,lvface_l,112,1024,jpeg_ai,skin_tone,Hispanic,748,,0.001,0.0,,,,
colorferet,lvface_l,112,1024,jpeg_ai,skin_tone,White,116837,,0.001,0.0,,,,
colorferet,lvface_l,112,1024,jpeg_ai,skin_tone,__overall__,135532,,0.001,0.0,0.0,0.0,0.0,4.0
colorferet,lvface_l,112,1024,jpeg_ai,gender,female,37642,,0.001,0.0,,,,
colorferet,lvface_l,112,1024,jpeg_ai,gender,male,124724,,0.001,0.0,,,,
colorferet,lvface_l,112,1024,jpeg_ai,gender,__overall__,162366,,0.001,0.0,0.0,0.0,0.0,2.0
colorferet,lvface_l,112,1024,jpeg_ai,age,26-35,23660,,0.001,0.0,,,,
colorferet,lvface_l,112,1024,jpeg_ai,age,36-50,28990,,0.001,0.0,,,,
colorferet,lvface_l,112,1024,jpeg_ai,age,51-65,540,,0.001,0.0,,,,
colorferet,lvface_l,112,1024,jpeg_ai,age,<=25,39049,,0.001,0.0,,,,
colorferet,lvface_l,112,1024,jpeg_ai,age,__overall__,92240,,0.001,0.0,0.0,0.0,0.0,4.0
colorferet,lvface_l,112,512,jpeg_ai,pose,frontal,30858,,0.01,0.0,,,,
colorferet,lvface_l,112,512,jpeg_ai,pose,half,15773,,0.01,0.0,,,,
colorferet,lvface_l,112,512,jpeg_ai,pose,profile,20437,,0.01,0.0,,,,
colorferet,lvface_l,112,512,jpeg_ai,pose,quarter,10577,,0.01,0.0,,,,
colorferet,lvface_l,112,512,jpeg_ai,pose,__overall__,77645,,0.01,0.0,0.0,0.0,0.0,4.0
colorferet,lvface_l,112,512,jpeg_ai,skin_tone,Asian,16178,,0.01,0.0,,,,
colorferet,lvface_l,112,512,jpeg_ai,skin_tone,Black,1745,,0.01,0.0,,,,
colorferet,lvface_l,112,512,jpeg_ai,skin_tone,Hispanic,748,,0.01,0.0,,,,
colorferet,lvface_l,112,512,jpeg_ai,skin_tone,White,116837,,0.01,0.0,,,,
colorferet,lvface_l,112,512,jpeg_ai,skin_tone,__overall__,135532,,0.01,0.0,0.0,0.0,0.0,4.0
colorferet,lvface_l,112,512,jpeg_ai,gender,female,37642,,0.01,0.0,,,,
colorferet,lvface_l,112,512,jpeg_ai,gender,male,124724,,0.01,0.0,,,,
colorferet,lvface_l,112,512,jpeg_ai,gender,__overall__,162366,,0.01,0.0,0.0,0.0,0.0,2.0
colorferet,lvface_l,112,512,jpeg_ai,age,26-35,23660,,0.01,0.0,,,,
colorferet,lvface_l,112,512,jpeg_ai,age,36-50,28990,,0.01,0.0,,,,
colorferet,lvface_l,112,512,jpeg_ai,age,51-65,540,,0.01,0.0,,,,
colorferet,lvface_l,112,512,jpeg_ai,age,<=25,39049,,0.01,0.0,,,,
colorferet,lvface_l,112,512,jpeg_ai,age,__overall__,92240,,0.01,0.0,0.0,0.0,0.0,4.0
colorferet,lvface_l,112,512,jpeg_ai,pose,frontal,30858,,0.001,0.0,,,,
colorferet,lvface_l,112,512,jpeg_ai,pose,half,15773,,0.001,0.0,,,,
colorferet,lvface_l,112,512,jpeg_ai,pose,profile,20437,,0.001,0.0,,,,
colorferet,lvface_l,112,512,jpeg_ai,pose,quarter,10577,,0.001,0.0,,,,
colorferet,lvface_l,112,512,jpeg_ai,pose,__overall__,77645,,0.001,0.0,0.0,0.0,0.0,4.0
colorferet,lvface_l,112,512,jpeg_ai,skin_tone,Asian,16178,,0.001,0.0,,,,
colorferet,lvface_l,112,512,jpeg_ai,skin_tone,Black,1745,,0.001,0.0,,,,
colorferet,lvface_l,112,512,jpeg_ai,skin_tone,Hispanic,748,,0.001,0.0,,,,
colorferet,lvface_l,112,512,jpeg_ai,skin_tone,White,116837,,0.001,0.0,,,,
colorferet,lvface_l,112,512,jpeg_ai,skin_tone,__overall__,135532,,0.001,0.0,0.0,0.0,0.0,4.0
colorferet,lvface_l,112,512,jpeg_ai,gender,female,37642,,0.001,0.0,,,,
colorferet,lvface_l,112,512,jpeg_ai,gender,male,124724,,0.001,0.0,,,,
colorferet,lvface_l,112,512,jpeg_ai,gender,__overall__,162366,,0.001,0.0,0.0,0.0,0.0,2.0
colorferet,lvface_l,112,512,jpeg_ai,age,26-35,23660,,0.001,0.0,,,,
colorferet,lvface_l,112,512,jpeg_ai,age,36-50,28990,,0.001,0.0,,,,
colorferet,lvface_l,112,512,jpeg_ai,age,51-65,540,,0.001,0.0,,,,
colorferet,lvface_l,112,512,jpeg_ai,age,<=25,39049,,0.001,0.0,,,,
colorferet,lvface_l,112,512,jpeg_ai,age,__overall__,92240,,0.001,0.0,0.0,0.0,0.0,4.0
colorferet,lvface_l,112,1024,jpeg_fzt,pose,frontal,30858,0.12466184049844742,0.01,0.007259057618769849,,,,
colorferet,lvface_l,112,1024,jpeg_fzt,pose,half,15773,0.12466184049844742,0.01,0.007798136055284346,,,,
colorferet,lvface_l,112,1024,jpeg_fzt,pose,profile,20437,0.12466184049844742,0.01,0.016734354357293146,,,,
colorferet,lvface_l,112,1024,jpeg_fzt,pose,quarter,10577,0.12466184049844742,0.01,0.008319939491349154,,,,
colorferet,lvface_l,112,1024,jpeg_fzt,pose,__overall__,77645,0.12466184049844742,0.01,0.01000708352115397,0.007259057618769849,0.016734354357293146,0.9475296738523298,4.0
colorferet,lvface_l,112,1024,jpeg_fzt,skin_tone,Asian,16178,0.12217198312282562,0.01,0.01644208183953517,,,,
colorferet,lvface_l,112,1024,jpeg_fzt,skin_tone,Black,1745,0.12217198312282562,0.01,0.017765042979942695,,,,
colorferet,lvface_l,112,1024,jpeg_fzt,skin_tone,Hispanic,748,0.12217198312282562,0.01,0.0053475935828877,,,,
colorferet,lvface_l,112,1024,jpeg_fzt,skin_tone,White,116837,0.12217198312282562,0.01,0.00902111488655135,,,,
colorferet,lvface_l,112,1024,jpeg_fzt,skin_tone,__overall__,135532,0.12217198312282562,0.01,0.01000501726529528,0.0053475935828877,0.017765042979942695,1.2417449397054994,4.0
colorferet,lvface_l,112,1024,jpeg_fzt,gender,female,37642,0.12238872796297073,0.01,0.014372243770256627,,,,
colorferet,lvface_l,112,1024,jpeg_fzt,gender,male,124724,0.12238872796297073,0.01,0.008683172444758025,,,,
colorferet,lvface_l,112,1024,jpeg_fzt,gender,__overall__,162366,0.12238872796297073,0.01,0.010002094034465343,0.008683172444758025,0.014372243770256627,0.5689071325498603,2.0
colorferet,lvface_l,112,1024,jpeg_fzt,age,26-35,23660,0.12206763029098511,0.01,0.01162299239222316,,,,
colorferet,lvface_l,112,1024,jpeg_fzt,age,36-50,28990,0.12206763029098511,0.01,0.00886512590548465,,,,
colorferet,lvface_l,112,1024,jpeg_fzt,age,51-65,540,0.12206763029098511,0.01,0.016666666666666666,,,,
colorferet,lvface_l,112,1024,jpeg_fzt,age,<=25,39049,0.12206763029098511,0.01,0.009782580859945197,,,,
colorferet,lvface_l,112,1024,jpeg_fzt,age,__overall__,92240,0.12206763029098511,0.01,0.010006504770164787,0.00886512590548465,0.016666666666666666,0.7801540761182015,4.0
colorferet,lvface_l,112,1024,jpeg_fzt,pose,frontal,30858,0.17185558378696442,0.001,0.00035647157949316225,,,,
colorferet,lvface_l,112,1024,jpeg_fzt,pose,half,15773,0.17185558378696442,0.001,0.0006339948012426298,,,,
colorferet,lvface_l,112,1024,jpeg_fzt,pose,profile,20437,0.17185558378696442,0.001,0.002593335616773499,,,,
colorferet,lvface_l,112,1024,jpeg_fzt,pose,quarter,10577,0.17185558378696442,0.001,0.0003781790677885979,,,,
colorferet,lvface_l,112,1024,jpeg_fzt,pose,__overall__,77645,0.17185558378696442,0.001,0.0010045720909266534,0.00035647157949316225,0.002593335616773499,0.22368640372803367,4.0
colorferet,lvface_l,112,1024,jpeg_fzt,skin_tone,Asian,16178,0.1700730174779892,0.001,0.0022252441587340835,,,,
colorferet,lvface_l,112,1024,jpeg_fzt,skin_tone,Black,1745,0.1700730174779892,0.001,0.0057306590257879654,,,,
colorferet,lvface_l,112,1024,jpeg_fzt,skin_tone,Hispanic,748,0.1700730174779892,0.001,0.001336898395721925,,,,
colorferet,lvface_l,112,1024,jpeg_fzt,skin_tone,White,116837,0.1700730174779892,0.001,0.0007617449951642031,,,,
colorferet,lvface_l,112,1024,jpeg_fzt,skin_tone,__overall__,135532,0.1700730174779892,0.001,0.001003453059056164,0.0007617449951642031,0.0057306590257879654,0.4968914030623763,4.0
colorferet,lvface_l,112,1024,jpeg_fzt,gender,female,37642,0.16956454515457153,0.001,0.0019127570267254662,,,,
colorferet,lvface_l,112,1024,jpeg_fzt,gender,male,124724,0.16956454515457153,0.001,0.0007296109810461499,,,,
colorferet,lvface_l,112,1024,jpeg_fzt,gender,__overall__,162366,0.16956454515457153,0.001,0.0010039047583853763,0.0007296109810461499,0.0019127570267254662,0.11831460456793162,2.0
colorferet,lvface_l,112,1024,jpeg_fzt,age,26-35,23660,0.16809159517288208,0.001,0.0010143702451394759,,,,
colorferet,lvface_l,112,1024,jpeg_fzt,age,36-50,28990,0.16809159517288208,0.001,0.000758882373232149,,,,
colorferet,lvface_l,112,1024,jpeg_fzt,age,51-65,540,0.16809159517288208,0.001,0.001851851851851852,,,,
colorferet,lvface_l,112,1024,jpeg_fzt,age,<=25,39049,0.16809159517288208,0.001,0.0011780071192604164,,,,
colorferet,lvface_l,112,1024,jpeg_fzt,age,__overall__,92240,0.16809159517288208,0.001,0.0010082393755420642,0.000758882373232149,0.001851851851851852,0.10929694786197029,4.0
colorferet,lvface_l,112,512,jpeg_fzt,pose,frontal,30858,0.15089823305606842,0.01,0.007161838097089895,,,,
colorferet,lvface_l,112,512,jpeg_fzt,pose,half,15773,0.15089823305606842,0.01,0.005452355290686616,,,,
colorferet,lvface_l,112,512,jpeg_fzt,pose,profile,20437,0.15089823305606842,0.01,0.020012722023780398,,,,
colorferet,lvface_l,112,512,jpeg_fzt,pose,quarter,10577,0.15089823305606842,0.01,0.005767230783776118,,,,
colorferet,lvface_l,112,512,jpeg_fzt,pose,__overall__,77645,0.15089823305606842,0.01,0.01000708352115397,0.005452355290686616,0.020012722023780398,1.4560366733093781,4.0
colorferet,lvface_l,112,512,jpeg_fzt,skin_tone,Asian,16178,0.14622513949871063,0.01,0.014155025343058474,,,,
colorferet,lvface_l,112,512,jpeg_fzt,skin_tone,Black,1745,0.14622513949871063,0.01,0.02005730659025788,,,,
colorferet,lvface_l,112,512,jpeg_fzt,skin_tone,Hispanic,748,0.14622513949871063,0.01,0.013368983957219251,,,,
colorferet,lvface_l,112,512,jpeg_fzt,skin_tone,White,116837,0.14622513949871063,0.01,0.00925220606485959,,,,
colorferet,lvface_l,112,512,jpeg_fzt,skin_tone,__overall__,135532,0.14622513949871063,0.01,0.01000501726529528,0.00925220606485959,0.02005730659025788,1.080510052539829,4.0
colorferet,lvface_l,112,512,jpeg_fzt,gender,female,37642,0.14668898284435272,0.01,0.016869454332925988,,,,
colorferet,lvface_l,112,512,jpeg_fzt,gender,male,124724,0.14668898284435272,0.01,0.007929508354446618,,,,
colorferet,lvface_l,112,512,jpeg_fzt,gender,__overall__,162366,0.14668898284435272,0.01,0.010002094034465343,0.007929508354446618,0.016869454332925988,0.893994597847937,2.0
colorferet,lvface_l,112,512,jpeg_fzt,age,26-35,23660,0.14651957154273987,0.01,0.00934065934065934,,,,
colorferet,lvface_l,112,512,jpeg_fzt,age,36-50,28990,0.14651957154273987,0.01,0.006416005519144533,,,,
colorferet,lvface_l,112,512,jpeg_fzt,age,51-65,540,0.14651957154273987,0.01,0.009259259259259259,,,,
colorferet,lvface_l,112,512,jpeg_fzt,age,<=25,39049,0.14651957154273987,0.01,0.013086122563958105,,,,
colorferet,lvface_l,112,512,jpeg_fzt,age,__overall__,92240,0.14651957154273987,0.01,0.010006504770164787,0.006416005519144533,0.013086122563958105,0.6670117044813572,4.0
colorferet,lvface_l,112,512,jpeg_fzt,pose,frontal,30858,0.22793859243392944,0.001,0.00058331713007972,,,,
colorferet,lvface_l,112,512,jpeg_fzt,pose,half,15773,0.22793859243392944,0.001,0.0003169974006213149,,,,
colorferet,lvface_l,112,512,jpeg_fzt,pose,profile,20437,0.22793859243392944,0.001,0.0026422664774673386,,,,
colorferet,lvface_l,112,512,jpeg_fzt,pose,quarter,10577,0.22793859243392944,0.001,9.454476694714947e-05,,,,
colorferet,lvface_l,112,512,jpeg_fzt,pose,__overall__,77645,0.22793859243392944,0.001,0.0010045720909266534,9.454476694714947e-05,0.0026422664774673386,0.2547721710520189,4.0
colorferet,lvface_l,112,512,jpeg_fzt,skin_tone,Asian,16178,0.22037005424499512,0.001,0.0014216837680801088,,,,
colorferet,lvface_l,112,512,jpeg_fzt,skin_tone,Black,1745,0.22037005424499512,0.001,0.0040114613180515755,,,,
colorferet,lvface_l,112,512,jpeg_fzt,skin_tone,Hispanic,748,0.22037005424499512,0.001,0.001336898395721925,,,,
colorferet,lvface_l,112,512,jpeg_fzt,skin_tone,White,116837,0.22037005424499512,0.001,0.000898687915643161,,,,
colorferet,lvface_l,112,512,jpeg_fzt,skin_tone,__overall__,135532,0.22037005424499512,0.001,0.001003453059056164,0.000898687915643161,0.0040114613180515755,0.3112773402408414,4.0
colorferet,lvface_l,112,512,jpeg_fzt,gender,female,37642,0.219875305891037,0.001,0.0021518516550661495,,,,
colorferet,lvface_l,112,512,jpeg_fzt,gender,male,124724,0.219875305891037,0.001,0.0006574516532503768,,,,
colorferet,lvface_l,112,512,jpeg_fzt,gender,__overall__,162366,0.219875305891037,0.001,0.0010039047583853763,0.0006574516532503768,0.0021518516550661495,0.14944000018157727,2.0
colorferet,lvface_l,112,512,jpeg_fzt,age,26-35,23660,0.2196955680847168,0.001,0.000760777683854607,,,,
colorferet,lvface_l,112,512,jpeg_fzt,age,36-50,28990,0.2196955680847168,0.001,0.0008623663332183512,,,,
colorferet,lvface_l,112,512,jpeg_fzt,age,51-65,540,0.2196955680847168,0.001,0.001851851851851852,,,,
colorferet,lvface_l,112,512,jpeg_fzt,age,<=25,39049,0.2196955680847168,0.001,0.0012548336705165304,,,,
colorferet,lvface_l,112,512,jpeg_fzt,age,__overall__,92240,0.2196955680847168,0.001,0.0010082393755420642,0.000760777683854607,0.001851851851851852,0.10910741679972451,4.0
colorferet,lvface_l,112,1024,jpeg_xl,pose,frontal,30858,0.12841510772705078,0.01,0.00842569187892929,,,,
colorferet,lvface_l,112,1024,jpeg_xl,pose,half,15773,0.12841510772705078,0.01,0.009002726177645344,,,,
colorferet,lvface_l,112,1024,jpeg_xl,pose,profile,20437,0.12841510772705078,0.01,0.014092087879825806,,,,
colorferet,lvface_l,112,1024,jpeg_xl,pose,quarter,10577,0.12841510772705078,0.01,0.008225394724402004,,,,
colorferet,lvface_l,112,1024,jpeg_xl,pose,__overall__,77645,0.12841510772705078,0.01,0.01000708352115397,0.008225394724402004,0.014092087879825806,0.5866693155423801,4.0
colorferet,lvface_l,112,1024,jpeg_xl,skin_tone,Asian,16178,0.12582877278327942,0.01,0.014896773395969835,,,,
colorferet,lvface_l,112,1024,jpeg_xl,skin_tone,Black,1745,0.12582877278327942,0.01,0.02521489971346705,,,,
colorferet,lvface_l,112,1024,jpeg_xl,skin_tone,Hispanic,748,0.12582877278327942,0.01,0.013368983957219251,,,,
colorferet,lvface_l,112,1024,jpeg_xl,skin_tone,White,116837,0.12582877278327942,0.01,0.00907246848173096,,,,
colorferet,lvface_l,112,1024,jpeg_xl,skin_tone,__overall__,135532,0.12582877278327942,0.01,0.01000501726529528,0.00907246848173096,0.02521489971346705,1.6142431231736087,4.0
colorferet,lvface_l,112,1024,jpeg_xl,gender,female,37642,0.125589519739151,0.01,0.01405345093246905,,,,
colorferet,lvface_l,112,1024,jpeg_xl,gender,male,124724,0.125589519739151,0.01,0.008779384881819056,,,,
colorferet,lvface_l,112,1024,jpeg_xl,gender,__overall__,162366,0.125589519739151,0.01,0.010002094034465343,0.008779384881819056,0.01405345093246905,0.5274066050649994,2.0
colorferet,lvface_l,112,1024,jpeg_xl,age,26-35,23660,0.12552982568740845,0.01,0.010946745562130178,,,,
colorferet,lvface_l,112,1024,jpeg_xl,age,36-50,28990,0.12552982568740845,0.01,0.009279061745429458,,,,
colorferet,lvface_l,112,1024,jpeg_xl,age,51-65,540,0.12552982568740845,0.01,0.011111111111111112,,,,
colorferet,lvface_l,112,1024,jpeg_xl,age,<=25,39049,0.12552982568740845,0.01,0.00996184281287613,,,,
colorferet,lvface_l,112,1024,jpeg_xl,age,__overall__,92240,0.12552982568740845,0.01,0.010006504770164787,0.009279061745429458,0.011111111111111112,0.1832049365681654,4.0
colorferet,lvface_l,112,1024,jpeg_xl,pose,frontal,30858,0.17665474116802216,0.001,0.0006805366517596734,,,,
colorferet,lvface_l,112,1024,jpeg_xl,pose,half,15773,0.17665474116802216,0.001,0.0003803968807455779,,,,
colorferet,lvface_l,112,1024,jpeg_xl,pose,profile,20437,0.17665474116802216,0.001,0.0019572344277535843,,,,
colorferet,lvface_l,112,1024,jpeg_xl,pose,quarter,10577,0.17665474116802216,0.001,0.0010399924364186443,,,,
colorferet,lvface_l,112,1024,jpeg_xl,pose,__overall__,77645,0.17665474116802216,0.001,0.0010045720909266534,0.0003803968807455779,0.0019572344277535843,0.15768375470080065,4.0
colorferet,lvface_l,112,1024,jpeg_xl,skin_tone,Asian,16178,0.1762399822473526,0.001,0.0018543701322784028,,,,
colorferet,lvface_l,112,1024,jpeg_xl,skin_tone,Black,1745,0.1762399822473526,0.001,0.006303724928366762,,,,
colorferet,lvface_l,112,1024,jpeg_xl,skin_tone,Hispanic,748,0.1762399822473526,0.001,0.001336898395721925,,,,
colorferet,lvface_l,112,1024,jpeg_xl,skin_tone,White,116837,0.1762399822473526,0.001,0.0008045396578138774,,,,
colorferet,lvface_l,112,1024,jpeg_xl,skin_tone,__overall__,135532,0.1762399822473526,0.001,0.001003453059056164,0.0008045396578138774,0.006303724928366762,0.5499185270552885,4.0
colorferet,lvface_l,112,1024,jpeg_xl,gender,female,37642,0.17629817128181458,0.001,0.0018861909569098348,,,,
colorferet,lvface_l,112,1024,jpeg_xl,gender,male,124724,0.17629817128181458,0.001,0.0007376286841345691,,,,
colorferet,lvface_l,112,1024,jpeg_xl,gender,__overall__,162366,0.17629817128181458,0.001,0.0010039047583853763,0.0007376286841345691,0.0018861909569098348,0.11485622727752656,2.0
colorferet,lvface_l,112,1024,jpeg_xl,age,26-35,23660,0.17634232342243195,0.001,0.001183431952662722,,,,
colorferet,lvface_l,112,1024,jpeg_xl,age,36-50,28990,0.17634232342243195,0.001,0.0007933770265608831,,,,
colorferet,lvface_l,112,1024,jpeg_xl,age,51-65,540,0.17634232342243195,0.001,0.0,,,,
colorferet,lvface_l,112,1024,jpeg_xl,age,<=25,39049,0.17634232342243195,0.001,0.0010755717175855975,,,,
colorferet,lvface_l,112,1024,jpeg_xl,age,__overall__,92240,0.17634232342243195,0.001,0.0010082393755420642,0.0,0.001183431952662722,0.1183431952662722,4.0
colorferet,lvface_l,112,512,jpeg_xl,pose,frontal,30858,0.1415386199951172,0.01,0.007421090154903104,,,,
colorferet,lvface_l,112,512,jpeg_xl,pose,half,15773,0.1415386199951172,0.01,0.007798136055284346,,,,
colorferet,lvface_l,112,512,jpeg_xl,pose,profile,20437,0.1415386199951172,0.01,0.01761510984978226,,,,
colorferet,lvface_l,112,512,jpeg_xl,pose,quarter,10577,0.1415386199951172,0.01,0.0061454098515647156,,,,
colorferet,lvface_l,112,512,jpeg_xl,pose,__overall__,77645,0.1415386199951172,0.01,0.01000708352115397,0.0061454098515647156,0.01761510984978226,1.1469699998217544,4.0
colorferet,lvface_l,112,512,jpeg_xl,skin_tone,Asian,16178,0.14254269003868103,0.01,0.013289652614661886,,,,
colorferet,lvface_l,112,512,jpeg_xl,skin_tone,Black,1745,0.14254269003868103,0.01,0.02865329512893983,,,,
colorferet,lvface_l,112,512,jpeg_xl,skin_tone,Hispanic,748,0.14254269003868103,0.01,0.012032085561497326,,,,
colorferet,lvface_l,112,512,jpeg_xl,skin_tone,White,116837,0.14254269003868103,0.01,0.009260764997389526,,,,
colorferet,lvface_l,112,512,jpeg_xl,skin_tone,__overall__,135532,0.14254269003868103,0.01,0.01000501726529528,0.009260764997389526,0.02865329512893983,1.9392530131550303,4.0
colorferet,lvface_l,112,512,jpeg_xl,gender,female,37642,0.1434350460767746,0.01,0.016869454332925988,,,,
colorferet,lvface_l,112,512,jpeg_xl,gender,male,124724,0.1434350460767746,0.01,0.007929508354446618,,,,
colorferet,lvface_l,112,512,jpeg_xl,gender,__overall__,162366,0.1434350460767746,0.01,0.010002094034465343,0.007929508354446618,0.016869454332925988,0.893994597847937,2.0
colorferet,lvface_l,112,512,jpeg_xl,age,26-35,23660,0.14217740297317505,0.01,0.009171597633136094,,,,
colorferet,lvface_l,112,512,jpeg_xl,age,36-50,28990,0.14217740297317505,0.01,0.007554329078992756,,,,
colorferet,lvface_l,112,512,jpeg_xl,age,51-65,540,0.14217740297317505,0.01,0.005555555555555556,,,,
colorferet,lvface_l,112,512,jpeg_xl,age,<=25,39049,0.14217740297317505,0.01,0.012394683602653077,,,,
colorferet,lvface_l,112,512,jpeg_xl,age,__overall__,92240,0.14217740297317505,0.01,0.010006504770164787,0.005555555555555556,0.012394683602653077,0.6839128047097521,4.0
colorferet,lvface_l,112,512,jpeg_xl,pose,frontal,30858,0.20590713620185852,0.001,0.00048609760839976666,,,,
colorferet,lvface_l,112,512,jpeg_xl,pose,half,15773,0.20590713620185852,0.001,0.0004437963608698409,,,,
colorferet,lvface_l,112,512,jpeg_xl,pose,profile,20437,0.20590713620185852,0.001,0.0026422664774673386,,,,
colorferet,lvface_l,112,512,jpeg_xl,pose,quarter,10577,0.20590713620185852,0.001,0.00018908953389429895,,,,
colorferet,lvface_l,112,512,jpeg_xl,pose,__overall__,77645,0.20590713620185852,0.001,0.0010045720909266534,0.00018908953389429895,0.0026422664774673386,0.24531769435730397,4.0
colorferet,lvface_l,112,512,jpeg_xl,skin_tone,Asian,16178,0.20712703466415405,0.001,0.0019779948077636297,,,,
colorferet,lvface_l,112,512,jpeg_xl,skin_tone,Black,1745,0.20712703466415405,0.001,0.0057306590257879654,,,,
colorferet,lvface_l,112,512,jpeg_xl,skin_tone,Hispanic,748,0.20712703466415405,0.001,0.00267379679144385,,,,
colorferet,lvface_l,112,512,jpeg_xl,skin_tone,White,116837,0.20712703466415405,0.001,0.0007874217927540077,,,,
colorferet,lvface_l,112,512,jpeg_xl,skin_tone,__overall__,135532,0.20712703466415405,0.001,0.001003453059056164,0.0007874217927540077,0.0057306590257879654,0.4943237233033958,4.0
colorferet,lvface_l,112,512,jpeg_xl,gender,female,37642,0.20734857022762299,0.001,0.0019393230965410978,,,,
colorferet,lvface_l,112,512,jpeg_xl,gender,male,124724,0.20734857022762299,0.001,0.0007215932779577307,,,,
colorferet,lvface_l,112,512,jpeg_xl,gender,__overall__,162366,0.20734857022762299,0.001,0.0010039047583853763,0.0007215932779577307,0.0019393230965410978,0.12177298185833672,2.0
colorferet,lvface_l,112,512,jpeg_xl,age,26-35,23660,0.2130996286869049,0.001,0.001098901098901099,,,,
colorferet,lvface_l,112,512,jpeg_xl,age,36-50,28990,0.2130996286869049,0.001,0.0006898930665746809,,,,
colorferet,lvface_l,112,512,jpeg_xl,age,51-65,540,0.2130996286869049,0.001,0.0,,,,
colorferet,lvface_l,112,512,jpeg_xl,age,<=25,39049,0.2130996286869049,0.001,0.0012036159696791212,,,,
colorferet,lvface_l,112,512,jpeg_xl,age,__overall__,92240,0.2130996286869049,0.001,0.0010082393755420642,0.0,0.0012036159696791212,0.12036159696791211,4.0
colorferet,lvface_l,112,1024,neural_bmshj2018,pose,frontal,30858,,0.01,0.0,,,,
colorferet,lvface_l,112,1024,neural_bmshj2018,pose,half,15773,,0.01,0.0,,,,
colorferet,lvface_l,112,1024,neural_bmshj2018,pose,profile,20437,,0.01,0.0,,,,
colorferet,lvface_l,112,1024,neural_bmshj2018,pose,quarter,10577,,0.01,0.0,,,,
colorferet,lvface_l,112,1024,neural_bmshj2018,pose,__overall__,77645,,0.01,0.0,0.0,0.0,0.0,4.0
colorferet,lvface_l,112,1024,neural_bmshj2018,skin_tone,Asian,16178,,0.01,0.0,,,,
colorferet,lvface_l,112,1024,neural_bmshj2018,skin_tone,Black,1745,,0.01,0.0,,,,
colorferet,lvface_l,112,1024,neural_bmshj2018,skin_tone,Hispanic,748,,0.01,0.0,,,,
colorferet,lvface_l,112,1024,neural_bmshj2018,skin_tone,White,116837,,0.01,0.0,,,,
colorferet,lvface_l,112,1024,neural_bmshj2018,skin_tone,__overall__,135532,,0.01,0.0,0.0,0.0,0.0,4.0
colorferet,lvface_l,112,1024,neural_bmshj2018,gender,female,37642,,0.01,0.0,,,,
colorferet,lvface_l,112,1024,neural_bmshj2018,gender,male,124724,,0.01,0.0,,,,
colorferet,lvface_l,112,1024,neural_bmshj2018,gender,__overall__,162366,,0.01,0.0,0.0,0.0,0.0,2.0
colorferet,lvface_l,112,1024,neural_bmshj2018,age,26-35,23660,,0.01,0.0,,,,
colorferet,lvface_l,112,1024,neural_bmshj2018,age,36-50,28990,,0.01,0.0,,,,
colorferet,lvface_l,112,1024,neural_bmshj2018,age,51-65,540,,0.01,0.0,,,,
colorferet,lvface_l,112,1024,neural_bmshj2018,age,<=25,39049,,0.01,0.0,,,,
colorferet,lvface_l,112,1024,neural_bmshj2018,age,__overall__,92240,,0.01,0.0,0.0,0.0,0.0,4.0
colorferet,lvface_l,112,1024,neural_bmshj2018,pose,frontal,30858,,0.001,0.0,,,,
colorferet,lvface_l,112,1024,neural_bmshj2018,pose,half,15773,,0.001,0.0,,,,
colorferet,lvface_l,112,1024,neural_bmshj2018,pose,profile,20437,,0.001,0.0,,,,
colorferet,lvface_l,112,1024,neural_bmshj2018,pose,quarter,10577,,0.001,0.0,,,,
colorferet,lvface_l,112,1024,neural_bmshj2018,pose,__overall__,77645,,0.001,0.0,0.0,0.0,0.0,4.0
colorferet,lvface_l,112,1024,neural_bmshj2018,skin_tone,Asian,16178,,0.001,0.0,,,,
colorferet,lvface_l,112,1024,neural_bmshj2018,skin_tone,Black,1745,,0.001,0.0,,,,
colorferet,lvface_l,112,1024,neural_bmshj2018,skin_tone,Hispanic,748,,0.001,0.0,,,,
colorferet,lvface_l,112,1024,neural_bmshj2018,skin_tone,White,116837,,0.001,0.0,,,,
colorferet,lvface_l,112,1024,neural_bmshj2018,skin_tone,__overall__,135532,,0.001,0.0,0.0,0.0,0.0,4.0
colorferet,lvface_l,112,1024,neural_bmshj2018,gender,female,37642,,0.001,0.0,,,,
colorferet,lvface_l,112,1024,neural_bmshj2018,gender,male,124724,,0.001,0.0,,,,
colorferet,lvface_l,112,1024,neural_bmshj2018,gender,__overall__,162366,,0.001,0.0,0.0,0.0,0.0,2.0
colorferet,lvface_l,112,1024,neural_bmshj2018,age,26-35,23660,,0.001,0.0,,,,
colorferet,lvface_l,112,1024,neural_bmshj2018,age,36-50,28990,,0.001,0.0,,,,
colorferet,lvface_l,112,1024,neural_bmshj2018,age,51-65,540,,0.001,0.0,,,,
colorferet,lvface_l,112,1024,neural_bmshj2018,age,<=25,39049,,0.001,0.0,,,,
colorferet,lvface_l,112,1024,neural_bmshj2018,age,__overall__,92240,,0.001,0.0,0.0,0.0,0.0,4.0
colorferet,lvface_l,112,512,neural_bmshj2018,pose,frontal,30858,,0.01,0.0,,,,
colorferet,lvface_l,112,512,neural_bmshj2018,pose,half,15773,,0.01,0.0,,,,
colorferet,lvface_l,112,512,neural_bmshj2018,pose,profile,20437,,0.01,0.0,,,,
colorferet,lvface_l,112,512,neural_bmshj2018,pose,quarter,10577,,0.01,0.0,,,,
colorferet,lvface_l,112,512,neural_bmshj2018,pose,__overall__,77645,,0.01,0.0,0.0,0.0,0.0,4.0
colorferet,lvface_l,112,512,neural_bmshj2018,skin_tone,Asian,16178,,0.01,0.0,,,,
colorferet,lvface_l,112,512,neural_bmshj2018,skin_tone,Black,1745,,0.01,0.0,,,,
colorferet,lvface_l,112,512,neural_bmshj2018,skin_tone,Hispanic,748,,0.01,0.0,,,,
colorferet,lvface_l,112,512,neural_bmshj2018,skin_tone,White,116837,,0.01,0.0,,,,
colorferet,lvface_l,112,512,neural_bmshj2018,skin_tone,__overall__,135532,,0.01,0.0,0.0,0.0,0.0,4.0
colorferet,lvface_l,112,512,neural_bmshj2018,gender,female,37642,,0.01,0.0,,,,
colorferet,lvface_l,112,512,neural_bmshj2018,gender,male,124724,,0.01,0.0,,,,
colorferet,lvface_l,112,512,neural_bmshj2018,gender,__overall__,162366,,0.01,0.0,0.0,0.0,0.0,2.0
colorferet,lvface_l,112,512,neural_bmshj2018,age,26-35,23660,,0.01,0.0,,,,
colorferet,lvface_l,112,512,neural_bmshj2018,age,36-50,28990,,0.01,0.0,,,,
colorferet,lvface_l,112,512,neural_bmshj2018,age,51-65,540,,0.01,0.0,,,,
colorferet,lvface_l,112,512,neural_bmshj2018,age,<=25,39049,,0.01,0.0,,,,
colorferet,lvface_l,112,512,neural_bmshj2018,age,__overall__,92240,,0.01,0.0,0.0,0.0,0.0,4.0
colorferet,lvface_l,112,512,neural_bmshj2018,pose,frontal,30858,,0.001,0.0,,,,
colorferet,lvface_l,112,512,neural_bmshj2018,pose,half,15773,,0.001,0.0,,,,
colorferet,lvface_l,112,512,neural_bmshj2018,pose,profile,20437,,0.001,0.0,,,,
colorferet,lvface_l,112,512,neural_bmshj2018,pose,quarter,10577,,0.001,0.0,,,,
colorferet,lvface_l,112,512,neural_bmshj2018,pose,__overall__,77645,,0.001,0.0,0.0,0.0,0.0,4.0
colorferet,lvface_l,112,512,neural_bmshj2018,skin_tone,Asian,16178,,0.001,0.0,,,,
colorferet,lvface_l,112,512,neural_bmshj2018,skin_tone,Black,1745,,0.001,0.0,,,,
colorferet,lvface_l,112,512,neural_bmshj2018,skin_tone,Hispanic,748,,0.001,0.0,,,,
colorferet,lvface_l,112,512,neural_bmshj2018,skin_tone,White,116837,,0.001,0.0,,,,
colorferet,lvface_l,112,512,neural_bmshj2018,skin_tone,__overall__,135532,,0.001,0.0,0.0,0.0,0.0,4.0
colorferet,lvface_l,112,512,neural_bmshj2018,gender,female,37642,,0.001,0.0,,,,
colorferet,lvface_l,112,512,neural_bmshj2018,gender,male,124724,,0.001,0.0,,,,
colorferet,lvface_l,112,512,neural_bmshj2018,gender,__overall__,162366,,0.001,0.0,0.0,0.0,0.0,2.0
colorferet,lvface_l,112,512,neural_bmshj2018,age,26-35,23660,,0.001,0.0,,,,
colorferet,lvface_l,112,512,neural_bmshj2018,age,36-50,28990,,0.001,0.0,,,,
colorferet,lvface_l,112,512,neural_bmshj2018,age,51-65,540,,0.001,0.0,,,,
colorferet,lvface_l,112,512,neural_bmshj2018,age,<=25,39049,,0.001,0.0,,,,
colorferet,lvface_l,112,512,neural_bmshj2018,age,__overall__,92240,,0.001,0.0,0.0,0.0,0.0,4.0
colorferet,lvface_l,112,1024,neural_mbt2018_mean,pose,frontal,30858,,0.01,0.0,,,,
colorferet,lvface_l,112,1024,neural_mbt2018_mean,pose,half,15773,,0.01,0.0,,,,
colorferet,lvface_l,112,1024,neural_mbt2018_mean,pose,profile,20437,,0.01,0.0,,,,
colorferet,lvface_l,112,1024,neural_mbt2018_mean,pose,quarter,10577,,0.01,0.0,,,,
colorferet,lvface_l,112,1024,neural_mbt2018_mean,pose,__overall__,77645,,0.01,0.0,0.0,0.0,0.0,4.0
colorferet,lvface_l,112,1024,neural_mbt2018_mean,skin_tone,Asian,16178,,0.01,0.0,,,,
colorferet,lvface_l,112,1024,neural_mbt2018_mean,skin_tone,Black,1745,,0.01,0.0,,,,
colorferet,lvface_l,112,1024,neural_mbt2018_mean,skin_tone,Hispanic,748,,0.01,0.0,,,,
colorferet,lvface_l,112,1024,neural_mbt2018_mean,skin_tone,White,116837,,0.01,0.0,,,,
colorferet,lvface_l,112,1024,neural_mbt2018_mean,skin_tone,__overall__,135532,,0.01,0.0,0.0,0.0,0.0,4.0
colorferet,lvface_l,112,1024,neural_mbt2018_mean,gender,female,37642,,0.01,0.0,,,,
colorferet,lvface_l,112,1024,neural_mbt2018_mean,gender,male,124724,,0.01,0.0,,,,
colorferet,lvface_l,112,1024,neural_mbt2018_mean,gender,__overall__,162366,,0.01,0.0,0.0,0.0,0.0,2.0
colorferet,lvface_l,112,1024,neural_mbt2018_mean,age,26-35,23660,,0.01,0.0,,,,
colorferet,lvface_l,112,1024,neural_mbt2018_mean,age,36-50,28990,,0.01,0.0,,,,
colorferet,lvface_l,112,1024,neural_mbt2018_mean,age,51-65,540,,0.01,0.0,,,,
colorferet,lvface_l,112,1024,neural_mbt2018_mean,age,<=25,39049,,0.01,0.0,,,,
colorferet,lvface_l,112,1024,neural_mbt2018_mean,age,__overall__,92240,,0.01,0.0,0.0,0.0,0.0,4.0
colorferet,lvface_l,112,1024,neural_mbt2018_mean,pose,frontal,30858,,0.001,0.0,,,,
colorferet,lvface_l,112,1024,neural_mbt2018_mean,pose,half,15773,,0.001,0.0,,,,
colorferet,lvface_l,112,1024,neural_mbt2018_mean,pose,profile,20437,,0.001,0.0,,,,
colorferet,lvface_l,112,1024,neural_mbt2018_mean,pose,quarter,10577,,0.001,0.0,,,,
colorferet,lvface_l,112,1024,neural_mbt2018_mean,pose,__overall__,77645,,0.001,0.0,0.0,0.0,0.0,4.0
colorferet,lvface_l,112,1024,neural_mbt2018_mean,skin_tone,Asian,16178,,0.001,0.0,,,,
colorferet,lvface_l,112,1024,neural_mbt2018_mean,skin_tone,Black,1745,,0.001,0.0,,,,
colorferet,lvface_l,112,1024,neural_mbt2018_mean,skin_tone,Hispanic,748,,0.001,0.0,,,,
colorferet,lvface_l,112,1024,neural_mbt2018_mean,skin_tone,White,116837,,0.001,0.0,,,,
colorferet,lvface_l,112,1024,neural_mbt2018_mean,skin_tone,__overall__,135532,,0.001,0.0,0.0,0.0,0.0,4.0
colorferet,lvface_l,112,1024,neural_mbt2018_mean,gender,female,37642,,0.001,0.0,,,,
colorferet,lvface_l,112,1024,neural_mbt2018_mean,gender,male,124724,,0.001,0.0,,,,
colorferet,lvface_l,112,1024,neural_mbt2018_mean,gender,__overall__,162366,,0.001,0.0,0.0,0.0,0.0,2.0
colorferet,lvface_l,112,1024,neural_mbt2018_mean,age,26-35,23660,,0.001,0.0,,,,
colorferet,lvface_l,112,1024,neural_mbt2018_mean,age,36-50,28990,,0.001,0.0,,,,
colorferet,lvface_l,112,1024,neural_mbt2018_mean,age,51-65,540,,0.001,0.0,,,,
colorferet,lvface_l,112,1024,neural_mbt2018_mean,age,<=25,39049,,0.001,0.0,,,,
colorferet,lvface_l,112,1024,neural_mbt2018_mean,age,__overall__,92240,,0.001,0.0,0.0,0.0,0.0,4.0
colorferet,lvface_l,112,512,neural_mbt2018_mean,pose,frontal,30858,,0.01,0.0,,,,
colorferet,lvface_l,112,512,neural_mbt2018_mean,pose,half,15773,,0.01,0.0,,,,
colorferet,lvface_l,112,512,neural_mbt2018_mean,pose,profile,20437,,0.01,0.0,,,,
colorferet,lvface_l,112,512,neural_mbt2018_mean,pose,quarter,10577,,0.01,0.0,,,,
colorferet,lvface_l,112,512,neural_mbt2018_mean,pose,__overall__,77645,,0.01,0.0,0.0,0.0,0.0,4.0
colorferet,lvface_l,112,512,neural_mbt2018_mean,skin_tone,Asian,16178,,0.01,0.0,,,,
colorferet,lvface_l,112,512,neural_mbt2018_mean,skin_tone,Black,1745,,0.01,0.0,,,,
colorferet,lvface_l,112,512,neural_mbt2018_mean,skin_tone,Hispanic,748,,0.01,0.0,,,,
colorferet,lvface_l,112,512,neural_mbt2018_mean,skin_tone,White,116837,,0.01,0.0,,,,
colorferet,lvface_l,112,512,neural_mbt2018_mean,skin_tone,__overall__,135532,,0.01,0.0,0.0,0.0,0.0,4.0
colorferet,lvface_l,112,512,neural_mbt2018_mean,gender,female,37642,,0.01,0.0,,,,
colorferet,lvface_l,112,512,neural_mbt2018_mean,gender,male,124724,,0.01,0.0,,,,
colorferet,lvface_l,112,512,neural_mbt2018_mean,gender,__overall__,162366,,0.01,0.0,0.0,0.0,0.0,2.0
colorferet,lvface_l,112,512,neural_mbt2018_mean,age,26-35,23660,,0.01,0.0,,,,
colorferet,lvface_l,112,512,neural_mbt2018_mean,age,36-50,28990,,0.01,0.0,,,,
colorferet,lvface_l,112,512,neural_mbt2018_mean,age,51-65,540,,0.01,0.0,,,,
colorferet,lvface_l,112,512,neural_mbt2018_mean,age,<=25,39049,,0.01,0.0,,,,
colorferet,lvface_l,112,512,neural_mbt2018_mean,age,__overall__,92240,,0.01,0.0,0.0,0.0,0.0,4.0
colorferet,lvface_l,112,512,neural_mbt2018_mean,pose,frontal,30858,,0.001,0.0,,,,
colorferet,lvface_l,112,512,neural_mbt2018_mean,pose,half,15773,,0.001,0.0,,,,
colorferet,lvface_l,112,512,neural_mbt2018_mean,pose,profile,20437,,0.001,0.0,,,,
colorferet,lvface_l,112,512,neural_mbt2018_mean,pose,quarter,10577,,0.001,0.0,,,,
colorferet,lvface_l,112,512,neural_mbt2018_mean,pose,__overall__,77645,,0.001,0.0,0.0,0.0,0.0,4.0
colorferet,lvface_l,112,512,neural_mbt2018_mean,skin_tone,Asian,16178,,0.001,0.0,,,,
colorferet,lvface_l,112,512,neural_mbt2018_mean,skin_tone,Black,1745,,0.001,0.0,,,,
colorferet,lvface_l,112,512,neural_mbt2018_mean,skin_tone,Hispanic,748,,0.001,0.0,,,,
colorferet,lvface_l,112,512,neural_mbt2018_mean,skin_tone,White,116837,,0.001,0.0,,,,
colorferet,lvface_l,112,512,neural_mbt2018_mean,skin_tone,__overall__,135532,,0.001,0.0,0.0,0.0,0.0,4.0
colorferet,lvface_l,112,512,neural_mbt2018_mean,gender,female,37642,,0.001,0.0,,,,
colorferet,lvface_l,112,512,neural_mbt2018_mean,gender,male,124724,,0.001,0.0,,,,
colorferet,lvface_l,112,512,neural_mbt2018_mean,gender,__overall__,162366,,0.001,0.0,0.0,0.0,0.0,2.0
colorferet,lvface_l,112,512,neural_mbt2018_mean,age,26-35,23660,,0.001,0.0,,,,
colorferet,lvface_l,112,512,neural_mbt2018_mean,age,36-50,28990,,0.001,0.0,,,,
colorferet,lvface_l,112,512,neural_mbt2018_mean,age,51-65,540,,0.001,0.0,,,,
colorferet,lvface_l,112,512,neural_mbt2018_mean,age,<=25,39049,,0.001,0.0,,,,
colorferet,lvface_l,112,512,neural_mbt2018_mean,age,__overall__,92240,,0.001,0.0,0.0,0.0,0.0,4.0
colorferet,lvface_l,112,1024,ours_accurate,pose,frontal,30858,0.1288084238767624,0.01,0.011147838485967983,,,,
colorferet,lvface_l,112,1024,ours_accurate,pose,half,15773,0.1288084238767624,0.01,0.006910543333544665,,,,
colorferet,lvface_l,112,1024,ours_accurate,pose,profile,20437,0.1288084238767624,0.01,0.009688310417380242,,,,
colorferet,lvface_l,112,1024,ours_accurate,pose,quarter,10577,0.1288084238767624,0.01,0.011912640635340834,,,,
colorferet,lvface_l,112,1024,ours_accurate,pose,__overall__,77645,0.1288084238767624,0.01,0.01000708352115397,0.006910543333544665,0.011912640635340834,0.5002097301796169,4.0
colorferet,lvface_l,112,1024,ours_accurate,skin_tone,Asian,16178,0.12335841357707977,0.01,0.016256644826307332,,,,
colorferet,lvface_l,112,1024,ours_accurate,skin_tone,Black,1745,0.12335841357707977,0.01,0.02349570200573066,,,,
colorferet,lvface_l,112,1024,ours_accurate,skin_tone,Hispanic,748,0.12335841357707977,0.01,0.020053475935828877,,,,
colorferet,lvface_l,112,1024,ours_accurate,skin_tone,White,116837,0.12335841357707977,0.01,0.008875613033542456,,,,
colorferet,lvface_l,112,1024,ours_accurate,skin_tone,__overall__,135532,0.12335841357707977,0.01,0.01000501726529528,0.008875613033542456,0.02349570200573066,1.4620088972188203,4.0
colorferet,lvface_l,112,1024,ours_accurate,gender,female,37642,0.12414157390594482,0.01,0.013601827745603316,,,,
colorferet,lvface_l,112,1024,ours_accurate,gender,male,124724,0.12414157390594482,0.01,0.008915685834322184,,,,
colorferet,lvface_l,112,1024,ours_accurate,gender,__overall__,162366,0.12414157390594482,0.01,0.010002094034465343,0.008915685834322184,0.013601827745603316,0.4686141911281132,2.0
colorferet,lvface_l,112,1024,ours_accurate,age,26-35,23660,0.12423443794250488,0.01,0.009678782755705833,,,,
colorferet,lvface_l,112,1024,ours_accurate,age,36-50,28990,0.12423443794250488,0.01,0.01031390134529148,,,,
colorferet,lvface_l,112,1024,ours_accurate,age,51-65,540,0.12423443794250488,0.01,0.011111111111111112,,,,
colorferet,lvface_l,112,1024,ours_accurate,age,<=25,39049,0.12423443794250488,0.01,0.00996184281287613,,,,
colorferet,lvface_l,112,1024,ours_accurate,age,__overall__,92240,0.12423443794250488,0.01,0.010006504770164787,0.009678782755705833,0.011111111111111112,0.14323283554052782,4.0
colorferet,lvface_l,112,1024,ours_accurate,pose,frontal,30858,0.1783255934715271,0.001,0.0011018212457061377,,,,
colorferet,lvface_l,112,1024,ours_accurate,pose,half,15773,0.1783255934715271,0.001,0.00025359792049705195,,,,
colorferet,lvface_l,112,1024,ours_accurate,pose,profile,20437,0.1783255934715271,0.001,0.0015168566815090278,,,,
colorferet,lvface_l,112,1024,ours_accurate,pose,quarter,10577,0.1783255934715271,0.001,0.0008509029025243452,,,,
colorferet,lvface_l,112,1024,ours_accurate,pose,__overall__,77645,0.1783255934715271,0.001,0.0010045720909266534,0.00025359792049705195,0.0015168566815090278,0.12632587610119758,4.0
colorferet,lvface_l,112,1024,ours_accurate,skin_tone,Asian,16178,0.17106737196445465,0.001,0.0025343058474471504,,,,
colorferet,lvface_l,112,1024,ours_accurate,skin_tone,Black,1745,0.17106737196445465,0.001,0.0057306590257879654,,,,
colorferet,lvface_l,112,1024,ours_accurate,skin_tone,Hispanic,748,0.17106737196445465,0.001,0.00267379679144385,,,,
colorferet,lvface_l,112,1024,ours_accurate,skin_tone,White,116837,0.17106737196445465,0.001,0.0007103913999845939,,,,
colorferet,lvface_l,112,1024,ours_accurate,skin_tone,__overall__,135532,0.17106737196445465,0.001,0.001003453059056164,0.0007103913999845939,0.0057306590257879654,0.5020267625803371,4.0
colorferet,lvface_l,112,1024,ours_accurate,gender,female,37642,0.17050987482070923,0.001,0.0017002284682004144,,,,
colorferet,lvface_l,112,1024,ours_accurate,gender,male,124724,0.17050987482070923,0.001,0.0007937526057535038,,,,
colorferet,lvface_l,112,1024,ours_accurate,gender,__overall__,162366,0.17050987482070923,0.001,0.0010039047583853763,0.0007937526057535038,0.0017002284682004144,0.09064758624469106,2.0
colorferet,lvface_l,112,1024,ours_accurate,age,26-35,23660,0.17058664560317993,0.001,0.0009298393913778529,,,,
colorferet,lvface_l,112,1024,ours_accurate,age,36-50,28990,0.17058664560317993,0.001,0.0011383235598482234,,,,
colorferet,lvface_l,112,1024,ours_accurate,age,51-65,540,0.17058664560317993,0.001,0.0,,,,
colorferet,lvface_l,112,1024,ours_accurate,age,<=25,39049,0.17058664560317993,0.001,0.0009731363159107788,,,,
colorferet,lvface_l,112,1024,ours_accurate,age,__overall__,92240,0.17058664560317993,0.001,0.0010082393755420642,0.0,0.0011383235598482234,0.11383235598482234,4.0
colorferet,lvface_l,112,512,ours_accurate,pose,frontal,30858,0.12610113620758057,0.01,0.009203448052368916,,,,
colorferet,lvface_l,112,512,ours_accurate,pose,half,15773,0.12610113620758057,0.01,0.00830533189627845,,,,
colorferet,lvface_l,112,512,ours_accurate,pose,profile,20437,0.12610113620758057,0.01,0.011792337427215345,,,,
colorferet,lvface_l,112,512,ours_accurate,pose,quarter,10577,0.12610113620758057,0.01,0.011439916800605087,,,,
colorferet,lvface_l,112,512,ours_accurate,pose,__overall__,77645,0.12610113620758057,0.01,0.01000708352115397,0.00830533189627845,0.011792337427215345,0.34870055309368947,4.0
colorferet,lvface_l,112,512,ours_accurate,skin_tone,Asian,16178,0.12335202842950821,0.01,0.015947583137594264,,,,
colorferet,lvface_l,112,512,ours_accurate,skin_tone,Black,1745,0.12335202842950821,0.01,0.01833810888252149,,,,
colorferet,lvface_l,112,512,ours_accurate,skin_tone,Hispanic,748,0.12335202842950821,0.01,0.016042780748663103,,,,
colorferet,lvface_l,112,512,ours_accurate,skin_tone,White,116837,0.12335202842950821,0.01,0.00902111488655135,,,,
colorferet,lvface_l,112,512,ours_accurate,skin_tone,__overall__,135532,0.12335202842950821,0.01,0.01000501726529528,0.00902111488655135,0.01833810888252149,0.9316993995970139,4.0
colorferet,lvface_l,112,512,ours_accurate,gender,female,37642,0.12350304424762726,0.01,0.013947186653206524,,,,
colorferet,lvface_l,112,512,ours_accurate,gender,male,124724,0.12350304424762726,0.01,0.008811455694172734,,,,
colorferet,lvface_l,112,512,ours_accurate,gender,__overall__,162366,0.12350304424762726,0.01,0.010002094034465343,0.008811455694172734,0.013947186653206524,0.513573095903379,2.0
colorferet,lvface_l,112,512,ours_accurate,age,26-35,23660,0.12287739664316177,0.01,0.010693153000845309,,,,
colorferet,lvface_l,112,512,ours_accurate,age,36-50,28990,0.12287739664316177,0.01,0.008934115212142118,,,,
colorferet,lvface_l,112,512,ours_accurate,age,51-65,540,0.12287739664316177,0.01,0.014814814814814815,,,,
colorferet,lvface_l,112,512,ours_accurate,age,<=25,39049,0.12287739664316177,0.01,0.010320366718737995,,,,
colorferet,lvface_l,112,512,ours_accurate,age,__overall__,92240,0.12287739664316177,0.01,0.010006504770164787,0.008934115212142118,0.014814814814814815,0.5880699602672698,4.0
colorferet,lvface_l,112,512,ours_accurate,pose,frontal,30858,0.17079982161521912,0.001,0.0008101626806662778,,,,
colorferet,lvface_l,112,512,ours_accurate,pose,half,15773,0.17079982161521912,0.001,0.0003803968807455779,,,,
colorferet,lvface_l,112,512,ours_accurate,pose,profile,20437,0.17079982161521912,0.001,0.001614718402896707,,,,
colorferet,lvface_l,112,512,ours_accurate,pose,quarter,10577,0.17079982161521912,0.001,0.0013236267372600927,,,,
colorferet,lvface_l,112,512,ours_accurate,pose,__overall__,77645,0.17079982161521912,0.001,0.0010045720909266534,0.0003803968807455779,0.001614718402896707,0.1234321522151129,4.0
colorferet,lvface_l,112,512,ours_accurate,skin_tone,Asian,16178,0.1702103465795517,0.001,0.0021016194832488566,,,,
colorferet,lvface_l,112,512,ours_accurate,skin_tone,Black,1745,0.1702103465795517,0.001,0.0040114613180515755,,,,
colorferet,lvface_l,112,512,ours_accurate,skin_tone,Hispanic,748,0.1702103465795517,0.001,0.004010695187165776,,,,
colorferet,lvface_l,112,512,ours_accurate,skin_tone,White,116837,0.1702103465795517,0.001,0.0007874217927540077,,,,
colorferet,lvface_l,112,512,ours_accurate,skin_tone,__overall__,135532,0.1702103465795517,0.001,0.001003453059056164,0.0007874217927540077,0.0040114613180515755,0.3224039525297568,4.0
colorferet,lvface_l,112,512,ours_accurate,gender,female,37642,0.16938617825508118,0.001,0.0015939641889378886,,,,
colorferet,lvface_l,112,512,ours_accurate,gender,male,124724,0.16938617825508118,0.001,0.0008258234181071807,,,,
colorferet,lvface_l,112,512,ours_accurate,gender,__overall__,162366,0.16938617825508118,0.001,0.0010039047583853763,0.0008258234181071807,0.0015939641889378886,0.0768140770830708,2.0
colorferet,lvface_l,112,512,ours_accurate,age,26-35,23660,0.17047998309135437,0.001,0.001098901098901099,,,,
colorferet,lvface_l,112,512,ours_accurate,age,36-50,28990,0.17047998309135437,0.001,0.0010003449465332873,,,,
colorferet,lvface_l,112,512,ours_accurate,age,51-65,540,0.17047998309135437,0.001,0.001851851851851852,,,,
colorferet,lvface_l,112,512,ours_accurate,age,<=25,39049,0.17047998309135437,0.001,0.000947527465492074,,,,
colorferet,lvface_l,112,512,ours_accurate,age,__overall__,92240,0.17047998309135437,0.001,0.0010082393755420642,0.000947527465492074,0.001851851851851852,0.09043243863597779,4.0
colorferet,lvface_l,112,1024,ours_fast,pose,frontal,30858,0.12951324880123138,0.01,0.00933307408127552,,,,
colorferet,lvface_l,112,1024,ours_fast,pose,half,15773,0.12951324880123138,0.01,0.007100741773917454,,,,
colorferet,lvface_l,112,1024,ours_fast,pose,profile,20437,0.12951324880123138,0.01,0.013896364437050448,,,,
colorferet,lvface_l,112,1024,ours_fast,pose,quarter,10577,0.12951324880123138,0.01,0.008792663326084901,,,,
colorferet,lvface_l,112,1024,ours_fast,pose,__overall__,77645,0.12951324880123138,0.01,0.01000708352115397,0.007100741773917454,0.013896364437050448,0.6795622663132993,4.0
colorferet,lvface_l,112,1024,ours_fast,skin_tone,Asian,16178,0.12626603245735168,0.01,0.016009395475336877,,,,
colorferet,lvface_l,112,1024,ours_fast,skin_tone,Black,1745,0.12626603245735168,0.01,0.013753581661891117,,,,
colorferet,lvface_l,112,1024,ours_fast,skin_tone,Hispanic,748,0.12626603245735168,0.01,0.0106951871657754,,,,
colorferet,lvface_l,112,1024,ours_fast,skin_tone,White,116837,0.12626603245735168,0.01,0.009115263144380633,,,,
colorferet,lvface_l,112,1024,ours_fast,skin_tone,__overall__,135532,0.12626603245735168,0.01,0.01000501726529528,0.009115263144380633,0.016009395475336877,0.6894132330956244,4.0
colorferet,lvface_l,112,1024,ours_fast,gender,female,37642,0.12565815448760986,0.01,0.01439880984007226,,,,
colorferet,lvface_l,112,1024,ours_fast,gender,male,124724,0.12565815448760986,0.01,0.008675154741669607,,,,
colorferet,lvface_l,112,1024,ours_fast,gender,__overall__,162366,0.12565815448760986,0.01,0.010002094034465343,0.008675154741669607,0.01439880984007226,0.5723655098402654,2.0
colorferet,lvface_l,112,1024,ours_fast,age,26-35,23660,0.12546390295028687,0.01,0.010946745562130178,,,,
colorferet,lvface_l,112,1024,ours_fast,age,36-50,28990,0.12546390295028687,0.01,0.008623663332183512,,,,
colorferet,lvface_l,112,1024,ours_fast,age,51-65,540,0.12546390295028687,0.01,0.018518518518518517,,,,
colorferet,lvface_l,112,1024,ours_fast,age,<=25,39049,0.12546390295028687,0.01,0.010345975569156701,,,,
colorferet,lvface_l,112,1024,ours_fast,age,__overall__,92240,0.12546390295028687,0.01,0.010006504770164787,0.008623663332183512,0.018518518518518517,0.9894855186335005,4.0
colorferet,lvface_l,112,1024,ours_fast,pose,frontal,30858,0.17760694026947021,0.001,0.00058331713007972,,,,
colorferet,lvface_l,112,1024,ours_fast,pose,half,15773,0.17760694026947021,0.001,0.00025359792049705195,,,,
colorferet,lvface_l,112,1024,ours_fast,pose,profile,20437,0.17760694026947021,0.001,0.002152957870528943,,,,
colorferet,lvface_l,112,1024,ours_fast,pose,quarter,10577,0.17760694026947021,0.001,0.0011345372033657937,,,,
colorferet,lvface_l,112,1024,ours_fast,pose,__overall__,77645,0.17760694026947021,0.001,0.0010045720909266534,0.00025359792049705195,0.002152957870528943,0.18993599500318908,4.0
colorferet,lvface_l,112,1024,ours_fast,skin_tone,Asian,16178,0.1753062754869461,0.001,0.0022870564964766965,,,,
colorferet,lvface_l,112,1024,ours_fast,skin_tone,Black,1745,0.1753062754869461,0.001,0.002292263610315186,,,,
colorferet,lvface_l,112,1024,ours_fast,skin_tone,Hispanic,748,0.1753062754869461,0.001,0.001336898395721925,,,,
colorferet,lvface_l,112,1024,ours_fast,skin_tone,White,116837,0.1753062754869461,0.001,0.0008045396578138774,,,,
colorferet,lvface_l,112,1024,ours_fast,skin_tone,__overall__,135532,0.1753062754869461,0.001,0.001003453059056164,0.0008045396578138774,0.002292263610315186,0.14877239525013086,4.0
colorferet,lvface_l,112,1024,ours_fast,gender,female,37642,0.172880619764328,0.001,0.001779926677647309,,,,
colorferet,lvface_l,112,1024,ours_fast,gender,male,124724,0.172880619764328,0.001,0.000769699496488246,,,,
colorferet,lvface_l,112,1024,ours_fast,gender,__overall__,162366,0.172880619764328,0.001,0.0010039047583853763,0.000769699496488246,0.001779926677647309,0.10102271811590628,2.0
colorferet,lvface_l,112,1024,ours_fast,age,26-35,23660,0.17311249673366547,0.001,0.0009298393913778529,,,,
colorferet,lvface_l,112,1024,ours_fast,age,36-50,28990,0.17311249673366547,0.001,0.0008278716798896171,,,,
colorferet,lvface_l,112,1024,ours_fast,age,51-65,540,0.17311249673366547,0.001,0.003703703703703704,,,,
colorferet,lvface_l,112,1024,ours_fast,age,<=25,39049,0.17311249673366547,0.001,0.0011523982688417117,,,,
colorferet,lvface_l,112,1024,ours_fast,age,__overall__,92240,0.17311249673366547,0.001,0.0010082393755420642,0.0008278716798896171,0.003703703703703704,0.28758320238140866,4.0
colorferet,lvface_l,112,512,ours_fast,pose,frontal,30858,0.13284406065940857,0.01,0.009009009009009009,,,,
colorferet,lvface_l,112,512,ours_fast,pose,half,15773,0.13284406065940857,0.01,0.007100741773917454,,,,
colorferet,lvface_l,112,512,ours_fast,pose,profile,20437,0.13284406065940857,0.01,0.015413221118559476,,,,
colorferet,lvface_l,112,512,ours_fast,pose,quarter,10577,0.13284406065940857,0.01,0.006807223220194762,,,,
colorferet,lvface_l,112,512,ours_fast,pose,__overall__,77645,0.13284406065940857,0.01,0.01000708352115397,0.006807223220194762,0.015413221118559476,0.8605997898364713,4.0
colorferet,lvface_l,112,512,ours_fast,skin_tone,Asian,16178,0.13072463870048523,0.01,0.01638026950179256,,,,
colorferet,lvface_l,112,512,ours_fast,skin_tone,Black,1745,0.13072463870048523,0.01,0.02177650429799427,,,,
colorferet,lvface_l,112,512,ours_fast,skin_tone,Hispanic,748,0.13072463870048523,0.01,0.0106951871657754,,,,
colorferet,lvface_l,112,512,ours_fast,skin_tone,White,116837,0.13072463870048523,0.01,0.008944084493781935,,,,
colorferet,lvface_l,112,512,ours_fast,skin_tone,__overall__,135532,0.13072463870048523,0.01,0.01000501726529528,0.008944084493781935,0.02177650429799427,1.2832419804212336,4.0
colorferet,lvface_l,112,512,ours_fast,gender,female,37642,0.12983490526676178,0.01,0.01532862228361936,,,,
colorferet,lvface_l,112,512,ours_fast,gender,male,124724,0.12983490526676178,0.01,0.008394535133574934,,,,
colorferet,lvface_l,112,512,ours_fast,gender,__overall__,162366,0.12983490526676178,0.01,0.010002094034465343,0.008394535133574934,0.01532862228361936,0.6934087150044427,2.0
colorferet,lvface_l,112,512,ours_fast,age,26-35,23660,0.12965160608291626,0.01,0.010608622147083685,,,,
colorferet,lvface_l,112,512,ours_fast,age,36-50,28990,0.12965160608291626,0.01,0.008244222145567437,,,,
colorferet,lvface_l,112,512,ours_fast,age,51-65,540,0.12965160608291626,0.01,0.011111111111111112,,,,
colorferet,lvface_l,112,512,ours_fast,age,<=25,39049,0.12965160608291626,0.01,0.01093497912878691,,,,
colorferet,lvface_l,112,512,ours_fast,age,__overall__,92240,0.12965160608291626,0.01,0.010006504770164787,0.008244222145567437,0.011111111111111112,0.2866888965543674,4.0
colorferet,lvface_l,112,512,ours_fast,pose,frontal,30858,0.19070090353488922,0.001,0.0007453496662129756,,,,
colorferet,lvface_l,112,512,ours_fast,pose,half,15773,0.19070090353488922,0.001,0.0003803968807455779,,,,
colorferet,lvface_l,112,512,ours_fast,pose,profile,20437,0.19070090353488922,0.001,0.002250819591916622,,,,
colorferet,lvface_l,112,512,ours_fast,pose,quarter,10577,0.19070090353488922,0.001,0.00028363430084144843,,,,
colorferet,lvface_l,112,512,ours_fast,pose,__overall__,77645,0.19070090353488922,0.001,0.0010045720909266534,0.00028363430084144843,0.002250819591916622,0.19671852910751733,4.0
colorferet,lvface_l,112,512,ours_fast,skin_tone,Asian,16178,0.1852606236934662,0.001,0.00234886883421931,,,,
colorferet,lvface_l,112,512,ours_fast,skin_tone,Black,1745,0.1852606236934662,0.001,0.0057306590257879654,,,,
colorferet,lvface_l,112,512,ours_fast,skin_tone,Hispanic,748,0.1852606236934662,0.001,0.0,,,,
colorferet,lvface_l,112,512,ours_fast,skin_tone,White,116837,0.1852606236934662,0.001,0.0007531860626342683,,,,
colorferet,lvface_l,112,512,ours_fast,skin_tone,__overall__,135532,0.1852606236934662,0.001,0.001003453059056164,0.0,0.0057306590257879654,0.5730659025787965,4.0
colorferet,lvface_l,112,512,ours_fast,gender,female,37642,0.1826656460762024,0.001,0.0019127570267254662,,,,
colorferet,lvface_l,112,512,ours_fast,gender,male,124724,0.1826656460762024,0.001,0.0007296109810461499,,,,
colorferet,lvface_l,112,512,ours_fast,gender,__overall__,162366,0.1826656460762024,0.001,0.0010039047583853763,0.0007296109810461499,0.0019127570267254662,0.11831460456793162,2.0
colorferet,lvface_l,112,512,ours_fast,age,26-35,23660,0.18359768390655518,0.001,0.0010143702451394759,,,,
colorferet,lvface_l,112,512,ours_fast,age,36-50,28990,0.18359768390655518,0.001,0.000758882373232149,,,,
colorferet,lvface_l,112,512,ours_fast,age,51-65,540,0.18359768390655518,0.001,0.0,,,,
colorferet,lvface_l,112,512,ours_fast,age,<=25,39049,0.18359768390655518,0.001,0.0012036159696791212,,,,
colorferet,lvface_l,112,512,ours_fast,age,__overall__,92240,0.18359768390655518,0.001,0.0010082393755420642,0.0,0.0012036159696791212,0.12036159696791211,4.0
colorferet,lvface_l,112,1024,webp,pose,frontal,30858,0.1244647353887558,0.01,0.007615529198263011,,,,
colorferet,lvface_l,112,1024,webp,pose,half,15773,0.1244647353887558,0.01,0.009066125657769606,,,,
colorferet,lvface_l,112,1024,webp,pose,profile,20437,0.1244647353887558,0.01,0.013945295297744287,,,,
colorferet,lvface_l,112,1024,webp,pose,quarter,10577,0.1244647353887558,0.01,0.01077810343197504,,,,
colorferet,lvface_l,112,1024,webp,pose,__overall__,77645,0.1244647353887558,0.01,0.01000708352115397,0.007615529198263011,0.013945295297744287,0.6329766099481277,4.0
colorferet,lvface_l,112,1024,webp,skin_tone,Asian,16178,0.12305465340614319,0.01,0.014587711707256769,,,,
colorferet,lvface_l,112,1024,webp,skin_tone,Black,1745,0.12305465340614319,0.01,0.02005730659025788,,,,
colorferet,lvface_l,112,1024,webp,skin_tone,Hispanic,748,0.12305465340614319,0.01,0.00267379679144385,,,,
colorferet,lvface_l,112,1024,webp,skin_tone,White,116837,0.12305465340614319,0.01,0.00926932392991946,,,,
colorferet,lvface_l,112,1024,webp,skin_tone,__overall__,135532,0.12305465340614319,0.01,0.01000501726529528,0.00267379679144385,0.02005730659025788,1.738350979881403,4.0
colorferet,lvface_l,112,1024,webp,gender,female,37642,0.12212764471769333,0.01,0.012911109930396897,,,,
colorferet,lvface_l,112,1024,webp,gender,male,124724,0.12212764471769333,0.01,0.009124146114621083,,,,
colorferet,lvface_l,112,1024,webp,gender,__overall__,162366,0.12212764471769333,0.01,0.010002094034465343,0.009124146114621083,0.012911109930396897,0.3786963815775814,2.0
colorferet,lvface_l,112,1024,webp,age,26-35,23660,0.12346070259809494,0.01,0.010312764158918006,,,,
colorferet,lvface_l,112,1024,webp,age,36-50,28990,0.12346070259809494,0.01,0.010555363918592619,,,,
colorferet,lvface_l,112,1024,webp,age,51-65,540,0.12346070259809494,0.01,0.005555555555555556,,,,
colorferet,lvface_l,112,1024,webp,age,<=25,39049,0.12346070259809494,0.01,0.009475274654920741,,,,
colorferet,lvface_l,112,1024,webp,age,__overall__,92240,0.12346070259809494,0.01,0.010006504770164787,0.005555555555555556,0.010555363918592619,0.49998083630370627,4.0
colorferet,lvface_l,112,1024,webp,pose,frontal,30858,0.1685894876718521,0.001,0.0006157236373063711,,,,
colorferet,lvface_l,112,1024,webp,pose,half,15773,0.1685894876718521,0.001,0.0005071958409941039,,,,
colorferet,lvface_l,112,1024,webp,pose,profile,20437,0.1685894876718521,0.001,0.002104027009835103,,,,
colorferet,lvface_l,112,1024,webp,pose,quarter,10577,0.1685894876718521,0.001,0.0007563581355771958,,,,
colorferet,lvface_l,112,1024,webp,pose,__overall__,77645,0.1685894876718521,0.001,0.0010045720909266534,0.0005071958409941039,0.002104027009835103,0.1596831168840999,4.0
colorferet,lvface_l,112,1024,webp,skin_tone,Asian,16178,0.16702045500278473,0.001,0.002039807145506243,,,,
colorferet,lvface_l,112,1024,webp,skin_tone,Black,1745,0.16702045500278473,0.001,0.006303724928366762,,,,
colorferet,lvface_l,112,1024,webp,skin_tone,Hispanic,748,0.16702045500278473,0.001,0.0,,,,
colorferet,lvface_l,112,1024,webp,skin_tone,White,116837,0.16702045500278473,0.001,0.0007874217927540077,,,,
colorferet,lvface_l,112,1024,webp,skin_tone,__overall__,135532,0.16702045500278473,0.001,0.001003453059056164,0.0,0.006303724928366762,0.6303724928366762,4.0
colorferet,lvface_l,112,1024,webp,gender,female,37642,0.16575394570827484,0.001,0.0019393230965410978,,,,
colorferet,lvface_l,112,1024,webp,gender,male,124724,0.16575394570827484,0.001,0.0007215932779577307,,,,
colorferet,lvface_l,112,1024,webp,gender,__overall__,162366,0.16575394570827484,0.001,0.0010039047583853763,0.0007215932779577307,0.0019393230965410978,0.12177298185833672,2.0
colorferet,lvface_l,112,1024,webp,age,26-35,23660,0.16804569959640503,0.001,0.0012256973795435333,,,,
colorferet,lvface_l,112,1024,webp,age,36-50,28990,0.16804569959640503,0.001,0.0008623663332183512,,,,
colorferet,lvface_l,112,1024,webp,age,51-65,540,0.16804569959640503,0.001,0.0,,,,
colorferet,lvface_l,112,1024,webp,age,<=25,39049,0.16804569959640503,0.001,0.0009987451663294835,,,,
colorferet,lvface_l,112,1024,webp,age,__overall__,92240,0.16804569959640503,0.001,0.0010082393755420642,0.0,0.0012256973795435333,0.12256973795435333,4.0
colorferet,lvface_l,112,512,webp,pose,frontal,30858,0.12838441133499146,0.01,0.008717350443969148,,,,
colorferet,lvface_l,112,512,webp,pose,half,15773,0.12838441133499146,0.01,0.008115133455905662,,,,
colorferet,lvface_l,112,512,webp,pose,profile,20437,0.12838441133499146,0.01,0.014385673043988844,,,,
colorferet,lvface_l,112,512,webp,pose,quarter,10577,0.12838441133499146,0.01,0.008130849957454856,,,,
colorferet,lvface_l,112,512,webp,pose,__overall__,77645,0.12838441133499146,0.01,0.01000708352115397,0.008115133455905662,0.014385673043988844,0.6270539588083182,4.0
colorferet,lvface_l,112,512,webp,skin_tone,Asian,16178,0.12988416850566864,0.01,0.014896773395969835,,,,
colorferet,lvface_l,112,512,webp,skin_tone,Black,1745,0.12988416850566864,0.01,0.02464183381088825,,,,
colorferet,lvface_l,112,512,webp,skin_tone,Hispanic,748,0.12988416850566864,0.01,0.008021390374331552,,,,
colorferet,lvface_l,112,512,webp,skin_tone,White,116837,0.12988416850566864,0.01,0.009123822076910568,,,,
colorferet,lvface_l,112,512,webp,skin_tone,__overall__,135532,0.12988416850566864,0.01,0.01000501726529528,0.008021390374331552,0.02464183381088825,1.66204434365567,4.0
colorferet,lvface_l,112,512,webp,gender,female,37642,0.1285555213689804,0.01,0.01386748844375963,,,,
colorferet,lvface_l,112,512,webp,gender,male,124724,0.1285555213689804,0.01,0.00883550880343799,,,,
colorferet,lvface_l,112,512,webp,gender,__overall__,162366,0.1285555213689804,0.01,0.010002094034465343,0.00883550880343799,0.01386748844375963,0.503197964032164,2.0
colorferet,lvface_l,112,512,webp,age,26-35,23660,0.1278650164604187,0.01,0.01158072696534235,,,,
colorferet,lvface_l,112,512,webp,age,36-50,28990,0.1278650164604187,0.01,0.008830631252155916,,,,
colorferet,lvface_l,112,512,webp,age,51-65,540,0.1278650164604187,0.01,0.016666666666666666,,,,
colorferet,lvface_l,112,512,webp,age,<=25,39049,0.1278650164604187,0.01,0.009833798560782606,,,,
colorferet,lvface_l,112,512,webp,age,__overall__,92240,0.1278650164604187,0.01,0.010006504770164787,0.008830631252155916,0.016666666666666666,0.783603541451075,4.0
colorferet,lvface_l,112,512,webp,pose,frontal,30858,0.176975816488266,0.001,0.0006481301445330222,,,,
colorferet,lvface_l,112,512,webp,pose,half,15773,0.176975816488266,0.001,0.0009509922018639447,,,,
colorferet,lvface_l,112,512,webp,pose,profile,20437,0.176975816488266,0.001,0.0018104418456720655,,,,
colorferet,lvface_l,112,512,webp,pose,quarter,10577,0.176975816488266,0.001,0.0005672686016828969,,,,
colorferet,lvface_l,112,512,webp,pose,__overall__,77645,0.176975816488266,0.001,0.0010045720909266534,0.0005672686016828969,0.0018104418456720655,0.12431732439891685,4.0
colorferet,lvface_l,112,512,webp,skin_tone,Asian,16178,0.18313100934028625,0.001,0.0019779948077636297,,,,
colorferet,lvface_l,112,512,webp,skin_tone,Black,1745,0.18313100934028625,0.001,0.007449856733524355,,,,
colorferet,lvface_l,112,512,webp,skin_tone,Hispanic,748,0.18313100934028625,0.001,0.0,,,,
colorferet,lvface_l,112,512,webp,skin_tone,White,116837,0.18313100934028625,0.001,0.0007788628602240728,,,,
colorferet,lvface_l,112,512,webp,skin_tone,__overall__,135532,0.18313100934028625,0.001,0.001003453059056164,0.0,0.007449856733524355,0.7449856733524355,4.0
colorferet,lvface_l,112,512,webp,gender,female,37642,0.1803339570760727,0.001,0.00162053025875352,,,,
colorferet,lvface_l,112,512,webp,gender,male,124724,0.1803339570760727,0.001,0.0008178057150187614,,,,
colorferet,lvface_l,112,512,webp,gender,__overall__,162366,0.1803339570760727,0.001,0.0010039047583853763,0.0008178057150187614,0.00162053025875352,0.08027245437347585,2.0
colorferet,lvface_l,112,512,webp,age,26-35,23660,0.18047039210796356,0.001,0.001267962806424345,,,,
colorferet,lvface_l,112,512,webp,age,36-50,28990,0.18047039210796356,0.001,0.0010693342531907554,,,,
colorferet,lvface_l,112,512,webp,age,51-65,540,0.18047039210796356,0.001,0.0,,,,
colorferet,lvface_l,112,512,webp,age,<=25,39049,0.18047039210796356,0.001,0.0008194832133985505,,,,
colorferet,lvface_l,112,512,webp,age,__overall__,92240,0.18047039210796356,0.001,0.0010082393755420642,0.0,0.001267962806424345,0.12679628064243448,4.0
colorferet,topofr_r100,112,0,aligned,pose,frontal,30858,0.16596075892448425,0.01,0.007453496662129756,,,,
colorferet,topofr_r100,112,0,aligned,pose,half,15773,0.16596075892448425,0.01,0.010143916819882077,,,,
colorferet,topofr_r100,112,0,aligned,pose,profile,20437,0.16596075892448425,0.01,0.014434603904682684,,,,
colorferet,topofr_r100,112,0,aligned,pose,quarter,10577,0.16596075892448425,0.01,0.008698118559137751,,,,
colorferet,topofr_r100,112,0,aligned,pose,__overall__,77645,0.16596075892448425,0.01,0.01000708352115397,0.007453496662129756,0.014434603904682684,0.6981107242552927,4.0
colorferet,topofr_r100,112,0,aligned,skin_tone,Asian,16178,0.17188915610313416,0.01,0.020830757819260724,,,,
colorferet,topofr_r100,112,0,aligned,skin_tone,Black,1745,0.17188915610313416,0.01,0.0332378223495702,,,,
colorferet,topofr_r100,112,0,aligned,skin_tone,Hispanic,748,0.17188915610313416,0.01,0.009358288770053475,,,,
colorferet,topofr_r100,112,0,aligned,skin_tone,White,116837,0.17188915610313416,0.01,0.008139544835968057,,,,
colorferet,topofr_r100,112,0,aligned,skin_tone,__overall__,135532,0.17188915610313416,0.01,0.01000501726529528,0.008139544835968057,0.0332378223495702,2.509827751360214,4.0
colorferet,topofr_r100,112,0,aligned,gender,female,37642,0.17127850651741028,0.01,0.017507040008501142,,,,
colorferet,topofr_r100,112,0,aligned,gender,male,124724,0.17127850651741028,0.01,0.007737083480324557,,,,
colorferet,topofr_r100,112,0,aligned,gender,__overall__,162366,0.17127850651741028,0.01,0.010002094034465343,0.007737083480324557,0.017507040008501142,0.9769956528176585,2.0
colorferet,topofr_r100,112,0,aligned,age,26-35,23660,0.1717250496149063,0.01,0.010397295012679627,,,,
colorferet,topofr_r100,112,0,aligned,age,36-50,28990,0.1717250496149063,0.01,0.007968264918937564,,,,
colorferet,topofr_r100,112,0,aligned,age,51-65,540,0.1717250496149063,0.01,0.011111111111111112,,,,
colorferet,topofr_r100,112,0,aligned,age,<=25,39049,0.1717250496149063,0.01,0.01126789418423007,,,,
colorferet,topofr_r100,112,0,aligned,age,__overall__,92240,0.1717250496149063,0.01,0.010006504770164787,0.007968264918937564,0.01126789418423007,0.3299629265292505,4.0
colorferet,topofr_r100,112,0,aligned,pose,frontal,30858,0.23454585671424866,0.001,0.00045369110117311556,,,,
colorferet,topofr_r100,112,0,aligned,pose,half,15773,0.23454585671424866,0.001,0.0012679896024852596,,,,
colorferet,topofr_r100,112,0,aligned,pose,profile,20437,0.23454585671424866,0.001,0.0016636492635905466,,,,
colorferet,topofr_r100,112,0,aligned,pose,quarter,10577,0.23454585671424866,0.001,0.0009454476694714947,,,,
colorferet,topofr_r100,112,0,aligned,pose,__overall__,77645,0.23454585671424866,0.001,0.0010045720909266534,0.00045369110117311556,0.0016636492635905466,0.12099581624174312,4.0
colorferet,topofr_r100,112,0,aligned,skin_tone,Asian,16178,0.24332816898822784,0.001,0.0022252441587340835,,,,
colorferet,topofr_r100,112,0,aligned,skin_tone,Black,1745,0.24332816898822784,0.001,0.0034383954154727794,,,,
colorferet,topofr_r100,112,0,aligned,skin_tone,Hispanic,748,0.24332816898822784,0.001,0.001336898395721925,,,,
colorferet,topofr_r100,112,0,aligned,skin_tone,White,116837,0.24332816898822784,0.001,0.0007959807252839426,,,,
colorferet,topofr_r100,112,0,aligned,skin_tone,__overall__,135532,0.24332816898822784,0.001,0.001003453059056164,0.0007959807252839426,0.0034383954154727794,0.2642414690188837,4.0
colorferet,topofr_r100,112,0,aligned,gender,female,37642,0.24105344712734222,0.001,0.0019127570267254662,,,,
colorferet,topofr_r100,112,0,aligned,gender,male,124724,0.24105344712734222,0.001,0.0007296109810461499,,,,
colorferet,topofr_r100,112,0,aligned,gender,__overall__,162366,0.24105344712734222,0.001,0.0010039047583853763,0.0007296109810461499,0.0019127570267254662,0.11831460456793162,2.0
colorferet,topofr_r100,112,0,aligned,age,26-35,23660,0.24910785257816315,0.001,0.0009298393913778529,,,,
colorferet,topofr_r100,112,0,aligned,age,36-50,28990,0.24910785257816315,0.001,0.0010348395998620215,,,,
colorferet,topofr_r100,112,0,aligned,age,51-65,540,0.24910785257816315,0.001,0.0,,,,
colorferet,topofr_r100,112,0,aligned,age,<=25,39049,0.24910785257816315,0.001,0.001049962867166893,,,,
colorferet,topofr_r100,112,0,aligned,age,__overall__,92240,0.24910785257816315,0.001,0.0010082393755420642,0.0,0.001049962867166893,0.1049962867166893,4.0
colorferet,topofr_r100,112,1024,avif,pose,frontal,30858,0.16893380880355835,0.01,0.007485903169356407,,,,
colorferet,topofr_r100,112,1024,avif,pose,half,15773,0.16893380880355835,0.01,0.008368731376402714,,,,
colorferet,topofr_r100,112,1024,avif,pose,profile,20437,0.16893380880355835,0.01,0.016000391446885552,,,,
colorferet,topofr_r100,112,1024,avif,pose,quarter,10577,0.16893380880355835,0.01,0.008225394724402004,,,,
colorferet,topofr_r100,112,1024,avif,pose,__overall__,77645,0.16893380880355835,0.01,0.01000708352115397,0.007485903169356407,0.016000391446885552,0.8514488277529146,4.0
colorferet,topofr_r100,112,1024,avif,skin_tone,Asian,16178,0.17410773038864136,0.01,0.019718135739893682,,,,
colorferet,topofr_r100,112,1024,avif,skin_tone,Black,1745,0.17410773038864136,0.01,0.030945558739255013,,,,
colorferet,topofr_r100,112,1024,avif,skin_tone,Hispanic,748,0.17410773038864136,0.01,0.0106951871657754,,,,
colorferet,topofr_r100,112,1024,avif,skin_tone,White,116837,0.17410773038864136,0.01,0.00831928241909669,,,,
colorferet,topofr_r100,112,1024,avif,skin_tone,__overall__,135532,0.17410773038864136,0.01,0.01000501726529528,0.00831928241909669,0.030945558739255013,2.2626276320158323,4.0
colorferet,topofr_r100,112,1024,avif,gender,female,37642,0.17457827925682068,0.01,0.015594282981775676,,,,
colorferet,topofr_r100,112,1024,avif,gender,male,124724,0.17457827925682068,0.01,0.00831435810269074,,,,
colorferet,topofr_r100,112,1024,avif,gender,__overall__,162366,0.17457827925682068,0.01,0.010002094034465343,0.00831435810269074,0.015594282981775676,0.7279924879084935,2.0
colorferet,topofr_r100,112,1024,avif,age,26-35,23660,0.173588365316391,0.01,0.010650887573964497,,,,
colorferet,topofr_r100,112,1024,avif,age,36-50,28990,0.173588365316391,0.01,0.007968264918937564,,,,
colorferet,topofr_r100,112,1024,avif,age,51-65,540,0.173588365316391,0.01,0.011111111111111112,,,,
colorferet,topofr_r100,112,1024,avif,age,<=25,39049,0.173588365316391,0.01,0.011114241081717841,,,,
colorferet,topofr_r100,112,1024,avif,age,__overall__,92240,0.173588365316391,0.01,0.010006504770164787,0.007968264918937564,0.011114241081717841,0.31459761627802774,4.0
colorferet,topofr_r100,112,1024,avif,pose,frontal,30858,0.24309995770454407,0.001,0.0006481301445330222,,,,
colorferet,topofr_r100,112,1024,avif,pose,half,15773,0.24309995770454407,0.001,0.0008241932416154187,,,,
colorferet,topofr_r100,112,1024,avif,pose,profile,20437,0.24309995770454407,0.001,0.0018104418456720655,,,,
colorferet,topofr_r100,112,1024,avif,pose,quarter,10577,0.24309995770454407,0.001,0.0007563581355771958,,,,
colorferet,topofr_r100,112,1024,avif,pose,__overall__,77645,0.24309995770454407,0.001,0.0010045720909266534,0.0006481301445330222,0.0018104418456720655,0.11623117011390431,4.0
colorferet,topofr_r100,112,1024,avif,skin_tone,Asian,16178,0.24806247651576996,0.001,0.0025343058474471504,,,,
colorferet,topofr_r100,112,1024,avif,skin_tone,Black,1745,0.24806247651576996,0.001,0.004584527220630372,,,,
colorferet,topofr_r100,112,1024,avif,skin_tone,Hispanic,748,0.24806247651576996,0.001,0.00267379679144385,,,,
colorferet,topofr_r100,112,1024,avif,skin_tone,White,116837,0.24806247651576996,0.001,0.0007275092650444637,,,,
colorferet,topofr_r100,112,1024,avif,skin_tone,__overall__,135532,0.24806247651576996,0.001,0.001003453059056164,0.0007275092650444637,0.004584527220630372,0.38570179555859085,4.0
colorferet,topofr_r100,112,1024,avif,gender,female,37642,0.24695484340190887,0.001,0.001567398119122257,,,,
colorferet,topofr_r100,112,1024,avif,gender,male,124724,0.24695484340190887,0.001,0.0008338411211955999,,,,
colorferet,topofr_r100,112,1024,avif,gender,__overall__,162366,0.24695484340190887,0.001,0.0010039047583853763,0.0008338411211955999,0.001567398119122257,0.07335569979266571,2.0
colorferet,topofr_r100,112,1024,avif,age,26-35,23660,0.24943140149116516,0.001,0.001267962806424345,,,,
colorferet,topofr_r100,112,1024,avif,age,36-50,28990,0.24943140149116516,0.001,0.0008968609865470852,,,,
colorferet,topofr_r100,112,1024,avif,age,51-65,540,0.24943140149116516,0.001,0.0,,,,
colorferet,topofr_r100,112,1024,avif,age,<=25,39049,0.24943140149116516,0.001,0.000947527465492074,,,,
colorferet,topofr_r100,112,1024,avif,age,__overall__,92240,0.24943140149116516,0.001,0.0010082393755420642,0.0,0.001267962806424345,0.12679628064243448,4.0
colorferet,topofr_r100,112,512,avif,pose,frontal,30858,0.21240364015102386,0.01,0.007615529198263011,,,,
colorferet,topofr_r100,112,512,avif,pose,half,15773,0.21240364015102386,0.01,0.007100741773917454,,,,
colorferet,topofr_r100,112,512,avif,pose,profile,20437,0.21240364015102386,0.01,0.018349072760189853,,,,
colorferet,topofr_r100,112,512,avif,pose,quarter,10577,0.21240364015102386,0.01,0.005199962182093221,,,,
colorferet,topofr_r100,112,512,avif,pose,__overall__,77645,0.21240364015102386,0.01,0.01000708352115397,0.005199962182093221,0.018349072760189853,1.3149110578096632,4.0
colorferet,topofr_r100,112,512,avif,skin_tone,Asian,16178,0.20885725319385529,0.01,0.01916182470021016,,,,
colorferet,topofr_r100,112,512,avif,skin_tone,Black,1745,0.20885725319385529,0.01,0.028080229226361032,,,,
colorferet,topofr_r100,112,512,avif,skin_tone,Hispanic,748,0.20885725319385529,0.01,0.016042780748663103,,,,
colorferet,topofr_r100,112,512,avif,skin_tone,White,116837,0.20885725319385529,0.01,0.008430548541985843,,,,
colorferet,topofr_r100,112,512,avif,skin_tone,__overall__,135532,0.20885725319385529,0.01,0.01000501726529528,0.008430548541985843,0.028080229226361032,1.964968068437519,4.0
colorferet,topofr_r100,112,512,avif,gender,female,37642,0.2115040421485901,0.01,0.013947186653206524,,,,
colorferet,topofr_r100,112,512,avif,gender,male,124724,0.2115040421485901,0.01,0.008811455694172734,,,,
colorferet,topofr_r100,112,512,avif,gender,__overall__,162366,0.2115040421485901,0.01,0.010002094034465343,0.008811455694172734,0.013947186653206524,0.513573095903379,2.0
colorferet,topofr_r100,112,512,avif,age,26-35,23660,0.20894652605056763,0.01,0.009721048182586645,,,,
colorferet,topofr_r100,112,512,avif,age,36-50,28990,0.20894652605056763,0.01,0.0068299413590893416,,,,
colorferet,topofr_r100,112,512,avif,age,51-65,540,0.20894652605056763,0.01,0.001851851851851852,,,,
colorferet,topofr_r100,112,512,avif,age,<=25,39049,0.20894652605056763,0.01,0.012650772106840125,,,,
colorferet,topofr_r100,112,512,avif,age,__overall__,92240,0.20894652605056763,0.01,0.010006504770164787,0.001851851851851852,0.012650772106840125,1.0798920254988273,4.0
colorferet,topofr_r100,112,512,avif,pose,frontal,30858,0.2975952923297882,0.001,0.0007129431589863245,,,,
colorferet,topofr_r100,112,512,avif,pose,half,15773,0.2975952923297882,0.001,0.0005071958409941039,,,,
colorferet,topofr_r100,112,512,avif,pose,profile,20437,0.2975952923297882,0.001,0.002104027009835103,,,,
colorferet,topofr_r100,112,512,avif,pose,quarter,10577,0.2975952923297882,0.001,0.00047272383473574735,,,,
colorferet,topofr_r100,112,512,avif,pose,__overall__,77645,0.2975952923297882,0.001,0.0010045720909266534,0.00047272383473574735,0.002104027009835103,0.16313031750993556,4.0
colorferet,topofr_r100,112,512,avif,skin_tone,Asian,16178,0.2960399389266968,0.001,0.0018543701322784028,,,,
colorferet,topofr_r100,112,512,avif,skin_tone,Black,1745,0.2960399389266968,0.001,0.0017191977077363897,,,,
colorferet,topofr_r100,112,512,avif,skin_tone,Hispanic,748,0.2960399389266968,0.001,0.00267379679144385,,,,
colorferet,topofr_r100,112,512,avif,skin_tone,White,116837,0.2960399389266968,0.001,0.0008644521855234215,,,,
colorferet,topofr_r100,112,512,avif,skin_tone,__overall__,135532,0.2960399389266968,0.001,0.001003453059056164,0.0008644521855234215,0.00267379679144385,0.18093446059204285,4.0
colorferet,topofr_r100,112,512,avif,gender,female,37642,0.2955889403820038,0.001,0.0013548695605972052,,,,
colorferet,topofr_r100,112,512,avif,gender,male,124724,0.2955889403820038,0.001,0.0008979827459029537,,,,
colorferet,topofr_r100,112,512,avif,gender,__overall__,162366,0.2955889403820038,0.001,0.0010039047583853763,0.0008979827459029537,0.0013548695605972052,0.04568868146942515,2.0
colorferet,topofr_r100,112,512,avif,age,26-35,23660,0.29343271255493164,0.001,0.000760777683854607,,,,
colorferet,topofr_r100,112,512,avif,age,36-50,28990,0.29343271255493164,0.001,0.0010348395998620215,,,,
colorferet,topofr_r100,112,512,avif,age,51-65,540,0.29343271255493164,0.001,0.0,,,,
colorferet,topofr_r100,112,512,avif,age,<=25,39049,0.29343271255493164,0.001,0.0011523982688417117,,,,
colorferet,topofr_r100,112,512,avif,age,__overall__,92240,0.29343271255493164,0.001,0.0010082393755420642,0.0,0.0011523982688417117,0.11523982688417117,4.0
colorferet,topofr_r100,112,1024,heif,pose,frontal,30858,0.16869856417179108,0.01,0.007550716183809709,,,,
colorferet,topofr_r100,112,1024,heif,pose,half,15773,0.16869856417179108,0.01,0.00893932669752108,,,,
colorferet,topofr_r100,112,1024,heif,pose,profile,20437,0.16869856417179108,0.01,0.01604932230757939,,,,
colorferet,topofr_r100,112,1024,heif,pose,quarter,10577,0.16869856417179108,0.01,0.007090857521036211,,,,
colorferet,topofr_r100,112,1024,heif,pose,__overall__,77645,0.16869856417179108,0.01,0.01000708352115397,0.007090857521036211,0.01604932230757939,0.8958464786543181,4.0
colorferet,topofr_r100,112,1024,heif,skin_tone,Asian,16178,0.17222917079925537,0.01,0.02058350846829027,,,,
colorferet,topofr_r100,112,1024,heif,skin_tone,Black,1745,0.17222917079925537,0.01,0.026934097421203437,,,,
colorferet,topofr_r100,112,1024,heif,skin_tone,Hispanic,748,0.17222917079925537,0.01,0.01871657754010695,,,,
colorferet,topofr_r100,112,1024,heif,skin_tone,White,116837,0.17222917079925537,0.01,0.008216575228737472,,,,
colorferet,topofr_r100,112,1024,heif,skin_tone,__overall__,135532,0.17222917079925537,0.01,0.01000501726529528,0.008216575228737472,0.026934097421203437,1.8717522192465967,4.0
colorferet,topofr_r100,112,1024,heif,gender,female,37642,0.1741565316915512,0.01,0.015169225864725572,,,,
colorferet,topofr_r100,112,1024,heif,gender,male,124724,0.1741565316915512,0.01,0.00844264135210545,,,,
colorferet,topofr_r100,112,1024,heif,gender,__overall__,162366,0.1741565316915512,0.01,0.010002094034465343,0.00844264135210545,0.015169225864725572,0.6726584512620123,2.0
colorferet,topofr_r100,112,1024,heif,age,26-35,23660,0.1718435138463974,0.01,0.010693153000845309,,,,
colorferet,topofr_r100,112,1024,heif,age,36-50,28990,0.1718435138463974,0.01,0.008209727492238703,,,,
colorferet,topofr_r100,112,1024,heif,age,51-65,540,0.1718435138463974,0.01,0.012962962962962963,,,,
colorferet,topofr_r100,112,1024,heif,age,<=25,39049,0.1718435138463974,0.01,0.0108837614279495,,,,
colorferet,topofr_r100,112,1024,heif,age,__overall__,92240,0.1718435138463974,0.01,0.010006504770164787,0.008209727492238703,0.012962962962962963,0.47532354707242597,4.0
colorferet,topofr_r100,112,1024,heif,pose,frontal,30858,0.24515032768249512,0.001,0.00058331713007972,,,,
colorferet,topofr_r100,112,1024,heif,pose,half,15773,0.24515032768249512,0.001,0.0006973942813668928,,,,
colorferet,topofr_r100,112,1024,heif,pose,profile,20437,0.24515032768249512,0.001,0.002152957870528943,,,,
colorferet,topofr_r100,112,1024,heif,pose,quarter,10577,0.24515032768249512,0.001,0.00047272383473574735,,,,
colorferet,topofr_r100,112,1024,heif,pose,__overall__,77645,0.24515032768249512,0.001,0.0010045720909266534,0.00047272383473574735,0.002152957870528943,0.16802340357931955,4.0
colorferet,topofr_r100,112,1024,heif,skin_tone,Asian,16178,0.24862916767597198,0.001,0.002596118185189764,,,,
colorferet,topofr_r100,112,1024,heif,skin_tone,Black,1745,0.24862916767597198,0.001,0.0057306590257879654,,,,
colorferet,topofr_r100,112,1024,heif,skin_tone,Hispanic,748,0.24862916767597198,0.001,0.00267379679144385,,,,
colorferet,topofr_r100,112,1024,heif,skin_tone,White,116837,0.24862916767597198,0.001,0.0007018324674546591,,,,
colorferet,topofr_r100,112,1024,heif,skin_tone,__overall__,135532,0.24862916767597198,0.001,0.001003453059056164,0.0007018324674546591,0.0057306590257879654,0.5028826558333307,4.0
colorferet,topofr_r100,112,1024,heif,gender,female,37642,0.24631157517433167,0.001,0.0018064927474629403,,,,
colorferet,topofr_r100,112,1024,heif,gender,male,124724,0.24631157517433167,0.001,0.0007616817933998268,,,,
colorferet,topofr_r100,112,1024,heif,gender,__overall__,162366,0.24631157517433167,0.001,0.0010039047583853763,0.0007616817933998268,0.0018064927474629403,0.10448109540631134,2.0
colorferet,topofr_r100,112,1024,heif,age,26-35,23660,0.25015518069267273,0.001,0.0009298393913778529,,,,
colorferet,topofr_r100,112,1024,heif,age,36-50,28990,0.25015518069267273,0.001,0.0009313556398758192,,,,
colorferet,topofr_r100,112,1024,heif,age,51-65,540,0.25015518069267273,0.001,0.001851851851851852,,,,
colorferet,topofr_r100,112,1024,heif,age,<=25,39049,0.25015518069267273,0.001,0.0011011805680043022,,,,
colorferet,topofr_r100,112,1024,heif,age,__overall__,92240,0.25015518069267273,0.001,0.0010082393755420642,0.0009298393913778529,0.001851851851851852,0.0922012460473999,4.0
colorferet,topofr_r100,112,512,heif,pose,frontal,30858,0.2933136820793152,0.01,0.0051526346490375265,,,,
colorferet,topofr_r100,112,512,heif,pose,half,15773,0.2933136820793152,0.01,0.006276548532302035,,,,
colorferet,topofr_r100,112,512,heif,pose,profile,20437,0.2933136820793152,0.01,0.02348681313304301,,,,
colorferet,topofr_r100,112,512,heif,pose,quarter,10577,0.2933136820793152,0.01,0.0036872459109388296,,,,
colorferet,topofr_r100,112,512,heif,pose,__overall__,77645,0.2933136820793152,0.01,0.01000708352115397,0.0036872459109388296,0.02348681313304301,1.979956722210418,4.0
colorferet,topofr_r100,112,512,heif,skin_tone,Asian,16178,0.2707781195640564,0.01,0.014896773395969835,,,,
colorferet,topofr_r100,112,512,heif,skin_tone,Black,1745,0.2707781195640564,0.01,0.022922636103151862,,,,
colorferet,topofr_r100,112,512,heif,skin_tone,Hispanic,748,0.2707781195640564,0.01,0.0213903743315508,,,,
colorferet,topofr_r100,112,512,heif,skin_tone,White,116837,0.2707781195640564,0.01,0.009046791684141154,,,,
colorferet,topofr_r100,112,512,heif,skin_tone,__overall__,135532,0.2707781195640564,0.01,0.01000501726529528,0.009046791684141154,0.022922636103151862,1.3875844419010708,4.0
colorferet,topofr_r100,112,512,heif,gender,female,37642,0.27522557973861694,0.01,0.015169225864725572,,,,
colorferet,topofr_r100,112,512,heif,gender,male,124724,0.27522557973861694,0.01,0.00844264135210545,,,,
colorferet,topofr_r100,112,512,heif,gender,__overall__,162366,0.27522557973861694,0.01,0.010002094034465343,0.00844264135210545,0.015169225864725572,0.6726584512620123,2.0
colorferet,topofr_r100,112,512,heif,age,26-35,23660,0.27757367491722107,0.01,0.008706677937447168,,,,
colorferet,topofr_r100,112,512,heif,age,36-50,28990,0.27757367491722107,0.01,0.006519489479130735,,,,
colorferet,topofr_r100,112,512,heif,age,51-65,540,0.27757367491722107,0.01,0.007407407407407408,,,,
colorferet,topofr_r100,112,512,heif,age,<=25,39049,0.27757367491722107,0.01,0.013419037619401265,,,,
colorferet,topofr_r100,112,512,heif,age,__overall__,92240,0.27757367491722107,0.01,0.010006504770164787,0.006519489479130735,0.013419037619401265,0.6899548140270529,4.0
colorferet,topofr_r100,112,512,heif,pose,frontal,30858,0.39728766679763794,0.001,0.00022684555058655778,,,,
colorferet,topofr_r100,112,512,heif,pose,half,15773,0.39728766679763794,0.001,0.0004437963608698409,,,,
colorferet,topofr_r100,112,512,heif,pose,profile,20437,0.39728766679763794,0.001,0.0030337133630180557,,,,
colorferet,topofr_r100,112,512,heif,pose,quarter,10577,0.39728766679763794,0.001,0.00018908953389429895,,,,
colorferet,topofr_r100,112,512,heif,pose,__overall__,77645,0.39728766679763794,0.001,0.0010045720909266534,0.00018908953389429895,0.0030337133630180557,0.2844623829123757,4.0
colorferet,topofr_r100,112,512,heif,skin_tone,Asian,16178,0.363285094499588,0.001,0.0015453084435653357,,,,
colorferet,topofr_r100,112,512,heif,skin_tone,Black,1745,0.363285094499588,0.001,0.0028653295128939827,,,,
colorferet,topofr_r100,112,512,heif,skin_tone,Hispanic,748,0.363285094499588,0.001,0.001336898395721925,,,,
colorferet,topofr_r100,112,512,heif,skin_tone,White,116837,0.363285094499588,0.001,0.0008901289831132261,,,,
colorferet,topofr_r100,112,512,heif,skin_tone,__overall__,135532,0.363285094499588,0.001,0.001003453059056164,0.0008901289831132261,0.0028653295128939827,0.19752005297807565,4.0
colorferet,topofr_r100,112,512,heif,gender,female,37642,0.36488720774650574,0.001,0.0018596248870942033,,,,
colorferet,topofr_r100,112,512,heif,gender,male,124724,0.36488720774650574,0.001,0.0007456463872229884,,,,
colorferet,topofr_r100,112,512,heif,gender,__overall__,162366,0.36488720774650574,0.001,0.0010039047583853763,0.0007456463872229884,0.0018596248870942033,0.1113978499871215,2.0
colorferet,topofr_r100,112,512,heif,age,26-35,23660,0.37241482734680176,0.001,0.0007185122569737955,,,,
colorferet,topofr_r100,112,512,heif,age,36-50,28990,0.37241482734680176,0.001,0.0005519144532597448,,,,
colorferet,topofr_r100,112,512,heif,age,51-65,540,0.37241482734680176,0.001,0.0,,,,
colorferet,topofr_r100,112,512,heif,age,<=25,39049,0.37241482734680176,0.001,0.0015365310251222823,,,,
colorferet,topofr_r100,112,512,heif,age,__overall__,92240,0.37241482734680176,0.001,0.0010082393755420642,0.0,0.0015365310251222823,0.15365310251222825,4.0
colorferet,topofr_r100,112,1024,jpeg2000,pose,frontal,30858,0.23746536672115326,0.01,0.009268261066822218,,,,
colorferet,topofr_r100,112,1024,jpeg2000,pose,half,15773,0.23746536672115326,0.01,0.00722754073416598,,,,
colorferet,topofr_r100,112,1024,jpeg2000,pose,profile,20437,0.23746536672115326,0.01,0.01492391251162108,,,,
colorferet,topofr_r100,112,1024,jpeg2000,pose,quarter,10577,0.23746536672115326,0.01,0.006807223220194762,,,,
colorferet,topofr_r100,112,1024,jpeg2000,pose,__overall__,77645,0.23746536672115326,0.01,0.01000708352115397,0.006807223220194762,0.01492391251162108,0.8116689291426317,4.0
colorferet,topofr_r100,112,1024,jpeg2000,skin_tone,Asian,16178,0.2321377992630005,0.01,0.01835826430955619,,,,
colorferet,topofr_r100,112,1024,jpeg2000,skin_tone,Black,1745,0.2321377992630005,0.01,0.028080229226361032,,,,
colorferet,topofr_r100,112,1024,jpeg2000,skin_tone,Hispanic,748,0.2321377992630005,0.01,0.009358288770053475,,,,
colorferet,topofr_r100,112,1024,jpeg2000,skin_tone,White,116837,0.2321377992630005,0.01,0.00858460932752467,,,,
colorferet,topofr_r100,112,1024,jpeg2000,skin_tone,__overall__,135532,0.2321377992630005,0.01,0.01000501726529528,0.00858460932752467,0.028080229226361032,1.9495619898836363,4.0
colorferet,topofr_r100,112,1024,jpeg2000,gender,female,37642,0.23298709094524384,0.01,0.016045906168641412,,,,
colorferet,topofr_r100,112,1024,jpeg2000,gender,male,124724,0.23298709094524384,0.01,0.008178057150187615,,,,
colorferet,topofr_r100,112,1024,jpeg2000,gender,__overall__,162366,0.23298709094524384,0.01,0.010002094034465343,0.008178057150187615,0.016045906168641412,0.7867849018453797,2.0
colorferet,topofr_r100,112,1024,jpeg2000,age,26-35,23660,0.23230302333831787,0.01,0.009509721048182587,,,,
colorferet,topofr_r100,112,1024,jpeg2000,age,36-50,28990,0.23230302333831787,0.01,0.006933425319075543,,,,
colorferet,topofr_r100,112,1024,jpeg2000,age,51-65,540,0.23230302333831787,0.01,0.003703703703703704,,,,
colorferet,topofr_r100,112,1024,jpeg2000,age,<=25,39049,0.23230302333831787,0.01,0.012676380957258829,,,,
colorferet,topofr_r100,112,1024,jpeg2000,age,__overall__,92240,0.23230302333831787,0.01,0.010006504770164787,0.003703703703703704,0.012676380957258829,0.8972677253555125,4.0
colorferet,topofr_r100,112,1024,jpeg2000,pose,frontal,30858,0.33265992999076843,0.001,0.0009721952167995333,,,,
colorferet,topofr_r100,112,1024,jpeg2000,pose,half,15773,0.33265992999076843,0.001,0.0003803968807455779,,,,
colorferet,topofr_r100,112,1024,jpeg2000,pose,profile,20437,0.33265992999076843,0.001,0.0018104418456720655,,,,
colorferet,topofr_r100,112,1024,jpeg2000,pose,quarter,10577,0.33265992999076843,0.001,0.00047272383473574735,,,,
colorferet,topofr_r100,112,1024,jpeg2000,pose,__overall__,77645,0.33265992999076843,0.001,0.0010045720909266534,0.0003803968807455779,0.0018104418456720655,0.14300449649264876,4.0
colorferet,topofr_r100,112,1024,jpeg2000,skin_tone,Asian,16178,0.32006868720054626,0.001,0.0019779948077636297,,,,
colorferet,topofr_r100,112,1024,jpeg2000,skin_tone,Black,1745,0.32006868720054626,0.001,0.0028653295128939827,,,,
colorferet,topofr_r100,112,1024,jpeg2000,skin_tone,Hispanic,748,0.32006868720054626,0.001,0.0,,,,
colorferet,topofr_r100,112,1024,jpeg2000,skin_tone,White,116837,0.32006868720054626,0.001,0.0008473343204635518,,,,
colorferet,topofr_r100,112,1024,jpeg2000,skin_tone,__overall__,135532,0.32006868720054626,0.001,0.001003453059056164,0.0,0.0028653295128939827,0.28653295128939826,4.0
colorferet,topofr_r100,112,1024,jpeg2000,gender,female,37642,0.3195246160030365,0.001,0.0017533606078316774,,,,
colorferet,topofr_r100,112,1024,jpeg2000,gender,male,124724,0.3195246160030365,0.001,0.0007777171995766652,,,,
colorferet,topofr_r100,112,1024,jpeg2000,gender,__overall__,162366,0.3195246160030365,0.001,0.0010039047583853763,0.0007777171995766652,0.0017533606078316774,0.09756434082550121,2.0
colorferet,topofr_r100,112,1024,jpeg2000,age,26-35,23660,0.3227129876613617,0.001,0.0007185122569737955,,,,
colorferet,topofr_r100,112,1024,jpeg2000,age,36-50,28990,0.3227129876613617,0.001,0.0005519144532597448,,,,
colorferet,topofr_r100,112,1024,jpeg2000,age,51-65,540,0.3227129876613617,0.001,0.0,,,,
colorferet,topofr_r100,112,1024,jpeg2000,age,<=25,39049,0.3227129876613617,0.001,0.0015365310251222823,,,,
colorferet,topofr_r100,112,1024,jpeg2000,age,__overall__,92240,0.3227129876613617,0.001,0.0010082393755420642,0.0,0.0015365310251222823,0.15365310251222825,4.0
colorferet,topofr_r100,112,512,jpeg2000,pose,frontal,30858,0.5364598631858826,0.01,0.00045369110117311556,,,,
colorferet,topofr_r100,112,512,jpeg2000,pose,half,15773,0.5364598631858826,0.01,0.0012679896024852596,,,,
colorferet,topofr_r100,112,512,jpeg2000,pose,profile,20437,0.5364598631858826,0.01,0.03581739002789059,,,,
colorferet,topofr_r100,112,512,jpeg2000,pose,quarter,10577,0.5364598631858826,0.01,0.0010399924364186443,,,,
colorferet,topofr_r100,112,512,jpeg2000,pose,__overall__,77645,0.5364598631858826,0.01,0.01000708352115397,0.00045369110117311556,0.03581739002789059,3.5363698926717473,4.0
colorferet,topofr_r100,112,512,jpeg2000,skin_tone,Asian,16178,0.44804662466049194,0.01,0.013227840276919273,,,,
colorferet,topofr_r100,112,512,jpeg2000,skin_tone,Black,1745,0.44804662466049194,0.01,0.026361031518624643,,,,
colorferet,topofr_r100,112,512,jpeg2000,skin_tone,Hispanic,748,0.44804662466049194,0.01,0.013368983957219251,,,,
colorferet,topofr_r100,112,512,jpeg2000,skin_tone,White,116837,0.44804662466049194,0.01,0.009295000727509266,,,,
colorferet,topofr_r100,112,512,jpeg2000,skin_tone,__overall__,135532,0.44804662466049194,0.01,0.01000501726529528,0.009295000727509266,0.026361031518624643,1.7066030791115376,4.0
colorferet,topofr_r100,112,512,jpeg2000,gender,female,37642,0.4541780948638916,0.01,0.020296477339142447,,,,
colorferet,topofr_r100,112,512,jpeg2000,gender,male,124724,0.4541780948638916,0.01,0.006895224656040537,,,,
colorferet,topofr_r100,112,512,jpeg2000,gender,__overall__,162366,0.4541780948638916,0.01,0.010002094034465343,0.006895224656040537,0.020296477339142447,1.340125268310191,2.0
colorferet,topofr_r100,112,512,jpeg2000,age,26-35,23660,0.4690287113189697,0.01,0.007016060862214709,,,,
colorferet,topofr_r100,112,512,jpeg2000,age,36-50,28990,0.4690287113189697,0.01,0.0036564332528458087,,,,
colorferet,topofr_r100,112,512,jpeg2000,age,51-65,540,0.4690287113189697,0.01,0.011111111111111112,,,,
colorferet,topofr_r100,112,512,jpeg2000,age,<=25,39049,0.4690287113189697,0.01,0.016517708520064536,,,,
colorferet,topofr_r100,112,512,jpeg2000,age,__overall__,92240,0.4690287113189697,0.01,0.010006504770164787,0.0036564332528458087,0.016517708520064536,1.2861275267218726,4.0
colorferet,topofr_r100,112,512,jpeg2000,pose,frontal,30858,0.7582909464836121,0.001,3.240650722665111e-05,,,,
colorferet,topofr_r100,112,512,jpeg2000,pose,half,15773,0.7582909464836121,0.001,0.0,,,,
colorferet,topofr_r100,112,512,jpeg2000,pose,profile,20437,0.7582909464836121,0.001,0.0037676762734256495,,,,
colorferet,topofr_r100,112,512,jpeg2000,pose,quarter,10577,0.7582909464836121,0.001,0.0,,,,
colorferet,topofr_r100,112,512,jpeg2000,pose,__overall__,77645,0.7582909464836121,0.001,0.0010045720909266534,0.0,0.0037676762734256495,0.37676762734256497,4.0
colorferet,topofr_r100,112,512,jpeg2000,skin_tone,Asian,16178,0.6623913049697876,0.001,0.0007417480529113611,,,,
colorferet,topofr_r100,112,512,jpeg2000,skin_tone,Black,1745,0.6623913049697876,0.001,0.0028653295128939827,,,,
colorferet,topofr_r100,112,512,jpeg2000,skin_tone,Hispanic,748,0.6623913049697876,0.001,0.001336898395721925,,,,
colorferet,topofr_r100,112,512,jpeg2000,skin_tone,White,116837,0.6623913049697876,0.001,0.0010099540385323142,,,,
colorferet,topofr_r100,112,512,jpeg2000,skin_tone,__overall__,135532,0.6623913049697876,0.001,0.001003453059056164,0.0007417480529113611,0.0028653295128939827,0.21235814599826217,4.0
colorferet,topofr_r100,112,512,jpeg2000,gender,female,37642,0.6691880226135254,0.001,0.0027628712608256736,,,,
colorferet,topofr_r100,112,512,jpeg2000,gender,male,124724,0.6691880226135254,0.001,0.0004730444822167345,,,,
colorferet,topofr_r100,112,512,jpeg2000,gender,__overall__,162366,0.6691880226135254,0.001,0.0010039047583853763,0.0004730444822167345,0.0027628712608256736,0.2289826778608939,2.0
colorferet,topofr_r100,112,512,jpeg2000,age,26-35,23660,0.6928372383117676,0.001,0.0005494505494505495,,,,
colorferet,topofr_r100,112,512,jpeg2000,age,36-50,28990,0.6928372383117676,0.001,0.00024146257330113832,,,,
colorferet,topofr_r100,112,512,jpeg2000,age,51-65,540,0.6928372383117676,0.001,0.003703703703703704,,,,
colorferet,topofr_r100,112,512,jpeg2000,age,<=25,39049,0.6928372383117676,0.001,0.001818228379728034,,,,
colorferet,topofr_r100,112,512,jpeg2000,age,__overall__,92240,0.6928372383117676,0.001,0.0010082393755420642,0.00024146257330113832,0.003703703703703704,0.3462241130402566,4.0
colorferet,topofr_r100,112,1024,jpeg,pose,frontal,30858,0.1879691332578659,0.01,0.0073238706332231516,,,,
colorferet,topofr_r100,112,1024,jpeg,pose,half,15773,0.1879691332578659,0.01,0.009002726177645344,,,,
colorferet,topofr_r100,112,1024,jpeg,pose,profile,20437,0.1879691332578659,0.01,0.01609825316827323,,,,
colorferet,topofr_r100,112,1024,jpeg,pose,quarter,10577,0.1879691332578659,0.01,0.007563581355771958,,,,
colorferet,topofr_r100,112,1024,jpeg,pose,__overall__,77645,0.1879691332578659,0.01,0.01000708352115397,0.0073238706332231516,0.01609825316827323,0.8774382535050078,4.0
colorferet,topofr_r100,112,1024,jpeg,skin_tone,Asian,16178,0.19710542261600494,0.01,0.022437878600568673,,,,
colorferet,topofr_r100,112,1024,jpeg,skin_tone,Black,1745,0.19710542261600494,0.01,0.0332378223495702,,,,
colorferet,topofr_r100,112,1024,jpeg,skin_tone,Hispanic,748,0.19710542261600494,0.01,0.017379679144385027,,,,
colorferet,topofr_r100,112,1024,jpeg,skin_tone,White,116837,0.19710542261600494,0.01,0.007874217927540077,,,,
colorferet,topofr_r100,112,1024,jpeg,skin_tone,__overall__,135532,0.19710542261600494,0.01,0.01000501726529528,0.007874217927540077,0.0332378223495702,2.5363604422030126,4.0
colorferet,topofr_r100,112,1024,jpeg,gender,female,37642,0.19600293040275574,0.01,0.014478508049519154,,,,
colorferet,topofr_r100,112,1024,jpeg,gender,male,124724,0.19600293040275574,0.01,0.008651101632404349,,,,
colorferet,topofr_r100,112,1024,jpeg,gender,__overall__,162366,0.19600293040275574,0.01,0.010002094034465343,0.008651101632404349,0.014478508049519154,0.5827406417114804,2.0
colorferet,topofr_r100,112,1024,jpeg,age,26-35,23660,0.19030463695526123,0.01,0.010946745562130178,,,,
colorferet,topofr_r100,112,1024,jpeg,age,36-50,28990,0.19030463695526123,0.01,0.009417040358744395,,,,
colorferet,topofr_r100,112,1024,jpeg,age,51-65,540,0.19030463695526123,0.01,0.014814814814814815,,,,
colorferet,topofr_r100,112,1024,jpeg,age,<=25,39049,0.19030463695526123,0.01,0.009808189710363902,,,,
colorferet,topofr_r100,112,1024,jpeg,age,__overall__,92240,0.19030463695526123,0.01,0.010006504770164787,0.009417040358744395,0.014814814814814815,0.539777445607042,4.0
colorferet,topofr_r100,112,1024,jpeg,pose,frontal,30858,0.275725394487381,0.001,0.0006481301445330222,,,,
colorferet,topofr_r100,112,1024,jpeg,pose,half,15773,0.275725394487381,0.001,0.0006339948012426298,,,,
colorferet,topofr_r100,112,1024,jpeg,pose,profile,20437,0.275725394487381,0.001,0.0020550961491412633,,,,
colorferet,topofr_r100,112,1024,jpeg,pose,quarter,10577,0.275725394487381,0.001,0.0005672686016828969,,,,
colorferet,topofr_r100,112,1024,jpeg,pose,__overall__,77645,0.275725394487381,0.001,0.0010045720909266534,0.0005672686016828969,0.0020550961491412633,0.14878275474583666,4.0
colorferet,topofr_r100,112,1024,jpeg,skin_tone,Asian,16178,0.27835211157798767,0.001,0.002472493509704537,,,,
colorferet,topofr_r100,112,1024,jpeg,skin_tone,Black,1745,0.27835211157798767,0.001,0.004584527220630372,,,,
colorferet,topofr_r100,112,1024,jpeg,skin_tone,Hispanic,748,0.27835211157798767,0.001,0.001336898395721925,,,,
colorferet,topofr_r100,112,1024,jpeg,skin_tone,White,116837,0.27835211157798767,0.001,0.0007446271301043334,,,,
colorferet,topofr_r100,112,1024,jpeg,skin_tone,__overall__,135532,0.27835211157798767,0.001,0.001003453059056164,0.0007446271301043334,0.004584527220630372,0.3839900090526039,4.0
colorferet,topofr_r100,112,1024,jpeg,gender,female,37642,0.2775842249393463,0.001,0.0017002284682004144,,,,
colorferet,topofr_r100,112,1024,jpeg,gender,male,124724,0.2775842249393463,0.001,0.0007937526057535038,,,,
colorferet,topofr_r100,112,1024,jpeg,gender,__overall__,162366,0.2775842249393463,0.001,0.0010039047583853763,0.0007937526057535038,0.0017002284682004144,0.09064758624469106,2.0
colorferet,topofr_r100,112,1024,jpeg,age,26-35,23660,0.2837134301662445,0.001,0.0011411665257819103,,,,
colorferet,topofr_r100,112,1024,jpeg,age,36-50,28990,0.2837134301662445,0.001,0.0008278716798896171,,,,
colorferet,topofr_r100,112,1024,jpeg,age,51-65,540,0.2837134301662445,0.001,0.001851851851851852,,,,
colorferet,topofr_r100,112,1024,jpeg,age,<=25,39049,0.2837134301662445,0.001,0.001049962867166893,,,,
colorferet,topofr_r100,112,1024,jpeg,age,__overall__,92240,0.2837134301662445,0.001,0.0010082393755420642,0.0008278716798896171,0.001851851851851852,0.10239801719622346,4.0
colorferet,topofr_r100,112,512,jpeg,pose,frontal,30858,0.7927242517471313,0.01,0.0,,,,
colorferet,topofr_r100,112,512,jpeg,pose,half,15773,0.7927242517471313,0.01,0.003550370886958727,,,,
colorferet,topofr_r100,112,512,jpeg,pose,profile,20437,0.7927242517471313,0.01,0.03464304937123844,,,,
colorferet,topofr_r100,112,512,jpeg,pose,quarter,10577,0.7927242517471313,0.01,0.0012290819703129432,,,,
colorferet,topofr_r100,112,512,jpeg,pose,__overall__,77645,0.7927242517471313,0.01,0.01000708352115397,0.0,0.03464304937123844,3.4643049371238437,4.0
colorferet,topofr_r100,112,512,jpeg,skin_tone,Asian,16178,0.7282962799072266,0.01,0.011620719495611324,,,,
colorferet,topofr_r100,112,512,jpeg,skin_tone,Black,1745,0.7282962799072266,0.01,0.02349570200573066,,,,
colorferet,topofr_r100,112,512,jpeg,skin_tone,Hispanic,748,0.7282962799072266,0.01,0.0053475935828877,,,,
colorferet,topofr_r100,112,512,jpeg,skin_tone,White,116837,0.7282962799072266,0.01,0.009611681231116855,,,,
colorferet,topofr_r100,112,512,jpeg,skin_tone,__overall__,135532,0.7282962799072266,0.01,0.01000501726529528,0.0053475935828877,0.02349570200573066,1.814810842284296,4.0
colorferet,topofr_r100,112,512,jpeg,gender,female,37642,0.7271461486816406,0.01,0.013442431326709527,,,,
colorferet,topofr_r100,112,512,jpeg,gender,male,124724,0.7271461486816406,0.01,0.0089637920528527,,,,
colorferet,topofr_r100,112,512,jpeg,gender,__overall__,162366,0.7271461486816406,0.01,0.010002094034465343,0.0089637920528527,0.013442431326709527,0.44786392738568276,2.0
colorferet,topofr_r100,112,512,jpeg,age,26-35,23660,0.7489965558052063,0.01,0.0038884192730346575,,,,
colorferet,topofr_r100,112,512,jpeg,age,36-50,28990,0.7489965558052063,0.01,0.004794756812694033,,,,
colorferet,topofr_r100,112,512,jpeg,age,51-65,540,0.7489965558052063,0.01,0.003703703703703704,,,,
colorferet,topofr_r100,112,512,jpeg,age,<=25,39049,0.7489965558052063,0.01,0.017670106788906247,,,,
colorferet,topofr_r100,112,512,jpeg,age,__overall__,92240,0.7489965558052063,0.01,0.010006504770164787,0.003703703703703704,0.017670106788906247,1.3966403085202543,4.0
colorferet,topofr_r100,112,512,jpeg,pose,frontal,30858,0.8913891315460205,0.001,0.0,,,,
colorferet,topofr_r100,112,512,jpeg,pose,half,15773,0.8913891315460205,0.001,0.00012679896024852597,,,,
colorferet,topofr_r100,112,512,jpeg,pose,profile,20437,0.8913891315460205,0.001,0.0036698145520379704,,,,
colorferet,topofr_r100,112,512,jpeg,pose,quarter,10577,0.8913891315460205,0.001,9.454476694714947e-05,,,,
colorferet,topofr_r100,112,512,jpeg,pose,__overall__,77645,0.8913891315460205,0.001,0.0010045720909266534,0.0,0.0036698145520379704,0.36698145520379705,4.0
colorferet,topofr_r100,112,512,jpeg,skin_tone,Asian,16178,0.8609128594398499,0.001,0.0008653727283965879,,,,
colorferet,topofr_r100,112,512,jpeg,skin_tone,Black,1745,0.8609128594398499,0.001,0.0028653295128939827,,,,
colorferet,topofr_r100,112,512,jpeg,skin_tone,Hispanic,748,0.8609128594398499,0.001,0.0,,,,
colorferet,topofr_r100,112,512,jpeg,skin_tone,White,116837,0.8609128594398499,0.001,0.0010013951060023794,,,,
colorferet,topofr_r100,112,512,jpeg,skin_tone,__overall__,135532,0.8609128594398499,0.001,0.001003453059056164,0.0,0.0028653295128939827,0.28653295128939826,4.0
colorferet,topofr_r100,112,512,jpeg,gender,female,37642,0.8570528626441956,0.001,0.0012751713511503107,,,,
colorferet,topofr_r100,112,512,jpeg,gender,male,124724,0.8570528626441956,0.001,0.0009220358551682114,,,,
colorferet,topofr_r100,112,512,jpeg,gender,__overall__,162366,0.8570528626441956,0.001,0.0010039047583853763,0.0009220358551682114,0.0012751713511503107,0.03531354959820993,2.0
colorferet,topofr_r100,112,512,jpeg,age,26-35,23660,0.862013578414917,0.001,0.0005494505494505495,,,,
colorferet,topofr_r100,112,512,jpeg,age,36-50,28990,0.862013578414917,0.001,0.00048292514660227664,,,,
colorferet,topofr_r100,112,512,jpeg,age,51-65,540,0.862013578414917,0.001,0.0,,,,
colorferet,topofr_r100,112,512,jpeg,age,<=25,39049,0.862013578414917,0.001,0.0016901841276345106,,,,
colorferet,topofr_r100,112,512,jpeg,age,__overall__,92240,0.862013578414917,0.001,0.0010082393755420642,0.0,0.0016901841276345106,0.16901841276345106,4.0
colorferet,topofr_r100,112,1024,jpeg_ai,pose,frontal,30858,,0.01,0.0,,,,
colorferet,topofr_r100,112,1024,jpeg_ai,pose,half,15773,,0.01,0.0,,,,
colorferet,topofr_r100,112,1024,jpeg_ai,pose,profile,20437,,0.01,0.0,,,,
colorferet,topofr_r100,112,1024,jpeg_ai,pose,quarter,10577,,0.01,0.0,,,,
colorferet,topofr_r100,112,1024,jpeg_ai,pose,__overall__,77645,,0.01,0.0,0.0,0.0,0.0,4.0
colorferet,topofr_r100,112,1024,jpeg_ai,skin_tone,Asian,16178,,0.01,0.0,,,,
colorferet,topofr_r100,112,1024,jpeg_ai,skin_tone,Black,1745,,0.01,0.0,,,,
colorferet,topofr_r100,112,1024,jpeg_ai,skin_tone,Hispanic,748,,0.01,0.0,,,,
colorferet,topofr_r100,112,1024,jpeg_ai,skin_tone,White,116837,,0.01,0.0,,,,
colorferet,topofr_r100,112,1024,jpeg_ai,skin_tone,__overall__,135532,,0.01,0.0,0.0,0.0,0.0,4.0
colorferet,topofr_r100,112,1024,jpeg_ai,gender,female,37642,,0.01,0.0,,,,
colorferet,topofr_r100,112,1024,jpeg_ai,gender,male,124724,,0.01,0.0,,,,
colorferet,topofr_r100,112,1024,jpeg_ai,gender,__overall__,162366,,0.01,0.0,0.0,0.0,0.0,2.0
colorferet,topofr_r100,112,1024,jpeg_ai,age,26-35,23660,,0.01,0.0,,,,
colorferet,topofr_r100,112,1024,jpeg_ai,age,36-50,28990,,0.01,0.0,,,,
colorferet,topofr_r100,112,1024,jpeg_ai,age,51-65,540,,0.01,0.0,,,,
colorferet,topofr_r100,112,1024,jpeg_ai,age,<=25,39049,,0.01,0.0,,,,
colorferet,topofr_r100,112,1024,jpeg_ai,age,__overall__,92240,,0.01,0.0,0.0,0.0,0.0,4.0
colorferet,topofr_r100,112,1024,jpeg_ai,pose,frontal,30858,,0.001,0.0,,,,
colorferet,topofr_r100,112,1024,jpeg_ai,pose,half,15773,,0.001,0.0,,,,
colorferet,topofr_r100,112,1024,jpeg_ai,pose,profile,20437,,0.001,0.0,,,,
colorferet,topofr_r100,112,1024,jpeg_ai,pose,quarter,10577,,0.001,0.0,,,,
colorferet,topofr_r100,112,1024,jpeg_ai,pose,__overall__,77645,,0.001,0.0,0.0,0.0,0.0,4.0
colorferet,topofr_r100,112,1024,jpeg_ai,skin_tone,Asian,16178,,0.001,0.0,,,,
colorferet,topofr_r100,112,1024,jpeg_ai,skin_tone,Black,1745,,0.001,0.0,,,,
colorferet,topofr_r100,112,1024,jpeg_ai,skin_tone,Hispanic,748,,0.001,0.0,,,,
colorferet,topofr_r100,112,1024,jpeg_ai,skin_tone,White,116837,,0.001,0.0,,,,
colorferet,topofr_r100,112,1024,jpeg_ai,skin_tone,__overall__,135532,,0.001,0.0,0.0,0.0,0.0,4.0
colorferet,topofr_r100,112,1024,jpeg_ai,gender,female,37642,,0.001,0.0,,,,
colorferet,topofr_r100,112,1024,jpeg_ai,gender,male,124724,,0.001,0.0,,,,
colorferet,topofr_r100,112,1024,jpeg_ai,gender,__overall__,162366,,0.001,0.0,0.0,0.0,0.0,2.0
colorferet,topofr_r100,112,1024,jpeg_ai,age,26-35,23660,,0.001,0.0,,,,
colorferet,topofr_r100,112,1024,jpeg_ai,age,36-50,28990,,0.001,0.0,,,,
colorferet,topofr_r100,112,1024,jpeg_ai,age,51-65,540,,0.001,0.0,,,,
colorferet,topofr_r100,112,1024,jpeg_ai,age,<=25,39049,,0.001,0.0,,,,
colorferet,topofr_r100,112,1024,jpeg_ai,age,__overall__,92240,,0.001,0.0,0.0,0.0,0.0,4.0
colorferet,topofr_r100,112,512,jpeg_ai,pose,frontal,30858,,0.01,0.0,,,,
colorferet,topofr_r100,112,512,jpeg_ai,pose,half,15773,,0.01,0.0,,,,
colorferet,topofr_r100,112,512,jpeg_ai,pose,profile,20437,,0.01,0.0,,,,
colorferet,topofr_r100,112,512,jpeg_ai,pose,quarter,10577,,0.01,0.0,,,,
colorferet,topofr_r100,112,512,jpeg_ai,pose,__overall__,77645,,0.01,0.0,0.0,0.0,0.0,4.0
colorferet,topofr_r100,112,512,jpeg_ai,skin_tone,Asian,16178,,0.01,0.0,,,,
colorferet,topofr_r100,112,512,jpeg_ai,skin_tone,Black,1745,,0.01,0.0,,,,
colorferet,topofr_r100,112,512,jpeg_ai,skin_tone,Hispanic,748,,0.01,0.0,,,,
colorferet,topofr_r100,112,512,jpeg_ai,skin_tone,White,116837,,0.01,0.0,,,,
colorferet,topofr_r100,112,512,jpeg_ai,skin_tone,__overall__,135532,,0.01,0.0,0.0,0.0,0.0,4.0
colorferet,topofr_r100,112,512,jpeg_ai,gender,female,37642,,0.01,0.0,,,,
colorferet,topofr_r100,112,512,jpeg_ai,gender,male,124724,,0.01,0.0,,,,
colorferet,topofr_r100,112,512,jpeg_ai,gender,__overall__,162366,,0.01,0.0,0.0,0.0,0.0,2.0
colorferet,topofr_r100,112,512,jpeg_ai,age,26-35,23660,,0.01,0.0,,,,
colorferet,topofr_r100,112,512,jpeg_ai,age,36-50,28990,,0.01,0.0,,,,
colorferet,topofr_r100,112,512,jpeg_ai,age,51-65,540,,0.01,0.0,,,,
colorferet,topofr_r100,112,512,jpeg_ai,age,<=25,39049,,0.01,0.0,,,,
colorferet,topofr_r100,112,512,jpeg_ai,age,__overall__,92240,,0.01,0.0,0.0,0.0,0.0,4.0
colorferet,topofr_r100,112,512,jpeg_ai,pose,frontal,30858,,0.001,0.0,,,,
colorferet,topofr_r100,112,512,jpeg_ai,pose,half,15773,,0.001,0.0,,,,
colorferet,topofr_r100,112,512,jpeg_ai,pose,profile,20437,,0.001,0.0,,,,
colorferet,topofr_r100,112,512,jpeg_ai,pose,quarter,10577,,0.001,0.0,,,,
colorferet,topofr_r100,112,512,jpeg_ai,pose,__overall__,77645,,0.001,0.0,0.0,0.0,0.0,4.0
colorferet,topofr_r100,112,512,jpeg_ai,skin_tone,Asian,16178,,0.001,0.0,,,,
colorferet,topofr_r100,112,512,jpeg_ai,skin_tone,Black,1745,,0.001,0.0,,,,
colorferet,topofr_r100,112,512,jpeg_ai,skin_tone,Hispanic,748,,0.001,0.0,,,,
colorferet,topofr_r100,112,512,jpeg_ai,skin_tone,White,116837,,0.001,0.0,,,,
colorferet,topofr_r100,112,512,jpeg_ai,skin_tone,__overall__,135532,,0.001,0.0,0.0,0.0,0.0,4.0
colorferet,topofr_r100,112,512,jpeg_ai,gender,female,37642,,0.001,0.0,,,,
colorferet,topofr_r100,112,512,jpeg_ai,gender,male,124724,,0.001,0.0,,,,
colorferet,topofr_r100,112,512,jpeg_ai,gender,__overall__,162366,,0.001,0.0,0.0,0.0,0.0,2.0
colorferet,topofr_r100,112,512,jpeg_ai,age,26-35,23660,,0.001,0.0,,,,
colorferet,topofr_r100,112,512,jpeg_ai,age,36-50,28990,,0.001,0.0,,,,
colorferet,topofr_r100,112,512,jpeg_ai,age,51-65,540,,0.001,0.0,,,,
colorferet,topofr_r100,112,512,jpeg_ai,age,<=25,39049,,0.001,0.0,,,,
colorferet,topofr_r100,112,512,jpeg_ai,age,__overall__,92240,,0.001,0.0,0.0,0.0,0.0,4.0
colorferet,topofr_r100,112,1024,jpeg_fzt,pose,frontal,30858,0.17891541123390198,0.01,0.006319268909196967,,,,
colorferet,topofr_r100,112,1024,jpeg_fzt,pose,half,15773,0.17891541123390198,0.01,0.009953718379509289,,,,
colorferet,topofr_r100,112,1024,jpeg_fzt,pose,profile,20437,0.17891541123390198,0.01,0.016979008660762344,,,,
colorferet,topofr_r100,112,1024,jpeg_fzt,pose,quarter,10577,0.17891541123390198,0.01,0.007374491821877659,,,,
colorferet,topofr_r100,112,1024,jpeg_fzt,pose,__overall__,77645,0.17891541123390198,0.01,0.01000708352115397,0.006319268909196967,0.016979008660762344,1.0659739751565378,4.0
colorferet,topofr_r100,112,1024,jpeg_fzt,skin_tone,Asian,16178,0.18398472666740417,0.01,0.023056001977994806,,,,
colorferet,topofr_r100,112,1024,jpeg_fzt,skin_tone,Black,1745,0.18398472666740417,0.01,0.030945558739255013,,,,
colorferet,topofr_r100,112,1024,jpeg_fzt,skin_tone,Hispanic,748,0.18398472666740417,0.01,0.0066844919786096255,,,,
colorferet,topofr_r100,112,1024,jpeg_fzt,skin_tone,White,116837,0.18398472666740417,0.01,0.007891335792599947,,,,
colorferet,topofr_r100,112,1024,jpeg_fzt,skin_tone,__overall__,135532,0.18398472666740417,0.01,0.01000501726529528,0.0066844919786096255,0.030945558739255013,2.426106676064539,4.0
colorferet,topofr_r100,112,1024,jpeg_fzt,gender,female,37642,0.18464569747447968,0.01,0.01641783114606025,,,,
colorferet,topofr_r100,112,1024,jpeg_fzt,gender,male,124724,0.18464569747447968,0.01,0.008065809306949745,,,,
colorferet,topofr_r100,112,1024,jpeg_fzt,gender,__overall__,162366,0.18464569747447968,0.01,0.010002094034465343,0.008065809306949745,0.01641783114606025,0.8352021839110506,2.0
colorferet,topofr_r100,112,1024,jpeg_fzt,age,26-35,23660,0.18170055747032166,0.01,0.010650887573964497,,,,
colorferet,topofr_r100,112,1024,jpeg_fzt,age,36-50,28990,0.18170055747032166,0.01,0.007312866505691617,,,,
colorferet,topofr_r100,112,1024,jpeg_fzt,age,51-65,540,0.18170055747032166,0.01,0.012962962962962963,,,,
colorferet,topofr_r100,112,1024,jpeg_fzt,age,<=25,39049,0.18170055747032166,0.01,0.011575200389254527,,,,
colorferet,topofr_r100,112,1024,jpeg_fzt,age,__overall__,92240,0.18170055747032166,0.01,0.010006504770164787,0.007312866505691617,0.012962962962962963,0.5650096457271345,4.0
colorferet,topofr_r100,112,1024,jpeg_fzt,pose,frontal,30858,0.26054784655570984,0.001,0.00045369110117311556,,,,
colorferet,topofr_r100,112,1024,jpeg_fzt,pose,half,15773,0.26054784655570984,0.001,0.0008875927217396818,,,,
colorferet,topofr_r100,112,1024,jpeg_fzt,pose,profile,20437,0.26054784655570984,0.001,0.0020550961491412633,,,,
colorferet,topofr_r100,112,1024,jpeg_fzt,pose,quarter,10577,0.26054784655570984,0.001,0.0007563581355771958,,,,
colorferet,topofr_r100,112,1024,jpeg_fzt,pose,__overall__,77645,0.26054784655570984,0.001,0.0010045720909266534,0.00045369110117311556,0.0020550961491412633,0.1601405047968148,4.0
colorferet,topofr_r100,112,1024,jpeg_fzt,skin_tone,Asian,16178,0.2686896026134491,0.001,0.002472493509704537,,,,
colorferet,topofr_r100,112,1024,jpeg_fzt,skin_tone,Black,1745,0.2686896026134491,0.001,0.0034383954154727794,,,,
colorferet,topofr_r100,112,1024,jpeg_fzt,skin_tone,Hispanic,748,0.2686896026134491,0.001,0.001336898395721925,,,,
colorferet,topofr_r100,112,1024,jpeg_fzt,skin_tone,White,116837,0.2686896026134491,0.001,0.0007617449951642031,,,,
colorferet,topofr_r100,112,1024,jpeg_fzt,skin_tone,__overall__,135532,0.2686896026134491,0.001,0.001003453059056164,0.0007617449951642031,0.0034383954154727794,0.2676650420308576,4.0
colorferet,topofr_r100,112,1024,jpeg_fzt,gender,female,37642,0.2643965482711792,0.001,0.0019127570267254662,,,,
colorferet,topofr_r100,112,1024,jpeg_fzt,gender,male,124724,0.2643965482711792,0.001,0.0007296109810461499,,,,
colorferet,topofr_r100,112,1024,jpeg_fzt,gender,__overall__,162366,0.2643965482711792,0.001,0.0010039047583853763,0.0007296109810461499,0.0019127570267254662,0.11831460456793162,2.0
colorferet,topofr_r100,112,1024,jpeg_fzt,age,26-35,23660,0.2662349343299866,0.001,0.0009721048182586644,,,,
colorferet,topofr_r100,112,1024,jpeg_fzt,age,36-50,28990,0.2662349343299866,0.001,0.000758882373232149,,,,
colorferet,topofr_r100,112,1024,jpeg_fzt,age,51-65,540,0.2662349343299866,0.001,0.0,,,,
colorferet,topofr_r100,112,1024,jpeg_fzt,age,<=25,39049,0.2662349343299866,0.001,0.0012292248200978257,,,,
colorferet,topofr_r100,112,1024,jpeg_fzt,age,__overall__,92240,0.2662349343299866,0.001,0.0010082393755420642,0.0,0.0012292248200978257,0.12292248200978256,4.0
colorferet,topofr_r100,112,512,jpeg_fzt,pose,frontal,30858,0.22982336580753326,0.01,0.006286862401970315,,,,
colorferet,topofr_r100,112,512,jpeg_fzt,pose,half,15773,0.22982336580753326,0.01,0.006276548532302035,,,,
colorferet,topofr_r100,112,512,jpeg_fzt,pose,profile,20437,0.22982336580753326,0.01,0.020942408376963352,,,,
colorferet,topofr_r100,112,512,jpeg_fzt,pose,quarter,10577,0.22982336580753326,0.01,0.005294506949040371,,,,
colorferet,topofr_r100,112,512,jpeg_fzt,pose,__overall__,77645,0.22982336580753326,0.01,0.01000708352115397,0.005294506949040371,0.020942408376963352,1.564790142792298,4.0
colorferet,topofr_r100,112,512,jpeg_fzt,skin_tone,Asian,16178,0.2200436145067215,0.01,0.020089009766349364,,,,
colorferet,topofr_r100,112,512,jpeg_fzt,skin_tone,Black,1745,0.2200436145067215,0.01,0.020630372492836675,,,,
colorferet,topofr_r100,112,512,jpeg_fzt,skin_tone,Hispanic,748,0.2200436145067215,0.01,0.016042780748663103,,,,
colorferet,topofr_r100,112,512,jpeg_fzt,skin_tone,White,116837,0.2200436145067215,0.01,0.008413430676925973,,,,
colorferet,topofr_r100,112,512,jpeg_fzt,skin_tone,__overall__,135532,0.2200436145067215,0.01,0.01000501726529528,0.008413430676925973,0.020630372492836675,1.2216941815910702,4.0
colorferet,topofr_r100,112,512,jpeg_fzt,gender,female,37642,0.2237432301044464,0.01,0.01585994367993199,,,,
colorferet,topofr_r100,112,512,jpeg_fzt,gender,male,124724,0.2237432301044464,0.01,0.008234181071806549,,,,
colorferet,topofr_r100,112,512,jpeg_fzt,gender,__overall__,162366,0.2237432301044464,0.01,0.010002094034465343,0.008234181071806549,0.01585994367993199,0.7625762608125441,2.0
colorferet,topofr_r100,112,512,jpeg_fzt,age,26-35,23660,0.22103364765644073,0.01,0.009763313609467455,,,,
colorferet,topofr_r100,112,512,jpeg_fzt,age,36-50,28990,0.22103364765644073,0.01,0.007140393239047947,,,,
colorferet,topofr_r100,112,512,jpeg_fzt,age,51-65,540,0.22103364765644073,0.01,0.020370370370370372,,,,
colorferet,topofr_r100,112,512,jpeg_fzt,age,<=25,39049,0.22103364765644073,0.01,0.012138595098466029,,,,
colorferet,topofr_r100,112,512,jpeg_fzt,age,__overall__,92240,0.22103364765644073,0.01,0.010006504770164787,0.007140393239047947,0.020370370370370372,1.3229977131322426,4.0
colorferet,topofr_r100,112,512,jpeg_fzt,pose,frontal,30858,0.32791805267333984,0.001,0.00048609760839976666,,,,
colorferet,topofr_r100,112,512,jpeg_fzt,pose,half,15773,0.32791805267333984,0.001,0.0003803968807455779,,,,
colorferet,topofr_r100,112,512,jpeg_fzt,pose,profile,20437,0.32791805267333984,0.001,0.002593335616773499,,,,
colorferet,topofr_r100,112,512,jpeg_fzt,pose,quarter,10577,0.32791805267333984,0.001,0.0003781790677885979,,,,
colorferet,topofr_r100,112,512,jpeg_fzt,pose,__overall__,77645,0.32791805267333984,0.001,0.0010045720909266534,0.0003781790677885979,0.002593335616773499,0.22151565489849012,4.0
colorferet,topofr_r100,112,512,jpeg_fzt,skin_tone,Asian,16178,0.31475934386253357,0.001,0.0019161824700210162,,,,
colorferet,topofr_r100,112,512,jpeg_fzt,skin_tone,Black,1745,0.31475934386253357,0.001,0.0034383954154727794,,,,
colorferet,topofr_r100,112,512,jpeg_fzt,skin_tone,Hispanic,748,0.31475934386253357,0.001,0.0,,,,
colorferet,topofr_r100,112,512,jpeg_fzt,skin_tone,White,116837,0.31475934386253357,0.001,0.0008473343204635518,,,,
colorferet,topofr_r100,112,512,jpeg_fzt,skin_tone,__overall__,135532,0.31475934386253357,0.001,0.001003453059056164,0.0,0.0034383954154727794,0.3438395415472779,4.0
colorferet,topofr_r100,112,512,jpeg_fzt,gender,female,37642,0.3147619962692261,0.001,0.002178417724881781,,,,
colorferet,topofr_r100,112,512,jpeg_fzt,gender,male,124724,0.3147619962692261,0.001,0.0006494339501619576,,,,
colorferet,topofr_r100,112,512,jpeg_fzt,gender,__overall__,162366,0.3147619962692261,0.001,0.0010039047583853763,0.0006494339501619576,0.002178417724881781,0.15289837747198234,2.0
colorferet,topofr_r100,112,512,jpeg_fzt,age,26-35,23660,0.31702250242233276,0.001,0.0008453085376162299,,,,
colorferet,topofr_r100,112,512,jpeg_fzt,age,36-50,28990,0.31702250242233276,0.001,0.0007933770265608831,,,,
colorferet,topofr_r100,112,512,jpeg_fzt,age,51-65,540,0.31702250242233276,0.001,0.0,,,,
colorferet,topofr_r100,112,512,jpeg_fzt,age,<=25,39049,0.31702250242233276,0.001,0.0012804425209352352,,,,
colorferet,topofr_r100,112,512,jpeg_fzt,age,__overall__,92240,0.31702250242233276,0.001,0.0010082393755420642,0.0,0.0012804425209352352,0.12804425209352352,4.0
colorferet,topofr_r100,112,1024,jpeg_xl,pose,frontal,30858,0.17373891174793243,0.01,0.007745155227169616,,,,
colorferet,topofr_r100,112,1024,jpeg_xl,pose,half,15773,0.17373891174793243,0.01,0.009953718379509289,,,,
colorferet,topofr_r100,112,1024,jpeg_xl,pose,profile,20437,0.17373891174793243,0.01,0.01492391251162108,,,,
colorferet,topofr_r100,112,1024,jpeg_xl,pose,quarter,10577,0.17373891174793243,0.01,0.00718540228798336,,,,
colorferet,topofr_r100,112,1024,jpeg_xl,pose,__overall__,77645,0.17373891174793243,0.01,0.01000708352115397,0.00718540228798336,0.01492391251162108,0.773851022363772,4.0
colorferet,topofr_r100,112,1024,jpeg_xl,skin_tone,Asian,16178,0.17781542241573334,0.01,0.022437878600568673,,,,
colorferet,topofr_r100,112,1024,jpeg_xl,skin_tone,Black,1745,0.17781542241573334,0.01,0.032091690544412604,,,,
colorferet,topofr_r100,112,1024,jpeg_xl,skin_tone,Hispanic,748,0.17781542241573334,0.01,0.014705882352941176,,,,
colorferet,topofr_r100,112,1024,jpeg_xl,skin_tone,White,116837,0.17781542241573334,0.01,0.007908453657659817,,,,
colorferet,topofr_r100,112,1024,jpeg_xl,skin_tone,__overall__,135532,0.17781542241573334,0.01,0.01000501726529528,0.007908453657659817,0.032091690544412604,2.4183236886752786,4.0
colorferet,topofr_r100,112,1024,jpeg_xl,gender,female,37642,0.17894099652767181,0.01,0.014876999096753626,,,,
colorferet,topofr_r100,112,1024,jpeg_xl,gender,male,124724,0.17894099652767181,0.01,0.00853083608607806,,,,
colorferet,topofr_r100,112,1024,jpeg_xl,gender,__overall__,162366,0.17894099652767181,0.01,0.010002094034465343,0.00853083608607806,0.014876999096753626,0.6346163010675566,2.0
colorferet,topofr_r100,112,1024,jpeg_xl,age,26-35,23660,0.1771242916584015,0.01,0.0110312764158918,,,,
colorferet,topofr_r100,112,1024,jpeg_xl,age,36-50,28990,0.1771242916584015,0.01,0.007623318385650224,,,,
colorferet,topofr_r100,112,1024,jpeg_xl,age,51-65,540,0.1771242916584015,0.01,0.011111111111111112,,,,
colorferet,topofr_r100,112,1024,jpeg_xl,age,<=25,39049,0.1771242916584015,0.01,0.011139849932136547,,,,
colorferet,topofr_r100,112,1024,jpeg_xl,age,__overall__,92240,0.1771242916584015,0.01,0.010006504770164787,0.007623318385650224,0.011139849932136547,0.3516531546486323,4.0
colorferet,topofr_r100,112,1024,jpeg_xl,pose,frontal,30858,0.2492775022983551,0.001,0.0006805366517596734,,,,
colorferet,topofr_r100,112,1024,jpeg_xl,pose,half,15773,0.2492775022983551,0.001,0.0007607937614911558,,,,
colorferet,topofr_r100,112,1024,jpeg_xl,pose,profile,20437,0.2492775022983551,0.001,0.0019083035670597445,,,,
colorferet,topofr_r100,112,1024,jpeg_xl,pose,quarter,10577,0.2492775022983551,0.001,0.0005672686016828969,,,,
colorferet,topofr_r100,112,1024,jpeg_xl,pose,__overall__,77645,0.2492775022983551,0.001,0.0010045720909266534,0.0005672686016828969,0.0019083035670597445,0.13410349653768475,4.0
colorferet,topofr_r100,112,1024,jpeg_xl,skin_tone,Asian,16178,0.2546599507331848,0.001,0.002596118185189764,,,,
colorferet,topofr_r100,112,1024,jpeg_xl,skin_tone,Black,1745,0.2546599507331848,0.001,0.0040114613180515755,,,,
colorferet,topofr_r100,112,1024,jpeg_xl,skin_tone,Hispanic,748,0.2546599507331848,0.001,0.00267379679144385,,,,
colorferet,topofr_r100,112,1024,jpeg_xl,skin_tone,White,116837,0.2546599507331848,0.001,0.0007275092650444637,,,,
colorferet,topofr_r100,112,1024,jpeg_xl,skin_tone,__overall__,135532,0.2546599507331848,0.001,0.001003453059056164,0.0007275092650444637,0.0040114613180515755,0.3283952053007112,4.0
colorferet,topofr_r100,112,1024,jpeg_xl,gender,female,37642,0.2527519464492798,0.001,0.001833058817278572,,,,
colorferet,topofr_r100,112,1024,jpeg_xl,gender,male,124724,0.2527519464492798,0.001,0.0007536640903114076,,,,
colorferet,topofr_r100,112,1024,jpeg_xl,gender,__overall__,162366,0.2527519464492798,0.001,0.0010039047583853763,0.0007536640903114076,0.001833058817278572,0.10793947269671644,2.0
colorferet,topofr_r100,112,1024,jpeg_xl,age,26-35,23660,0.26053932309150696,0.001,0.001098901098901099,,,,
colorferet,topofr_r100,112,1024,jpeg_xl,age,36-50,28990,0.26053932309150696,0.001,0.000758882373232149,,,,
colorferet,topofr_r100,112,1024,jpeg_xl,age,51-65,540,0.26053932309150696,0.001,0.0,,,,
colorferet,topofr_r100,112,1024,jpeg_xl,age,<=25,39049,0.26053932309150696,0.001,0.0011523982688417117,,,,
colorferet,topofr_r100,112,1024,jpeg_xl,age,__overall__,92240,0.26053932309150696,0.001,0.0010082393755420642,0.0,0.0011523982688417117,0.11523982688417117,4.0
colorferet,topofr_r100,112,512,jpeg_xl,pose,frontal,30858,0.21419361233711243,0.01,0.006351675416423618,,,,
colorferet,topofr_r100,112,512,jpeg_xl,pose,half,15773,0.21419361233711243,0.01,0.01039751474037913,,,,
colorferet,topofr_r100,112,512,jpeg_xl,pose,profile,20437,0.21419361233711243,0.01,0.017859764153251457,,,,
colorferet,topofr_r100,112,512,jpeg_xl,pose,quarter,10577,0.21419361233711243,0.01,0.004916327881251773,,,,
colorferet,topofr_r100,112,512,jpeg_xl,pose,__overall__,77645,0.21419361233711243,0.01,0.01000708352115397,0.004916327881251773,0.017859764153251457,1.2943436271999684,4.0
colorferet,topofr_r100,112,512,jpeg_xl,skin_tone,Asian,16178,0.2133900374174118,0.01,0.019779948077636295,,,,
colorferet,topofr_r100,112,512,jpeg_xl,skin_tone,Black,1745,0.2133900374174118,0.01,0.02521489971346705,,,,
colorferet,topofr_r100,112,512,jpeg_xl,skin_tone,Hispanic,748,0.2133900374174118,0.01,0.017379679144385027,,,,
colorferet,topofr_r100,112,512,jpeg_xl,skin_tone,White,116837,0.2133900374174118,0.01,0.0083706360142763,,,,
colorferet,topofr_r100,112,512,jpeg_xl,skin_tone,__overall__,135532,0.2133900374174118,0.01,0.01000501726529528,0.0083706360142763,0.02521489971346705,1.684426369919075,4.0
colorferet,topofr_r100,112,512,jpeg_xl,gender,female,37642,0.21480965614318848,0.01,0.016683491844216566,,,,
colorferet,topofr_r100,112,512,jpeg_xl,gender,male,124724,0.21480965614318848,0.01,0.007985632276065554,,,,
colorferet,topofr_r100,112,512,jpeg_xl,gender,__overall__,162366,0.21480965614318848,0.01,0.010002094034465343,0.007985632276065554,0.016683491844216566,0.8697859568151013,2.0
colorferet,topofr_r100,112,512,jpeg_xl,age,26-35,23660,0.21283607184886932,0.01,0.008368554522400677,,,,
colorferet,topofr_r100,112,512,jpeg_xl,age,36-50,28990,0.21283607184886932,0.01,0.006898930665746809,,,,
colorferet,topofr_r100,112,512,jpeg_xl,age,51-65,540,0.21283607184886932,0.01,0.012962962962962963,,,,
colorferet,topofr_r100,112,512,jpeg_xl,age,<=25,39049,0.21283607184886932,0.01,0.013265384516889037,,,,
colorferet,topofr_r100,112,512,jpeg_xl,age,__overall__,92240,0.21283607184886932,0.01,0.010006504770164787,0.006898930665746809,0.013265384516889037,0.6366453851142228,4.0
colorferet,topofr_r100,112,512,jpeg_xl,pose,frontal,30858,0.3044179677963257,0.001,0.0005509106228530689,,,,
colorferet,topofr_r100,112,512,jpeg_xl,pose,half,15773,0.3044179677963257,0.001,0.0010777911621124706,,,,
colorferet,topofr_r100,112,512,jpeg_xl,pose,profile,20437,0.3044179677963257,0.001,0.002006165288447424,,,,
colorferet,topofr_r100,112,512,jpeg_xl,pose,quarter,10577,0.3044179677963257,0.001,0.00028363430084144843,,,,
colorferet,topofr_r100,112,512,jpeg_xl,pose,__overall__,77645,0.3044179677963257,0.001,0.0010045720909266534,0.00028363430084144843,0.002006165288447424,0.17225309876059755,4.0
colorferet,topofr_r100,112,512,jpeg_xl,skin_tone,Asian,16178,0.2983359098434448,0.001,0.0024106811719619235,,,,
colorferet,topofr_r100,112,512,jpeg_xl,skin_tone,Black,1745,0.2983359098434448,0.001,0.0028653295128939827,,,,
colorferet,topofr_r100,112,512,jpeg_xl,skin_tone,Hispanic,748,0.2983359098434448,0.001,0.001336898395721925,,,,
colorferet,topofr_r100,112,512,jpeg_xl,skin_tone,White,116837,0.2983359098434448,0.001,0.0007788628602240728,,,,
colorferet,topofr_r100,112,512,jpeg_xl,skin_tone,__overall__,135532,0.2983359098434448,0.001,0.001003453059056164,0.0007788628602240728,0.0028653295128939827,0.208646665266991,4.0
colorferet,topofr_r100,112,512,jpeg_xl,gender,female,37642,0.3004016578197479,0.001,0.0016470963285691515,,,,
colorferet,topofr_r100,112,512,jpeg_xl,gender,male,124724,0.3004016578197479,0.001,0.0008097880119303422,,,,
colorferet,topofr_r100,112,512,jpeg_xl,gender,__overall__,162366,0.3004016578197479,0.001,0.0010039047583853763,0.0008097880119303422,0.0016470963285691515,0.08373083166388093,2.0
colorferet,topofr_r100,112,512,jpeg_xl,age,26-35,23660,0.30455830693244934,0.001,0.000760777683854607,,,,
colorferet,topofr_r100,112,512,jpeg_xl,age,36-50,28990,0.30455830693244934,0.001,0.0007933770265608831,,,,
colorferet,topofr_r100,112,512,jpeg_xl,age,51-65,540,0.30455830693244934,0.001,0.0,,,,
colorferet,topofr_r100,112,512,jpeg_xl,age,<=25,39049,0.30455830693244934,0.001,0.0013316602217726447,,,,
colorferet,topofr_r100,112,512,jpeg_xl,age,__overall__,92240,0.30455830693244934,0.001,0.0010082393755420642,0.0,0.0013316602217726447,0.13316602217726448,4.0
colorferet,topofr_r100,112,1024,neural_bmshj2018,pose,frontal,30858,,0.01,0.0,,,,
colorferet,topofr_r100,112,1024,neural_bmshj2018,pose,half,15773,,0.01,0.0,,,,
colorferet,topofr_r100,112,1024,neural_bmshj2018,pose,profile,20437,,0.01,0.0,,,,
colorferet,topofr_r100,112,1024,neural_bmshj2018,pose,quarter,10577,,0.01,0.0,,,,
colorferet,topofr_r100,112,1024,neural_bmshj2018,pose,__overall__,77645,,0.01,0.0,0.0,0.0,0.0,4.0
colorferet,topofr_r100,112,1024,neural_bmshj2018,skin_tone,Asian,16178,,0.01,0.0,,,,
colorferet,topofr_r100,112,1024,neural_bmshj2018,skin_tone,Black,1745,,0.01,0.0,,,,
colorferet,topofr_r100,112,1024,neural_bmshj2018,skin_tone,Hispanic,748,,0.01,0.0,,,,
colorferet,topofr_r100,112,1024,neural_bmshj2018,skin_tone,White,116837,,0.01,0.0,,,,
colorferet,topofr_r100,112,1024,neural_bmshj2018,skin_tone,__overall__,135532,,0.01,0.0,0.0,0.0,0.0,4.0
colorferet,topofr_r100,112,1024,neural_bmshj2018,gender,female,37642,,0.01,0.0,,,,
colorferet,topofr_r100,112,1024,neural_bmshj2018,gender,male,124724,,0.01,0.0,,,,
colorferet,topofr_r100,112,1024,neural_bmshj2018,gender,__overall__,162366,,0.01,0.0,0.0,0.0,0.0,2.0
colorferet,topofr_r100,112,1024,neural_bmshj2018,age,26-35,23660,,0.01,0.0,,,,
colorferet,topofr_r100,112,1024,neural_bmshj2018,age,36-50,28990,,0.01,0.0,,,,
colorferet,topofr_r100,112,1024,neural_bmshj2018,age,51-65,540,,0.01,0.0,,,,
colorferet,topofr_r100,112,1024,neural_bmshj2018,age,<=25,39049,,0.01,0.0,,,,
colorferet,topofr_r100,112,1024,neural_bmshj2018,age,__overall__,92240,,0.01,0.0,0.0,0.0,0.0,4.0
colorferet,topofr_r100,112,1024,neural_bmshj2018,pose,frontal,30858,,0.001,0.0,,,,
colorferet,topofr_r100,112,1024,neural_bmshj2018,pose,half,15773,,0.001,0.0,,,,
colorferet,topofr_r100,112,1024,neural_bmshj2018,pose,profile,20437,,0.001,0.0,,,,
colorferet,topofr_r100,112,1024,neural_bmshj2018,pose,quarter,10577,,0.001,0.0,,,,
colorferet,topofr_r100,112,1024,neural_bmshj2018,pose,__overall__,77645,,0.001,0.0,0.0,0.0,0.0,4.0
colorferet,topofr_r100,112,1024,neural_bmshj2018,skin_tone,Asian,16178,,0.001,0.0,,,,
colorferet,topofr_r100,112,1024,neural_bmshj2018,skin_tone,Black,1745,,0.001,0.0,,,,
colorferet,topofr_r100,112,1024,neural_bmshj2018,skin_tone,Hispanic,748,,0.001,0.0,,,,
colorferet,topofr_r100,112,1024,neural_bmshj2018,skin_tone,White,116837,,0.001,0.0,,,,
colorferet,topofr_r100,112,1024,neural_bmshj2018,skin_tone,__overall__,135532,,0.001,0.0,0.0,0.0,0.0,4.0
colorferet,topofr_r100,112,1024,neural_bmshj2018,gender,female,37642,,0.001,0.0,,,,
colorferet,topofr_r100,112,1024,neural_bmshj2018,gender,male,124724,,0.001,0.0,,,,
colorferet,topofr_r100,112,1024,neural_bmshj2018,gender,__overall__,162366,,0.001,0.0,0.0,0.0,0.0,2.0
colorferet,topofr_r100,112,1024,neural_bmshj2018,age,26-35,23660,,0.001,0.0,,,,
colorferet,topofr_r100,112,1024,neural_bmshj2018,age,36-50,28990,,0.001,0.0,,,,
colorferet,topofr_r100,112,1024,neural_bmshj2018,age,51-65,540,,0.001,0.0,,,,
colorferet,topofr_r100,112,1024,neural_bmshj2018,age,<=25,39049,,0.001,0.0,,,,
colorferet,topofr_r100,112,1024,neural_bmshj2018,age,__overall__,92240,,0.001,0.0,0.0,0.0,0.0,4.0
colorferet,topofr_r100,112,512,neural_bmshj2018,pose,frontal,30858,,0.01,0.0,,,,
colorferet,topofr_r100,112,512,neural_bmshj2018,pose,half,15773,,0.01,0.0,,,,
colorferet,topofr_r100,112,512,neural_bmshj2018,pose,profile,20437,,0.01,0.0,,,,
colorferet,topofr_r100,112,512,neural_bmshj2018,pose,quarter,10577,,0.01,0.0,,,,
colorferet,topofr_r100,112,512,neural_bmshj2018,pose,__overall__,77645,,0.01,0.0,0.0,0.0,0.0,4.0
colorferet,topofr_r100,112,512,neural_bmshj2018,skin_tone,Asian,16178,,0.01,0.0,,,,
colorferet,topofr_r100,112,512,neural_bmshj2018,skin_tone,Black,1745,,0.01,0.0,,,,
colorferet,topofr_r100,112,512,neural_bmshj2018,skin_tone,Hispanic,748,,0.01,0.0,,,,
colorferet,topofr_r100,112,512,neural_bmshj2018,skin_tone,White,116837,,0.01,0.0,,,,
colorferet,topofr_r100,112,512,neural_bmshj2018,skin_tone,__overall__,135532,,0.01,0.0,0.0,0.0,0.0,4.0
colorferet,topofr_r100,112,512,neural_bmshj2018,gender,female,37642,,0.01,0.0,,,,
colorferet,topofr_r100,112,512,neural_bmshj2018,gender,male,124724,,0.01,0.0,,,,
colorferet,topofr_r100,112,512,neural_bmshj2018,gender,__overall__,162366,,0.01,0.0,0.0,0.0,0.0,2.0
colorferet,topofr_r100,112,512,neural_bmshj2018,age,26-35,23660,,0.01,0.0,,,,
colorferet,topofr_r100,112,512,neural_bmshj2018,age,36-50,28990,,0.01,0.0,,,,
colorferet,topofr_r100,112,512,neural_bmshj2018,age,51-65,540,,0.01,0.0,,,,
colorferet,topofr_r100,112,512,neural_bmshj2018,age,<=25,39049,,0.01,0.0,,,,
colorferet,topofr_r100,112,512,neural_bmshj2018,age,__overall__,92240,,0.01,0.0,0.0,0.0,0.0,4.0
colorferet,topofr_r100,112,512,neural_bmshj2018,pose,frontal,30858,,0.001,0.0,,,,
colorferet,topofr_r100,112,512,neural_bmshj2018,pose,half,15773,,0.001,0.0,,,,
colorferet,topofr_r100,112,512,neural_bmshj2018,pose,profile,20437,,0.001,0.0,,,,
colorferet,topofr_r100,112,512,neural_bmshj2018,pose,quarter,10577,,0.001,0.0,,,,
colorferet,topofr_r100,112,512,neural_bmshj2018,pose,__overall__,77645,,0.001,0.0,0.0,0.0,0.0,4.0
colorferet,topofr_r100,112,512,neural_bmshj2018,skin_tone,Asian,16178,,0.001,0.0,,,,
colorferet,topofr_r100,112,512,neural_bmshj2018,skin_tone,Black,1745,,0.001,0.0,,,,
colorferet,topofr_r100,112,512,neural_bmshj2018,skin_tone,Hispanic,748,,0.001,0.0,,,,
colorferet,topofr_r100,112,512,neural_bmshj2018,skin_tone,White,116837,,0.001,0.0,,,,
colorferet,topofr_r100,112,512,neural_bmshj2018,skin_tone,__overall__,135532,,0.001,0.0,0.0,0.0,0.0,4.0
colorferet,topofr_r100,112,512,neural_bmshj2018,gender,female,37642,,0.001,0.0,,,,
colorferet,topofr_r100,112,512,neural_bmshj2018,gender,male,124724,,0.001,0.0,,,,
colorferet,topofr_r100,112,512,neural_bmshj2018,gender,__overall__,162366,,0.001,0.0,0.0,0.0,0.0,2.0
colorferet,topofr_r100,112,512,neural_bmshj2018,age,26-35,23660,,0.001,0.0,,,,
colorferet,topofr_r100,112,512,neural_bmshj2018,age,36-50,28990,,0.001,0.0,,,,
colorferet,topofr_r100,112,512,neural_bmshj2018,age,51-65,540,,0.001,0.0,,,,
colorferet,topofr_r100,112,512,neural_bmshj2018,age,<=25,39049,,0.001,0.0,,,,
colorferet,topofr_r100,112,512,neural_bmshj2018,age,__overall__,92240,,0.001,0.0,0.0,0.0,0.0,4.0
colorferet,topofr_r100,112,1024,neural_mbt2018_mean,pose,frontal,30858,,0.01,0.0,,,,
colorferet,topofr_r100,112,1024,neural_mbt2018_mean,pose,half,15773,,0.01,0.0,,,,
colorferet,topofr_r100,112,1024,neural_mbt2018_mean,pose,profile,20437,,0.01,0.0,,,,
colorferet,topofr_r100,112,1024,neural_mbt2018_mean,pose,quarter,10577,,0.01,0.0,,,,
colorferet,topofr_r100,112,1024,neural_mbt2018_mean,pose,__overall__,77645,,0.01,0.0,0.0,0.0,0.0,4.0
colorferet,topofr_r100,112,1024,neural_mbt2018_mean,skin_tone,Asian,16178,,0.01,0.0,,,,
colorferet,topofr_r100,112,1024,neural_mbt2018_mean,skin_tone,Black,1745,,0.01,0.0,,,,
colorferet,topofr_r100,112,1024,neural_mbt2018_mean,skin_tone,Hispanic,748,,0.01,0.0,,,,
colorferet,topofr_r100,112,1024,neural_mbt2018_mean,skin_tone,White,116837,,0.01,0.0,,,,
colorferet,topofr_r100,112,1024,neural_mbt2018_mean,skin_tone,__overall__,135532,,0.01,0.0,0.0,0.0,0.0,4.0
colorferet,topofr_r100,112,1024,neural_mbt2018_mean,gender,female,37642,,0.01,0.0,,,,
colorferet,topofr_r100,112,1024,neural_mbt2018_mean,gender,male,124724,,0.01,0.0,,,,
colorferet,topofr_r100,112,1024,neural_mbt2018_mean,gender,__overall__,162366,,0.01,0.0,0.0,0.0,0.0,2.0
colorferet,topofr_r100,112,1024,neural_mbt2018_mean,age,26-35,23660,,0.01,0.0,,,,
colorferet,topofr_r100,112,1024,neural_mbt2018_mean,age,36-50,28990,,0.01,0.0,,,,
colorferet,topofr_r100,112,1024,neural_mbt2018_mean,age,51-65,540,,0.01,0.0,,,,
colorferet,topofr_r100,112,1024,neural_mbt2018_mean,age,<=25,39049,,0.01,0.0,,,,
colorferet,topofr_r100,112,1024,neural_mbt2018_mean,age,__overall__,92240,,0.01,0.0,0.0,0.0,0.0,4.0
colorferet,topofr_r100,112,1024,neural_mbt2018_mean,pose,frontal,30858,,0.001,0.0,,,,
colorferet,topofr_r100,112,1024,neural_mbt2018_mean,pose,half,15773,,0.001,0.0,,,,
colorferet,topofr_r100,112,1024,neural_mbt2018_mean,pose,profile,20437,,0.001,0.0,,,,
colorferet,topofr_r100,112,1024,neural_mbt2018_mean,pose,quarter,10577,,0.001,0.0,,,,
colorferet,topofr_r100,112,1024,neural_mbt2018_mean,pose,__overall__,77645,,0.001,0.0,0.0,0.0,0.0,4.0
colorferet,topofr_r100,112,1024,neural_mbt2018_mean,skin_tone,Asian,16178,,0.001,0.0,,,,
colorferet,topofr_r100,112,1024,neural_mbt2018_mean,skin_tone,Black,1745,,0.001,0.0,,,,
colorferet,topofr_r100,112,1024,neural_mbt2018_mean,skin_tone,Hispanic,748,,0.001,0.0,,,,
colorferet,topofr_r100,112,1024,neural_mbt2018_mean,skin_tone,White,116837,,0.001,0.0,,,,
colorferet,topofr_r100,112,1024,neural_mbt2018_mean,skin_tone,__overall__,135532,,0.001,0.0,0.0,0.0,0.0,4.0
colorferet,topofr_r100,112,1024,neural_mbt2018_mean,gender,female,37642,,0.001,0.0,,,,
colorferet,topofr_r100,112,1024,neural_mbt2018_mean,gender,male,124724,,0.001,0.0,,,,
colorferet,topofr_r100,112,1024,neural_mbt2018_mean,gender,__overall__,162366,,0.001,0.0,0.0,0.0,0.0,2.0
colorferet,topofr_r100,112,1024,neural_mbt2018_mean,age,26-35,23660,,0.001,0.0,,,,
colorferet,topofr_r100,112,1024,neural_mbt2018_mean,age,36-50,28990,,0.001,0.0,,,,
colorferet,topofr_r100,112,1024,neural_mbt2018_mean,age,51-65,540,,0.001,0.0,,,,
colorferet,topofr_r100,112,1024,neural_mbt2018_mean,age,<=25,39049,,0.001,0.0,,,,
colorferet,topofr_r100,112,1024,neural_mbt2018_mean,age,__overall__,92240,,0.001,0.0,0.0,0.0,0.0,4.0
colorferet,topofr_r100,112,512,neural_mbt2018_mean,pose,frontal,30858,,0.01,0.0,,,,
colorferet,topofr_r100,112,512,neural_mbt2018_mean,pose,half,15773,,0.01,0.0,,,,
colorferet,topofr_r100,112,512,neural_mbt2018_mean,pose,profile,20437,,0.01,0.0,,,,
colorferet,topofr_r100,112,512,neural_mbt2018_mean,pose,quarter,10577,,0.01,0.0,,,,
colorferet,topofr_r100,112,512,neural_mbt2018_mean,pose,__overall__,77645,,0.01,0.0,0.0,0.0,0.0,4.0
colorferet,topofr_r100,112,512,neural_mbt2018_mean,skin_tone,Asian,16178,,0.01,0.0,,,,
colorferet,topofr_r100,112,512,neural_mbt2018_mean,skin_tone,Black,1745,,0.01,0.0,,,,
colorferet,topofr_r100,112,512,neural_mbt2018_mean,skin_tone,Hispanic,748,,0.01,0.0,,,,
colorferet,topofr_r100,112,512,neural_mbt2018_mean,skin_tone,White,116837,,0.01,0.0,,,,
colorferet,topofr_r100,112,512,neural_mbt2018_mean,skin_tone,__overall__,135532,,0.01,0.0,0.0,0.0,0.0,4.0
colorferet,topofr_r100,112,512,neural_mbt2018_mean,gender,female,37642,,0.01,0.0,,,,
colorferet,topofr_r100,112,512,neural_mbt2018_mean,gender,male,124724,,0.01,0.0,,,,
colorferet,topofr_r100,112,512,neural_mbt2018_mean,gender,__overall__,162366,,0.01,0.0,0.0,0.0,0.0,2.0
colorferet,topofr_r100,112,512,neural_mbt2018_mean,age,26-35,23660,,0.01,0.0,,,,
colorferet,topofr_r100,112,512,neural_mbt2018_mean,age,36-50,28990,,0.01,0.0,,,,
colorferet,topofr_r100,112,512,neural_mbt2018_mean,age,51-65,540,,0.01,0.0,,,,
colorferet,topofr_r100,112,512,neural_mbt2018_mean,age,<=25,39049,,0.01,0.0,,,,
colorferet,topofr_r100,112,512,neural_mbt2018_mean,age,__overall__,92240,,0.01,0.0,0.0,0.0,0.0,4.0
colorferet,topofr_r100,112,512,neural_mbt2018_mean,pose,frontal,30858,,0.001,0.0,,,,
colorferet,topofr_r100,112,512,neural_mbt2018_mean,pose,half,15773,,0.001,0.0,,,,
colorferet,topofr_r100,112,512,neural_mbt2018_mean,pose,profile,20437,,0.001,0.0,,,,
colorferet,topofr_r100,112,512,neural_mbt2018_mean,pose,quarter,10577,,0.001,0.0,,,,
colorferet,topofr_r100,112,512,neural_mbt2018_mean,pose,__overall__,77645,,0.001,0.0,0.0,0.0,0.0,4.0
colorferet,topofr_r100,112,512,neural_mbt2018_mean,skin_tone,Asian,16178,,0.001,0.0,,,,
colorferet,topofr_r100,112,512,neural_mbt2018_mean,skin_tone,Black,1745,,0.001,0.0,,,,
colorferet,topofr_r100,112,512,neural_mbt2018_mean,skin_tone,Hispanic,748,,0.001,0.0,,,,
colorferet,topofr_r100,112,512,neural_mbt2018_mean,skin_tone,White,116837,,0.001,0.0,,,,
colorferet,topofr_r100,112,512,neural_mbt2018_mean,skin_tone,__overall__,135532,,0.001,0.0,0.0,0.0,0.0,4.0
colorferet,topofr_r100,112,512,neural_mbt2018_mean,gender,female,37642,,0.001,0.0,,,,
colorferet,topofr_r100,112,512,neural_mbt2018_mean,gender,male,124724,,0.001,0.0,,,,
colorferet,topofr_r100,112,512,neural_mbt2018_mean,gender,__overall__,162366,,0.001,0.0,0.0,0.0,0.0,2.0
colorferet,topofr_r100,112,512,neural_mbt2018_mean,age,26-35,23660,,0.001,0.0,,,,
colorferet,topofr_r100,112,512,neural_mbt2018_mean,age,36-50,28990,,0.001,0.0,,,,
colorferet,topofr_r100,112,512,neural_mbt2018_mean,age,51-65,540,,0.001,0.0,,,,
colorferet,topofr_r100,112,512,neural_mbt2018_mean,age,<=25,39049,,0.001,0.0,,,,
colorferet,topofr_r100,112,512,neural_mbt2018_mean,age,__overall__,92240,,0.001,0.0,0.0,0.0,0.0,4.0
colorferet,topofr_r100,112,1024,ours_accurate,pose,frontal,30858,0.1738942265510559,0.01,0.0069025860392766866,,,,
colorferet,topofr_r100,112,1024,ours_accurate,pose,half,15773,0.1738942265510559,0.01,0.009636720978887974,,,,
colorferet,topofr_r100,112,1024,ours_accurate,pose,profile,20437,0.1738942265510559,0.01,0.015902529725497872,,,,
colorferet,topofr_r100,112,1024,ours_accurate,pose,quarter,10577,0.1738942265510559,0.01,0.008225394724402004,,,,
colorferet,topofr_r100,112,1024,ours_accurate,pose,__overall__,77645,0.1738942265510559,0.01,0.01000708352115397,0.0069025860392766866,0.015902529725497872,0.8999943686221186,4.0
colorferet,topofr_r100,112,1024,ours_accurate,skin_tone,Asian,16178,0.17805437743663788,0.01,0.021387068858944244,,,,
colorferet,topofr_r100,112,1024,ours_accurate,skin_tone,Black,1745,0.17805437743663788,0.01,0.034383954154727794,,,,
colorferet,topofr_r100,112,1024,ours_accurate,skin_tone,Hispanic,748,0.17805437743663788,0.01,0.009358288770053475,,,,
colorferet,topofr_r100,112,1024,ours_accurate,skin_tone,White,116837,0.17805437743663788,0.01,0.00803683764560884,,,,
colorferet,topofr_r100,112,1024,ours_accurate,skin_tone,__overall__,135532,0.17805437743663788,0.01,0.01000501726529528,0.00803683764560884,0.034383954154727794,2.6347116509118953,4.0
colorferet,topofr_r100,112,1024,ours_accurate,gender,female,37642,0.17762453854084015,0.01,0.016603793634769673,,,,
colorferet,topofr_r100,112,1024,ours_accurate,gender,male,124724,0.17762453854084015,0.01,0.00800968538533081,,,,
colorferet,topofr_r100,112,1024,ours_accurate,gender,__overall__,162366,0.17762453854084015,0.01,0.010002094034465343,0.00800968538533081,0.016603793634769673,0.8594108249438863,2.0
colorferet,topofr_r100,112,1024,ours_accurate,age,26-35,23660,0.17657500505447388,0.01,0.009805579036348266,,,,
colorferet,topofr_r100,112,1024,ours_accurate,age,36-50,28990,0.17657500505447388,0.01,0.007830286305622628,,,,
colorferet,topofr_r100,112,1024,ours_accurate,age,51-65,540,0.17657500505447388,0.01,0.011111111111111112,,,,
colorferet,topofr_r100,112,1024,ours_accurate,age,<=25,39049,0.17657500505447388,0.01,0.011728853491766755,,,,
colorferet,topofr_r100,112,1024,ours_accurate,age,__overall__,92240,0.17657500505447388,0.01,0.010006504770164787,0.007830286305622628,0.011728853491766755,0.3898567186144126,4.0
colorferet,topofr_r100,112,1024,ours_accurate,pose,frontal,30858,0.24715524911880493,0.001,0.0006481301445330222,,,,
colorferet,topofr_r100,112,1024,ours_accurate,pose,half,15773,0.24715524911880493,0.001,0.0005071958409941039,,,,
colorferet,topofr_r100,112,1024,ours_accurate,pose,profile,20437,0.24715524911880493,0.001,0.0020550961491412633,,,,
colorferet,topofr_r100,112,1024,ours_accurate,pose,quarter,10577,0.24715524911880493,0.001,0.0007563581355771958,,,,
colorferet,topofr_r100,112,1024,ours_accurate,pose,__overall__,77645,0.24715524911880493,0.001,0.0010045720909266534,0.0005071958409941039,0.0020550961491412633,0.15479003081471593,4.0
colorferet,topofr_r100,112,1024,ours_accurate,skin_tone,Asian,16178,0.25008711218833923,0.001,0.002472493509704537,,,,
colorferet,topofr_r100,112,1024,ours_accurate,skin_tone,Black,1745,0.25008711218833923,0.001,0.0034383954154727794,,,,
colorferet,topofr_r100,112,1024,ours_accurate,skin_tone,Hispanic,748,0.25008711218833923,0.001,0.00267379679144385,,,,
colorferet,topofr_r100,112,1024,ours_accurate,skin_tone,White,116837,0.25008711218833923,0.001,0.0007531860626342683,,,,
colorferet,topofr_r100,112,1024,ours_accurate,skin_tone,__overall__,135532,0.25008711218833923,0.001,0.001003453059056164,0.0007531860626342683,0.0034383954154727794,0.2685209352838511,4.0
colorferet,topofr_r100,112,1024,ours_accurate,gender,female,37642,0.24945653975009918,0.001,0.0018596248870942033,,,,
colorferet,topofr_r100,112,1024,ours_accurate,gender,male,124724,0.24945653975009918,0.001,0.0007456463872229884,,,,
colorferet,topofr_r100,112,1024,ours_accurate,gender,__overall__,162366,0.24945653975009918,0.001,0.0010039047583853763,0.0007456463872229884,0.0018596248870942033,0.1113978499871215,2.0
colorferet,topofr_r100,112,1024,ours_accurate,age,26-35,23660,0.2568354606628418,0.001,0.001183431952662722,,,,
colorferet,topofr_r100,112,1024,ours_accurate,age,36-50,28990,0.2568354606628418,0.001,0.0008968609865470852,,,,
colorferet,topofr_r100,112,1024,ours_accurate,age,51-65,540,0.2568354606628418,0.001,0.0,,,,
colorferet,topofr_r100,112,1024,ours_accurate,age,<=25,39049,0.2568354606628418,0.001,0.0009987451663294835,,,,
colorferet,topofr_r100,112,1024,ours_accurate,age,__overall__,92240,0.2568354606628418,0.001,0.0010082393755420642,0.0,0.001183431952662722,0.1183431952662722,4.0
colorferet,topofr_r100,112,512,ours_accurate,pose,frontal,30858,0.17606998980045319,0.01,0.007421090154903104,,,,
colorferet,topofr_r100,112,512,ours_accurate,pose,half,15773,0.17606998980045319,0.01,0.00893932669752108,,,,
colorferet,topofr_r100,112,512,ours_accurate,pose,profile,20437,0.17606998980045319,0.01,0.015902529725497872,,,,
colorferet,topofr_r100,112,512,ours_accurate,pose,quarter,10577,0.17606998980045319,0.01,0.007752670889666257,,,,
colorferet,topofr_r100,112,512,ours_accurate,pose,__overall__,77645,0.17606998980045319,0.01,0.01000708352115397,0.007421090154903104,0.015902529725497872,0.8481439570594768,4.0
colorferet,topofr_r100,112,512,ours_accurate,skin_tone,Asian,16178,0.18071554601192474,0.01,0.021510693534429474,,,,
colorferet,topofr_r100,112,512,ours_accurate,skin_tone,Black,1745,0.18071554601192474,0.01,0.026934097421203437,,,,
colorferet,topofr_r100,112,512,ours_accurate,skin_tone,Hispanic,748,0.18071554601192474,0.01,0.01871657754010695,,,,
colorferet,topofr_r100,112,512,ours_accurate,skin_tone,White,116837,0.18071554601192474,0.01,0.00807107337572858,,,,
colorferet,topofr_r100,112,512,ours_accurate,skin_tone,__overall__,135532,0.18071554601192474,0.01,0.01000501726529528,0.00807107337572858,0.026934097421203437,1.8863024045474859,4.0
colorferet,topofr_r100,112,512,ours_accurate,gender,female,37642,0.18040412664413452,0.01,0.017188247170713565,,,,
colorferet,topofr_r100,112,512,ours_accurate,gender,male,124724,0.18040412664413452,0.01,0.007833295917385588,,,,
colorferet,topofr_r100,112,512,ours_accurate,gender,__overall__,162366,0.18040412664413452,0.01,0.010002094034465343,0.007833295917385588,0.017188247170713565,0.9354951253327977,2.0
colorferet,topofr_r100,112,512,ours_accurate,age,26-35,23660,0.17925453186035156,0.01,0.009298393913778529,,,,
colorferet,topofr_r100,112,512,ours_accurate,age,36-50,28990,0.17925453186035156,0.01,0.007554329078992756,,,,
colorferet,topofr_r100,112,512,ours_accurate,age,51-65,540,0.17925453186035156,0.01,0.005555555555555556,,,,
colorferet,topofr_r100,112,512,ours_accurate,age,<=25,39049,0.17925453186035156,0.01,0.012317857051396963,,,,
colorferet,topofr_r100,112,512,ours_accurate,age,__overall__,92240,0.17925453186035156,0.01,0.010006504770164787,0.005555555555555556,0.012317857051396963,0.6762301495841407,4.0
colorferet,topofr_r100,112,512,ours_accurate,pose,frontal,30858,0.2554300129413605,0.001,0.00058331713007972,,,,
colorferet,topofr_r100,112,512,ours_accurate,pose,half,15773,0.2554300129413605,0.001,0.0008241932416154187,,,,
colorferet,topofr_r100,112,512,ours_accurate,pose,profile,20437,0.2554300129413605,0.001,0.0019083035670597445,,,,
colorferet,topofr_r100,112,512,ours_accurate,pose,quarter,10577,0.2554300129413605,0.001,0.0007563581355771958,,,,
colorferet,topofr_r100,112,512,ours_accurate,pose,__overall__,77645,0.2554300129413605,0.001,0.0010045720909266534,0.00058331713007972,0.0019083035670597445,0.13249864369800243,4.0
colorferet,topofr_r100,112,512,ours_accurate,skin_tone,Asian,16178,0.2545417547225952,0.001,0.002472493509704537,,,,
colorferet,topofr_r100,112,512,ours_accurate,skin_tone,Black,1745,0.2545417547225952,0.001,0.0057306590257879654,,,,
colorferet,topofr_r100,112,512,ours_accurate,skin_tone,Hispanic,748,0.2545417547225952,0.001,0.0,,,,
colorferet,topofr_r100,112,512,ours_accurate,skin_tone,White,116837,0.2545417547225952,0.001,0.0007360681975743986,,,,
colorferet,topofr_r100,112,512,ours_accurate,skin_tone,__overall__,135532,0.2545417547225952,0.001,0.001003453059056164,0.0,0.0057306590257879654,0.5730659025787965,4.0
colorferet,topofr_r100,112,512,ours_accurate,gender,female,37642,0.25377005338668823,0.001,0.0019658891663567294,,,,
colorferet,topofr_r100,112,512,ours_accurate,gender,male,124724,0.25377005338668823,0.001,0.0007135755748693115,,,,
colorferet,topofr_r100,112,512,ours_accurate,gender,__overall__,162366,0.25377005338668823,0.001,0.0010039047583853763,0.0007135755748693115,0.0019658891663567294,0.12523135914874178,2.0
colorferet,topofr_r100,112,512,ours_accurate,age,26-35,23660,0.2589226961135864,0.001,0.0010566356720202875,,,,
colorferet,topofr_r100,112,512,ours_accurate,age,36-50,28990,0.2589226961135864,0.001,0.0008278716798896171,,,,
colorferet,topofr_r100,112,512,ours_accurate,age,51-65,540,0.2589226961135864,0.001,0.0,,,,
colorferet,topofr_r100,112,512,ours_accurate,age,<=25,39049,0.2589226961135864,0.001,0.001126789418423007,,,,
colorferet,topofr_r100,112,512,ours_accurate,age,__overall__,92240,0.2589226961135864,0.001,0.0010082393755420642,0.0,0.001126789418423007,0.11267894184230069,4.0
colorferet,topofr_r100,112,1024,ours_fast,pose,frontal,30858,0.18233393132686615,0.01,0.0072914641259965,,,,
colorferet,topofr_r100,112,1024,ours_fast,pose,half,15773,0.18233393132686615,0.01,0.007354339694414506,,,,
colorferet,topofr_r100,112,1024,ours_fast,pose,profile,20437,0.18233393132686615,0.01,0.018055487596026813,,,,
colorferet,topofr_r100,112,1024,ours_fast,pose,quarter,10577,0.18233393132686615,0.01,0.006334499385459015,,,,
colorferet,topofr_r100,112,1024,ours_fast,pose,__overall__,77645,0.18233393132686615,0.01,0.01000708352115397,0.006334499385459015,0.018055487596026813,1.1720988210567798,4.0
colorferet,topofr_r100,112,1024,ours_fast,skin_tone,Asian,16178,0.18395186960697174,0.01,0.023550500679935714,,,,
colorferet,topofr_r100,112,1024,ours_fast,skin_tone,Black,1745,0.18395186960697174,0.01,0.02865329512893983,,,,
colorferet,topofr_r100,112,1024,ours_fast,skin_tone,Hispanic,748,0.18395186960697174,0.01,0.012032085561497326,,,,
colorferet,topofr_r100,112,1024,ours_fast,skin_tone,White,116837,0.18395186960697174,0.01,0.007805746467300598,,,,
colorferet,topofr_r100,112,1024,ours_fast,skin_tone,__overall__,135532,0.18395186960697174,0.01,0.01000501726529528,0.007805746467300598,0.02865329512893983,2.084754866163923,4.0
colorferet,topofr_r100,112,1024,ours_fast,gender,female,37642,0.18425846099853516,0.01,0.01636469900642899,,,,
colorferet,topofr_r100,112,1024,ours_fast,gender,male,124724,0.18425846099853516,0.01,0.008081844713126583,,,,
colorferet,topofr_r100,112,1024,ours_fast,gender,__overall__,162366,0.18425846099853516,0.01,0.010002094034465343,0.008081844713126583,0.01636469900642899,0.8282854293302406,2.0
colorferet,topofr_r100,112,1024,ours_fast,age,26-35,23660,0.18332649767398834,0.01,0.010693153000845309,,,,
colorferet,topofr_r100,112,1024,ours_fast,age,36-50,28990,0.18332649767398834,0.01,0.006105553639185926,,,,
colorferet,topofr_r100,112,1024,ours_fast,age,51-65,540,0.18332649767398834,0.01,0.009259259259259259,,,,
colorferet,topofr_r100,112,1024,ours_fast,age,<=25,39049,0.18332649767398834,0.01,0.012497119004327895,,,,
colorferet,topofr_r100,112,1024,ours_fast,age,__overall__,92240,0.18332649767398834,0.01,0.010006504770164787,0.006105553639185926,0.012497119004327895,0.6391565365141969,4.0
colorferet,topofr_r100,112,1024,ours_fast,pose,frontal,30858,0.271915078163147,0.001,0.00058331713007972,,,,
colorferet,topofr_r100,112,1024,ours_fast,pose,half,15773,0.271915078163147,0.001,0.0005071958409941039,,,,
colorferet,topofr_r100,112,1024,ours_fast,pose,profile,20437,0.271915078163147,0.001,0.0022018887312227823,,,,
colorferet,topofr_r100,112,1024,ours_fast,pose,quarter,10577,0.271915078163147,0.001,0.0006618133686300463,,,,
colorferet,topofr_r100,112,1024,ours_fast,pose,__overall__,77645,0.271915078163147,0.001,0.0010045720909266534,0.0005071958409941039,0.0022018887312227823,0.16946928902286784,4.0
colorferet,topofr_r100,112,1024,ours_fast,skin_tone,Asian,16178,0.2632666528224945,0.001,0.0022252441587340835,,,,
colorferet,topofr_r100,112,1024,ours_fast,skin_tone,Black,1745,0.2632666528224945,0.001,0.0034383954154727794,,,,
colorferet,topofr_r100,112,1024,ours_fast,skin_tone,Hispanic,748,0.2632666528224945,0.001,0.001336898395721925,,,,
colorferet,topofr_r100,112,1024,ours_fast,skin_tone,White,116837,0.2632666528224945,0.001,0.0007959807252839426,,,,
colorferet,topofr_r100,112,1024,ours_fast,skin_tone,__overall__,135532,0.2632666528224945,0.001,0.001003453059056164,0.0007959807252839426,0.0034383954154727794,0.2642414690188837,4.0
colorferet,topofr_r100,112,1024,ours_fast,gender,female,37642,0.26350778341293335,0.001,0.0020455873758036236,,,,
colorferet,topofr_r100,112,1024,ours_fast,gender,male,124724,0.26350778341293335,0.001,0.0006895224656040537,,,,
colorferet,topofr_r100,112,1024,ours_fast,gender,__overall__,162366,0.26350778341293335,0.001,0.0010039047583853763,0.0006895224656040537,0.0020455873758036236,0.135606491019957,2.0
colorferet,topofr_r100,112,1024,ours_fast,age,26-35,23660,0.26829299330711365,0.001,0.0008875739644970414,,,,
colorferet,topofr_r100,112,1024,ours_fast,age,36-50,28990,0.26829299330711365,0.001,0.0007243877199034149,,,,
colorferet,topofr_r100,112,1024,ours_fast,age,51-65,540,0.26829299330711365,0.001,0.0,,,,
colorferet,topofr_r100,112,1024,ours_fast,age,<=25,39049,0.26829299330711365,0.001,0.00130605137135394,,,,
colorferet,topofr_r100,112,1024,ours_fast,age,__overall__,92240,0.26829299330711365,0.001,0.0010082393755420642,0.0,0.00130605137135394,0.13060513713539398,4.0
colorferet,topofr_r100,112,512,ours_fast,pose,frontal,30858,0.19019368290901184,0.01,0.0071294315898632445,,,,
colorferet,topofr_r100,112,512,ours_fast,pose,half,15773,0.19019368290901184,0.01,0.00722754073416598,,,,
colorferet,topofr_r100,112,512,ours_fast,pose,profile,20437,0.19019368290901184,0.01,0.01854479620296521,,,,
colorferet,topofr_r100,112,512,ours_fast,pose,quarter,10577,0.19019368290901184,0.01,0.006050865084617566,,,,
colorferet,topofr_r100,112,512,ours_fast,pose,__overall__,77645,0.19019368290901184,0.01,0.01000708352115397,0.006050865084617566,0.01854479620296521,1.2493931118347643,4.0
colorferet,topofr_r100,112,512,ours_fast,skin_tone,Asian,16178,0.18836329877376556,0.01,0.023056001977994806,,,,
colorferet,topofr_r100,112,512,ours_fast,skin_tone,Black,1745,0.18836329877376556,0.01,0.02349570200573066,,,,
colorferet,topofr_r100,112,512,ours_fast,skin_tone,Hispanic,748,0.18836329877376556,0.01,0.013368983957219251,,,,
colorferet,topofr_r100,112,512,ours_fast,skin_tone,White,116837,0.18836329877376556,0.01,0.007968366185369362,,,,
colorferet,topofr_r100,112,512,ours_fast,skin_tone,__overall__,135532,0.18836329877376556,0.01,0.01000501726529528,0.007968366185369362,0.02349570200573066,1.5527335820361299,4.0
colorferet,topofr_r100,112,512,ours_fast,gender,female,37642,0.18979895114898682,0.01,0.01732107751979172,,,,
colorferet,topofr_r100,112,512,ours_fast,gender,male,124724,0.18979895114898682,0.01,0.007793207401943491,,,,
colorferet,topofr_r100,112,512,ours_fast,gender,__overall__,162366,0.18979895114898682,0.01,0.010002094034465343,0.007793207401943491,0.01732107751979172,0.9527870117848228,2.0
colorferet,topofr_r100,112,512,ours_fast,age,26-35,23660,0.1888788491487503,0.01,0.010059171597633136,,,,
colorferet,topofr_r100,112,512,ours_fast,age,36-50,28990,0.1888788491487503,0.01,0.006519489479130735,,,,
colorferet,topofr_r100,112,512,ours_fast,age,51-65,540,0.1888788491487503,0.01,0.005555555555555556,,,,
colorferet,topofr_r100,112,512,ours_fast,age,<=25,39049,0.1888788491487503,0.01,0.012625163256421419,,,,
colorferet,topofr_r100,112,512,ours_fast,age,__overall__,92240,0.1888788491487503,0.01,0.010006504770164787,0.005555555555555556,0.012625163256421419,0.7069607700865863,4.0
colorferet,topofr_r100,112,512,ours_fast,pose,frontal,30858,0.27610668540000916,0.001,0.00042128459394646445,,,,
colorferet,topofr_r100,112,512,ours_fast,pose,half,15773,0.27610668540000916,0.001,0.0008241932416154187,,,,
colorferet,topofr_r100,112,512,ours_fast,pose,profile,20437,0.27610668540000916,0.001,0.002250819591916622,,,,
colorferet,topofr_r100,112,512,ours_fast,pose,quarter,10577,0.27610668540000916,0.001,0.0005672686016828969,,,,
colorferet,topofr_r100,112,512,ours_fast,pose,__overall__,77645,0.27610668540000916,0.001,0.0010045720909266534,0.00042128459394646445,0.002250819591916622,0.18295349979701572,4.0
colorferet,topofr_r100,112,512,ours_fast,skin_tone,Asian,16178,0.26959627866744995,0.001,0.002781555198417604,,,,
colorferet,topofr_r100,112,512,ours_fast,skin_tone,Black,1745,0.26959627866744995,0.001,0.0040114613180515755,,,,
colorferet,topofr_r100,112,512,ours_fast,skin_tone,Hispanic,748,0.26959627866744995,0.001,0.001336898395721925,,,,
colorferet,topofr_r100,112,512,ours_fast,skin_tone,White,116837,0.26959627866744995,0.001,0.0007103913999845939,,,,
colorferet,topofr_r100,112,512,ours_fast,skin_tone,__overall__,135532,0.26959627866744995,0.001,0.001003453059056164,0.0007103913999845939,0.0040114613180515755,0.33010699180669817,4.0
colorferet,topofr_r100,112,512,ours_fast,gender,female,37642,0.2693662941455841,0.001,0.0020987195154348864,,,,
colorferet,topofr_r100,112,512,ours_fast,gender,male,124724,0.2693662941455841,0.001,0.0006734870594272153,,,,
colorferet,topofr_r100,112,512,ours_fast,gender,__overall__,162366,0.2693662941455841,0.001,0.0010039047583853763,0.0006734870594272153,0.0020987195154348864,0.14252324560076712,2.0
colorferet,topofr_r100,112,512,ours_fast,age,26-35,23660,0.27402111887931824,0.001,0.0010143702451394759,,,,
colorferet,topofr_r100,112,512,ours_fast,age,36-50,28990,0.27402111887931824,0.001,0.0005519144532597448,,,,
colorferet,topofr_r100,112,512,ours_fast,age,51-65,540,0.27402111887931824,0.001,0.0,,,,
colorferet,topofr_r100,112,512,ours_fast,age,<=25,39049,0.27402111887931824,0.001,0.0013572690721913494,,,,
colorferet,topofr_r100,112,512,ours_fast,age,__overall__,92240,0.27402111887931824,0.001,0.0010082393755420642,0.0,0.0013572690721913494,0.13572690721913494,4.0
colorferet,topofr_r100,112,1024,webp,pose,frontal,30858,0.16885749995708466,0.01,0.00787478125607622,,,,
colorferet,topofr_r100,112,1024,webp,pose,half,15773,0.16885749995708466,0.01,0.009192924618018133,,,,
colorferet,topofr_r100,112,1024,webp,pose,profile,20437,0.16885749995708466,0.01,0.015119635954396438,,,,
colorferet,topofr_r100,112,1024,webp,pose,quarter,10577,0.16885749995708466,0.01,0.007563581355771958,,,,
colorferet,topofr_r100,112,1024,webp,pose,__overall__,77645,0.16885749995708466,0.01,0.01000708352115397,0.007563581355771958,0.015119635954396438,0.755605459862448,4.0
colorferet,topofr_r100,112,1024,webp,skin_tone,Asian,16178,0.1736200600862503,0.01,0.021572505872172087,,,,
colorferet,topofr_r100,112,1024,webp,skin_tone,Black,1745,0.1736200600862503,0.01,0.030945558739255013,,,,
colorferet,topofr_r100,112,1024,webp,skin_tone,Hispanic,748,0.1736200600862503,0.01,0.014705882352941176,,,,
colorferet,topofr_r100,112,1024,webp,skin_tone,White,116837,0.1736200600862503,0.01,0.00803683764560884,,,,
colorferet,topofr_r100,112,1024,webp,skin_tone,__overall__,135532,0.1736200600862503,0.01,0.01000501726529528,0.00803683764560884,0.030945558739255013,2.2908721093646176,4.0
colorferet,topofr_r100,112,1024,webp,gender,female,37642,0.17359988391399384,0.01,0.015541150842144413,,,,
colorferet,topofr_r100,112,1024,webp,gender,male,124724,0.17359988391399384,0.01,0.00833039350886758,,,,
colorferet,topofr_r100,112,1024,webp,gender,__overall__,162366,0.17359988391399384,0.01,0.010002094034465343,0.00833039350886758,0.015541150842144413,0.7210757333276833,2.0
colorferet,topofr_r100,112,1024,webp,age,26-35,23660,0.17234401404857635,0.01,0.010101437024513948,,,,
colorferet,topofr_r100,112,1024,webp,age,36-50,28990,0.17234401404857635,0.01,0.008623663332183512,,,,
colorferet,topofr_r100,112,1024,webp,age,51-65,540,0.17234401404857635,0.01,0.003703703703703704,,,,
colorferet,topofr_r100,112,1024,webp,age,<=25,39049,0.17234401404857635,0.01,0.011063023380880433,,,,
colorferet,topofr_r100,112,1024,webp,age,__overall__,92240,0.17234401404857635,0.01,0.010006504770164787,0.003703703703703704,0.011063023380880433,0.7359319677176729,4.0
colorferet,topofr_r100,112,1024,webp,pose,frontal,30858,0.2410326451063156,0.001,0.0007129431589863245,,,,
colorferet,topofr_r100,112,1024,webp,pose,half,15773,0.2410326451063156,0.001,0.0007607937614911558,,,,
colorferet,topofr_r100,112,1024,webp,pose,profile,20437,0.2410326451063156,0.001,0.001859372706365905,,,,
colorferet,topofr_r100,112,1024,webp,pose,quarter,10577,0.2410326451063156,0.001,0.0005672686016828969,,,,
colorferet,topofr_r100,112,1024,webp,pose,__overall__,77645,0.2410326451063156,0.001,0.0010045720909266534,0.0005672686016828969,0.001859372706365905,0.1292104104683008,4.0
colorferet,topofr_r100,112,1024,webp,skin_tone,Asian,16178,0.24484331905841827,0.001,0.002596118185189764,,,,
colorferet,topofr_r100,112,1024,webp,skin_tone,Black,1745,0.24484331905841827,0.001,0.002292263610315186,,,,
colorferet,topofr_r100,112,1024,webp,skin_tone,Hispanic,748,0.24484331905841827,0.001,0.00267379679144385,,,,
colorferet,topofr_r100,112,1024,webp,skin_tone,White,116837,0.24484331905841827,0.001,0.0007446271301043334,,,,
colorferet,topofr_r100,112,1024,webp,skin_tone,__overall__,135532,0.24484331905841827,0.001,0.001003453059056164,0.0007446271301043334,0.00267379679144385,0.19291696613395168,4.0
colorferet,topofr_r100,112,1024,webp,gender,female,37642,0.2445594221353531,0.001,0.0019127570267254662,,,,
colorferet,topofr_r100,112,1024,webp,gender,male,124724,0.2445594221353531,0.001,0.0007296109810461499,,,,
colorferet,topofr_r100,112,1024,webp,gender,__overall__,162366,0.2445594221353531,0.001,0.0010039047583853763,0.0007296109810461499,0.0019127570267254662,0.11831460456793162,2.0
colorferet,topofr_r100,112,1024,webp,age,26-35,23660,0.24754774570465088,0.001,0.001098901098901099,,,,
colorferet,topofr_r100,112,1024,webp,age,36-50,28990,0.24754774570465088,0.001,0.000758882373232149,,,,
colorferet,topofr_r100,112,1024,webp,age,51-65,540,0.24754774570465088,0.001,0.0,,,,
colorferet,topofr_r100,112,1024,webp,age,<=25,39049,0.24754774570465088,0.001,0.0011523982688417117,,,,
colorferet,topofr_r100,112,1024,webp,age,__overall__,92240,0.24754774570465088,0.001,0.0010082393755420642,0.0,0.0011523982688417117,0.11523982688417117,4.0
colorferet,topofr_r100,112,512,webp,pose,frontal,30858,0.1864122450351715,0.01,0.009592326139088728,,,,
colorferet,topofr_r100,112,512,webp,pose,half,15773,0.1864122450351715,0.01,0.008051733975781399,,,,
colorferet,topofr_r100,112,512,webp,pose,profile,20437,0.1864122450351715,0.01,0.013504917551499731,,,,
colorferet,topofr_r100,112,512,webp,pose,quarter,10577,0.1864122450351715,0.01,0.007374491821877659,,,,
colorferet,topofr_r100,112,512,webp,pose,__overall__,77645,0.1864122450351715,0.01,0.01000708352115397,0.007374491821877659,0.013504917551499731,0.6130425729622072,4.0
colorferet,topofr_r100,112,512,webp,skin_tone,Asian,16178,0.18982334434986115,0.01,0.023859562368648782,,,,
colorferet,topofr_r100,112,512,webp,skin_tone,Black,1745,0.18982334434986115,0.01,0.032664756446991405,,,,
colorferet,topofr_r100,112,512,webp,skin_tone,Hispanic,748,0.18982334434986115,0.01,0.014705882352941176,,,,
colorferet,topofr_r100,112,512,webp,skin_tone,White,116837,0.18982334434986115,0.01,0.00770303927694138,,,,
colorferet,topofr_r100,112,512,webp,skin_tone,__overall__,135532,0.18982334434986115,0.01,0.01000501726529528,0.00770303927694138,0.032664756446991405,2.4961717170050024,4.0
colorferet,topofr_r100,112,512,webp,gender,female,37642,0.1912737339735031,0.01,0.014265979490994103,,,,
colorferet,topofr_r100,112,512,webp,gender,male,124724,0.1912737339735031,0.01,0.008715243257111703,,,,
colorferet,topofr_r100,112,512,webp,gender,__overall__,162366,0.1912737339735031,0.01,0.010002094034465343,0.008715243257111703,0.014265979490994103,0.5550736233882401,2.0
colorferet,topofr_r100,112,512,webp,age,26-35,23660,0.1887683868408203,0.01,0.010524091293322062,,,,
colorferet,topofr_r100,112,512,webp,age,36-50,28990,0.1887683868408203,0.01,0.007968264918937564,,,,
colorferet,topofr_r100,112,512,webp,age,51-65,540,0.1887683868408203,0.01,0.005555555555555556,,,,
colorferet,topofr_r100,112,512,webp,age,<=25,39049,0.1887683868408203,0.01,0.01126789418423007,,,,
colorferet,topofr_r100,112,512,webp,age,__overall__,92240,0.1887683868408203,0.01,0.010006504770164787,0.005555555555555556,0.01126789418423007,0.5712338628674514,4.0
colorferet,topofr_r100,112,512,webp,pose,frontal,30858,0.2664251923561096,0.001,0.0009073822023462311,,,,
colorferet,topofr_r100,112,512,webp,pose,half,15773,0.2664251923561096,0.001,0.0003803968807455779,,,,
colorferet,topofr_r100,112,512,webp,pose,profile,20437,0.2664251923561096,0.001,0.0015657875422028674,,,,
colorferet,topofr_r100,112,512,webp,pose,quarter,10577,0.2664251923561096,0.001,0.0011345372033657937,,,,
colorferet,topofr_r100,112,512,webp,pose,__overall__,77645,0.2664251923561096,0.001,0.0010045720909266534,0.0003803968807455779,0.0015657875422028674,0.11853906614572894,4.0
colorferet,topofr_r100,112,512,webp,skin_tone,Asian,16178,0.2737225592136383,0.001,0.0032760539003585114,,,,
colorferet,topofr_r100,112,512,webp,skin_tone,Black,1745,0.2737225592136383,0.001,0.0057306590257879654,,,,
colorferet,topofr_r100,112,512,webp,skin_tone,Hispanic,748,0.2737225592136383,0.001,0.0,,,,
colorferet,topofr_r100,112,512,webp,skin_tone,White,116837,0.2737225592136383,0.001,0.0006248020746852452,,,,
colorferet,topofr_r100,112,512,webp,skin_tone,__overall__,135532,0.2737225592136383,0.001,0.001003453059056164,0.0,0.0057306590257879654,0.5730659025787965,4.0
colorferet,topofr_r100,112,512,webp,gender,female,37642,0.27249979972839355,0.001,0.0017267945380160458,,,,
colorferet,topofr_r100,112,512,webp,gender,male,124724,0.27249979972839355,0.001,0.0007857349026650845,,,,
colorferet,topofr_r100,112,512,webp,gender,__overall__,162366,0.27249979972839355,0.001,0.0010039047583853763,0.0007857349026650845,0.0017267945380160458,0.09410596353509613,2.0
colorferet,topofr_r100,112,512,webp,age,26-35,23660,0.2748473584651947,0.001,0.0012256973795435333,,,,
colorferet,topofr_r100,112,512,webp,age,36-50,28990,0.2748473584651947,0.001,0.0006898930665746809,,,,
colorferet,topofr_r100,112,512,webp,age,51-65,540,0.2748473584651947,0.001,0.0,,,,
colorferet,topofr_r100,112,512,webp,age,<=25,39049,0.2748473584651947,0.001,0.001126789418423007,,,,
colorferet,topofr_r100,112,512,webp,age,__overall__,92240,0.2748473584651947,0.001,0.0010082393755420642,0.0,0.0012256973795435333,0.12256973795435333,4.0
colorferet,edgeface_xs,112,0,aligned,pose,frontal,30858,0.2707863450050354,0.01,0.0069025860392766866,,,,
colorferet,edgeface_xs,112,0,aligned,pose,half,15773,0.2707863450050354,0.01,0.007607937614911558,,,,
colorferet,edgeface_xs,112,0,aligned,pose,profile,20437,0.2707863450050354,0.01,0.017859764153251457,,,,
colorferet,edgeface_xs,112,0,aligned,pose,quarter,10577,0.2707863450050354,0.01,0.0074690365888248084,,,,
colorferet,edgeface_xs,112,0,aligned,pose,__overall__,77645,0.2707863450050354,0.01,0.01000708352115397,0.0069025860392766866,0.017859764153251457,1.095717811397477,4.0
colorferet,edgeface_xs,112,0,aligned,skin_tone,Asian,16178,0.27255314588546753,0.01,0.016812955865990853,,,,
colorferet,edgeface_xs,112,0,aligned,skin_tone,Black,1745,0.27255314588546753,0.01,0.03037249283667622,,,,
colorferet,edgeface_xs,112,0,aligned,skin_tone,Hispanic,748,0.27255314588546753,0.01,0.013368983957219251,,,,
colorferet,edgeface_xs,112,0,aligned,skin_tone,White,116837,0.27255314588546753,0.01,0.008738670113063498,,,,
colorferet,edgeface_xs,112,0,aligned,skin_tone,__overall__,135532,0.27255314588546753,0.01,0.01000501726529528,0.008738670113063498,0.03037249283667622,2.163382272361272,4.0
colorferet,edgeface_xs,112,0,aligned,gender,female,37642,0.2730901837348938,0.01,0.014717602677859837,,,,
colorferet,edgeface_xs,112,0,aligned,gender,male,124724,0.2730901837348938,0.01,0.008578942304608575,,,,
colorferet,edgeface_xs,112,0,aligned,gender,__overall__,162366,0.2730901837348938,0.01,0.010002094034465343,0.008578942304608575,0.014717602677859837,0.6138660373251262,2.0
colorferet,edgeface_xs,112,0,aligned,age,26-35,23660,0.2742815613746643,0.01,0.010650887573964497,,,,
colorferet,edgeface_xs,112,0,aligned,age,36-50,28990,0.2742815613746643,0.01,0.007209382545705416,,,,
colorferet,edgeface_xs,112,0,aligned,age,51-65,540,0.2742815613746643,0.01,0.009259259259259259,,,,
colorferet,edgeface_xs,112,0,aligned,age,<=25,39049,0.2742815613746643,0.01,0.011703244641348049,,,,
colorferet,edgeface_xs,112,0,aligned,age,__overall__,92240,0.2742815613746643,0.01,0.010006504770164787,0.007209382545705416,0.011703244641348049,0.4493862095642633,4.0
colorferet,edgeface_xs,112,0,aligned,pose,frontal,30858,0.36563727259635925,0.001,0.00038887808671981335,,,,
colorferet,edgeface_xs,112,0,aligned,pose,half,15773,0.36563727259635925,0.001,0.0004437963608698409,,,,
colorferet,edgeface_xs,112,0,aligned,pose,profile,20437,0.36563727259635925,0.001,0.0025444047560796595,,,,
colorferet,edgeface_xs,112,0,aligned,pose,quarter,10577,0.36563727259635925,0.001,0.0006618133686300463,,,,
colorferet,edgeface_xs,112,0,aligned,pose,__overall__,77645,0.36563727259635925,0.001,0.0010045720909266534,0.00038887808671981335,0.0025444047560796595,0.21555266693598463,4.0
colorferet,edgeface_xs,112,0,aligned,skin_tone,Asian,16178,0.36078932881355286,0.001,0.0022870564964766965,,,,
colorferet,edgeface_xs,112,0,aligned,skin_tone,Black,1745,0.36078932881355286,0.001,0.005157593123209169,,,,
colorferet,edgeface_xs,112,0,aligned,skin_tone,Hispanic,748,0.36078932881355286,0.001,0.0,,,,
colorferet,edgeface_xs,112,0,aligned,skin_tone,White,116837,0.36078932881355286,0.001,0.0007703039276941379,,,,
colorferet,edgeface_xs,112,0,aligned,skin_tone,__overall__,135532,0.36078932881355286,0.001,0.001003453059056164,0.0,0.005157593123209169,0.5157593123209169,4.0
colorferet,edgeface_xs,112,0,aligned,gender,female,37642,0.3608272075653076,0.001,0.001833058817278572,,,,
colorferet,edgeface_xs,112,0,aligned,gender,male,124724,0.3608272075653076,0.001,0.0007536640903114076,,,,
colorferet,edgeface_xs,112,0,aligned,gender,__overall__,162366,0.3608272075653076,0.001,0.0010039047583853763,0.0007536640903114076,0.001833058817278572,0.10793947269671644,2.0
colorferet,edgeface_xs,112,0,aligned,age,26-35,23660,0.3606516122817993,0.001,0.0009298393913778529,,,,
colorferet,edgeface_xs,112,0,aligned,age,36-50,28990,0.3606516122817993,0.001,0.0007243877199034149,,,,
colorferet,edgeface_xs,112,0,aligned,age,51-65,540,0.3606516122817993,0.001,0.0,,,,
colorferet,edgeface_xs,112,0,aligned,age,<=25,39049,0.3606516122817993,0.001,0.0012804425209352352,,,,
colorferet,edgeface_xs,112,0,aligned,age,__overall__,92240,0.3606516122817993,0.001,0.0010082393755420642,0.0,0.0012804425209352352,0.12804425209352352,4.0
colorferet,edgeface_xs,112,1024,avif,pose,frontal,30858,0.2768007516860962,0.01,0.005962797329703805,,,,
colorferet,edgeface_xs,112,1024,avif,pose,half,15773,0.2768007516860962,0.01,0.007988334495657135,,,,
colorferet,edgeface_xs,112,1024,avif,pose,profile,20437,0.2768007516860962,0.01,0.019327689974066645,,,,
colorferet,edgeface_xs,112,1024,avif,pose,quarter,10577,0.2768007516860962,0.01,0.006807223220194762,,,,
colorferet,edgeface_xs,112,1024,avif,pose,__overall__,77645,0.2768007516860962,0.01,0.01000708352115397,0.005962797329703805,0.019327689974066645,1.336489264436284,4.0
colorferet,edgeface_xs,112,1024,avif,skin_tone,Asian,16178,0.2750703692436218,0.01,0.016998392879218692,,,,
colorferet,edgeface_xs,112,1024,avif,skin_tone,Black,1745,0.2750703692436218,0.01,0.02979942693409742,,,,
colorferet,edgeface_xs,112,1024,avif,skin_tone,Hispanic,748,0.2750703692436218,0.01,0.012032085561497326,,,,
colorferet,edgeface_xs,112,1024,avif,skin_tone,White,116837,0.2750703692436218,0.01,0.008730111180533564,,,,
colorferet,edgeface_xs,112,1024,avif,skin_tone,__overall__,135532,0.2750703692436218,0.01,0.01000501726529528,0.008730111180533564,0.02979942693409742,2.1069315753563855,4.0
colorferet,edgeface_xs,112,1024,avif,gender,female,37642,0.27627426385879517,0.01,0.013468997396525158,,,,
colorferet,edgeface_xs,112,1024,avif,gender,male,124724,0.27627426385879517,0.01,0.00895577434976428,,,,
colorferet,edgeface_xs,112,1024,avif,gender,__overall__,162366,0.27627426385879517,0.01,0.010002094034465343,0.00895577434976428,0.013468997396525158,0.45132230467608786,2.0
colorferet,edgeface_xs,112,1024,avif,age,26-35,23660,0.27552706003189087,0.01,0.0110312764158918,,,,
colorferet,edgeface_xs,112,1024,avif,age,36-50,28990,0.27552706003189087,0.01,0.007140393239047947,,,,
colorferet,edgeface_xs,112,1024,avif,age,51-65,540,0.27552706003189087,0.01,0.011111111111111112,,,,
colorferet,edgeface_xs,112,1024,avif,age,<=25,39049,0.27552706003189087,0.01,0.011498373837998413,,,,
colorferet,edgeface_xs,112,1024,avif,age,__overall__,92240,0.27552706003189087,0.01,0.010006504770164787,0.007140393239047947,0.011498373837998413,0.43579805989504655,4.0
colorferet,edgeface_xs,112,1024,avif,pose,frontal,30858,0.37021970748901367,0.001,0.00029165856503986,,,,
colorferet,edgeface_xs,112,1024,avif,pose,half,15773,0.37021970748901367,0.001,0.0004437963608698409,,,,
colorferet,edgeface_xs,112,1024,avif,pose,profile,20437,0.37021970748901367,0.001,0.0026422664774673386,,,,
colorferet,edgeface_xs,112,1024,avif,pose,quarter,10577,0.37021970748901367,0.001,0.0007563581355771958,,,,
colorferet,edgeface_xs,112,1024,avif,pose,__overall__,77645,0.37021970748901367,0.001,0.0010045720909266534,0.00029165856503986,0.0026422664774673386,0.23506079124274784,4.0
colorferet,edgeface_xs,112,1024,avif,skin_tone,Asian,16178,0.36234140396118164,0.001,0.00216343182099147,,,,
colorferet,edgeface_xs,112,1024,avif,skin_tone,Black,1745,0.36234140396118164,0.001,0.004584527220630372,,,,
colorferet,edgeface_xs,112,1024,avif,skin_tone,Hispanic,748,0.36234140396118164,0.001,0.001336898395721925,,,,
colorferet,edgeface_xs,112,1024,avif,skin_tone,White,116837,0.36234140396118164,0.001,0.0007874217927540077,,,,
colorferet,edgeface_xs,112,1024,avif,skin_tone,__overall__,135532,0.36234140396118164,0.001,0.001003453059056164,0.0007874217927540077,0.004584527220630372,0.37971054278763644,4.0
colorferet,edgeface_xs,112,1024,avif,gender,female,37642,0.36281687021255493,0.001,0.0018064927474629403,,,,
colorferet,edgeface_xs,112,1024,avif,gender,male,124724,0.36281687021255493,0.001,0.0007616817933998268,,,,
colorferet,edgeface_xs,112,1024,avif,gender,__overall__,162366,0.36281687021255493,0.001,0.0010039047583853763,0.0007616817933998268,0.0018064927474629403,0.10448109540631134,2.0
colorferet,edgeface_xs,112,1024,avif,age,26-35,23660,0.366025447845459,0.001,0.0011411665257819103,,,,
colorferet,edgeface_xs,112,1024,avif,age,36-50,28990,0.366025447845459,0.001,0.0006553984132459469,,,,
colorferet,edgeface_xs,112,1024,avif,age,51-65,540,0.366025447845459,0.001,0.001851851851851852,,,,
colorferet,edgeface_xs,112,1024,avif,age,<=25,39049,0.366025447845459,0.001,0.0011780071192604164,,,,
colorferet,edgeface_xs,112,1024,avif,age,__overall__,92240,0.366025447845459,0.001,0.0010082393755420642,0.0006553984132459469,0.001851851851851852,0.11964534386059052,4.0
colorferet,edgeface_xs,112,512,avif,pose,frontal,30858,0.3245764374732971,0.01,0.007745155227169616,,,,
colorferet,edgeface_xs,112,512,avif,pose,half,15773,0.3245764374732971,0.01,0.005705953211183668,,,,
colorferet,edgeface_xs,112,512,avif,pose,profile,20437,0.3245764374732971,0.01,0.01981699858100504,,,,
colorferet,edgeface_xs,112,512,avif,pose,quarter,10577,0.3245764374732971,0.01,0.004065424978727428,,,,
colorferet,edgeface_xs,112,512,avif,pose,__overall__,77645,0.3245764374732971,0.01,0.01000708352115397,0.004065424978727428,0.01981699858100504,1.5751573602277615,4.0
colorferet,edgeface_xs,112,512,avif,skin_tone,Asian,16178,0.3121819496154785,0.01,0.01353690196563234,,,,
colorferet,edgeface_xs,112,512,avif,skin_tone,Black,1745,0.3121819496154785,0.01,0.01833810888252149,,,,
colorferet,edgeface_xs,112,512,avif,skin_tone,Hispanic,748,0.3121819496154785,0.01,0.008021390374331552,,,,
colorferet,edgeface_xs,112,512,avif,skin_tone,White,116837,0.3121819496154785,0.01,0.009406266850398418,,,,
colorferet,edgeface_xs,112,512,avif,skin_tone,__overall__,135532,0.3121819496154785,0.01,0.01000501726529528,0.008021390374331552,0.01833810888252149,1.0316718508189937,4.0
colorferet,edgeface_xs,112,512,avif,gender,female,37642,0.3115326166152954,0.01,0.012326656394453005,,,,
colorferet,edgeface_xs,112,512,avif,gender,male,124724,0.3115326166152954,0.01,0.009300535582566306,,,,
colorferet,edgeface_xs,112,512,avif,gender,__overall__,162366,0.3115326166152954,0.01,0.010002094034465343,0.009300535582566306,0.012326656394453005,0.3026120811886699,2.0
colorferet,edgeface_xs,112,512,avif,age,26-35,23660,0.31144747138023376,0.01,0.009805579036348266,,,,
colorferet,edgeface_xs,112,512,avif,age,36-50,28990,0.31144747138023376,0.01,0.0068299413590893416,,,,
colorferet,edgeface_xs,112,512,avif,age,51-65,540,0.31144747138023376,0.01,0.0,,,,
colorferet,edgeface_xs,112,512,avif,age,<=25,39049,0.31144747138023376,0.01,0.012625163256421419,,,,
colorferet,edgeface_xs,112,512,avif,age,__overall__,92240,0.31144747138023376,0.01,0.010006504770164787,0.0,0.012625163256421419,1.262516325642142,4.0
colorferet,edgeface_xs,112,512,avif,pose,frontal,30858,0.4269556403160095,0.001,0.00048609760839976666,,,,
colorferet,edgeface_xs,112,512,avif,pose,half,15773,0.4269556403160095,0.001,0.0005705953211183668,,,,
colorferet,edgeface_xs,112,512,avif,pose,profile,20437,0.4269556403160095,0.001,0.002593335616773499,,,,
colorferet,edgeface_xs,112,512,avif,pose,quarter,10577,0.4269556403160095,0.001,9.454476694714947e-05,,,,
colorferet,edgeface_xs,112,512,avif,pose,__overall__,77645,0.4269556403160095,0.001,0.0010045720909266534,9.454476694714947e-05,0.002593335616773499,0.24987908498263495,4.0
colorferet,edgeface_xs,112,512,avif,skin_tone,Asian,16178,0.40504395961761475,0.001,0.0012362467548522685,,,,
colorferet,edgeface_xs,112,512,avif,skin_tone,Black,1745,0.40504395961761475,0.001,0.0040114613180515755,,,,
colorferet,edgeface_xs,112,512,avif,skin_tone,Hispanic,748,0.40504395961761475,0.001,0.001336898395721925,,,,
colorferet,edgeface_xs,112,512,avif,skin_tone,White,116837,0.40504395961761475,0.001,0.0009243647132329656,,,,
colorferet,edgeface_xs,112,512,avif,skin_tone,__overall__,135532,0.40504395961761475,0.001,0.001003453059056164,0.0009243647132329656,0.0040114613180515755,0.308709660481861,4.0
colorferet,edgeface_xs,112,512,avif,gender,female,37642,0.40458810329437256,0.001,0.0015939641889378886,,,,
colorferet,edgeface_xs,112,512,avif,gender,male,124724,0.40458810329437256,0.001,0.0008258234181071807,,,,
colorferet,edgeface_xs,112,512,avif,gender,__overall__,162366,0.40458810329437256,0.001,0.0010039047583853763,0.0008258234181071807,0.0015939641889378886,0.0768140770830708,2.0
colorferet,edgeface_xs,112,512,avif,age,26-35,23660,0.40956610441207886,0.001,0.0009721048182586644,,,,
colorferet,edgeface_xs,112,512,avif,age,36-50,28990,0.40956610441207886,0.001,0.00034494653328734045,,,,
colorferet,edgeface_xs,112,512,avif,age,51-65,540,0.40956610441207886,0.001,0.0,,,,
colorferet,edgeface_xs,112,512,avif,age,<=25,39049,0.40956610441207886,0.001,0.0015365310251222823,,,,
colorferet,edgeface_xs,112,512,avif,age,__overall__,92240,0.40956610441207886,0.001,0.0010082393755420642,0.0,0.0015365310251222823,0.15365310251222825,4.0
colorferet,edgeface_xs,112,1024,heif,pose,frontal,30858,0.2769632339477539,0.01,0.006643333981463478,,,,
colorferet,edgeface_xs,112,1024,heif,pose,half,15773,0.2769632339477539,0.01,0.007100741773917454,,,,
colorferet,edgeface_xs,112,1024,heif,pose,profile,20437,0.2769632339477539,0.01,0.019278759113372804,,,,
colorferet,edgeface_xs,112,1024,heif,pose,quarter,10577,0.2769632339477539,0.01,0.006239954618511866,,,,
colorferet,edgeface_xs,112,1024,heif,pose,__overall__,77645,0.2769632339477539,0.01,0.01000708352115397,0.006239954618511866,0.019278759113372804,1.3038804494860938,4.0
colorferet,edgeface_xs,112,1024,heif,skin_tone,Asian,16178,0.27575311064720154,0.01,0.016318457164049945,,,,
colorferet,edgeface_xs,112,1024,heif,skin_tone,Black,1745,0.27575311064720154,0.01,0.02865329512893983,,,,
colorferet,edgeface_xs,112,1024,heif,skin_tone,Hispanic,748,0.27575311064720154,0.01,0.0106951871657754,,,,
colorferet,edgeface_xs,112,1024,heif,skin_tone,White,116837,0.27575311064720154,0.01,0.008832818370892783,,,,
colorferet,edgeface_xs,112,1024,heif,skin_tone,__overall__,135532,0.27575311064720154,0.01,0.01000501726529528,0.008832818370892783,0.02865329512893983,1.9820476758047045,4.0
colorferet,edgeface_xs,112,1024,heif,gender,female,37642,0.2759213149547577,0.01,0.012193826045374848,,,,
colorferet,edgeface_xs,112,1024,heif,gender,male,124724,0.2759213149547577,0.01,0.009340624098008402,,,,
colorferet,edgeface_xs,112,1024,heif,gender,__overall__,162366,0.2759213149547577,0.01,0.010002094034465343,0.009340624098008402,0.012193826045374848,0.28532019473664455,2.0
colorferet,edgeface_xs,112,1024,heif,age,26-35,23660,0.27595096826553345,0.01,0.010819949281487743,,,,
colorferet,edgeface_xs,112,1024,heif,age,36-50,28990,0.27595096826553345,0.01,0.007795791652293894,,,,
colorferet,edgeface_xs,112,1024,heif,age,51-65,540,0.27595096826553345,0.01,0.007407407407407408,,,,
colorferet,edgeface_xs,112,1024,heif,age,<=25,39049,0.27595096826553345,0.01,0.011191067632973955,,,,
colorferet,edgeface_xs,112,1024,heif,age,__overall__,92240,0.27595096826553345,0.01,0.010006504770164787,0.007407407407407408,0.011191067632973955,0.37836602255665475,4.0
colorferet,edgeface_xs,112,1024,heif,pose,frontal,30858,0.37346985936164856,0.001,0.00042128459394646445,,,,
colorferet,edgeface_xs,112,1024,heif,pose,half,15773,0.37346985936164856,0.001,0.0006339948012426298,,,,
colorferet,edgeface_xs,112,1024,heif,pose,profile,20437,0.37346985936164856,0.001,0.0023976121739981405,,,,
colorferet,edgeface_xs,112,1024,heif,pose,quarter,10577,0.37346985936164856,0.001,0.0005672686016828969,,,,
colorferet,edgeface_xs,112,1024,heif,pose,__overall__,77645,0.37346985936164856,0.001,0.0010045720909266534,0.00042128459394646445,0.0023976121739981405,0.19763275800516758,4.0
colorferet,edgeface_xs,112,1024,heif,skin_tone,Asian,16178,0.36350223422050476,0.001,0.002472493509704537,,,,
colorferet,edgeface_xs,112,1024,heif,skin_tone,Black,1745,0.36350223422050476,0.001,0.002292263610315186,,,,
colorferet,edgeface_xs,112,1024,heif,skin_tone,Hispanic,748,0.36350223422050476,0.001,0.001336898395721925,,,,
colorferet,edgeface_xs,112,1024,heif,skin_tone,White,116837,0.36350223422050476,0.001,0.0007788628602240728,,,,
colorferet,edgeface_xs,112,1024,heif,skin_tone,__overall__,135532,0.36350223422050476,0.001,0.001003453059056164,0.0007788628602240728,0.002472493509704537,0.1693630649480464,4.0
colorferet,edgeface_xs,112,1024,heif,gender,female,37642,0.36229971051216125,0.001,0.0013814356304128368,,,,
colorferet,edgeface_xs,112,1024,heif,gender,male,124724,0.36229971051216125,0.001,0.0008899650428145345,,,,
colorferet,edgeface_xs,112,1024,heif,gender,__overall__,162366,0.36229971051216125,0.001,0.0010039047583853763,0.0008899650428145345,0.0013814356304128368,0.04914705875983023,2.0
colorferet,edgeface_xs,112,1024,heif,age,26-35,23660,0.36442577838897705,0.001,0.0013947590870667793,,,,
colorferet,edgeface_xs,112,1024,heif,age,36-50,28990,0.36442577838897705,0.001,0.0006553984132459469,,,,
colorferet,edgeface_xs,112,1024,heif,age,51-65,540,0.36442577838897705,0.001,0.0,,,,
colorferet,edgeface_xs,112,1024,heif,age,<=25,39049,0.36442577838897705,0.001,0.001049962867166893,,,,
colorferet,edgeface_xs,112,1024,heif,age,__overall__,92240,0.36442577838897705,0.001,0.0010082393755420642,0.0,0.0013947590870667793,0.13947590870667792,4.0
colorferet,edgeface_xs,112,512,heif,pose,frontal,30858,0.381587952375412,0.01,0.006513707952556873,,,,
colorferet,edgeface_xs,112,512,heif,pose,half,15773,0.381587952375412,0.01,0.006466746972674824,,,,
colorferet,edgeface_xs,112,512,heif,pose,profile,20437,0.381587952375412,0.01,0.021529578705289425,,,,
colorferet,edgeface_xs,112,512,heif,pose,quarter,10577,0.381587952375412,0.01,0.003214522076203082,,,,
colorferet,edgeface_xs,112,512,heif,pose,__overall__,77645,0.381587952375412,0.01,0.01000708352115397,0.003214522076203082,0.021529578705289425,1.8315056629086341,4.0
colorferet,edgeface_xs,112,512,heif,skin_tone,Asian,16178,0.3616589903831482,0.01,0.013660526641117566,,,,
colorferet,edgeface_xs,112,512,heif,skin_tone,Black,1745,0.3616589903831482,0.01,0.017191977077363897,,,,
colorferet,edgeface_xs,112,512,heif,skin_tone,Hispanic,748,0.3616589903831482,0.01,0.0066844919786096255,,,,
colorferet,edgeface_xs,112,512,heif,skin_tone,White,116837,0.3616589903831482,0.01,0.009414825782928354,,,,
colorferet,edgeface_xs,112,512,heif,skin_tone,__overall__,135532,0.3616589903831482,0.01,0.01000501726529528,0.0066844919786096255,0.017191977077363897,1.0507485098754272,4.0
colorferet,edgeface_xs,112,512,heif,gender,female,37642,0.361701637506485,0.01,0.012990808139843792,,,,
colorferet,edgeface_xs,112,512,heif,gender,male,124724,0.361701637506485,0.01,0.009100093005355825,,,,
colorferet,edgeface_xs,112,512,heif,gender,__overall__,162366,0.361701637506485,0.01,0.010002094034465343,0.009100093005355825,0.012990808139843792,0.3890715134487967,2.0
colorferet,edgeface_xs,112,512,heif,age,26-35,23660,0.3628418445587158,0.01,0.010524091293322062,,,,
colorferet,edgeface_xs,112,512,heif,age,36-50,28990,0.3628418445587158,0.01,0.005691617799241117,,,,
colorferet,edgeface_xs,112,512,heif,age,51-65,540,0.3628418445587158,0.01,0.003703703703703704,,,,
colorferet,edgeface_xs,112,512,heif,age,<=25,39049,0.3628418445587158,0.01,0.012983687162283285,,,,
colorferet,edgeface_xs,112,512,heif,age,__overall__,92240,0.3628418445587158,0.01,0.010006504770164787,0.003703703703703704,0.012983687162283285,0.927998345857958,4.0
colorferet,edgeface_xs,112,512,heif,pose,frontal,30858,0.4887196719646454,0.001,0.0005185041156264178,,,,
colorferet,edgeface_xs,112,512,heif,pose,half,15773,0.4887196719646454,0.001,0.0003169974006213149,,,,
colorferet,edgeface_xs,112,512,heif,pose,profile,20437,0.4887196719646454,0.001,0.002691197338161178,,,,
colorferet,edgeface_xs,112,512,heif,pose,quarter,10577,0.4887196719646454,0.001,0.00018908953389429895,,,,
colorferet,edgeface_xs,112,512,heif,pose,__overall__,77645,0.4887196719646454,0.001,0.0010045720909266534,0.00018908953389429895,0.002691197338161178,0.25021078042668793,4.0
colorferet,edgeface_xs,112,512,heif,skin_tone,Asian,16178,0.4613144099712372,0.001,0.0014834961058227223,,,,
colorferet,edgeface_xs,112,512,heif,skin_tone,Black,1745,0.4613144099712372,0.001,0.002292263610315186,,,,
colorferet,edgeface_xs,112,512,heif,skin_tone,Hispanic,748,0.4613144099712372,0.001,0.001336898395721925,,,,
colorferet,edgeface_xs,112,512,heif,skin_tone,White,116837,0.4613144099712372,0.001,0.0009158057807030308,,,,
colorferet,edgeface_xs,112,512,heif,skin_tone,__overall__,135532,0.4613144099712372,0.001,0.001003453059056164,0.0009158057807030308,0.002292263610315186,0.13764578296121552,4.0
colorferet,edgeface_xs,112,512,heif,gender,female,37642,0.46716731786727905,0.001,0.0012751713511503107,,,,
colorferet,edgeface_xs,112,512,heif,gender,male,124724,0.46716731786727905,0.001,0.0009220358551682114,,,,
colorferet,edgeface_xs,112,512,heif,gender,__overall__,162366,0.46716731786727905,0.001,0.0010039047583853763,0.0009220358551682114,0.0012751713511503107,0.03531354959820993,2.0
colorferet,edgeface_xs,112,512,heif,age,26-35,23660,0.46840140223503113,0.001,0.0013102282333051563,,,,
colorferet,edgeface_xs,112,512,heif,age,36-50,28990,0.46840140223503113,0.001,0.00048292514660227664,,,,
colorferet,edgeface_xs,112,512,heif,age,51-65,540,0.46840140223503113,0.001,0.001851851851851852,,,,
colorferet,edgeface_xs,112,512,heif,age,<=25,39049,0.46840140223503113,0.001,0.0012036159696791212,,,,
colorferet,edgeface_xs,112,512,heif,age,__overall__,92240,0.46840140223503113,0.001,0.0010082393755420642,0.00048292514660227664,0.001851851851851852,0.13689267052495752,4.0
colorferet,edgeface_xs,112,1024,jpeg2000,pose,frontal,30858,0.3379041254520416,0.01,0.01108302547151468,,,,
colorferet,edgeface_xs,112,1024,jpeg2000,pose,half,15773,0.3379041254520416,0.01,0.0056425537310594055,,,,
colorferet,edgeface_xs,112,1024,jpeg2000,pose,profile,20437,0.3379041254520416,0.01,0.014092087879825806,,,,
colorferet,edgeface_xs,112,1024,jpeg2000,pose,quarter,10577,0.3379041254520416,0.01,0.00548359648293467,,,,
colorferet,edgeface_xs,112,1024,jpeg2000,pose,__overall__,77645,0.3379041254520416,0.01,0.01000708352115397,0.00548359648293467,0.014092087879825806,0.8608491396891136,4.0
colorferet,edgeface_xs,112,1024,jpeg2000,skin_tone,Asian,16178,0.32547706365585327,0.01,0.01730745456793176,,,,
colorferet,edgeface_xs,112,1024,jpeg2000,skin_tone,Black,1745,0.32547706365585327,0.01,0.022922636103151862,,,,
colorferet,edgeface_xs,112,1024,jpeg2000,skin_tone,Hispanic,748,0.32547706365585327,0.01,0.014705882352941176,,,,
colorferet,edgeface_xs,112,1024,jpeg2000,skin_tone,White,116837,0.32547706365585327,0.01,0.008772905843183238,,,,
colorferet,edgeface_xs,112,1024,jpeg2000,skin_tone,__overall__,135532,0.32547706365585327,0.01,0.01000501726529528,0.008772905843183238,0.022922636103151862,1.4149730259968625,4.0
colorferet,edgeface_xs,112,1024,jpeg2000,gender,female,37642,0.32529282569885254,0.01,0.013920620583390893,,,,
colorferet,edgeface_xs,112,1024,jpeg2000,gender,male,124724,0.32529282569885254,0.01,0.008819473397261152,,,,
colorferet,edgeface_xs,112,1024,jpeg2000,gender,__overall__,162366,0.32529282569885254,0.01,0.010002094034465343,0.008819473397261152,0.013920620583390893,0.5101147186129741,2.0
colorferet,edgeface_xs,112,1024,jpeg2000,age,26-35,23660,0.3250071406364441,0.01,0.010524091293322062,,,,
colorferet,edgeface_xs,112,1024,jpeg2000,age,36-50,28990,0.3250071406364441,0.01,0.007002414625733012,,,,
colorferet,edgeface_xs,112,1024,jpeg2000,age,51-65,540,0.3250071406364441,0.01,0.007407407407407408,,,,
colorferet,edgeface_xs,112,1024,jpeg2000,age,<=25,39049,0.3250071406364441,0.01,0.011959333145535097,,,,
colorferet,edgeface_xs,112,1024,jpeg2000,age,__overall__,92240,0.3250071406364441,0.01,0.010006504770164787,0.007002414625733012,0.011959333145535097,0.49569185198020854,4.0
colorferet,edgeface_xs,112,1024,jpeg2000,pose,frontal,30858,0.43648022413253784,0.001,0.0009073822023462311,,,,
colorferet,edgeface_xs,112,1024,jpeg2000,pose,half,15773,0.43648022413253784,0.001,0.0004437963608698409,,,,
colorferet,edgeface_xs,112,1024,jpeg2000,pose,profile,20437,0.43648022413253784,0.001,0.0019572344277535843,,,,
colorferet,edgeface_xs,112,1024,jpeg2000,pose,quarter,10577,0.43648022413253784,0.001,0.00028363430084144843,,,,
colorferet,edgeface_xs,112,1024,jpeg2000,pose,__overall__,77645,0.43648022413253784,0.001,0.0010045720909266534,0.00028363430084144843,0.0019572344277535843,0.1673600126912136,4.0
colorferet,edgeface_xs,112,1024,jpeg2000,skin_tone,Asian,16178,0.4203571081161499,0.001,0.002039807145506243,,,,
colorferet,edgeface_xs,112,1024,jpeg2000,skin_tone,Black,1745,0.4203571081161499,0.001,0.0017191977077363897,,,,
colorferet,edgeface_xs,112,1024,jpeg2000,skin_tone,Hispanic,748,0.4203571081161499,0.001,0.0,,,,
colorferet,edgeface_xs,112,1024,jpeg2000,skin_tone,White,116837,0.4203571081161499,0.001,0.0008558932529934867,,,,
colorferet,edgeface_xs,112,1024,jpeg2000,skin_tone,__overall__,135532,0.4203571081161499,0.001,0.001003453059056164,0.0,0.002039807145506243,0.2039807145506243,4.0
colorferet,edgeface_xs,112,1024,jpeg2000,gender,female,37642,0.41866177320480347,0.001,0.0014080017002284682,,,,
colorferet,edgeface_xs,112,1024,jpeg2000,gender,male,124724,0.41866177320480347,0.001,0.0008819473397261153,,,,
colorferet,edgeface_xs,112,1024,jpeg2000,gender,__overall__,162366,0.41866177320480347,0.001,0.0010039047583853763,0.0008819473397261153,0.0014080017002284682,0.05260543605023529,2.0
colorferet,edgeface_xs,112,1024,jpeg2000,age,26-35,23660,0.4238603115081787,0.001,0.001098901098901099,,,,
colorferet,edgeface_xs,112,1024,jpeg2000,age,36-50,28990,0.4238603115081787,0.001,0.0007243877199034149,,,,
colorferet,edgeface_xs,112,1024,jpeg2000,age,51-65,540,0.4238603115081787,0.001,0.0,,,,
colorferet,edgeface_xs,112,1024,jpeg2000,age,<=25,39049,0.4238603115081787,0.001,0.0011780071192604164,,,,
colorferet,edgeface_xs,112,1024,jpeg2000,age,__overall__,92240,0.4238603115081787,0.001,0.0010082393755420642,0.0,0.0011780071192604164,0.11780071192604165,4.0
colorferet,edgeface_xs,112,512,jpeg2000,pose,frontal,30858,0.5082322955131531,0.01,0.005476699721304038,,,,
colorferet,edgeface_xs,112,512,jpeg2000,pose,half,15773,0.5082322955131531,0.01,0.011665504342864388,,,,
colorferet,edgeface_xs,112,512,jpeg2000,pose,profile,20437,0.5082322955131531,0.01,0.019083035670597447,,,,
colorferet,edgeface_xs,112,512,jpeg2000,pose,quarter,10577,0.5082322955131531,0.01,0.003214522076203082,,,,
colorferet,edgeface_xs,112,512,jpeg2000,pose,__overall__,77645,0.5082322955131531,0.01,0.01000708352115397,0.003214522076203082,0.019083035670597447,1.5868513594394364,4.0
colorferet,edgeface_xs,112,512,jpeg2000,skin_tone,Asian,16178,0.4735489785671234,0.01,0.015762146124366425,,,,
colorferet,edgeface_xs,112,512,jpeg2000,skin_tone,Black,1745,0.4735489785671234,0.01,0.008595988538681949,,,,
colorferet,edgeface_xs,112,512,jpeg2000,skin_tone,Hispanic,748,0.4735489785671234,0.01,0.016042780748663103,,,,
colorferet,edgeface_xs,112,512,jpeg2000,skin_tone,White,116837,0.4735489785671234,0.01,0.009192293537150047,,,,
colorferet,edgeface_xs,112,512,jpeg2000,skin_tone,__overall__,135532,0.4735489785671234,0.01,0.01000501726529528,0.008595988538681949,0.016042780748663103,0.7446792209981155,4.0
colorferet,edgeface_xs,112,512,jpeg2000,gender,female,37642,0.4773312211036682,0.01,0.010413899367727538,,,,
colorferet,edgeface_xs,112,512,jpeg2000,gender,male,124724,0.4773312211036682,0.01,0.00987781020493249,,,,
colorferet,edgeface_xs,112,512,jpeg2000,gender,__overall__,162366,0.4773312211036682,0.01,0.010002094034465343,0.00987781020493249,0.010413899367727538,0.05360891627950483,2.0
colorferet,edgeface_xs,112,512,jpeg2000,age,26-35,23660,0.4793679416179657,0.01,0.010862214708368555,,,,
colorferet,edgeface_xs,112,512,jpeg2000,age,36-50,28990,0.4793679416179657,0.01,0.003897895826146947,,,,
colorferet,edgeface_xs,112,512,jpeg2000,age,51-65,540,0.4793679416179657,0.01,0.007407407407407408,,,,
colorferet,edgeface_xs,112,512,jpeg2000,age,<=25,39049,0.4793679416179657,0.01,0.014059258879868882,,,,
colorferet,edgeface_xs,112,512,jpeg2000,age,__overall__,92240,0.4793679416179657,0.01,0.010006504770164787,0.003897895826146947,0.014059258879868882,1.0161363053721937,4.0
colorferet,edgeface_xs,112,512,jpeg2000,pose,frontal,30858,0.6255006790161133,0.001,0.00035647157949316225,,,,
colorferet,edgeface_xs,112,512,jpeg2000,pose,half,15773,0.6255006790161133,0.001,0.0013947885627337857,,,,
colorferet,edgeface_xs,112,512,jpeg2000,pose,profile,20437,0.6255006790161133,0.001,0.002104027009835103,,,,
colorferet,edgeface_xs,112,512,jpeg2000,pose,quarter,10577,0.6255006790161133,0.001,0.00018908953389429895,,,,
colorferet,edgeface_xs,112,512,jpeg2000,pose,__overall__,77645,0.6255006790161133,0.001,0.0010045720909266534,0.00018908953389429895,0.002104027009835103,0.1914937475940804,4.0
colorferet,edgeface_xs,112,512,jpeg2000,skin_tone,Asian,16178,0.588899552822113,0.001,0.001607120781307949,,,,
colorferet,edgeface_xs,112,512,jpeg2000,skin_tone,Black,1745,0.588899552822113,0.001,0.0017191977077363897,,,,
colorferet,edgeface_xs,112,512,jpeg2000,skin_tone,Hispanic,748,0.588899552822113,0.001,0.001336898395721925,,,,
colorferet,edgeface_xs,112,512,jpeg2000,skin_tone,White,116837,0.588899552822113,0.001,0.0009072468481730959,,,,
colorferet,edgeface_xs,112,512,jpeg2000,skin_tone,__overall__,135532,0.588899552822113,0.001,0.001003453059056164,0.0009072468481730959,0.0017191977077363897,0.08119508595632938,4.0
colorferet,edgeface_xs,112,512,jpeg2000,gender,female,37642,0.5941237807273865,0.001,0.0007704160246533128,,,,
colorferet,edgeface_xs,112,512,jpeg2000,gender,male,124724,0.5941237807273865,0.001,0.0010743722138481767,,,,
colorferet,edgeface_xs,112,512,jpeg2000,gender,__overall__,162366,0.5941237807273865,0.001,0.0010039047583853763,0.0007704160246533128,0.0010743722138481767,0.030395618919486386,2.0
colorferet,edgeface_xs,112,512,jpeg2000,age,26-35,23660,0.5950945615768433,0.001,0.0009298393913778529,,,,
colorferet,edgeface_xs,112,512,jpeg2000,age,36-50,28990,0.5950945615768433,0.001,0.0003794411866160745,,,,
colorferet,edgeface_xs,112,512,jpeg2000,age,51-65,540,0.5950945615768433,0.001,0.0,,,,
colorferet,edgeface_xs,112,512,jpeg2000,age,<=25,39049,0.5950945615768433,0.001,0.0015365310251222823,,,,
colorferet,edgeface_xs,112,512,jpeg2000,age,__overall__,92240,0.5950945615768433,0.001,0.0010082393755420642,0.0,0.0015365310251222823,0.15365310251222825,4.0
colorferet,edgeface_xs,112,1024,jpeg,pose,frontal,30858,0.28205767273902893,0.01,0.005411886706850735,,,,
colorferet,edgeface_xs,112,1024,jpeg,pose,half,15773,0.28205767273902893,0.01,0.007481138654663032,,,,
colorferet,edgeface_xs,112,1024,jpeg,pose,profile,20437,0.28205767273902893,0.01,0.020306307187943434,,,,
colorferet,edgeface_xs,112,1024,jpeg,pose,quarter,10577,0.28205767273902893,0.01,0.00727994705493051,,,,
colorferet,edgeface_xs,112,1024,jpeg,pose,__overall__,77645,0.28205767273902893,0.01,0.01000708352115397,0.005411886706850735,0.020306307187943434,1.4894420481092698,4.0
colorferet,edgeface_xs,112,1024,jpeg,skin_tone,Asian,16178,0.2804318964481354,0.01,0.017245642230189144,,,,
colorferet,edgeface_xs,112,1024,jpeg,skin_tone,Black,1745,0.2804318964481354,0.01,0.029226361031518624,,,,
colorferet,edgeface_xs,112,1024,jpeg,skin_tone,Hispanic,748,0.2804318964481354,0.01,0.013368983957219251,,,,
colorferet,edgeface_xs,112,1024,jpeg,skin_tone,White,116837,0.2804318964481354,0.01,0.008687316517883889,,,,
colorferet,edgeface_xs,112,1024,jpeg,skin_tone,__overall__,135532,0.2804318964481354,0.01,0.01000501726529528,0.008687316517883889,0.029226361031518624,2.0539044513634734,4.0
colorferet,edgeface_xs,112,1024,jpeg,gender,female,37642,0.2817942798137665,0.01,0.015142659794909941,,,,
colorferet,edgeface_xs,112,1024,jpeg,gender,male,124724,0.2817942798137665,0.01,0.008450659055193868,,,,
colorferet,edgeface_xs,112,1024,jpeg,gender,__overall__,162366,0.2817942798137665,0.01,0.010002094034465343,0.008450659055193868,0.015142659794909941,0.6692000739716073,2.0
colorferet,edgeface_xs,112,1024,jpeg,age,26-35,23660,0.2774360179901123,0.01,0.010608622147083685,,,,
colorferet,edgeface_xs,112,1024,jpeg,age,36-50,28990,0.2774360179901123,0.01,0.008244222145567437,,,,
colorferet,edgeface_xs,112,1024,jpeg,age,51-65,540,0.2774360179901123,0.01,0.009259259259259259,,,,
colorferet,edgeface_xs,112,1024,jpeg,age,<=25,39049,0.2774360179901123,0.01,0.010960587979205613,,,,
colorferet,edgeface_xs,112,1024,jpeg,age,__overall__,92240,0.2774360179901123,0.01,0.010006504770164787,0.008244222145567437,0.010960587979205613,0.2716365833638176,4.0
colorferet,edgeface_xs,112,1024,jpeg,pose,frontal,30858,0.379862904548645,0.001,0.0003240650722665111,,,,
colorferet,edgeface_xs,112,1024,jpeg,pose,half,15773,0.379862904548645,0.001,0.0003169974006213149,,,,
colorferet,edgeface_xs,112,1024,jpeg,pose,profile,20437,0.379862904548645,0.001,0.0027890590595488576,,,,
colorferet,edgeface_xs,112,1024,jpeg,pose,quarter,10577,0.379862904548645,0.001,0.0005672686016828969,,,,
colorferet,edgeface_xs,112,1024,jpeg,pose,__overall__,77645,0.379862904548645,0.001,0.0010045720909266534,0.0003169974006213149,0.0027890590595488576,0.24720616589275426,4.0
colorferet,edgeface_xs,112,1024,jpeg,skin_tone,Asian,16178,0.37081143260002136,0.001,0.0021016194832488566,,,,
colorferet,edgeface_xs,112,1024,jpeg,skin_tone,Black,1745,0.37081143260002136,0.001,0.006303724928366762,,,,
colorferet,edgeface_xs,112,1024,jpeg,skin_tone,Hispanic,748,0.37081143260002136,0.001,0.0,,,,
colorferet,edgeface_xs,112,1024,jpeg,skin_tone,White,116837,0.37081143260002136,0.001,0.0007788628602240728,,,,
colorferet,edgeface_xs,112,1024,jpeg,skin_tone,__overall__,135532,0.37081143260002136,0.001,0.001003453059056164,0.0,0.006303724928366762,0.6303724928366762,4.0
colorferet,edgeface_xs,112,1024,jpeg,gender,female,37642,0.37038496136665344,0.001,0.002019021305987992,,,,
colorferet,edgeface_xs,112,1024,jpeg,gender,male,124724,0.37038496136665344,0.001,0.0006975401686924729,,,,
colorferet,edgeface_xs,112,1024,jpeg,gender,__overall__,162366,0.37038496136665344,0.001,0.0010039047583853763,0.0006975401686924729,0.002019021305987992,0.1321481137295519,2.0
colorferet,edgeface_xs,112,1024,jpeg,age,26-35,23660,0.37003690004348755,0.001,0.001352493660185968,,,,
colorferet,edgeface_xs,112,1024,jpeg,age,36-50,28990,0.37003690004348755,0.001,0.0006553984132459469,,,,
colorferet,edgeface_xs,112,1024,jpeg,age,51-65,540,0.37003690004348755,0.001,0.003703703703703704,,,,
colorferet,edgeface_xs,112,1024,jpeg,age,<=25,39049,0.37003690004348755,0.001,0.0010243540167481882,,,,
colorferet,edgeface_xs,112,1024,jpeg,age,__overall__,92240,0.37003690004348755,0.001,0.0010082393755420642,0.0006553984132459469,0.003703703703703704,0.30483052904577573,4.0
colorferet,edgeface_xs,112,512,jpeg,pose,frontal,30858,0.814646303653717,0.01,0.00174995139023916,,,,
colorferet,edgeface_xs,112,512,jpeg,pose,half,15773,0.814646303653717,0.01,0.00874912825714829,,,,
colorferet,edgeface_xs,112,512,jpeg,pose,profile,20437,0.814646303653717,0.01,0.027645936292019377,,,,
colorferet,edgeface_xs,112,512,jpeg,pose,quarter,10577,0.814646303653717,0.01,0.0018908953389429894,,,,
colorferet,edgeface_xs,112,512,jpeg,pose,__overall__,77645,0.814646303653717,0.01,0.01000708352115397,0.00174995139023916,0.027645936292019377,2.589598490178022,4.0
colorferet,edgeface_xs,112,512,jpeg,skin_tone,Asian,16178,0.751076340675354,0.01,0.01477314872048461,,,,
colorferet,edgeface_xs,112,512,jpeg,skin_tone,Black,1745,0.751076340675354,0.01,0.02865329512893983,,,,
colorferet,edgeface_xs,112,512,jpeg,skin_tone,Hispanic,748,0.751076340675354,0.01,0.020053475935828877,,,,
colorferet,edgeface_xs,112,512,jpeg,skin_tone,White,116837,0.751076340675354,0.01,0.00900399702149148,,,,
colorferet,edgeface_xs,112,512,jpeg,skin_tone,__overall__,135532,0.751076340675354,0.01,0.01000501726529528,0.00900399702149148,0.02865329512893983,1.9649298107448352,4.0
colorferet,edgeface_xs,112,512,jpeg,gender,female,37642,0.7727791666984558,0.01,0.009510652993996067,,,,
colorferet,edgeface_xs,112,512,jpeg,gender,male,124724,0.7727791666984558,0.01,0.010150412109938745,,,,
colorferet,edgeface_xs,112,512,jpeg,gender,__overall__,162366,0.7727791666984558,0.01,0.010002094034465343,0.009510652993996067,0.010150412109938745,0.06397591159426774,2.0
colorferet,edgeface_xs,112,512,jpeg,age,26-35,23660,0.7869357466697693,0.01,0.004733727810650888,,,,
colorferet,edgeface_xs,112,512,jpeg,age,36-50,28990,0.7869357466697693,0.01,0.0035184546395308726,,,,
colorferet,edgeface_xs,112,512,jpeg,age,51-65,540,0.7869357466697693,0.01,0.001851851851851852,,,,
colorferet,edgeface_xs,112,512,jpeg,age,<=25,39049,0.7869357466697693,0.01,0.01813106609644293,,,,
colorferet,edgeface_xs,112,512,jpeg,age,__overall__,92240,0.7869357466697693,0.01,0.010006504770164787,0.001851851851851852,0.01813106609644293,1.627921424459108,4.0
colorferet,edgeface_xs,112,512,jpeg,pose,frontal,30858,0.9269105195999146,0.001,0.00035647157949316225,,,,
colorferet,edgeface_xs,112,512,jpeg,pose,half,15773,0.9269105195999146,0.001,0.0008875927217396818,,,,
colorferet,edgeface_xs,112,512,jpeg,pose,profile,20437,0.9269105195999146,0.001,0.0025444047560796595,,,,
colorferet,edgeface_xs,112,512,jpeg,pose,quarter,10577,0.9269105195999146,0.001,9.454476694714947e-05,,,,
colorferet,edgeface_xs,112,512,jpeg,pose,__overall__,77645,0.9269105195999146,0.001,0.0010045720909266534,9.454476694714947e-05,0.0025444047560796595,0.24498599891325099,4.0
colorferet,edgeface_xs,112,512,jpeg,skin_tone,Asian,16178,0.9026228189468384,0.001,0.00216343182099147,,,,
colorferet,edgeface_xs,112,512,jpeg,skin_tone,Black,1745,0.9026228189468384,0.001,0.0028653295128939827,,,,
colorferet,edgeface_xs,112,512,jpeg,skin_tone,Hispanic,748,0.9026228189468384,0.001,0.00267379679144385,,,,
colorferet,edgeface_xs,112,512,jpeg,skin_tone,White,116837,0.9026228189468384,0.001,0.0008045396578138774,,,,
colorferet,edgeface_xs,112,512,jpeg,skin_tone,__overall__,135532,0.9026228189468384,0.001,0.001003453059056164,0.0008045396578138774,0.0028653295128939827,0.20607898550801051,4.0
colorferet,edgeface_xs,112,512,jpeg,gender,female,37642,0.9131735563278198,0.001,0.0007438499548376813,,,,
colorferet,edgeface_xs,112,512,jpeg,gender,male,124724,0.9131735563278198,0.001,0.001082389916936596,,,,
colorferet,edgeface_xs,112,512,jpeg,gender,__overall__,162366,0.9131735563278198,0.001,0.0010039047583853763,0.0007438499548376813,0.001082389916936596,0.033853996209891477,2.0
colorferet,edgeface_xs,112,512,jpeg,age,26-35,23660,0.9257165193557739,0.001,0.0005494505494505495,,,,
colorferet,edgeface_xs,112,512,jpeg,age,36-50,28990,0.9257165193557739,0.001,0.0001379786133149362,,,,
colorferet,edgeface_xs,112,512,jpeg,age,51-65,540,0.9257165193557739,0.001,0.0,,,,
colorferet,edgeface_xs,112,512,jpeg,age,<=25,39049,0.9257165193557739,0.001,0.0019462726318215575,,,,
colorferet,edgeface_xs,112,512,jpeg,age,__overall__,92240,0.9257165193557739,0.001,0.0010082393755420642,0.0,0.0019462726318215575,0.19462726318215576,4.0
colorferet,edgeface_xs,112,1024,jpeg_ai,pose,frontal,30858,,0.01,0.0,,,,
colorferet,edgeface_xs,112,1024,jpeg_ai,pose,half,15773,,0.01,0.0,,,,
colorferet,edgeface_xs,112,1024,jpeg_ai,pose,profile,20437,,0.01,0.0,,,,
colorferet,edgeface_xs,112,1024,jpeg_ai,pose,quarter,10577,,0.01,0.0,,,,
colorferet,edgeface_xs,112,1024,jpeg_ai,pose,__overall__,77645,,0.01,0.0,0.0,0.0,0.0,4.0
colorferet,edgeface_xs,112,1024,jpeg_ai,skin_tone,Asian,16178,,0.01,0.0,,,,
colorferet,edgeface_xs,112,1024,jpeg_ai,skin_tone,Black,1745,,0.01,0.0,,,,
colorferet,edgeface_xs,112,1024,jpeg_ai,skin_tone,Hispanic,748,,0.01,0.0,,,,
colorferet,edgeface_xs,112,1024,jpeg_ai,skin_tone,White,116837,,0.01,0.0,,,,
colorferet,edgeface_xs,112,1024,jpeg_ai,skin_tone,__overall__,135532,,0.01,0.0,0.0,0.0,0.0,4.0
colorferet,edgeface_xs,112,1024,jpeg_ai,gender,female,37642,,0.01,0.0,,,,
colorferet,edgeface_xs,112,1024,jpeg_ai,gender,male,124724,,0.01,0.0,,,,
colorferet,edgeface_xs,112,1024,jpeg_ai,gender,__overall__,162366,,0.01,0.0,0.0,0.0,0.0,2.0
colorferet,edgeface_xs,112,1024,jpeg_ai,age,26-35,23660,,0.01,0.0,,,,
colorferet,edgeface_xs,112,1024,jpeg_ai,age,36-50,28990,,0.01,0.0,,,,
colorferet,edgeface_xs,112,1024,jpeg_ai,age,51-65,540,,0.01,0.0,,,,
colorferet,edgeface_xs,112,1024,jpeg_ai,age,<=25,39049,,0.01,0.0,,,,
colorferet,edgeface_xs,112,1024,jpeg_ai,age,__overall__,92240,,0.01,0.0,0.0,0.0,0.0,4.0
colorferet,edgeface_xs,112,1024,jpeg_ai,pose,frontal,30858,,0.001,0.0,,,,
colorferet,edgeface_xs,112,1024,jpeg_ai,pose,half,15773,,0.001,0.0,,,,
colorferet,edgeface_xs,112,1024,jpeg_ai,pose,profile,20437,,0.001,0.0,,,,
colorferet,edgeface_xs,112,1024,jpeg_ai,pose,quarter,10577,,0.001,0.0,,,,
colorferet,edgeface_xs,112,1024,jpeg_ai,pose,__overall__,77645,,0.001,0.0,0.0,0.0,0.0,4.0
colorferet,edgeface_xs,112,1024,jpeg_ai,skin_tone,Asian,16178,,0.001,0.0,,,,
colorferet,edgeface_xs,112,1024,jpeg_ai,skin_tone,Black,1745,,0.001,0.0,,,,
colorferet,edgeface_xs,112,1024,jpeg_ai,skin_tone,Hispanic,748,,0.001,0.0,,,,
colorferet,edgeface_xs,112,1024,jpeg_ai,skin_tone,White,116837,,0.001,0.0,,,,
colorferet,edgeface_xs,112,1024,jpeg_ai,skin_tone,__overall__,135532,,0.001,0.0,0.0,0.0,0.0,4.0
colorferet,edgeface_xs,112,1024,jpeg_ai,gender,female,37642,,0.001,0.0,,,,
colorferet,edgeface_xs,112,1024,jpeg_ai,gender,male,124724,,0.001,0.0,,,,
colorferet,edgeface_xs,112,1024,jpeg_ai,gender,__overall__,162366,,0.001,0.0,0.0,0.0,0.0,2.0
colorferet,edgeface_xs,112,1024,jpeg_ai,age,26-35,23660,,0.001,0.0,,,,
colorferet,edgeface_xs,112,1024,jpeg_ai,age,36-50,28990,,0.001,0.0,,,,
colorferet,edgeface_xs,112,1024,jpeg_ai,age,51-65,540,,0.001,0.0,,,,
colorferet,edgeface_xs,112,1024,jpeg_ai,age,<=25,39049,,0.001,0.0,,,,
colorferet,edgeface_xs,112,1024,jpeg_ai,age,__overall__,92240,,0.001,0.0,0.0,0.0,0.0,4.0
colorferet,edgeface_xs,112,512,jpeg_ai,pose,frontal,30858,,0.01,0.0,,,,
colorferet,edgeface_xs,112,512,jpeg_ai,pose,half,15773,,0.01,0.0,,,,
colorferet,edgeface_xs,112,512,jpeg_ai,pose,profile,20437,,0.01,0.0,,,,
colorferet,edgeface_xs,112,512,jpeg_ai,pose,quarter,10577,,0.01,0.0,,,,
colorferet,edgeface_xs,112,512,jpeg_ai,pose,__overall__,77645,,0.01,0.0,0.0,0.0,0.0,4.0
colorferet,edgeface_xs,112,512,jpeg_ai,skin_tone,Asian,16178,,0.01,0.0,,,,
colorferet,edgeface_xs,112,512,jpeg_ai,skin_tone,Black,1745,,0.01,0.0,,,,
colorferet,edgeface_xs,112,512,jpeg_ai,skin_tone,Hispanic,748,,0.01,0.0,,,,
colorferet,edgeface_xs,112,512,jpeg_ai,skin_tone,White,116837,,0.01,0.0,,,,
colorferet,edgeface_xs,112,512,jpeg_ai,skin_tone,__overall__,135532,,0.01,0.0,0.0,0.0,0.0,4.0
colorferet,edgeface_xs,112,512,jpeg_ai,gender,female,37642,,0.01,0.0,,,,
colorferet,edgeface_xs,112,512,jpeg_ai,gender,male,124724,,0.01,0.0,,,,
colorferet,edgeface_xs,112,512,jpeg_ai,gender,__overall__,162366,,0.01,0.0,0.0,0.0,0.0,2.0
colorferet,edgeface_xs,112,512,jpeg_ai,age,26-35,23660,,0.01,0.0,,,,
colorferet,edgeface_xs,112,512,jpeg_ai,age,36-50,28990,,0.01,0.0,,,,
colorferet,edgeface_xs,112,512,jpeg_ai,age,51-65,540,,0.01,0.0,,,,
colorferet,edgeface_xs,112,512,jpeg_ai,age,<=25,39049,,0.01,0.0,,,,
colorferet,edgeface_xs,112,512,jpeg_ai,age,__overall__,92240,,0.01,0.0,0.0,0.0,0.0,4.0
colorferet,edgeface_xs,112,512,jpeg_ai,pose,frontal,30858,,0.001,0.0,,,,
colorferet,edgeface_xs,112,512,jpeg_ai,pose,half,15773,,0.001,0.0,,,,
colorferet,edgeface_xs,112,512,jpeg_ai,pose,profile,20437,,0.001,0.0,,,,
colorferet,edgeface_xs,112,512,jpeg_ai,pose,quarter,10577,,0.001,0.0,,,,
colorferet,edgeface_xs,112,512,jpeg_ai,pose,__overall__,77645,,0.001,0.0,0.0,0.0,0.0,4.0
colorferet,edgeface_xs,112,512,jpeg_ai,skin_tone,Asian,16178,,0.001,0.0,,,,
colorferet,edgeface_xs,112,512,jpeg_ai,skin_tone,Black,1745,,0.001,0.0,,,,
colorferet,edgeface_xs,112,512,jpeg_ai,skin_tone,Hispanic,748,,0.001,0.0,,,,
colorferet,edgeface_xs,112,512,jpeg_ai,skin_tone,White,116837,,0.001,0.0,,,,
colorferet,edgeface_xs,112,512,jpeg_ai,skin_tone,__overall__,135532,,0.001,0.0,0.0,0.0,0.0,4.0
colorferet,edgeface_xs,112,512,jpeg_ai,gender,female,37642,,0.001,0.0,,,,
colorferet,edgeface_xs,112,512,jpeg_ai,gender,male,124724,,0.001,0.0,,,,
colorferet,edgeface_xs,112,512,jpeg_ai,gender,__overall__,162366,,0.001,0.0,0.0,0.0,0.0,2.0
colorferet,edgeface_xs,112,512,jpeg_ai,age,26-35,23660,,0.001,0.0,,,,
colorferet,edgeface_xs,112,512,jpeg_ai,age,36-50,28990,,0.001,0.0,,,,
colorferet,edgeface_xs,112,512,jpeg_ai,age,51-65,540,,0.001,0.0,,,,
colorferet,edgeface_xs,112,512,jpeg_ai,age,<=25,39049,,0.001,0.0,,,,
colorferet,edgeface_xs,112,512,jpeg_ai,age,__overall__,92240,,0.001,0.0,0.0,0.0,0.0,4.0
colorferet,edgeface_xs,112,1024,jpeg_fzt,pose,frontal,30858,0.2895994484424591,0.01,0.005476699721304038,,,,
colorferet,edgeface_xs,112,1024,jpeg_fzt,pose,half,15773,0.2895994484424591,0.01,0.007164141254041717,,,,
colorferet,edgeface_xs,112,1024,jpeg_fzt,pose,profile,20437,0.2895994484424591,0.01,0.020599892352106474,,,,
colorferet,edgeface_xs,112,1024,jpeg_fzt,pose,quarter,10577,0.2895994484424591,0.01,0.006996312754089061,,,,
colorferet,edgeface_xs,112,1024,jpeg_fzt,pose,__overall__,77645,0.2895994484424591,0.01,0.01000708352115397,0.005476699721304038,0.020599892352106474,1.5123192630802436,4.0
colorferet,edgeface_xs,112,1024,jpeg_fzt,skin_tone,Asian,16178,0.28629323840141296,0.01,0.01588577079985165,,,,
colorferet,edgeface_xs,112,1024,jpeg_fzt,skin_tone,Black,1745,0.28629323840141296,0.01,0.02979942693409742,,,,
colorferet,edgeface_xs,112,1024,jpeg_fzt,skin_tone,Hispanic,748,0.28629323840141296,0.01,0.009358288770053475,,,,
colorferet,edgeface_xs,112,1024,jpeg_fzt,skin_tone,White,116837,0.28629323840141296,0.01,0.008901289831132262,,,,
colorferet,edgeface_xs,112,1024,jpeg_fzt,skin_tone,__overall__,135532,0.28629323840141296,0.01,0.01000501726529528,0.008901289831132262,0.02979942693409742,2.089813710296516,4.0
colorferet,edgeface_xs,112,1024,jpeg_fzt,gender,female,37642,0.28654706478118896,0.01,0.016045906168641412,,,,
colorferet,edgeface_xs,112,1024,jpeg_fzt,gender,male,124724,0.28654706478118896,0.01,0.008178057150187615,,,,
colorferet,edgeface_xs,112,1024,jpeg_fzt,gender,__overall__,162366,0.28654706478118896,0.01,0.010002094034465343,0.008178057150187615,0.016045906168641412,0.7867849018453797,2.0
colorferet,edgeface_xs,112,1024,jpeg_fzt,age,26-35,23660,0.28470295667648315,0.01,0.01187658495350803,,,,
colorferet,edgeface_xs,112,1024,jpeg_fzt,age,36-50,28990,0.28470295667648315,0.01,0.006933425319075543,,,,
colorferet,edgeface_xs,112,1024,jpeg_fzt,age,51-65,540,0.28470295667648315,0.01,0.011111111111111112,,,,
colorferet,edgeface_xs,112,1024,jpeg_fzt,age,<=25,39049,0.28470295667648315,0.01,0.011139849932136547,,,,
colorferet,edgeface_xs,112,1024,jpeg_fzt,age,__overall__,92240,0.28470295667648315,0.01,0.010006504770164787,0.006933425319075543,0.01187658495350803,0.49431596344324874,4.0
colorferet,edgeface_xs,112,1024,jpeg_fzt,pose,frontal,30858,0.38138535618782043,0.001,0.00042128459394646445,,,,
colorferet,edgeface_xs,112,1024,jpeg_fzt,pose,half,15773,0.38138535618782043,0.001,0.0003169974006213149,,,,
colorferet,edgeface_xs,112,1024,jpeg_fzt,pose,profile,20437,0.38138535618782043,0.001,0.002691197338161178,,,,
colorferet,edgeface_xs,112,1024,jpeg_fzt,pose,quarter,10577,0.38138535618782043,0.001,0.00047272383473574735,,,,
colorferet,edgeface_xs,112,1024,jpeg_fzt,pose,__overall__,77645,0.38138535618782043,0.001,0.0010045720909266534,0.0003169974006213149,0.002691197338161178,0.2374199937539863,4.0
colorferet,edgeface_xs,112,1024,jpeg_fzt,skin_tone,Asian,16178,0.3760884702205658,0.001,0.0016689331190505624,,,,
colorferet,edgeface_xs,112,1024,jpeg_fzt,skin_tone,Black,1745,0.3760884702205658,0.001,0.005157593123209169,,,,
colorferet,edgeface_xs,112,1024,jpeg_fzt,skin_tone,Hispanic,748,0.3760884702205658,0.001,0.0,,,,
colorferet,edgeface_xs,112,1024,jpeg_fzt,skin_tone,White,116837,0.3760884702205658,0.001,0.0008558932529934867,,,,
colorferet,edgeface_xs,112,1024,jpeg_fzt,skin_tone,__overall__,135532,0.3760884702205658,0.001,0.001003453059056164,0.0,0.005157593123209169,0.5157593123209169,4.0
colorferet,edgeface_xs,112,1024,jpeg_fzt,gender,female,37642,0.3762800693511963,0.001,0.0019924552361723605,,,,
colorferet,edgeface_xs,112,1024,jpeg_fzt,gender,male,124724,0.3762800693511963,0.001,0.0007055578717808923,,,,
colorferet,edgeface_xs,112,1024,jpeg_fzt,gender,__overall__,162366,0.3762800693511963,0.001,0.0010039047583853763,0.0007055578717808923,0.0019924552361723605,0.12868973643914683,2.0
colorferet,edgeface_xs,112,1024,jpeg_fzt,age,26-35,23660,0.3789578974246979,0.001,0.001183431952662722,,,,
colorferet,edgeface_xs,112,1024,jpeg_fzt,age,36-50,28990,0.3789578974246979,0.001,0.000758882373232149,,,,
colorferet,edgeface_xs,112,1024,jpeg_fzt,age,51-65,540,0.3789578974246979,0.001,0.0,,,,
colorferet,edgeface_xs,112,1024,jpeg_fzt,age,<=25,39049,0.3789578974246979,0.001,0.0011011805680043022,,,,
colorferet,edgeface_xs,112,1024,jpeg_fzt,age,__overall__,92240,0.3789578974246979,0.001,0.0010082393755420642,0.0,0.001183431952662722,0.1183431952662722,4.0
colorferet,edgeface_xs,112,512,jpeg_fzt,pose,frontal,30858,0.35733887553215027,0.01,0.005509106228530689,,,,
colorferet,edgeface_xs,112,512,jpeg_fzt,pose,half,15773,0.35733887553215027,0.01,0.005769352691307931,,,,
colorferet,edgeface_xs,112,512,jpeg_fzt,pose,profile,20437,0.35733887553215027,0.01,0.023731467436512207,,,,
colorferet,edgeface_xs,112,512,jpeg_fzt,pose,quarter,10577,0.35733887553215027,0.01,0.002930887775361634,,,,
colorferet,edgeface_xs,112,512,jpeg_fzt,pose,__overall__,77645,0.35733887553215027,0.01,0.01000708352115397,0.002930887775361634,0.023731467436512207,2.0800579661150573,4.0
colorferet,edgeface_xs,112,512,jpeg_fzt,skin_tone,Asian,16178,0.331916481256485,0.01,0.015823958462109038,,,,
colorferet,edgeface_xs,112,512,jpeg_fzt,skin_tone,Black,1745,0.331916481256485,0.01,0.021203438395415473,,,,
colorferet,edgeface_xs,112,512,jpeg_fzt,skin_tone,Hispanic,748,0.331916481256485,0.01,0.009358288770053475,,,,
colorferet,edgeface_xs,112,512,jpeg_fzt,skin_tone,White,116837,0.331916481256485,0.01,0.00903823275161122,,,,
colorferet,edgeface_xs,112,512,jpeg_fzt,skin_tone,__overall__,135532,0.331916481256485,0.01,0.01000501726529528,0.00903823275161122,0.021203438395415473,1.2165205643804253,4.0
colorferet,edgeface_xs,112,512,jpeg_fzt,gender,female,37642,0.33419620990753174,0.01,0.012645449232240582,,,,
colorferet,edgeface_xs,112,512,jpeg_fzt,gender,male,124724,0.33419620990753174,0.01,0.009204323145505275,,,,
colorferet,edgeface_xs,112,512,jpeg_fzt,gender,__overall__,162366,0.33419620990753174,0.01,0.010002094034465343,0.009204323145505275,0.012645449232240582,0.3441126086735307,2.0
colorferet,edgeface_xs,112,512,jpeg_fzt,age,26-35,23660,0.33261728286743164,0.01,0.010566356720202874,,,,
colorferet,edgeface_xs,112,512,jpeg_fzt,age,36-50,28990,0.33261728286743164,0.01,0.007002414625733012,,,,
colorferet,edgeface_xs,112,512,jpeg_fzt,age,51-65,540,0.33261728286743164,0.01,0.009259259259259259,,,,
colorferet,edgeface_xs,112,512,jpeg_fzt,age,<=25,39049,0.33261728286743164,0.01,0.011908115444697687,,,,
colorferet,edgeface_xs,112,512,jpeg_fzt,age,__overall__,92240,0.33261728286743164,0.01,0.010006504770164787,0.007002414625733012,0.011908115444697687,0.49057008189646756,4.0
colorferet,edgeface_xs,112,512,jpeg_fzt,pose,frontal,30858,0.4622133672237396,0.001,0.0002592520578132089,,,,
colorferet,edgeface_xs,112,512,jpeg_fzt,pose,half,15773,0.4622133672237396,0.001,0.00019019844037278895,,,,
colorferet,edgeface_xs,112,512,jpeg_fzt,pose,profile,20437,0.4622133672237396,0.001,0.0031315750844057347,,,,
colorferet,edgeface_xs,112,512,jpeg_fzt,pose,quarter,10577,0.4622133672237396,0.001,0.00028363430084144843,,,,
colorferet,edgeface_xs,112,512,jpeg_fzt,pose,__overall__,77645,0.4622133672237396,0.001,0.0010045720909266534,0.00019019844037278895,0.0031315750844057347,0.2941376644032946,4.0
colorferet,edgeface_xs,112,512,jpeg_fzt,skin_tone,Asian,16178,0.4391341805458069,0.001,0.0018543701322784028,,,,
colorferet,edgeface_xs,112,512,jpeg_fzt,skin_tone,Black,1745,0.4391341805458069,0.001,0.002292263610315186,,,,
colorferet,edgeface_xs,112,512,jpeg_fzt,skin_tone,Hispanic,748,0.4391341805458069,0.001,0.001336898395721925,,,,
colorferet,edgeface_xs,112,512,jpeg_fzt,skin_tone,White,116837,0.4391341805458069,0.001,0.0008644521855234215,,,,
colorferet,edgeface_xs,112,512,jpeg_fzt,skin_tone,__overall__,135532,0.4391341805458069,0.001,0.001003453059056164,0.0008644521855234215,0.002292263610315186,0.14278114247917645,4.0
colorferet,edgeface_xs,112,512,jpeg_fzt,gender,female,37642,0.43615826964378357,0.001,0.0015939641889378886,,,,
colorferet,edgeface_xs,112,512,jpeg_fzt,gender,male,124724,0.43615826964378357,0.001,0.0008258234181071807,,,,
colorferet,edgeface_xs,112,512,jpeg_fzt,gender,__overall__,162366,0.43615826964378357,0.001,0.0010039047583853763,0.0008258234181071807,0.0015939641889378886,0.0768140770830708,2.0
colorferet,edgeface_xs,112,512,jpeg_fzt,age,26-35,23660,0.4363453984260559,0.001,0.001267962806424345,,,,
colorferet,edgeface_xs,112,512,jpeg_fzt,age,36-50,28990,0.4363453984260559,0.001,0.00048292514660227664,,,,
colorferet,edgeface_xs,112,512,jpeg_fzt,age,51-65,540,0.4363453984260559,0.001,0.0,,,,
colorferet,edgeface_xs,112,512,jpeg_fzt,age,<=25,39049,0.4363453984260559,0.001,0.0012548336705165304,,,,
colorferet,edgeface_xs,112,512,jpeg_fzt,age,__overall__,92240,0.4363453984260559,0.001,0.0010082393755420642,0.0,0.001267962806424345,0.12679628064243448,4.0
colorferet,edgeface_xs,112,1024,jpeg_xl,pose,frontal,30858,0.2803344428539276,0.01,0.006286862401970315,,,,
colorferet,edgeface_xs,112,1024,jpeg_xl,pose,half,15773,0.2803344428539276,0.01,0.007290940214290243,,,,
colorferet,edgeface_xs,112,1024,jpeg_xl,pose,profile,20437,0.2803344428539276,0.01,0.018936243088515926,,,,
colorferet,edgeface_xs,112,1024,jpeg_xl,pose,quarter,10577,0.2803344428539276,0.01,0.007658126122719108,,,,
colorferet,edgeface_xs,112,1024,jpeg_xl,pose,__overall__,77645,0.2803344428539276,0.01,0.01000708352115397,0.006286862401970315,0.018936243088515926,1.264938068654561,4.0
colorferet,edgeface_xs,112,1024,jpeg_xl,skin_tone,Asian,16178,0.27938583493232727,0.01,0.017122017554703918,,,,
colorferet,edgeface_xs,112,1024,jpeg_xl,skin_tone,Black,1745,0.27938583493232727,0.01,0.028080229226361032,,,,
colorferet,edgeface_xs,112,1024,jpeg_xl,skin_tone,Hispanic,748,0.27938583493232727,0.01,0.009358288770053475,,,,
colorferet,edgeface_xs,112,1024,jpeg_xl,skin_tone,White,116837,0.27938583493232727,0.01,0.008747229045593434,,,,
colorferet,edgeface_xs,112,1024,jpeg_xl,skin_tone,__overall__,135532,0.27938583493232727,0.01,0.01000501726529528,0.008747229045593434,0.028080229226361032,1.9333000180767599,4.0
colorferet,edgeface_xs,112,1024,jpeg_xl,gender,female,37642,0.2797701358795166,0.01,0.014850433026937995,,,,
colorferet,edgeface_xs,112,1024,jpeg_xl,gender,male,124724,0.2797701358795166,0.01,0.00853885378916648,,,,
colorferet,edgeface_xs,112,1024,jpeg_xl,gender,__overall__,162366,0.2797701358795166,0.01,0.010002094034465343,0.00853885378916648,0.014850433026937995,0.6311579237771515,2.0
colorferet,edgeface_xs,112,1024,jpeg_xl,age,26-35,23660,0.2797814607620239,0.01,0.01048182586644125,,,,
colorferet,edgeface_xs,112,1024,jpeg_xl,age,36-50,28990,0.2797814607620239,0.01,0.006691962745774405,,,,
colorferet,edgeface_xs,112,1024,jpeg_xl,age,51-65,540,0.2797814607620239,0.01,0.011111111111111112,,,,
colorferet,edgeface_xs,112,1024,jpeg_xl,age,<=25,39049,0.2797814607620239,0.01,0.012164203948884735,,,,
colorferet,edgeface_xs,112,1024,jpeg_xl,age,__overall__,92240,0.2797814607620239,0.01,0.010006504770164787,0.006691962745774405,0.012164203948884735,0.547224120311033,4.0
colorferet,edgeface_xs,112,1024,jpeg_xl,pose,frontal,30858,0.37143927812576294,0.001,0.00035647157949316225,,,,
colorferet,edgeface_xs,112,1024,jpeg_xl,pose,half,15773,0.37143927812576294,0.001,0.0004437963608698409,,,,
colorferet,edgeface_xs,112,1024,jpeg_xl,pose,profile,20437,0.37143927812576294,0.001,0.0026422664774673386,,,,
colorferet,edgeface_xs,112,1024,jpeg_xl,pose,quarter,10577,0.37143927812576294,0.001,0.0005672686016828969,,,,
colorferet,edgeface_xs,112,1024,jpeg_xl,pose,__overall__,77645,0.37143927812576294,0.001,0.0010045720909266534,0.00035647157949316225,0.0026422664774673386,0.22857948979741763,4.0
colorferet,edgeface_xs,112,1024,jpeg_xl,skin_tone,Asian,16178,0.3712887763977051,0.001,0.00234886883421931,,,,
colorferet,edgeface_xs,112,1024,jpeg_xl,skin_tone,Black,1745,0.3712887763977051,0.001,0.005157593123209169,,,,
colorferet,edgeface_xs,112,1024,jpeg_xl,skin_tone,Hispanic,748,0.3712887763977051,0.001,0.0,,,,
colorferet,edgeface_xs,112,1024,jpeg_xl,skin_tone,White,116837,0.3712887763977051,0.001,0.0007617449951642031,,,,
colorferet,edgeface_xs,112,1024,jpeg_xl,skin_tone,__overall__,135532,0.3712887763977051,0.001,0.001003453059056164,0.0,0.005157593123209169,0.5157593123209169,4.0
colorferet,edgeface_xs,112,1024,jpeg_xl,gender,female,37642,0.36872345209121704,0.001,0.0015939641889378886,,,,
colorferet,edgeface_xs,112,1024,jpeg_xl,gender,male,124724,0.36872345209121704,0.001,0.0008258234181071807,,,,
colorferet,edgeface_xs,112,1024,jpeg_xl,gender,__overall__,162366,0.36872345209121704,0.001,0.0010039047583853763,0.0008258234181071807,0.0015939641889378886,0.0768140770830708,2.0
colorferet,edgeface_xs,112,1024,jpeg_xl,age,26-35,23660,0.36992934346199036,0.001,0.0011411665257819103,,,,
colorferet,edgeface_xs,112,1024,jpeg_xl,age,36-50,28990,0.36992934346199036,0.001,0.0005864091065884788,,,,
colorferet,edgeface_xs,112,1024,jpeg_xl,age,51-65,540,0.36992934346199036,0.001,0.0,,,,
colorferet,edgeface_xs,112,1024,jpeg_xl,age,<=25,39049,0.36992934346199036,0.001,0.0012548336705165304,,,,
colorferet,edgeface_xs,112,1024,jpeg_xl,age,__overall__,92240,0.36992934346199036,0.001,0.0010082393755420642,0.0,0.0012548336705165304,0.12548336705165306,4.0
colorferet,edgeface_xs,112,512,jpeg_xl,pose,frontal,30858,0.3211997449398041,0.01,0.006319268909196967,,,,
colorferet,edgeface_xs,112,512,jpeg_xl,pose,half,15773,0.3211997449398041,0.01,0.008685728777024029,,,,
colorferet,edgeface_xs,112,512,jpeg_xl,pose,profile,20437,0.3211997449398041,0.01,0.019523413416842002,,,,
colorferet,edgeface_xs,112,512,jpeg_xl,pose,quarter,10577,0.3211997449398041,0.01,0.004349059279568876,,,,
colorferet,edgeface_xs,112,512,jpeg_xl,pose,__overall__,77645,0.3211997449398041,0.01,0.01000708352115397,0.004349059279568876,0.019523413416842002,1.5174354137273127,4.0
colorferet,edgeface_xs,112,512,jpeg_xl,skin_tone,Asian,16178,0.31473976373672485,0.01,0.014340462356286315,,,,
colorferet,edgeface_xs,112,512,jpeg_xl,skin_tone,Black,1745,0.31473976373672485,0.01,0.021203438395415473,,,,
colorferet,edgeface_xs,112,512,jpeg_xl,skin_tone,Hispanic,748,0.31473976373672485,0.01,0.0066844919786096255,,,,
colorferet,edgeface_xs,112,512,jpeg_xl,skin_tone,White,116837,0.31473976373672485,0.01,0.009260764997389526,,,,
colorferet,edgeface_xs,112,512,jpeg_xl,skin_tone,__overall__,135532,0.31473976373672485,0.01,0.01000501726529528,0.0066844919786096255,0.021203438395415473,1.451894641680585,4.0
colorferet,edgeface_xs,112,512,jpeg_xl,gender,female,37642,0.3140665292739868,0.01,0.013097072419106317,,,,
colorferet,edgeface_xs,112,512,jpeg_xl,gender,male,124724,0.3140665292739868,0.01,0.00906802219300215,,,,
colorferet,edgeface_xs,112,512,jpeg_xl,gender,__overall__,162366,0.3140665292739868,0.01,0.010002094034465343,0.00906802219300215,0.013097072419106317,0.4029050226104168,2.0
colorferet,edgeface_xs,112,512,jpeg_xl,age,26-35,23660,0.3145430386066437,0.01,0.009467455621301775,,,,
colorferet,edgeface_xs,112,512,jpeg_xl,age,36-50,28990,0.3145430386066437,0.01,0.007381855812349086,,,,
colorferet,edgeface_xs,112,512,jpeg_xl,age,51-65,540,0.3145430386066437,0.01,0.018518518518518517,,,,
colorferet,edgeface_xs,112,512,jpeg_xl,age,<=25,39049,0.3145430386066437,0.01,0.012164203948884735,,,,
colorferet,edgeface_xs,112,512,jpeg_xl,age,__overall__,92240,0.3145430386066437,0.01,0.010006504770164787,0.007381855812349086,0.018518518518518517,1.1136662706169431,4.0
colorferet,edgeface_xs,112,512,jpeg_xl,pose,frontal,30858,0.4290101230144501,0.001,0.00045369110117311556,,,,
colorferet,edgeface_xs,112,512,jpeg_xl,pose,half,15773,0.4290101230144501,0.001,0.0005071958409941039,,,,
colorferet,edgeface_xs,112,512,jpeg_xl,pose,profile,20437,0.4290101230144501,0.001,0.0026422664774673386,,,,
colorferet,edgeface_xs,112,512,jpeg_xl,pose,quarter,10577,0.4290101230144501,0.001,0.00018908953389429895,,,,
colorferet,edgeface_xs,112,512,jpeg_xl,pose,__overall__,77645,0.4290101230144501,0.001,0.0010045720909266534,0.00018908953389429895,0.0026422664774673386,0.24531769435730397,4.0
colorferet,edgeface_xs,112,512,jpeg_xl,skin_tone,Asian,16178,0.4161311089992523,0.001,0.0018543701322784028,,,,
colorferet,edgeface_xs,112,512,jpeg_xl,skin_tone,Black,1745,0.4161311089992523,0.001,0.0017191977077363897,,,,
colorferet,edgeface_xs,112,512,jpeg_xl,skin_tone,Hispanic,748,0.4161311089992523,0.001,0.0,,,,
colorferet,edgeface_xs,112,512,jpeg_xl,skin_tone,White,116837,0.4161311089992523,0.001,0.0008815700505832913,,,,
colorferet,edgeface_xs,112,512,jpeg_xl,skin_tone,__overall__,135532,0.4161311089992523,0.001,0.001003453059056164,0.0,0.0018543701322784028,0.18543701322784029,4.0
colorferet,edgeface_xs,112,512,jpeg_xl,gender,female,37642,0.41111695766448975,0.001,0.0011689070718877848,,,,
colorferet,edgeface_xs,112,512,jpeg_xl,gender,male,124724,0.41111695766448975,0.001,0.0009541066675218884,,,,
colorferet,edgeface_xs,112,512,jpeg_xl,gender,__overall__,162366,0.41111695766448975,0.001,0.0010039047583853763,0.0009541066675218884,0.0011689070718877848,0.021480040436589645,2.0
colorferet,edgeface_xs,112,512,jpeg_xl,age,26-35,23660,0.4201960563659668,0.001,0.0008453085376162299,,,,
colorferet,edgeface_xs,112,512,jpeg_xl,age,36-50,28990,0.4201960563659668,0.001,0.0006898930665746809,,,,
colorferet,edgeface_xs,112,512,jpeg_xl,age,51-65,540,0.4201960563659668,0.001,0.0,,,,
colorferet,edgeface_xs,112,512,jpeg_xl,age,<=25,39049,0.4201960563659668,0.001,0.0013572690721913494,,,,
colorferet,edgeface_xs,112,512,jpeg_xl,age,__overall__,92240,0.4201960563659668,0.001,0.0010082393755420642,0.0,0.0013572690721913494,0.13572690721913494,4.0
colorferet,edgeface_xs,112,1024,neural_bmshj2018,pose,frontal,30858,,0.01,0.0,,,,
colorferet,edgeface_xs,112,1024,neural_bmshj2018,pose,half,15773,,0.01,0.0,,,,
colorferet,edgeface_xs,112,1024,neural_bmshj2018,pose,profile,20437,,0.01,0.0,,,,
colorferet,edgeface_xs,112,1024,neural_bmshj2018,pose,quarter,10577,,0.01,0.0,,,,
colorferet,edgeface_xs,112,1024,neural_bmshj2018,pose,__overall__,77645,,0.01,0.0,0.0,0.0,0.0,4.0
colorferet,edgeface_xs,112,1024,neural_bmshj2018,skin_tone,Asian,16178,,0.01,0.0,,,,
colorferet,edgeface_xs,112,1024,neural_bmshj2018,skin_tone,Black,1745,,0.01,0.0,,,,
colorferet,edgeface_xs,112,1024,neural_bmshj2018,skin_tone,Hispanic,748,,0.01,0.0,,,,
colorferet,edgeface_xs,112,1024,neural_bmshj2018,skin_tone,White,116837,,0.01,0.0,,,,
colorferet,edgeface_xs,112,1024,neural_bmshj2018,skin_tone,__overall__,135532,,0.01,0.0,0.0,0.0,0.0,4.0
colorferet,edgeface_xs,112,1024,neural_bmshj2018,gender,female,37642,,0.01,0.0,,,,
colorferet,edgeface_xs,112,1024,neural_bmshj2018,gender,male,124724,,0.01,0.0,,,,
colorferet,edgeface_xs,112,1024,neural_bmshj2018,gender,__overall__,162366,,0.01,0.0,0.0,0.0,0.0,2.0
colorferet,edgeface_xs,112,1024,neural_bmshj2018,age,26-35,23660,,0.01,0.0,,,,
colorferet,edgeface_xs,112,1024,neural_bmshj2018,age,36-50,28990,,0.01,0.0,,,,
colorferet,edgeface_xs,112,1024,neural_bmshj2018,age,51-65,540,,0.01,0.0,,,,
colorferet,edgeface_xs,112,1024,neural_bmshj2018,age,<=25,39049,,0.01,0.0,,,,
colorferet,edgeface_xs,112,1024,neural_bmshj2018,age,__overall__,92240,,0.01,0.0,0.0,0.0,0.0,4.0
colorferet,edgeface_xs,112,1024,neural_bmshj2018,pose,frontal,30858,,0.001,0.0,,,,
colorferet,edgeface_xs,112,1024,neural_bmshj2018,pose,half,15773,,0.001,0.0,,,,
colorferet,edgeface_xs,112,1024,neural_bmshj2018,pose,profile,20437,,0.001,0.0,,,,
colorferet,edgeface_xs,112,1024,neural_bmshj2018,pose,quarter,10577,,0.001,0.0,,,,
colorferet,edgeface_xs,112,1024,neural_bmshj2018,pose,__overall__,77645,,0.001,0.0,0.0,0.0,0.0,4.0
colorferet,edgeface_xs,112,1024,neural_bmshj2018,skin_tone,Asian,16178,,0.001,0.0,,,,
colorferet,edgeface_xs,112,1024,neural_bmshj2018,skin_tone,Black,1745,,0.001,0.0,,,,
colorferet,edgeface_xs,112,1024,neural_bmshj2018,skin_tone,Hispanic,748,,0.001,0.0,,,,
colorferet,edgeface_xs,112,1024,neural_bmshj2018,skin_tone,White,116837,,0.001,0.0,,,,
colorferet,edgeface_xs,112,1024,neural_bmshj2018,skin_tone,__overall__,135532,,0.001,0.0,0.0,0.0,0.0,4.0
colorferet,edgeface_xs,112,1024,neural_bmshj2018,gender,female,37642,,0.001,0.0,,,,
colorferet,edgeface_xs,112,1024,neural_bmshj2018,gender,male,124724,,0.001,0.0,,,,
colorferet,edgeface_xs,112,1024,neural_bmshj2018,gender,__overall__,162366,,0.001,0.0,0.0,0.0,0.0,2.0
colorferet,edgeface_xs,112,1024,neural_bmshj2018,age,26-35,23660,,0.001,0.0,,,,
colorferet,edgeface_xs,112,1024,neural_bmshj2018,age,36-50,28990,,0.001,0.0,,,,
colorferet,edgeface_xs,112,1024,neural_bmshj2018,age,51-65,540,,0.001,0.0,,,,
colorferet,edgeface_xs,112,1024,neural_bmshj2018,age,<=25,39049,,0.001,0.0,,,,
colorferet,edgeface_xs,112,1024,neural_bmshj2018,age,__overall__,92240,,0.001,0.0,0.0,0.0,0.0,4.0
colorferet,edgeface_xs,112,512,neural_bmshj2018,pose,frontal,30858,,0.01,0.0,,,,
colorferet,edgeface_xs,112,512,neural_bmshj2018,pose,half,15773,,0.01,0.0,,,,
colorferet,edgeface_xs,112,512,neural_bmshj2018,pose,profile,20437,,0.01,0.0,,,,
colorferet,edgeface_xs,112,512,neural_bmshj2018,pose,quarter,10577,,0.01,0.0,,,,
colorferet,edgeface_xs,112,512,neural_bmshj2018,pose,__overall__,77645,,0.01,0.0,0.0,0.0,0.0,4.0
colorferet,edgeface_xs,112,512,neural_bmshj2018,skin_tone,Asian,16178,,0.01,0.0,,,,
colorferet,edgeface_xs,112,512,neural_bmshj2018,skin_tone,Black,1745,,0.01,0.0,,,,
colorferet,edgeface_xs,112,512,neural_bmshj2018,skin_tone,Hispanic,748,,0.01,0.0,,,,
colorferet,edgeface_xs,112,512,neural_bmshj2018,skin_tone,White,116837,,0.01,0.0,,,,
colorferet,edgeface_xs,112,512,neural_bmshj2018,skin_tone,__overall__,135532,,0.01,0.0,0.0,0.0,0.0,4.0
colorferet,edgeface_xs,112,512,neural_bmshj2018,gender,female,37642,,0.01,0.0,,,,
colorferet,edgeface_xs,112,512,neural_bmshj2018,gender,male,124724,,0.01,0.0,,,,
colorferet,edgeface_xs,112,512,neural_bmshj2018,gender,__overall__,162366,,0.01,0.0,0.0,0.0,0.0,2.0
colorferet,edgeface_xs,112,512,neural_bmshj2018,age,26-35,23660,,0.01,0.0,,,,
colorferet,edgeface_xs,112,512,neural_bmshj2018,age,36-50,28990,,0.01,0.0,,,,
colorferet,edgeface_xs,112,512,neural_bmshj2018,age,51-65,540,,0.01,0.0,,,,
colorferet,edgeface_xs,112,512,neural_bmshj2018,age,<=25,39049,,0.01,0.0,,,,
colorferet,edgeface_xs,112,512,neural_bmshj2018,age,__overall__,92240,,0.01,0.0,0.0,0.0,0.0,4.0
colorferet,edgeface_xs,112,512,neural_bmshj2018,pose,frontal,30858,,0.001,0.0,,,,
colorferet,edgeface_xs,112,512,neural_bmshj2018,pose,half,15773,,0.001,0.0,,,,
colorferet,edgeface_xs,112,512,neural_bmshj2018,pose,profile,20437,,0.001,0.0,,,,
colorferet,edgeface_xs,112,512,neural_bmshj2018,pose,quarter,10577,,0.001,0.0,,,,
colorferet,edgeface_xs,112,512,neural_bmshj2018,pose,__overall__,77645,,0.001,0.0,0.0,0.0,0.0,4.0
colorferet,edgeface_xs,112,512,neural_bmshj2018,skin_tone,Asian,16178,,0.001,0.0,,,,
colorferet,edgeface_xs,112,512,neural_bmshj2018,skin_tone,Black,1745,,0.001,0.0,,,,
colorferet,edgeface_xs,112,512,neural_bmshj2018,skin_tone,Hispanic,748,,0.001,0.0,,,,
colorferet,edgeface_xs,112,512,neural_bmshj2018,skin_tone,White,116837,,0.001,0.0,,,,
colorferet,edgeface_xs,112,512,neural_bmshj2018,skin_tone,__overall__,135532,,0.001,0.0,0.0,0.0,0.0,4.0
colorferet,edgeface_xs,112,512,neural_bmshj2018,gender,female,37642,,0.001,0.0,,,,
colorferet,edgeface_xs,112,512,neural_bmshj2018,gender,male,124724,,0.001,0.0,,,,
colorferet,edgeface_xs,112,512,neural_bmshj2018,gender,__overall__,162366,,0.001,0.0,0.0,0.0,0.0,2.0
colorferet,edgeface_xs,112,512,neural_bmshj2018,age,26-35,23660,,0.001,0.0,,,,
colorferet,edgeface_xs,112,512,neural_bmshj2018,age,36-50,28990,,0.001,0.0,,,,
colorferet,edgeface_xs,112,512,neural_bmshj2018,age,51-65,540,,0.001,0.0,,,,
colorferet,edgeface_xs,112,512,neural_bmshj2018,age,<=25,39049,,0.001,0.0,,,,
colorferet,edgeface_xs,112,512,neural_bmshj2018,age,__overall__,92240,,0.001,0.0,0.0,0.0,0.0,4.0
colorferet,edgeface_xs,112,1024,neural_mbt2018_mean,pose,frontal,30858,,0.01,0.0,,,,
colorferet,edgeface_xs,112,1024,neural_mbt2018_mean,pose,half,15773,,0.01,0.0,,,,
colorferet,edgeface_xs,112,1024,neural_mbt2018_mean,pose,profile,20437,,0.01,0.0,,,,
colorferet,edgeface_xs,112,1024,neural_mbt2018_mean,pose,quarter,10577,,0.01,0.0,,,,
colorferet,edgeface_xs,112,1024,neural_mbt2018_mean,pose,__overall__,77645,,0.01,0.0,0.0,0.0,0.0,4.0
colorferet,edgeface_xs,112,1024,neural_mbt2018_mean,skin_tone,Asian,16178,,0.01,0.0,,,,
colorferet,edgeface_xs,112,1024,neural_mbt2018_mean,skin_tone,Black,1745,,0.01,0.0,,,,
colorferet,edgeface_xs,112,1024,neural_mbt2018_mean,skin_tone,Hispanic,748,,0.01,0.0,,,,
colorferet,edgeface_xs,112,1024,neural_mbt2018_mean,skin_tone,White,116837,,0.01,0.0,,,,
colorferet,edgeface_xs,112,1024,neural_mbt2018_mean,skin_tone,__overall__,135532,,0.01,0.0,0.0,0.0,0.0,4.0
colorferet,edgeface_xs,112,1024,neural_mbt2018_mean,gender,female,37642,,0.01,0.0,,,,
colorferet,edgeface_xs,112,1024,neural_mbt2018_mean,gender,male,124724,,0.01,0.0,,,,
colorferet,edgeface_xs,112,1024,neural_mbt2018_mean,gender,__overall__,162366,,0.01,0.0,0.0,0.0,0.0,2.0
colorferet,edgeface_xs,112,1024,neural_mbt2018_mean,age,26-35,23660,,0.01,0.0,,,,
colorferet,edgeface_xs,112,1024,neural_mbt2018_mean,age,36-50,28990,,0.01,0.0,,,,
colorferet,edgeface_xs,112,1024,neural_mbt2018_mean,age,51-65,540,,0.01,0.0,,,,
colorferet,edgeface_xs,112,1024,neural_mbt2018_mean,age,<=25,39049,,0.01,0.0,,,,
colorferet,edgeface_xs,112,1024,neural_mbt2018_mean,age,__overall__,92240,,0.01,0.0,0.0,0.0,0.0,4.0
colorferet,edgeface_xs,112,1024,neural_mbt2018_mean,pose,frontal,30858,,0.001,0.0,,,,
colorferet,edgeface_xs,112,1024,neural_mbt2018_mean,pose,half,15773,,0.001,0.0,,,,
colorferet,edgeface_xs,112,1024,neural_mbt2018_mean,pose,profile,20437,,0.001,0.0,,,,
colorferet,edgeface_xs,112,1024,neural_mbt2018_mean,pose,quarter,10577,,0.001,0.0,,,,
colorferet,edgeface_xs,112,1024,neural_mbt2018_mean,pose,__overall__,77645,,0.001,0.0,0.0,0.0,0.0,4.0
colorferet,edgeface_xs,112,1024,neural_mbt2018_mean,skin_tone,Asian,16178,,0.001,0.0,,,,
colorferet,edgeface_xs,112,1024,neural_mbt2018_mean,skin_tone,Black,1745,,0.001,0.0,,,,
colorferet,edgeface_xs,112,1024,neural_mbt2018_mean,skin_tone,Hispanic,748,,0.001,0.0,,,,
colorferet,edgeface_xs,112,1024,neural_mbt2018_mean,skin_tone,White,116837,,0.001,0.0,,,,
colorferet,edgeface_xs,112,1024,neural_mbt2018_mean,skin_tone,__overall__,135532,,0.001,0.0,0.0,0.0,0.0,4.0
colorferet,edgeface_xs,112,1024,neural_mbt2018_mean,gender,female,37642,,0.001,0.0,,,,
colorferet,edgeface_xs,112,1024,neural_mbt2018_mean,gender,male,124724,,0.001,0.0,,,,
colorferet,edgeface_xs,112,1024,neural_mbt2018_mean,gender,__overall__,162366,,0.001,0.0,0.0,0.0,0.0,2.0
colorferet,edgeface_xs,112,1024,neural_mbt2018_mean,age,26-35,23660,,0.001,0.0,,,,
colorferet,edgeface_xs,112,1024,neural_mbt2018_mean,age,36-50,28990,,0.001,0.0,,,,
colorferet,edgeface_xs,112,1024,neural_mbt2018_mean,age,51-65,540,,0.001,0.0,,,,
colorferet,edgeface_xs,112,1024,neural_mbt2018_mean,age,<=25,39049,,0.001,0.0,,,,
colorferet,edgeface_xs,112,1024,neural_mbt2018_mean,age,__overall__,92240,,0.001,0.0,0.0,0.0,0.0,4.0
colorferet,edgeface_xs,112,512,neural_mbt2018_mean,pose,frontal,30858,,0.01,0.0,,,,
colorferet,edgeface_xs,112,512,neural_mbt2018_mean,pose,half,15773,,0.01,0.0,,,,
colorferet,edgeface_xs,112,512,neural_mbt2018_mean,pose,profile,20437,,0.01,0.0,,,,
colorferet,edgeface_xs,112,512,neural_mbt2018_mean,pose,quarter,10577,,0.01,0.0,,,,
colorferet,edgeface_xs,112,512,neural_mbt2018_mean,pose,__overall__,77645,,0.01,0.0,0.0,0.0,0.0,4.0
colorferet,edgeface_xs,112,512,neural_mbt2018_mean,skin_tone,Asian,16178,,0.01,0.0,,,,
colorferet,edgeface_xs,112,512,neural_mbt2018_mean,skin_tone,Black,1745,,0.01,0.0,,,,
colorferet,edgeface_xs,112,512,neural_mbt2018_mean,skin_tone,Hispanic,748,,0.01,0.0,,,,
colorferet,edgeface_xs,112,512,neural_mbt2018_mean,skin_tone,White,116837,,0.01,0.0,,,,
colorferet,edgeface_xs,112,512,neural_mbt2018_mean,skin_tone,__overall__,135532,,0.01,0.0,0.0,0.0,0.0,4.0
colorferet,edgeface_xs,112,512,neural_mbt2018_mean,gender,female,37642,,0.01,0.0,,,,
colorferet,edgeface_xs,112,512,neural_mbt2018_mean,gender,male,124724,,0.01,0.0,,,,
colorferet,edgeface_xs,112,512,neural_mbt2018_mean,gender,__overall__,162366,,0.01,0.0,0.0,0.0,0.0,2.0
colorferet,edgeface_xs,112,512,neural_mbt2018_mean,age,26-35,23660,,0.01,0.0,,,,
colorferet,edgeface_xs,112,512,neural_mbt2018_mean,age,36-50,28990,,0.01,0.0,,,,
colorferet,edgeface_xs,112,512,neural_mbt2018_mean,age,51-65,540,,0.01,0.0,,,,
colorferet,edgeface_xs,112,512,neural_mbt2018_mean,age,<=25,39049,,0.01,0.0,,,,
colorferet,edgeface_xs,112,512,neural_mbt2018_mean,age,__overall__,92240,,0.01,0.0,0.0,0.0,0.0,4.0
colorferet,edgeface_xs,112,512,neural_mbt2018_mean,pose,frontal,30858,,0.001,0.0,,,,
colorferet,edgeface_xs,112,512,neural_mbt2018_mean,pose,half,15773,,0.001,0.0,,,,
colorferet,edgeface_xs,112,512,neural_mbt2018_mean,pose,profile,20437,,0.001,0.0,,,,
colorferet,edgeface_xs,112,512,neural_mbt2018_mean,pose,quarter,10577,,0.001,0.0,,,,
colorferet,edgeface_xs,112,512,neural_mbt2018_mean,pose,__overall__,77645,,0.001,0.0,0.0,0.0,0.0,4.0
colorferet,edgeface_xs,112,512,neural_mbt2018_mean,skin_tone,Asian,16178,,0.001,0.0,,,,
colorferet,edgeface_xs,112,512,neural_mbt2018_mean,skin_tone,Black,1745,,0.001,0.0,,,,
colorferet,edgeface_xs,112,512,neural_mbt2018_mean,skin_tone,Hispanic,748,,0.001,0.0,,,,
colorferet,edgeface_xs,112,512,neural_mbt2018_mean,skin_tone,White,116837,,0.001,0.0,,,,
colorferet,edgeface_xs,112,512,neural_mbt2018_mean,skin_tone,__overall__,135532,,0.001,0.0,0.0,0.0,0.0,4.0
colorferet,edgeface_xs,112,512,neural_mbt2018_mean,gender,female,37642,,0.001,0.0,,,,
colorferet,edgeface_xs,112,512,neural_mbt2018_mean,gender,male,124724,,0.001,0.0,,,,
colorferet,edgeface_xs,112,512,neural_mbt2018_mean,gender,__overall__,162366,,0.001,0.0,0.0,0.0,0.0,2.0
colorferet,edgeface_xs,112,512,neural_mbt2018_mean,age,26-35,23660,,0.001,0.0,,,,
colorferet,edgeface_xs,112,512,neural_mbt2018_mean,age,36-50,28990,,0.001,0.0,,,,
colorferet,edgeface_xs,112,512,neural_mbt2018_mean,age,51-65,540,,0.001,0.0,,,,
colorferet,edgeface_xs,112,512,neural_mbt2018_mean,age,<=25,39049,,0.001,0.0,,,,
colorferet,edgeface_xs,112,512,neural_mbt2018_mean,age,__overall__,92240,,0.001,0.0,0.0,0.0,0.0,4.0
colorferet,edgeface_xs,112,1024,ours_accurate,pose,frontal,30858,0.2739684581756592,0.01,0.006481301445330222,,,,
colorferet,edgeface_xs,112,1024,ours_accurate,pose,half,15773,0.2739684581756592,0.01,0.007798136055284346,,,,
colorferet,edgeface_xs,112,1024,ours_accurate,pose,profile,20437,0.2739684581756592,0.01,0.01844693448157753,,,,
colorferet,edgeface_xs,112,1024,ours_accurate,pose,quarter,10577,0.2739684581756592,0.01,0.00727994705493051,,,,
colorferet,edgeface_xs,112,1024,ours_accurate,pose,__overall__,77645,0.2739684581756592,0.01,0.01000708352115397,0.006481301445330222,0.01844693448157753,1.1965633036247307,4.0
colorferet,edgeface_xs,112,1024,ours_accurate,skin_tone,Asian,16178,0.27540063858032227,0.01,0.01638026950179256,,,,
colorferet,edgeface_xs,112,1024,ours_accurate,skin_tone,Black,1745,0.27540063858032227,0.01,0.027507163323782235,,,,
colorferet,edgeface_xs,112,1024,ours_accurate,skin_tone,Hispanic,748,0.27540063858032227,0.01,0.009358288770053475,,,,
colorferet,edgeface_xs,112,1024,ours_accurate,skin_tone,White,116837,0.27540063858032227,0.01,0.008858495168482586,,,,
colorferet,edgeface_xs,112,1024,ours_accurate,skin_tone,__overall__,135532,0.27540063858032227,0.01,0.01000501726529528,0.008858495168482586,0.027507163323782235,1.8648668155299648,4.0
colorferet,edgeface_xs,112,1024,ours_accurate,gender,female,37642,0.27611783146858215,0.01,0.015222358004356836,,,,
colorferet,edgeface_xs,112,1024,ours_accurate,gender,male,124724,0.27611783146858215,0.01,0.00842660594592861,,,,
colorferet,edgeface_xs,112,1024,ours_accurate,gender,__overall__,162366,0.27611783146858215,0.01,0.010002094034465343,0.00842660594592861,0.015222358004356836,0.6795752058428226,2.0
colorferet,edgeface_xs,112,1024,ours_accurate,age,26-35,23660,0.27677035331726074,0.01,0.010312764158918006,,,,
colorferet,edgeface_xs,112,1024,ours_accurate,age,36-50,28990,0.27677035331726074,0.01,0.007278371852362884,,,,
colorferet,edgeface_xs,112,1024,ours_accurate,age,51-65,540,0.27677035331726074,0.01,0.009259259259259259,,,,
colorferet,edgeface_xs,112,1024,ours_accurate,age,<=25,39049,0.27677035331726074,0.01,0.011856897743860279,,,,
colorferet,edgeface_xs,112,1024,ours_accurate,age,__overall__,92240,0.27677035331726074,0.01,0.010006504770164787,0.007278371852362884,0.011856897743860279,0.4578525891497395,4.0
colorferet,edgeface_xs,112,1024,ours_accurate,pose,frontal,30858,0.3659300208091736,0.001,0.00048609760839976666,,,,
colorferet,edgeface_xs,112,1024,ours_accurate,pose,half,15773,0.3659300208091736,0.001,0.0007607937614911558,,,,
colorferet,edgeface_xs,112,1024,ours_accurate,pose,profile,20437,0.3659300208091736,0.001,0.002152957870528943,,,,
colorferet,edgeface_xs,112,1024,ours_accurate,pose,quarter,10577,0.3659300208091736,0.001,0.0006618133686300463,,,,
colorferet,edgeface_xs,112,1024,ours_accurate,pose,__overall__,77645,0.3659300208091736,0.001,0.0010045720909266534,0.00048609760839976666,0.002152957870528943,0.16668602621291762,4.0
colorferet,edgeface_xs,112,1024,ours_accurate,skin_tone,Asian,16178,0.36157163977622986,0.001,0.0019161824700210162,,,,
colorferet,edgeface_xs,112,1024,ours_accurate,skin_tone,Black,1745,0.36157163977622986,0.001,0.004584527220630372,,,,
colorferet,edgeface_xs,112,1024,ours_accurate,skin_tone,Hispanic,748,0.36157163977622986,0.001,0.0,,,,
colorferet,edgeface_xs,112,1024,ours_accurate,skin_tone,White,116837,0.36157163977622986,0.001,0.000830216455403682,,,,
colorferet,edgeface_xs,112,1024,ours_accurate,skin_tone,__overall__,135532,0.36157163977622986,0.001,0.001003453059056164,0.0,0.004584527220630372,0.4584527220630372,4.0
colorferet,edgeface_xs,112,1024,ours_accurate,gender,female,37642,0.360917329788208,0.001,0.0017267945380160458,,,,
colorferet,edgeface_xs,112,1024,ours_accurate,gender,male,124724,0.360917329788208,0.001,0.0007857349026650845,,,,
colorferet,edgeface_xs,112,1024,ours_accurate,gender,__overall__,162366,0.360917329788208,0.001,0.0010039047583853763,0.0007857349026650845,0.0017267945380160458,0.09410596353509613,2.0
colorferet,edgeface_xs,112,1024,ours_accurate,age,26-35,23660,0.36179980635643005,0.001,0.0008875739644970414,,,,
colorferet,edgeface_xs,112,1024,ours_accurate,age,36-50,28990,0.36179980635643005,0.001,0.0007933770265608831,,,,
colorferet,edgeface_xs,112,1024,ours_accurate,age,51-65,540,0.36179980635643005,0.001,0.001851851851851852,,,,
colorferet,edgeface_xs,112,1024,ours_accurate,age,<=25,39049,0.36179980635643005,0.001,0.0012292248200978257,,,,
colorferet,edgeface_xs,112,1024,ours_accurate,age,__overall__,92240,0.36179980635643005,0.001,0.0010082393755420642,0.0007933770265608831,0.001851851851851852,0.10584748252909688,4.0
colorferet,edgeface_xs,112,512,ours_accurate,pose,frontal,30858,0.27562397718429565,0.01,0.006222049387517014,,,,
colorferet,edgeface_xs,112,512,ours_accurate,pose,half,15773,0.27562397718429565,0.01,0.0077347365751600835,,,,
colorferet,edgeface_xs,112,512,ours_accurate,pose,profile,20437,0.27562397718429565,0.01,0.01883838136712825,,,,
colorferet,edgeface_xs,112,512,ours_accurate,pose,quarter,10577,0.27562397718429565,0.01,0.007374491821877659,,,,
colorferet,edgeface_xs,112,512,ours_accurate,pose,__overall__,77645,0.27562397718429565,0.01,0.01000708352115397,0.006222049387517014,0.01883838136712825,1.2616331979611235,4.0
colorferet,edgeface_xs,112,512,ours_accurate,skin_tone,Asian,16178,0.274962455034256,0.01,0.015576709111138584,,,,
colorferet,edgeface_xs,112,512,ours_accurate,skin_tone,Black,1745,0.274962455034256,0.01,0.022349570200573064,,,,
colorferet,edgeface_xs,112,512,ours_accurate,skin_tone,Hispanic,748,0.274962455034256,0.01,0.013368983957219251,,,,
colorferet,edgeface_xs,112,512,ours_accurate,skin_tone,White,116837,0.274962455034256,0.01,0.00902111488655135,,,,
colorferet,edgeface_xs,112,512,ours_accurate,skin_tone,__overall__,135532,0.274962455034256,0.01,0.01000501726529528,0.00902111488655135,0.022349570200573064,1.3328455314021714,4.0
colorferet,edgeface_xs,112,512,ours_accurate,gender,female,37642,0.2749214768409729,0.01,0.015248924074172467,,,,
colorferet,edgeface_xs,112,512,ours_accurate,gender,male,124724,0.2749214768409729,0.01,0.008418588242840192,,,,
colorferet,edgeface_xs,112,512,ours_accurate,gender,__overall__,162366,0.2749214768409729,0.01,0.010002094034465343,0.008418588242840192,0.015248924074172467,0.6830335831332276,2.0
colorferet,edgeface_xs,112,512,ours_accurate,age,26-35,23660,0.2750483453273773,0.01,0.010608622147083685,,,,
colorferet,edgeface_xs,112,512,ours_accurate,age,36-50,28990,0.2750483453273773,0.01,0.007347361159020352,,,,
colorferet,edgeface_xs,112,512,ours_accurate,age,51-65,540,0.2750483453273773,0.01,0.009259259259259259,,,,
colorferet,edgeface_xs,112,512,ours_accurate,age,<=25,39049,0.2750483453273773,0.01,0.011626418090091935,,,,
colorferet,edgeface_xs,112,512,ours_accurate,age,__overall__,92240,0.2750483453273773,0.01,0.010006504770164787,0.007347361159020352,0.011626418090091935,0.4279056931071583,4.0
colorferet,edgeface_xs,112,512,ours_accurate,pose,frontal,30858,0.36772042512893677,0.001,0.00048609760839976666,,,,
colorferet,edgeface_xs,112,512,ours_accurate,pose,half,15773,0.36772042512893677,0.001,0.0003169974006213149,,,,
colorferet,edgeface_xs,112,512,ours_accurate,pose,profile,20437,0.36772042512893677,0.001,0.00249547389538582,,,,
colorferet,edgeface_xs,112,512,ours_accurate,pose,quarter,10577,0.36772042512893677,0.001,0.0006618133686300463,,,,
colorferet,edgeface_xs,112,512,ours_accurate,pose,__overall__,77645,0.36772042512893677,0.001,0.0010045720909266534,0.0003169974006213149,0.00249547389538582,0.2178476494764505,4.0
colorferet,edgeface_xs,112,512,ours_accurate,skin_tone,Asian,16178,0.3619740605354309,0.001,0.0022252441587340835,,,,
colorferet,edgeface_xs,112,512,ours_accurate,skin_tone,Black,1745,0.3619740605354309,0.001,0.0034383954154727794,,,,
colorferet,edgeface_xs,112,512,ours_accurate,skin_tone,Hispanic,748,0.3619740605354309,0.001,0.0,,,,
colorferet,edgeface_xs,112,512,ours_accurate,skin_tone,White,116837,0.3619740605354309,0.001,0.0008045396578138774,,,,
colorferet,edgeface_xs,112,512,ours_accurate,skin_tone,__overall__,135532,0.3619740605354309,0.001,0.001003453059056164,0.0,0.0034383954154727794,0.3438395415472779,4.0
colorferet,edgeface_xs,112,512,ours_accurate,gender,female,37642,0.3619091212749481,0.001,0.001779926677647309,,,,
colorferet,edgeface_xs,112,512,ours_accurate,gender,male,124724,0.3619091212749481,0.001,0.000769699496488246,,,,
colorferet,edgeface_xs,112,512,ours_accurate,gender,__overall__,162366,0.3619091212749481,0.001,0.0010039047583853763,0.000769699496488246,0.001779926677647309,0.10102271811590628,2.0
colorferet,edgeface_xs,112,512,ours_accurate,age,26-35,23660,0.36063918471336365,0.001,0.0009298393913778529,,,,
colorferet,edgeface_xs,112,512,ours_accurate,age,36-50,28990,0.36063918471336365,0.001,0.0006898930665746809,,,,
colorferet,edgeface_xs,112,512,ours_accurate,age,51-65,540,0.36063918471336365,0.001,0.001851851851851852,,,,
colorferet,edgeface_xs,112,512,ours_accurate,age,<=25,39049,0.36063918471336365,0.001,0.0012804425209352352,,,,
colorferet,edgeface_xs,112,512,ours_accurate,age,__overall__,92240,0.36063918471336365,0.001,0.0010082393755420642,0.0006898930665746809,0.001851851851851852,0.11619587852771711,4.0
colorferet,edgeface_xs,112,1024,ours_fast,pose,frontal,30858,0.2789081037044525,0.01,0.007097025082636594,,,,
colorferet,edgeface_xs,112,1024,ours_fast,pose,half,15773,0.2789081037044525,0.01,0.006022950611804983,,,,
colorferet,edgeface_xs,112,1024,ours_fast,pose,profile,20437,0.2789081037044525,0.01,0.01883838136712825,,,,
colorferet,edgeface_xs,112,1024,ours_fast,pose,quarter,10577,0.2789081037044525,0.01,0.007374491821877659,,,,
colorferet,edgeface_xs,112,1024,ours_fast,pose,__overall__,77645,0.2789081037044525,0.01,0.01000708352115397,0.006022950611804983,0.01883838136712825,1.2815430755323265,4.0
colorferet,edgeface_xs,112,1024,ours_fast,skin_tone,Asian,16178,0.274196982383728,0.01,0.017369266905674374,,,,
colorferet,edgeface_xs,112,1024,ours_fast,skin_tone,Black,1745,0.274196982383728,0.01,0.0332378223495702,,,,
colorferet,edgeface_xs,112,1024,ours_fast,skin_tone,Hispanic,748,0.274196982383728,0.01,0.008021390374331552,,,,
colorferet,edgeface_xs,112,1024,ours_fast,skin_tone,White,116837,0.274196982383728,0.01,0.00865308078776415,,,,
colorferet,edgeface_xs,112,1024,ours_fast,skin_tone,__overall__,135532,0.274196982383728,0.01,0.01000501726529528,0.008021390374331552,0.0332378223495702,2.521643197523865,4.0
colorferet,edgeface_xs,112,1024,ours_fast,gender,female,37642,0.2751566171646118,0.01,0.015009829445831784,,,,
colorferet,edgeface_xs,112,1024,ours_fast,gender,male,124724,0.2751566171646118,0.01,0.008490747570635964,,,,
colorferet,edgeface_xs,112,1024,ours_fast,gender,__overall__,162366,0.2751566171646118,0.01,0.010002094034465343,0.008490747570635964,0.015009829445831784,0.651908187519582,2.0
colorferet,edgeface_xs,112,1024,ours_fast,age,26-35,23660,0.27348530292510986,0.01,0.010650887573964497,,,,
colorferet,edgeface_xs,112,1024,ours_fast,age,36-50,28990,0.27348530292510986,0.01,0.007519834425664022,,,,
colorferet,edgeface_xs,112,1024,ours_fast,age,51-65,540,0.27348530292510986,0.01,0.009259259259259259,,,,
colorferet,edgeface_xs,112,1024,ours_fast,age,<=25,39049,0.27348530292510986,0.01,0.011472764987579707,,,,
colorferet,edgeface_xs,112,1024,ours_fast,age,__overall__,92240,0.27348530292510986,0.01,0.010006504770164787,0.007519834425664022,0.011472764987579707,0.3952930561915685,4.0
colorferet,edgeface_xs,112,1024,ours_fast,pose,frontal,30858,0.37257978320121765,0.001,0.00035647157949316225,,,,
colorferet,edgeface_xs,112,1024,ours_fast,pose,half,15773,0.37257978320121765,0.001,0.0005705953211183668,,,,
colorferet,edgeface_xs,112,1024,ours_fast,pose,profile,20437,0.37257978320121765,0.001,0.00249547389538582,,,,
colorferet,edgeface_xs,112,1024,ours_fast,pose,quarter,10577,0.37257978320121765,0.001,0.0006618133686300463,,,,
colorferet,edgeface_xs,112,1024,ours_fast,pose,__overall__,77645,0.37257978320121765,0.001,0.0010045720909266534,0.00035647157949316225,0.00249547389538582,0.21390023158926577,4.0
colorferet,edgeface_xs,112,1024,ours_fast,skin_tone,Asian,16178,0.365145742893219,0.001,0.0017307454567931759,,,,
colorferet,edgeface_xs,112,1024,ours_fast,skin_tone,Black,1745,0.365145742893219,0.001,0.006876790830945559,,,,
colorferet,edgeface_xs,112,1024,ours_fast,skin_tone,Hispanic,748,0.365145742893219,0.001,0.001336898395721925,,,,
colorferet,edgeface_xs,112,1024,ours_fast,skin_tone,White,116837,0.365145742893219,0.001,0.0008130985903438123,,,,
colorferet,edgeface_xs,112,1024,ours_fast,skin_tone,__overall__,135532,0.365145742893219,0.001,0.001003453059056164,0.0008130985903438123,0.006876790830945559,0.6063692240601747,4.0
colorferet,edgeface_xs,112,1024,ours_fast,gender,female,37642,0.3661598563194275,0.001,0.0017267945380160458,,,,
colorferet,edgeface_xs,112,1024,ours_fast,gender,male,124724,0.3661598563194275,0.001,0.0007857349026650845,,,,
colorferet,edgeface_xs,112,1024,ours_fast,gender,__overall__,162366,0.3661598563194275,0.001,0.0010039047583853763,0.0007857349026650845,0.0017267945380160458,0.09410596353509613,2.0
colorferet,edgeface_xs,112,1024,ours_fast,age,26-35,23660,0.3684614300727844,0.001,0.0008030431107354185,,,,
colorferet,edgeface_xs,112,1024,ours_fast,age,36-50,28990,0.3684614300727844,0.001,0.0008623663332183512,,,,
colorferet,edgeface_xs,112,1024,ours_fast,age,51-65,540,0.3684614300727844,0.001,0.0,,,,
colorferet,edgeface_xs,112,1024,ours_fast,age,<=25,39049,0.3684614300727844,0.001,0.0012548336705165304,,,,
colorferet,edgeface_xs,112,1024,ours_fast,age,__overall__,92240,0.3684614300727844,0.001,0.0010082393755420642,0.0,0.0012548336705165304,0.12548336705165306,4.0
colorferet,edgeface_xs,112,512,ours_fast,pose,frontal,30858,0.2847299873828888,0.01,0.007453496662129756,,,,
colorferet,edgeface_xs,112,512,ours_fast,pose,half,15773,0.2847299873828888,0.01,0.005896151651556457,,,,
colorferet,edgeface_xs,112,512,ours_fast,pose,profile,20437,0.2847299873828888,0.01,0.01859372706365905,,,,
colorferet,edgeface_xs,112,512,ours_fast,pose,quarter,10577,0.2847299873828888,0.01,0.006996312754089061,,,,
colorferet,edgeface_xs,112,512,ours_fast,pose,__overall__,77645,0.2847299873828888,0.01,0.01000708352115397,0.005896151651556457,0.01859372706365905,1.2697575412102595,4.0
colorferet,edgeface_xs,112,512,ours_fast,skin_tone,Asian,16178,0.2779623866081238,0.01,0.017369266905674374,,,,
colorferet,edgeface_xs,112,512,ours_fast,skin_tone,Black,1745,0.2779623866081238,0.01,0.028080229226361032,,,,
colorferet,edgeface_xs,112,512,ours_fast,skin_tone,Hispanic,748,0.2779623866081238,0.01,0.016042780748663103,,,,
colorferet,edgeface_xs,112,512,ours_fast,skin_tone,White,116837,0.2779623866081238,0.01,0.00867019865282402,,,,
colorferet,edgeface_xs,112,512,ours_fast,skin_tone,__overall__,135532,0.2779623866081238,0.01,0.01000501726529528,0.00867019865282402,0.028080229226361032,1.9410030573537012,4.0
colorferet,edgeface_xs,112,512,ours_fast,gender,female,37642,0.2791803777217865,0.01,0.014265979490994103,,,,
colorferet,edgeface_xs,112,512,ours_fast,gender,male,124724,0.2791803777217865,0.01,0.008715243257111703,,,,
colorferet,edgeface_xs,112,512,ours_fast,gender,__overall__,162366,0.2791803777217865,0.01,0.010002094034465343,0.008715243257111703,0.014265979490994103,0.5550736233882401,2.0
colorferet,edgeface_xs,112,512,ours_fast,age,26-35,23660,0.27977919578552246,0.01,0.010608622147083685,,,,
colorferet,edgeface_xs,112,512,ours_fast,age,36-50,28990,0.27977919578552246,0.01,0.007381855812349086,,,,
colorferet,edgeface_xs,112,512,ours_fast,age,51-65,540,0.27977919578552246,0.01,0.007407407407407408,,,,
colorferet,edgeface_xs,112,512,ours_fast,age,<=25,39049,0.27977919578552246,0.01,0.011626418090091935,,,,
colorferet,edgeface_xs,112,512,ours_fast,age,__overall__,92240,0.27977919578552246,0.01,0.010006504770164787,0.007381855812349086,0.011626418090091935,0.4244562277742849,4.0
colorferet,edgeface_xs,112,512,ours_fast,pose,frontal,30858,0.37489914894104004,0.001,0.00042128459394646445,,,,
colorferet,edgeface_xs,112,512,ours_fast,pose,half,15773,0.37489914894104004,0.001,0.0005705953211183668,,,,
colorferet,edgeface_xs,112,512,ours_fast,pose,profile,20437,0.37489914894104004,0.001,0.002250819591916622,,,,
colorferet,edgeface_xs,112,512,ours_fast,pose,quarter,10577,0.37489914894104004,0.001,0.0009454476694714947,,,,
colorferet,edgeface_xs,112,512,ours_fast,pose,__overall__,77645,0.37489914894104004,0.001,0.0010045720909266534,0.00042128459394646445,0.002250819591916622,0.18295349979701572,4.0
colorferet,edgeface_xs,112,512,ours_fast,skin_tone,Asian,16178,0.36674776673316956,0.001,0.00234886883421931,,,,
colorferet,edgeface_xs,112,512,ours_fast,skin_tone,Black,1745,0.36674776673316956,0.001,0.0040114613180515755,,,,
colorferet,edgeface_xs,112,512,ours_fast,skin_tone,Hispanic,748,0.36674776673316956,0.001,0.0,,,,
colorferet,edgeface_xs,112,512,ours_fast,skin_tone,White,116837,0.36674776673316956,0.001,0.0007788628602240728,,,,
colorferet,edgeface_xs,112,512,ours_fast,skin_tone,__overall__,135532,0.36674776673316956,0.001,0.001003453059056164,0.0,0.0040114613180515755,0.40114613180515757,4.0
colorferet,edgeface_xs,112,512,ours_fast,gender,female,37642,0.36727213859558105,0.001,0.0014876999096753627,,,,
colorferet,edgeface_xs,112,512,ours_fast,gender,male,124724,0.36727213859558105,0.001,0.0008578942304608575,,,,
colorferet,edgeface_xs,112,512,ours_fast,gender,__overall__,162366,0.36727213859558105,0.001,0.0010039047583853763,0.0008578942304608575,0.0014876999096753627,0.06298056792145051,2.0
colorferet,edgeface_xs,112,512,ours_fast,age,26-35,23660,0.3717283606529236,0.001,0.0009298393913778529,,,,
colorferet,edgeface_xs,112,512,ours_fast,age,36-50,28990,0.3717283606529236,0.001,0.0007243877199034149,,,,
colorferet,edgeface_xs,112,512,ours_fast,age,51-65,540,0.3717283606529236,0.001,0.001851851851851852,,,,
colorferet,edgeface_xs,112,512,ours_fast,age,<=25,39049,0.3717283606529236,0.001,0.0012548336705165304,,,,
colorferet,edgeface_xs,112,512,ours_fast,age,__overall__,92240,0.3717283606529236,0.001,0.0010082393755420642,0.0007243877199034149,0.001851851851851852,0.11274641319484369,4.0
colorferet,edgeface_xs,112,1024,webp,pose,frontal,30858,0.27808356285095215,0.01,0.00641648843087692,,,,
colorferet,edgeface_xs,112,1024,webp,pose,half,15773,0.27808356285095215,0.01,0.007481138654663032,,,,
colorferet,edgeface_xs,112,1024,webp,pose,profile,20437,0.27808356285095215,0.01,0.01883838136712825,,,,
colorferet,edgeface_xs,112,1024,webp,pose,quarter,10577,0.27808356285095215,0.01,0.00718540228798336,,,,
colorferet,edgeface_xs,112,1024,webp,pose,__overall__,77645,0.27808356285095215,0.01,0.01000708352115397,0.00641648843087692,0.01883838136712825,1.242189293625133,4.0
colorferet,edgeface_xs,112,1024,webp,skin_tone,Asian,16178,0.27702486515045166,0.01,0.016256644826307332,,,,
colorferet,edgeface_xs,112,1024,webp,skin_tone,Black,1745,0.27702486515045166,0.01,0.03151862464183381,,,,
colorferet,edgeface_xs,112,1024,webp,skin_tone,Hispanic,748,0.27702486515045166,0.01,0.008021390374331552,,,,
colorferet,edgeface_xs,112,1024,webp,skin_tone,White,116837,0.27702486515045166,0.01,0.008824259438362847,,,,
colorferet,edgeface_xs,112,1024,webp,skin_tone,__overall__,135532,0.27702486515045166,0.01,0.01000501726529528,0.008021390374331552,0.03151862464183381,2.349723426750226,4.0
colorferet,edgeface_xs,112,1024,webp,gender,female,37642,0.2775661051273346,0.01,0.013708092024865842,,,,
colorferet,edgeface_xs,112,1024,webp,gender,male,124724,0.2775661051273346,0.01,0.008883615021968506,,,,
colorferet,edgeface_xs,112,1024,webp,gender,__overall__,162366,0.2775661051273346,0.01,0.010002094034465343,0.008883615021968506,0.013708092024865842,0.4824477002897336,2.0
colorferet,edgeface_xs,112,1024,webp,age,26-35,23660,0.2783840000629425,0.01,0.009805579036348266,,,,
colorferet,edgeface_xs,112,1024,webp,age,36-50,28990,0.2783840000629425,0.01,0.007692307692307693,,,,
colorferet,edgeface_xs,112,1024,webp,age,51-65,540,0.2783840000629425,0.01,0.007407407407407408,,,,
colorferet,edgeface_xs,112,1024,webp,age,<=25,39049,0.2783840000629425,0.01,0.011882506594278983,,,,
colorferet,edgeface_xs,112,1024,webp,age,__overall__,92240,0.2783840000629425,0.01,0.010006504770164787,0.007407407407407408,0.011882506594278983,0.4475099186871575,4.0
colorferet,edgeface_xs,112,1024,webp,pose,frontal,30858,0.3665347695350647,0.001,0.00042128459394646445,,,,
colorferet,edgeface_xs,112,1024,webp,pose,half,15773,0.3665347695350647,0.001,0.0004437963608698409,,,,
colorferet,edgeface_xs,112,1024,webp,pose,profile,20437,0.3665347695350647,0.001,0.0025444047560796595,,,,
colorferet,edgeface_xs,112,1024,webp,pose,quarter,10577,0.3665347695350647,0.001,0.0005672686016828969,,,,
colorferet,edgeface_xs,112,1024,webp,pose,__overall__,77645,0.3665347695350647,0.001,0.0010045720909266534,0.00042128459394646445,0.0025444047560796595,0.2123120162133195,4.0
colorferet,edgeface_xs,112,1024,webp,skin_tone,Asian,16178,0.36549636721611023,0.001,0.0021016194832488566,,,,
colorferet,edgeface_xs,112,1024,webp,skin_tone,Black,1745,0.36549636721611023,0.001,0.0028653295128939827,,,,
colorferet,edgeface_xs,112,1024,webp,skin_tone,Hispanic,748,0.36549636721611023,0.001,0.0,,,,
colorferet,edgeface_xs,112,1024,webp,skin_tone,White,116837,0.36549636721611023,0.001,0.000830216455403682,,,,
colorferet,edgeface_xs,112,1024,webp,skin_tone,__overall__,135532,0.36549636721611023,0.001,0.001003453059056164,0.0,0.0028653295128939827,0.28653295128939826,4.0
colorferet,edgeface_xs,112,1024,webp,gender,female,37642,0.364021897315979,0.001,0.001567398119122257,,,,
colorferet,edgeface_xs,112,1024,webp,gender,male,124724,0.364021897315979,0.001,0.0008338411211955999,,,,
colorferet,edgeface_xs,112,1024,webp,gender,__overall__,162366,0.364021897315979,0.001,0.0010039047583853763,0.0008338411211955999,0.001567398119122257,0.07335569979266571,2.0
colorferet,edgeface_xs,112,1024,webp,age,26-35,23660,0.3659610450267792,0.001,0.0013102282333051563,,,,
colorferet,edgeface_xs,112,1024,webp,age,36-50,28990,0.3659610450267792,0.001,0.0008623663332183512,,,,
colorferet,edgeface_xs,112,1024,webp,age,51-65,540,0.3659610450267792,0.001,0.003703703703703704,,,,
colorferet,edgeface_xs,112,1024,webp,age,<=25,39049,0.3659610450267792,0.001,0.0008963097646546646,,,,
colorferet,edgeface_xs,112,1024,webp,age,__overall__,92240,0.3659610450267792,0.001,0.0010082393755420642,0.0008623663332183512,0.003703703703703704,0.2841337370485353,4.0
colorferet,edgeface_xs,112,512,webp,pose,frontal,30858,0.3013917803764343,0.01,0.0077775617343962666,,,,
colorferet,edgeface_xs,112,512,webp,pose,half,15773,0.3013917803764343,0.01,0.007100741773917454,,,,
colorferet,edgeface_xs,112,512,webp,pose,profile,20437,0.3013917803764343,0.01,0.01727259382492538,,,,
colorferet,edgeface_xs,112,512,webp,pose,quarter,10577,0.3013917803764343,0.01,0.006807223220194762,,,,
colorferet,edgeface_xs,112,512,webp,pose,__overall__,77645,0.3013917803764343,0.01,0.01000708352115397,0.006807223220194762,0.01727259382492538,1.0465370604730617,4.0
colorferet,edgeface_xs,112,512,webp,skin_tone,Asian,16178,0.2961099147796631,0.01,0.01718382989244653,,,,
colorferet,edgeface_xs,112,512,webp,skin_tone,Black,1745,0.2961099147796631,0.01,0.02349570200573066,,,,
colorferet,edgeface_xs,112,512,webp,skin_tone,Hispanic,748,0.2961099147796631,0.01,0.004010695187165776,,,,
colorferet,edgeface_xs,112,512,webp,skin_tone,White,116837,0.2961099147796631,0.01,0.008849936235952652,,,,
colorferet,edgeface_xs,112,512,webp,skin_tone,__overall__,135532,0.2961099147796631,0.01,0.01000501726529528,0.004010695187165776,0.02349570200573066,1.9485006818564883,4.0
colorferet,edgeface_xs,112,512,webp,gender,female,37642,0.2958017587661743,0.01,0.01224695818500611,,,,
colorferet,edgeface_xs,112,512,webp,gender,male,124724,0.2958017587661743,0.01,0.009324588691831564,,,,
colorferet,edgeface_xs,112,512,webp,gender,__overall__,162366,0.2958017587661743,0.01,0.010002094034465343,0.009324588691831564,0.01224695818500611,0.2922369493174546,2.0
colorferet,edgeface_xs,112,512,webp,age,26-35,23660,0.29344573616981506,0.01,0.0110312764158918,,,,
colorferet,edgeface_xs,112,512,webp,age,36-50,28990,0.29344573616981506,0.01,0.007105898585719214,,,,
colorferet,edgeface_xs,112,512,webp,age,51-65,540,0.29344573616981506,0.01,0.001851851851851852,,,,
colorferet,edgeface_xs,112,512,webp,age,<=25,39049,0.29344573616981506,0.01,0.011652026940510641,,,,
colorferet,edgeface_xs,112,512,webp,age,__overall__,92240,0.29344573616981506,0.01,0.010006504770164787,0.001851851851851852,0.011652026940510641,0.980017508865879,4.0
colorferet,edgeface_xs,112,512,webp,pose,frontal,30858,0.39469870924949646,0.001,0.0005509106228530689,,,,
colorferet,edgeface_xs,112,512,webp,pose,half,15773,0.39469870924949646,0.001,0.0003803968807455779,,,,
colorferet,edgeface_xs,112,512,webp,pose,profile,20437,0.39469870924949646,0.001,0.0024465430346919804,,,,
colorferet,edgeface_xs,112,512,webp,pose,quarter,10577,0.39469870924949646,0.001,0.00047272383473574735,,,,
colorferet,edgeface_xs,112,512,webp,pose,__overall__,77645,0.39469870924949646,0.001,0.0010045720909266534,0.0003803968807455779,0.0024465430346919804,0.20661461539464027,4.0
colorferet,edgeface_xs,112,512,webp,skin_tone,Asian,16178,0.3908635079860687,0.001,0.0019161824700210162,,,,
colorferet,edgeface_xs,112,512,webp,skin_tone,Black,1745,0.3908635079860687,0.001,0.0028653295128939827,,,,
colorferet,edgeface_xs,112,512,webp,skin_tone,Hispanic,748,0.3908635079860687,0.001,0.0,,,,
colorferet,edgeface_xs,112,512,webp,skin_tone,White,116837,0.3908635079860687,0.001,0.0008558932529934867,,,,
colorferet,edgeface_xs,112,512,webp,skin_tone,__overall__,135532,0.3908635079860687,0.001,0.001003453059056164,0.0,0.0028653295128939827,0.28653295128939826,4.0
colorferet,edgeface_xs,112,512,webp,gender,female,37642,0.3850747048854828,0.001,0.0013548695605972052,,,,
colorferet,edgeface_xs,112,512,webp,gender,male,124724,0.3850747048854828,0.001,0.0008979827459029537,,,,
colorferet,edgeface_xs,112,512,webp,gender,__overall__,162366,0.3850747048854828,0.001,0.0010039047583853763,0.0008979827459029537,0.0013548695605972052,0.04568868146942515,2.0
colorferet,edgeface_xs,112,512,webp,age,26-35,23660,0.38219401240348816,0.001,0.0010143702451394759,,,,
colorferet,edgeface_xs,112,512,webp,age,36-50,28990,0.38219401240348816,0.001,0.0005864091065884788,,,,
colorferet,edgeface_xs,112,512,webp,age,51-65,540,0.38219401240348816,0.001,0.0,,,,
colorferet,edgeface_xs,112,512,webp,age,<=25,39049,0.38219401240348816,0.001,0.0013316602217726447,,,,
colorferet,edgeface_xs,112,512,webp,age,__overall__,92240,0.38219401240348816,0.001,0.0010082393755420642,0.0,0.0013316602217726447,0.13316602217726448,4.0
