dataset,model,res,budget,codec,attribute,subgroup,n_neg,tau,target_fmr,fmr,fmr_min,fmr_max,fmr_disparity_pp,n_subgroups
kk,arcface_antelopev2,112,0,aligned,skin_tone,MST10,413,0.19587665796279907,0.01,0.0,,,,
kk,arcface_antelopev2,112,0,aligned,skin_tone,MST5,3727,0.19587665796279907,0.01,0.009122618728199625,,,,
kk,arcface_antelopev2,112,0,aligned,skin_tone,MST6,55963,0.19587665796279907,0.01,0.012472526490717081,,,,
kk,arcface_antelopev2,112,0,aligned,skin_tone,MST7,23038,0.19587665796279907,0.01,0.004384061116416356,,,,
kk,arcface_antelopev2,112,0,aligned,skin_tone,MST8,274,0.19587665796279907,0.01,0.021897810218978103,,,,
kk,arcface_antelopev2,112,0,aligned,skin_tone,MST9,1440,0.19587665796279907,0.01,0.006944444444444444,,,,
kk,arcface_antelopev2,112,0,aligned,skin_tone,__overall__,84855,0.19587665796279907,0.01,0.010005303164221319,0.0,0.021897810218978103,2.18978102189781,6.0
kk,arcface_antelopev2,112,0,aligned,gender,F,94936,0.21352963149547577,0.01,0.013029830622735316,,,,
kk,arcface_antelopev2,112,0,aligned,gender,M,56171,0.21352963149547577,0.01,0.004895764718449022,,,,
kk,arcface_antelopev2,112,0,aligned,gender,__overall__,151107,0.21352963149547577,0.01,0.010006154579205463,0.004895764718449022,0.013029830622735316,0.8134065904286294,2.0
kk,arcface_antelopev2,112,0,aligned,age,26-35,50332,0.21101588010787964,0.01,0.005900818564730192,,,,
kk,arcface_antelopev2,112,0,aligned,age,36-50,6062,0.21101588010787964,0.01,0.008742989112504124,,,,
kk,arcface_antelopev2,112,0,aligned,age,<=25,54517,0.21101588010787964,0.01,0.013940605682631106,,,,
kk,arcface_antelopev2,112,0,aligned,age,__overall__,110911,0.21101588010787964,0.01,0.010008024452038121,0.005900818564730192,0.013940605682631106,0.8039787117900914,3.0
kk,arcface_antelopev2,112,0,aligned,skin_tone,MST10,413,0.2729623317718506,0.001,0.0,,,,
kk,arcface_antelopev2,112,0,aligned,skin_tone,MST5,3727,0.2729623317718506,0.001,0.0013415615776764154,,,,
kk,arcface_antelopev2,112,0,aligned,skin_tone,MST6,55963,0.2729623317718506,0.001,0.0013223022354055358,,,,
kk,arcface_antelopev2,112,0,aligned,skin_tone,MST7,23038,0.2729623317718506,0.001,0.00021703272853546314,,,,
kk,arcface_antelopev2,112,0,aligned,skin_tone,MST8,274,0.2729623317718506,0.001,0.0,,,,
kk,arcface_antelopev2,112,0,aligned,skin_tone,MST9,1440,0.2729623317718506,0.001,0.0006944444444444445,,,,
kk,arcface_antelopev2,112,0,aligned,skin_tone,__overall__,84855,0.2729623317718506,0.001,0.0010017087973602026,0.0,0.0013415615776764154,0.13415615776764153,6.0
kk,arcface_antelopev2,112,0,aligned,gender,F,94936,0.28375115990638733,0.001,0.0014009437937136597,,,,
kk,arcface_antelopev2,112,0,aligned,gender,M,56171,0.28375115990638733,0.001,0.0003382528350928415,,,,
kk,arcface_antelopev2,112,0,aligned,gender,__overall__,151107,0.28375115990638733,0.001,0.0010059097196026656,0.0003382528350928415,0.0014009437937136597,0.10626909586208182,2.0
kk,arcface_antelopev2,112,0,aligned,age,26-35,50332,0.2837750017642975,0.001,0.0007748549630453786,,,,
kk,arcface_antelopev2,112,0,aligned,age,36-50,6062,0.2837750017642975,0.001,0.0001649620587264929,,,,
kk,arcface_antelopev2,112,0,aligned,age,<=25,54517,0.2837750017642975,0.001,0.001302346057193169,,,,
kk,arcface_antelopev2,112,0,aligned,age,__overall__,110911,0.2837750017642975,0.001,0.001000802445203812,0.0001649620587264929,0.001302346057193169,0.11373839984666761,3.0
kk,arcface_antelopev2,112,1024,avif,skin_tone,MST10,413,0.20015361905097961,0.01,0.0,,,,
kk,arcface_antelopev2,112,1024,avif,skin_tone,MST5,3727,0.20015361905097961,0.01,0.008317681781593774,,,,
kk,arcface_antelopev2,112,1024,avif,skin_tone,MST6,55963,0.20015361905097961,0.01,0.012007933813412433,,,,
kk,arcface_antelopev2,112,1024,avif,skin_tone,MST7,23038,0.20015361905097961,0.01,0.00512197239343693,,,,
kk,arcface_antelopev2,112,1024,avif,skin_tone,MST8,274,0.20015361905097961,0.01,0.01824817518248175,,,,
kk,arcface_antelopev2,112,1024,avif,skin_tone,MST9,1440,0.20015361905097961,0.01,0.01597222222222222,,,,
kk,arcface_antelopev2,112,1024,avif,skin_tone,__overall__,84855,0.20015361905097961,0.01,0.010005303164221319,0.0,0.01824817518248175,1.824817518248175,6.0
kk,arcface_antelopev2,112,1024,avif,gender,F,94936,0.21771171689033508,0.01,0.012924496502907222,,,,
kk,arcface_antelopev2,112,1024,avif,gender,M,56171,0.21771171689033508,0.01,0.005073792526392623,,,,
kk,arcface_antelopev2,112,1024,avif,gender,__overall__,151107,0.21771171689033508,0.01,0.010006154579205463,0.005073792526392623,0.012924496502907222,0.7850703976514599,2.0
kk,arcface_antelopev2,112,1024,avif,age,26-35,50332,0.21478572487831116,0.01,0.005145831677660335,,,,
kk,arcface_antelopev2,112,1024,avif,age,36-50,6062,0.21478572487831116,0.01,0.005773672055427252,,,,
kk,arcface_antelopev2,112,1024,avif,age,<=25,54517,0.21478572487831116,0.01,0.01496780820661445,,,,
kk,arcface_antelopev2,112,1024,avif,age,__overall__,110911,0.21478572487831116,0.01,0.010008024452038121,0.005145831677660335,0.01496780820661445,0.9821976528954116,3.0
kk,arcface_antelopev2,112,1024,avif,skin_tone,MST10,413,0.27699342370033264,0.001,0.0,,,,
kk,arcface_antelopev2,112,1024,avif,skin_tone,MST5,3727,0.27699342370033264,0.001,0.0005366246310705661,,,,
kk,arcface_antelopev2,112,1024,avif,skin_tone,MST6,55963,0.27699342370033264,0.001,0.0012686953880242304,,,,
kk,arcface_antelopev2,112,1024,avif,skin_tone,MST7,23038,0.27699342370033264,0.001,0.00043406545707092627,,,,
kk,arcface_antelopev2,112,1024,avif,skin_tone,MST8,274,0.27699342370033264,0.001,0.0,,,,
kk,arcface_antelopev2,112,1024,avif,skin_tone,MST9,1440,0.27699342370033264,0.001,0.001388888888888889,,,,
kk,arcface_antelopev2,112,1024,avif,skin_tone,__overall__,84855,0.27699342370033264,0.001,0.0010017087973602026,0.0,0.001388888888888889,0.1388888888888889,6.0
kk,arcface_antelopev2,112,1024,avif,gender,F,94936,0.29489508271217346,0.001,0.0013904103817308502,,,,
kk,arcface_antelopev2,112,1024,avif,gender,M,56171,0.29489508271217346,0.001,0.00035605561588720157,,,,
kk,arcface_antelopev2,112,1024,avif,gender,__overall__,151107,0.29489508271217346,0.001,0.0010059097196026656,0.00035605561588720157,0.0013904103817308502,0.10343547658436486,2.0
kk,arcface_antelopev2,112,1024,avif,age,26-35,50332,0.2916191816329956,0.001,0.00047683382341254075,,,,
kk,arcface_antelopev2,112,1024,avif,age,36-50,6062,0.2916191816329956,0.001,0.0004948861761794787,,,,
kk,arcface_antelopev2,112,1024,avif,age,<=25,54517,0.2916191816329956,0.001,0.001540803785975017,,,,
kk,arcface_antelopev2,112,1024,avif,age,__overall__,110911,0.2916191816329956,0.001,0.001000802445203812,0.00047683382341254075,0.001540803785975017,0.10639699625624763,3.0
kk,arcface_antelopev2,112,512,avif,skin_tone,MST10,413,0.2185799777507782,0.01,0.002421307506053269,,,,
kk,arcface_antelopev2,112,512,avif,skin_tone,MST5,3727,0.2185799777507782,0.01,0.011805741883552455,,,,
kk,arcface_antelopev2,112,512,avif,skin_tone,MST6,55963,0.2185799777507782,0.01,0.011507603237853582,,,,
kk,arcface_antelopev2,112,512,avif,skin_tone,MST7,23038,0.2185799777507782,0.01,0.005686257487629134,,,,
kk,arcface_antelopev2,112,512,avif,skin_tone,MST8,274,0.2185799777507782,0.01,0.0036496350364963502,,,,
kk,arcface_antelopev2,112,512,avif,skin_tone,MST9,1440,0.2185799777507782,0.01,0.019444444444444445,,,,
kk,arcface_antelopev2,112,512,avif,skin_tone,__overall__,84855,0.2185799777507782,0.01,0.010005303164221319,0.002421307506053269,0.019444444444444445,1.7023136938391175,6.0
kk,arcface_antelopev2,112,512,avif,gender,F,94936,0.23730343580245972,0.01,0.012608494143422938,,,,
kk,arcface_antelopev2,112,512,avif,gender,M,56171,0.23730343580245972,0.01,0.005607875950223425,,,,
kk,arcface_antelopev2,112,512,avif,gender,__overall__,151107,0.23730343580245972,0.01,0.010006154579205463,0.005607875950223425,0.012608494143422938,0.7000618193199513,2.0
kk,arcface_antelopev2,112,512,avif,age,26-35,50332,0.23096001148223877,0.01,0.004510053246443615,,,,
kk,arcface_antelopev2,112,512,avif,age,36-50,6062,0.23096001148223877,0.01,0.008083140877598153,,,,
kk,arcface_antelopev2,112,512,avif,age,<=25,54517,0.23096001148223877,0.01,0.01529798044646624,,,,
kk,arcface_antelopev2,112,512,avif,age,__overall__,110911,0.23096001148223877,0.01,0.010008024452038121,0.004510053246443615,0.01529798044646624,1.0787927200022627,3.0
kk,arcface_antelopev2,112,512,avif,skin_tone,MST10,413,0.29508164525032043,0.001,0.0,,,,
kk,arcface_antelopev2,112,512,avif,skin_tone,MST5,3727,0.29508164525032043,0.001,0.0016098738932116983,,,,
kk,arcface_antelopev2,112,512,avif,skin_tone,MST6,55963,0.29508164525032043,0.001,0.0011972195915158229,,,,
kk,arcface_antelopev2,112,512,avif,skin_tone,MST7,23038,0.29508164525032043,0.001,0.0003038458199496484,,,,
kk,arcface_antelopev2,112,512,avif,skin_tone,MST8,274,0.29508164525032043,0.001,0.0,,,,
kk,arcface_antelopev2,112,512,avif,skin_tone,MST9,1440,0.29508164525032043,0.001,0.003472222222222222,,,,
kk,arcface_antelopev2,112,512,avif,skin_tone,__overall__,84855,0.29508164525032043,0.001,0.0010017087973602026,0.0,0.003472222222222222,0.3472222222222222,6.0
kk,arcface_antelopev2,112,512,avif,gender,F,94936,0.3150497078895569,0.001,0.0013693435577652312,,,,
kk,arcface_antelopev2,112,512,avif,gender,M,56171,0.3150497078895569,0.001,0.0003916611774759217,,,,
kk,arcface_antelopev2,112,512,avif,gender,__overall__,151107,0.3150497078895569,0.001,0.0010059097196026656,0.0003916611774759217,0.0013693435577652312,0.09776823802893095,2.0
kk,arcface_antelopev2,112,512,avif,age,26-35,50332,0.30820807814598083,0.001,0.0004370976714614957,,,,
kk,arcface_antelopev2,112,512,avif,age,36-50,6062,0.30820807814598083,0.001,0.0003299241174529858,,,,
kk,arcface_antelopev2,112,512,avif,age,<=25,54517,0.30820807814598083,0.001,0.0015958324926169819,,,,
kk,arcface_antelopev2,112,512,avif,age,__overall__,110911,0.30820807814598083,0.001,0.001000802445203812,0.0003299241174529858,0.0015958324926169819,0.1265908375163996,3.0
kk,arcface_antelopev2,112,1024,heif,skin_tone,MST10,413,0.2033049613237381,0.01,0.0,,,,
kk,arcface_antelopev2,112,1024,heif,skin_tone,MST5,3727,0.2033049613237381,0.01,0.008585994097129058,,,,
kk,arcface_antelopev2,112,1024,heif,skin_tone,MST6,55963,0.2033049613237381,0.01,0.012150885406429248,,,,
kk,arcface_antelopev2,112,1024,heif,skin_tone,MST7,23038,0.2033049613237381,0.01,0.004774720027780189,,,,
kk,arcface_antelopev2,112,1024,heif,skin_tone,MST8,274,0.2033049613237381,0.01,0.010948905109489052,,,,
kk,arcface_antelopev2,112,1024,heif,skin_tone,MST9,1440,0.2033049613237381,0.01,0.016666666666666666,,,,
kk,arcface_antelopev2,112,1024,heif,skin_tone,__overall__,84855,0.2033049613237381,0.01,0.010005303164221319,0.0,0.016666666666666666,1.6666666666666667,6.0
kk,arcface_antelopev2,112,1024,heif,gender,F,94936,0.22113314270973206,0.01,0.013293165922305554,,,,
kk,arcface_antelopev2,112,1024,heif,gender,M,56171,0.22113314270973206,0.01,0.00445069519859002,,,,
kk,arcface_antelopev2,112,1024,heif,gender,__overall__,151107,0.22113314270973206,0.01,0.010006154579205463,0.00445069519859002,0.013293165922305554,0.8842470723715533,2.0
kk,arcface_antelopev2,112,1024,heif,age,26-35,50332,0.21792958676815033,0.01,0.004331240562663911,,,,
kk,arcface_antelopev2,112,1024,heif,age,36-50,6062,0.21792958676815033,0.01,0.0059386341141537445,,,,
kk,arcface_antelopev2,112,1024,heif,age,<=25,54517,0.21792958676815033,0.01,0.015701524295173984,,,,
kk,arcface_antelopev2,112,1024,heif,age,__overall__,110911,0.21792958676815033,0.01,0.010008024452038121,0.004331240562663911,0.015701524295173984,1.1370283732510071,3.0
kk,arcface_antelopev2,112,1024,heif,skin_tone,MST10,413,0.28046002984046936,0.001,0.0,,,,
kk,arcface_antelopev2,112,1024,heif,skin_tone,MST5,3727,0.28046002984046936,0.001,0.0008049369466058492,,,,
kk,arcface_antelopev2,112,1024,heif,skin_tone,MST6,55963,0.28046002984046936,0.001,0.0013580401336597396,,,,
kk,arcface_antelopev2,112,1024,heif,skin_tone,MST7,23038,0.28046002984046936,0.001,0.00017362618282837052,,,,
kk,arcface_antelopev2,112,1024,heif,skin_tone,MST8,274,0.28046002984046936,0.001,0.0,,,,
kk,arcface_antelopev2,112,1024,heif,skin_tone,MST9,1440,0.28046002984046936,0.001,0.001388888888888889,,,,
kk,arcface_antelopev2,112,1024,heif,skin_tone,__overall__,84855,0.28046002984046936,0.001,0.0010017087973602026,0.0,0.001388888888888889,0.1388888888888889,6.0
kk,arcface_antelopev2,112,1024,heif,gender,F,94936,0.2942984700202942,0.001,0.0014220106176792786,,,,
kk,arcface_antelopev2,112,1024,heif,gender,M,56171,0.2942984700202942,0.001,0.00030264727350412133,,,,
kk,arcface_antelopev2,112,1024,heif,gender,__overall__,151107,0.2942984700202942,0.001,0.0010059097196026656,0.00030264727350412133,0.0014220106176792786,0.11193633441751573,2.0
kk,arcface_antelopev2,112,1024,heif,age,26-35,50332,0.2947435677051544,0.001,0.00047683382341254075,,,,
kk,arcface_antelopev2,112,1024,heif,age,36-50,6062,0.2947435677051544,0.001,0.0001649620587264929,,,,
kk,arcface_antelopev2,112,1024,heif,age,<=25,54517,0.2947435677051544,0.001,0.0015774895904029935,,,,
kk,arcface_antelopev2,112,1024,heif,age,__overall__,110911,0.2947435677051544,0.001,0.001000802445203812,0.0001649620587264929,0.0015774895904029935,0.14125275316765007,3.0
kk,arcface_antelopev2,112,512,heif,skin_tone,MST10,413,0.27094772458076477,0.01,0.007263922518159807,,,,
kk,arcface_antelopev2,112,512,heif,skin_tone,MST5,3727,0.27094772458076477,0.01,0.016098738932116986,,,,
kk,arcface_antelopev2,112,512,heif,skin_tone,MST6,55963,0.27094772458076477,0.01,0.011275306899201257,,,,
kk,arcface_antelopev2,112,512,heif,skin_tone,MST7,23038,0.27094772458076477,0.01,0.0061203229447000605,,,,
kk,arcface_antelopev2,112,512,heif,skin_tone,MST8,274,0.27094772458076477,0.01,0.0,,,,
kk,arcface_antelopev2,112,512,heif,skin_tone,MST9,1440,0.27094772458076477,0.01,0.009722222222222222,,,,
kk,arcface_antelopev2,112,512,heif,skin_tone,__overall__,84855,0.27094772458076477,0.01,0.010005303164221319,0.0,0.016098738932116986,1.6098738932116985,6.0
kk,arcface_antelopev2,112,512,heif,gender,F,94936,0.287685751914978,0.01,0.014051571585067835,,,,
kk,arcface_antelopev2,112,512,heif,gender,M,56171,0.287685751914978,0.01,0.003168894981396094,,,,
kk,arcface_antelopev2,112,512,heif,gender,__overall__,151107,0.287685751914978,0.01,0.010006154579205463,0.003168894981396094,0.014051571585067835,1.0882676603671741,2.0
kk,arcface_antelopev2,112,512,heif,age,26-35,50332,0.281174898147583,0.01,0.004629261702296749,,,,
kk,arcface_antelopev2,112,512,heif,age,36-50,6062,0.281174898147583,0.01,0.003299241174529858,,,,
kk,arcface_antelopev2,112,512,heif,age,<=25,54517,0.281174898147583,0.01,0.01571986719738797,,,,
kk,arcface_antelopev2,112,512,heif,age,__overall__,110911,0.281174898147583,0.01,0.010008024452038121,0.003299241174529858,0.01571986719738797,1.2420626022858112,3.0
kk,arcface_antelopev2,112,512,heif,skin_tone,MST10,413,0.3569558262825012,0.001,0.0,,,,
kk,arcface_antelopev2,112,512,heif,skin_tone,MST5,3727,0.3569558262825012,0.001,0.0024148108398175474,,,,
kk,arcface_antelopev2,112,512,heif,skin_tone,MST6,55963,0.3569558262825012,0.001,0.0010363990493719064,,,,
kk,arcface_antelopev2,112,512,heif,skin_tone,MST7,23038,0.3569558262825012,0.001,0.0006945047313134821,,,,
kk,arcface_antelopev2,112,512,heif,skin_tone,MST8,274,0.3569558262825012,0.001,0.0,,,,
kk,arcface_antelopev2,112,512,heif,skin_tone,MST9,1440,0.3569558262825012,0.001,0.001388888888888889,,,,
kk,arcface_antelopev2,112,512,heif,skin_tone,__overall__,84855,0.3569558262825012,0.001,0.0010017087973602026,0.0,0.0024148108398175474,0.24148108398175475,6.0
kk,arcface_antelopev2,112,512,heif,gender,F,94936,0.3712172210216522,0.001,0.001474677677593326,,,,
kk,arcface_antelopev2,112,512,heif,gender,M,56171,0.3712172210216522,0.001,0.00021363336953232094,,,,
kk,arcface_antelopev2,112,512,heif,gender,__overall__,151107,0.3712172210216522,0.001,0.0010059097196026656,0.00021363336953232094,0.001474677677593326,0.1261044308061005,2.0
kk,arcface_antelopev2,112,512,heif,age,26-35,50332,0.3664972186088562,0.001,0.0003178892156083605,,,,
kk,arcface_antelopev2,112,512,heif,age,36-50,6062,0.3664972186088562,0.001,0.0008248102936324645,,,,
kk,arcface_antelopev2,112,512,heif,age,<=25,54517,0.3664972186088562,0.001,0.0016508611992589468,,,,
kk,arcface_antelopev2,112,512,heif,age,__overall__,110911,0.3664972186088562,0.001,0.001000802445203812,0.0003178892156083605,0.0016508611992589468,0.13329719836505863,3.0
kk,arcface_antelopev2,112,1024,jpeg2000,skin_tone,MST10,413,0.2330312579870224,0.01,0.0,,,,
kk,arcface_antelopev2,112,1024,jpeg2000,skin_tone,MST5,3727,0.2330312579870224,0.01,0.014220552723370002,,,,
kk,arcface_antelopev2,112,1024,jpeg2000,skin_tone,MST6,55963,0.2330312579870224,0.01,0.011346782695709665,,,,
kk,arcface_antelopev2,112,1024,jpeg2000,skin_tone,MST7,23038,0.2330312579870224,0.01,0.005773070579043319,,,,
kk,arcface_antelopev2,112,1024,jpeg2000,skin_tone,MST8,274,0.2330312579870224,0.01,0.0,,,,
kk,arcface_antelopev2,112,1024,jpeg2000,skin_tone,MST9,1440,0.2330312579870224,0.01,0.019444444444444445,,,,
kk,arcface_antelopev2,112,1024,jpeg2000,skin_tone,__overall__,84855,0.2330312579870224,0.01,0.010005303164221319,0.0,0.019444444444444445,1.9444444444444444,6.0
kk,arcface_antelopev2,112,1024,jpeg2000,gender,F,94936,0.251150906085968,0.01,0.013335299570236792,,,,
kk,arcface_antelopev2,112,1024,jpeg2000,gender,M,56171,0.251150906085968,0.01,0.004379484075412579,,,,
kk,arcface_antelopev2,112,1024,jpeg2000,gender,__overall__,151107,0.251150906085968,0.01,0.010006154579205463,0.004379484075412579,0.013335299570236792,0.8955815494824212,2.0
kk,arcface_antelopev2,112,1024,jpeg2000,age,26-35,50332,0.24677449464797974,0.01,0.0042120321068107765,,,,
kk,arcface_antelopev2,112,1024,jpeg2000,age,36-50,6062,0.24677449464797974,0.01,0.007093368525239195,,,,
kk,arcface_antelopev2,112,1024,jpeg2000,age,<=25,54517,0.24677449464797974,0.01,0.015683181392959995,,,,
kk,arcface_antelopev2,112,1024,jpeg2000,age,__overall__,110911,0.24677449464797974,0.01,0.010008024452038121,0.0042120321068107765,0.015683181392959995,1.1471149286149218,3.0
kk,arcface_antelopev2,112,1024,jpeg2000,skin_tone,MST10,413,0.31226813793182373,0.001,0.0,,,,
kk,arcface_antelopev2,112,1024,jpeg2000,skin_tone,MST5,3727,0.31226813793182373,0.001,0.0018781862087469815,,,,
kk,arcface_antelopev2,112,1024,jpeg2000,skin_tone,MST6,55963,0.31226813793182373,0.001,0.0011972195915158229,,,,
kk,arcface_antelopev2,112,1024,jpeg2000,skin_tone,MST7,23038,0.31226813793182373,0.001,0.00043406545707092627,,,,
kk,arcface_antelopev2,112,1024,jpeg2000,skin_tone,MST8,274,0.31226813793182373,0.001,0.0,,,,
kk,arcface_antelopev2,112,1024,jpeg2000,skin_tone,MST9,1440,0.31226813793182373,0.001,0.0006944444444444445,,,,
kk,arcface_antelopev2,112,1024,jpeg2000,skin_tone,__overall__,84855,0.31226813793182373,0.001,0.0010017087973602026,0.0,0.0018781862087469815,0.18781862087469814,6.0
kk,arcface_antelopev2,112,1024,jpeg2000,gender,F,94936,0.3324364423751831,0.001,0.0014220106176792786,,,,
kk,arcface_antelopev2,112,1024,jpeg2000,gender,M,56171,0.3324364423751831,0.001,0.00030264727350412133,,,,
kk,arcface_antelopev2,112,1024,jpeg2000,gender,__overall__,151107,0.3324364423751831,0.001,0.0010059097196026656,0.00030264727350412133,0.0014220106176792786,0.11193633441751573,2.0
kk,arcface_antelopev2,112,1024,jpeg2000,age,26-35,50332,0.32696104049682617,0.001,0.00021854883573074784,,,,
kk,arcface_antelopev2,112,1024,jpeg2000,age,36-50,6062,0.32696104049682617,0.001,0.0003299241174529858,,,,
kk,arcface_antelopev2,112,1024,jpeg2000,age,<=25,54517,0.32696104049682617,0.001,0.0017976044169708532,,,,
kk,arcface_antelopev2,112,1024,jpeg2000,age,__overall__,110911,0.32696104049682617,0.001,0.001000802445203812,0.00021854883573074784,0.0017976044169708532,0.15790555812401053,3.0
kk,arcface_antelopev2,112,512,jpeg2000,skin_tone,MST10,413,0.35766544938087463,0.01,0.002421307506053269,,,,
kk,arcface_antelopev2,112,512,jpeg2000,skin_tone,MST5,3727,0.35766544938087463,0.01,0.008317681781593774,,,,
kk,arcface_antelopev2,112,512,jpeg2000,skin_tone,MST6,55963,0.35766544938087463,0.01,0.010667762628879796,,,,
kk,arcface_antelopev2,112,512,jpeg2000,skin_tone,MST7,23038,0.35766544938087463,0.01,0.009028561507075266,,,,
kk,arcface_antelopev2,112,512,jpeg2000,skin_tone,MST8,274,0.35766544938087463,0.01,0.0,,,,
kk,arcface_antelopev2,112,512,jpeg2000,skin_tone,MST9,1440,0.35766544938087463,0.01,0.008333333333333333,,,,
kk,arcface_antelopev2,112,512,jpeg2000,skin_tone,__overall__,84855,0.35766544938087463,0.01,0.010005303164221319,0.0,0.010667762628879796,1.0667762628879796,6.0
kk,arcface_antelopev2,112,512,jpeg2000,gender,F,94936,0.3769756555557251,0.01,0.012945563326872842,,,,
kk,arcface_antelopev2,112,512,jpeg2000,gender,M,56171,0.3769756555557251,0.01,0.005038186964803903,,,,
kk,arcface_antelopev2,112,512,jpeg2000,gender,__overall__,151107,0.3769756555557251,0.01,0.010006154579205463,0.005038186964803903,0.012945563326872842,0.7907376362068939,2.0
kk,arcface_antelopev2,112,512,jpeg2000,age,26-35,50332,0.3691217303276062,0.01,0.005563061273146309,,,,
kk,arcface_antelopev2,112,512,jpeg2000,age,36-50,6062,0.3691217303276062,0.01,0.00791817881887166,,,,
kk,arcface_antelopev2,112,512,jpeg2000,age,<=25,54517,0.3691217303276062,0.01,0.014344149531338848,,,,
kk,arcface_antelopev2,112,512,jpeg2000,age,__overall__,110911,0.3691217303276062,0.01,0.010008024452038121,0.005563061273146309,0.014344149531338848,0.878108825819254,3.0
kk,arcface_antelopev2,112,512,jpeg2000,skin_tone,MST10,413,0.45701801776885986,0.001,0.0,,,,
kk,arcface_antelopev2,112,512,jpeg2000,skin_tone,MST5,3727,0.45701801776885986,0.001,0.0008049369466058492,,,,
kk,arcface_antelopev2,112,512,jpeg2000,skin_tone,MST6,55963,0.45701801776885986,0.001,0.0010006611511177027,,,,
kk,arcface_antelopev2,112,512,jpeg2000,skin_tone,MST7,23038,0.45701801776885986,0.001,0.0010851636426773158,,,,
kk,arcface_antelopev2,112,512,jpeg2000,skin_tone,MST8,274,0.45701801776885986,0.001,0.0,,,,
kk,arcface_antelopev2,112,512,jpeg2000,skin_tone,MST9,1440,0.45701801776885986,0.001,0.0006944444444444445,,,,
kk,arcface_antelopev2,112,512,jpeg2000,skin_tone,__overall__,84855,0.45701801776885986,0.001,0.0010017087973602026,0.0,0.0010851636426773158,0.10851636426773158,6.0
kk,arcface_antelopev2,112,512,jpeg2000,gender,F,94936,0.4742986559867859,0.001,0.0013061430858683745,,,,
kk,arcface_antelopev2,112,512,jpeg2000,gender,M,56171,0.4742986559867859,0.001,0.0004984778622420822,,,,
kk,arcface_antelopev2,112,512,jpeg2000,gender,__overall__,151107,0.4742986559867859,0.001,0.0010059097196026656,0.0004984778622420822,0.0013061430858683745,0.08076652236262924,2.0
kk,arcface_antelopev2,112,512,jpeg2000,age,26-35,50332,0.46206560730934143,0.001,0.0004967018993880633,,,,
kk,arcface_antelopev2,112,512,jpeg2000,age,36-50,6062,0.46206560730934143,0.001,0.0009897723523589574,,,,
kk,arcface_antelopev2,112,512,jpeg2000,age,<=25,54517,0.46206560730934143,0.001,0.0014674321771190638,,,,
kk,arcface_antelopev2,112,512,jpeg2000,age,__overall__,110911,0.46206560730934143,0.001,0.001000802445203812,0.0004967018993880633,0.0014674321771190638,0.09707302777310006,3.0
kk,arcface_antelopev2,112,1024,jpeg,skin_tone,MST10,413,0.24232302606105804,0.01,0.0,,,,
kk,arcface_antelopev2,112,1024,jpeg,skin_tone,MST5,3727,0.24232302606105804,0.01,0.00965924335927019,,,,
kk,arcface_antelopev2,112,1024,jpeg,skin_tone,MST6,55963,0.24232302606105804,0.01,0.01148973428872648,,,,
kk,arcface_antelopev2,112,1024,jpeg,skin_tone,MST7,23038,0.24232302606105804,0.01,0.005556037850507857,,,,
kk,arcface_antelopev2,112,1024,jpeg,skin_tone,MST8,274,0.24232302606105804,0.01,0.025547445255474453,,,,
kk,arcface_antelopev2,112,1024,jpeg,skin_tone,MST9,1440,0.24232302606105804,0.01,0.024305555555555556,,,,
kk,arcface_antelopev2,112,1024,jpeg,skin_tone,__overall__,84855,0.24232302606105804,0.01,0.010005303164221319,0.0,0.025547445255474453,2.5547445255474455,6.0
kk,arcface_antelopev2,112,1024,jpeg,gender,F,94936,0.26269471645355225,0.01,0.012208224488076177,,,,
kk,arcface_antelopev2,112,1024,jpeg,gender,M,56171,0.26269471645355225,0.01,0.006284381620409108,,,,
kk,arcface_antelopev2,112,1024,jpeg,gender,__overall__,151107,0.26269471645355225,0.01,0.010006154579205463,0.006284381620409108,0.012208224488076177,0.5923842867667068,2.0
kk,arcface_antelopev2,112,1024,jpeg,age,26-35,50332,0.2582820653915405,0.01,0.005801478184852579,,,,
kk,arcface_antelopev2,112,1024,jpeg,age,36-50,6062,0.2582820653915405,0.01,0.008578027053777632,,,,
kk,arcface_antelopev2,112,1024,jpeg,age,<=25,54517,0.2582820653915405,0.01,0.014050663095915036,,,,
kk,arcface_antelopev2,112,1024,jpeg,age,__overall__,110911,0.2582820653915405,0.01,0.010008024452038121,0.005801478184852579,0.014050663095915036,0.8249184911062458,3.0
kk,arcface_antelopev2,112,1024,jpeg,skin_tone,MST10,413,0.3261382579803467,0.001,0.0,,,,
kk,arcface_antelopev2,112,1024,jpeg,skin_tone,MST5,3727,0.3261382579803467,0.001,0.0008049369466058492,,,,
kk,arcface_antelopev2,112,1024,jpeg,skin_tone,MST6,55963,0.3261382579803467,0.001,0.0012686953880242304,,,,
kk,arcface_antelopev2,112,1024,jpeg,skin_tone,MST7,23038,0.3261382579803467,0.001,0.0003906589113638337,,,,
kk,arcface_antelopev2,112,1024,jpeg,skin_tone,MST8,274,0.3261382579803467,0.001,0.0,,,,
kk,arcface_antelopev2,112,1024,jpeg,skin_tone,MST9,1440,0.3261382579803467,0.001,0.001388888888888889,,,,
kk,arcface_antelopev2,112,1024,jpeg,skin_tone,__overall__,84855,0.3261382579803467,0.001,0.0010017087973602026,0.0,0.001388888888888889,0.1388888888888889,6.0
kk,arcface_antelopev2,112,1024,jpeg,gender,F,94936,0.342620849609375,0.001,0.0014114772056964691,,,,
kk,arcface_antelopev2,112,1024,jpeg,gender,M,56171,0.342620849609375,0.001,0.0003204500542984814,,,,
kk,arcface_antelopev2,112,1024,jpeg,gender,__overall__,151107,0.342620849609375,0.001,0.0010059097196026656,0.0003204500542984814,0.0014114772056964691,0.10910271513979877,2.0
kk,arcface_antelopev2,112,1024,jpeg,age,26-35,50332,0.343110591173172,0.001,0.0005165699753635858,,,,
kk,arcface_antelopev2,112,1024,jpeg,age,36-50,6062,0.343110591173172,0.001,0.0001649620587264929,,,,
kk,arcface_antelopev2,112,1024,jpeg,age,<=25,54517,0.343110591173172,0.001,0.001540803785975017,,,,
kk,arcface_antelopev2,112,1024,jpeg,age,__overall__,110911,0.343110591173172,0.001,0.001000802445203812,0.0001649620587264929,0.001540803785975017,0.1375841727248524,3.0
kk,arcface_antelopev2,112,512,jpeg,skin_tone,MST10,413,0.39243146777153015,0.01,0.009685230024213076,,,,
kk,arcface_antelopev2,112,512,jpeg,skin_tone,MST5,3727,0.39243146777153015,0.01,0.00697612020391736,,,,
kk,arcface_antelopev2,112,512,jpeg,skin_tone,MST6,55963,0.39243146777153015,0.01,0.009095295105694835,,,,
kk,arcface_antelopev2,112,512,jpeg,skin_tone,MST7,23038,0.39243146777153015,0.01,0.012674711346471048,,,,
kk,arcface_antelopev2,112,512,jpeg,skin_tone,MST8,274,0.39243146777153015,0.01,0.01824817518248175,,,,
kk,arcface_antelopev2,112,512,jpeg,skin_tone,MST9,1440,0.39243146777153015,0.01,0.009027777777777777,,,,
kk,arcface_antelopev2,112,512,jpeg,skin_tone,__overall__,84855,0.39243146777153015,0.01,0.010005303164221319,0.00697612020391736,0.01824817518248175,1.127205497856439,6.0
kk,arcface_antelopev2,112,512,jpeg,gender,F,94936,0.4072662889957428,0.01,0.009522204432459762,,,,
kk,arcface_antelopev2,112,512,jpeg,gender,M,56171,0.4072662889957428,0.01,0.010824090722970928,,,,
kk,arcface_antelopev2,112,512,jpeg,gender,__overall__,151107,0.4072662889957428,0.01,0.010006154579205463,0.009522204432459762,0.010824090722970928,0.13018862905111658,2.0
kk,arcface_antelopev2,112,512,jpeg,age,26-35,50332,0.39719197154045105,0.01,0.009318127632520067,,,,
kk,arcface_antelopev2,112,512,jpeg,age,36-50,6062,0.39719197154045105,0.01,0.013691850874298911,,,,
kk,arcface_antelopev2,112,512,jpeg,age,<=25,54517,0.39719197154045105,0.01,0.01023533943540547,,,,
kk,arcface_antelopev2,112,512,jpeg,age,__overall__,110911,0.39719197154045105,0.01,0.010008024452038121,0.009318127632520067,0.013691850874298911,0.43737232417788446,3.0
kk,arcface_antelopev2,112,512,jpeg,skin_tone,MST10,413,0.673033595085144,0.001,0.0,,,,
kk,arcface_antelopev2,112,512,jpeg,skin_tone,MST5,3727,0.673033595085144,0.001,0.0008049369466058492,,,,
kk,arcface_antelopev2,112,512,jpeg,skin_tone,MST6,55963,0.673033595085144,0.001,0.0007683648124653789,,,,
kk,arcface_antelopev2,112,512,jpeg,skin_tone,MST7,23038,0.673033595085144,0.001,0.0014758225540411494,,,,
kk,arcface_antelopev2,112,512,jpeg,skin_tone,MST8,274,0.673033595085144,0.001,0.0036496350364963502,,,,
kk,arcface_antelopev2,112,512,jpeg,skin_tone,MST9,1440,0.673033595085144,0.001,0.002777777777777778,,,,
kk,arcface_antelopev2,112,512,jpeg,skin_tone,__overall__,84855,0.673033595085144,0.001,0.0010017087973602026,0.0,0.0036496350364963502,0.36496350364963503,6.0
kk,arcface_antelopev2,112,512,jpeg,gender,F,94936,0.6729487776756287,0.001,0.0005793376590545209,,,,
kk,arcface_antelopev2,112,512,jpeg,gender,M,56171,0.6729487776756287,0.001,0.0017268697370529276,,,,
kk,arcface_antelopev2,112,512,jpeg,gender,__overall__,151107,0.6729487776756287,0.001,0.0010059097196026656,0.0005793376590545209,0.0017268697370529276,0.11475320779984068,2.0
kk,arcface_antelopev2,112,512,jpeg,age,26-35,50332,0.6494964361190796,0.001,0.001271556862433442,,,,
kk,arcface_antelopev2,112,512,jpeg,age,36-50,6062,0.6494964361190796,0.001,0.001979544704717915,,,,
kk,arcface_antelopev2,112,512,jpeg,age,<=25,54517,0.6494964361190796,0.001,0.0006420015774895904,,,,
kk,arcface_antelopev2,112,512,jpeg,age,__overall__,110911,0.6494964361190796,0.001,0.001000802445203812,0.0006420015774895904,0.001979544704717915,0.13375431272283242,3.0
kk,arcface_antelopev2,112,1024,jpeg_ai,skin_tone,MST10,413,0.20370902121067047,0.01,0.0,,,,
kk,arcface_antelopev2,112,1024,jpeg_ai,skin_tone,MST5,3727,0.20370902121067047,0.01,0.011000804936946607,,,,
kk,arcface_antelopev2,112,1024,jpeg_ai,skin_tone,MST6,55963,0.20370902121067047,0.01,0.012383181745081571,,,,
kk,arcface_antelopev2,112,1024,jpeg_ai,skin_tone,MST7,23038,0.20370902121067047,0.01,0.003949995659345429,,,,
kk,arcface_antelopev2,112,1024,jpeg_ai,skin_tone,MST8,274,0.20370902121067047,0.01,0.032846715328467155,,,,
kk,arcface_antelopev2,112,1024,jpeg_ai,skin_tone,MST9,1440,0.20370902121067047,0.01,0.010416666666666666,,,,
kk,arcface_antelopev2,112,1024,jpeg_ai,skin_tone,__overall__,84855,0.20370902121067047,0.01,0.010005303164221319,0.0,0.032846715328467155,3.2846715328467155,6.0
kk,arcface_antelopev2,112,1024,jpeg_ai,gender,F,94936,0.2200627475976944,0.01,0.013482767337996124,,,,
kk,arcface_antelopev2,112,1024,jpeg_ai,gender,M,56171,0.2200627475976944,0.01,0.004130245144291538,,,,
kk,arcface_antelopev2,112,1024,jpeg_ai,gender,__overall__,151107,0.2200627475976944,0.01,0.010006154579205463,0.004130245144291538,0.013482767337996124,0.9352522193704585,2.0
kk,arcface_antelopev2,112,1024,jpeg_ai,age,26-35,50332,0.21779708564281464,0.01,0.0049272828419295875,,,,
kk,arcface_antelopev2,112,1024,jpeg_ai,age,36-50,6062,0.21779708564281464,0.01,0.005608709996700759,,,,
kk,arcface_antelopev2,112,1024,jpeg_ai,age,<=25,54517,0.21779708564281464,0.01,0.01518792303318231,,,,
kk,arcface_antelopev2,112,1024,jpeg_ai,age,__overall__,110911,0.21779708564281464,0.01,0.010008024452038121,0.0049272828419295875,0.01518792303318231,1.0260640191252723,3.0
kk,arcface_antelopev2,112,1024,jpeg_ai,skin_tone,MST10,413,0.27587392926216125,0.001,0.0,,,,
kk,arcface_antelopev2,112,1024,jpeg_ai,skin_tone,MST5,3727,0.27587392926216125,0.001,0.0008049369466058492,,,,
kk,arcface_antelopev2,112,1024,jpeg_ai,skin_tone,MST6,55963,0.27587392926216125,0.001,0.0013759090827868412,,,,
kk,arcface_antelopev2,112,1024,jpeg_ai,skin_tone,MST7,23038,0.27587392926216125,0.001,0.00021703272853546314,,,,
kk,arcface_antelopev2,112,1024,jpeg_ai,skin_tone,MST8,274,0.27587392926216125,0.001,0.0,,,,
kk,arcface_antelopev2,112,1024,jpeg_ai,skin_tone,MST9,1440,0.27587392926216125,0.001,0.0,,,,
kk,arcface_antelopev2,112,1024,jpeg_ai,skin_tone,__overall__,84855,0.27587392926216125,0.001,0.0010017087973602026,0.0,0.0013759090827868412,0.13759090827868412,6.0
kk,arcface_antelopev2,112,1024,jpeg_ai,gender,F,94936,0.2915174663066864,0.001,0.0013693435577652312,,,,
kk,arcface_antelopev2,112,1024,jpeg_ai,gender,M,56171,0.2915174663066864,0.001,0.0003916611774759217,,,,
kk,arcface_antelopev2,112,1024,jpeg_ai,gender,__overall__,151107,0.2915174663066864,0.001,0.0010059097196026656,0.0003916611774759217,0.0013693435577652312,0.09776823802893095,2.0
kk,arcface_antelopev2,112,1024,jpeg_ai,age,26-35,50332,0.2908450663089752,0.001,0.0005960422792656759,,,,
kk,arcface_antelopev2,112,1024,jpeg_ai,age,36-50,6062,0.2908450663089752,0.001,0.0003299241174529858,,,,
kk,arcface_antelopev2,112,1024,jpeg_ai,age,<=25,54517,0.2908450663089752,0.001,0.0014490892749050755,,,,
kk,arcface_antelopev2,112,1024,jpeg_ai,age,__overall__,110911,0.2908450663089752,0.001,0.001000802445203812,0.0003299241174529858,0.0014490892749050755,0.11191651574520897,3.0
kk,arcface_antelopev2,112,512,jpeg_ai,skin_tone,MST10,413,0.20356285572052002,0.01,0.0,,,,
kk,arcface_antelopev2,112,512,jpeg_ai,skin_tone,MST5,3727,0.20356285572052002,0.01,0.011269117252481888,,,,
kk,arcface_antelopev2,112,512,jpeg_ai,skin_tone,MST6,55963,0.20356285572052002,0.01,0.01177563747476011,,,,
kk,arcface_antelopev2,112,512,jpeg_ai,skin_tone,MST7,23038,0.20356285572052002,0.01,0.005425818213386579,,,,
kk,arcface_antelopev2,112,512,jpeg_ai,skin_tone,MST8,274,0.20356285572052002,0.01,0.014598540145985401,,,,
kk,arcface_antelopev2,112,512,jpeg_ai,skin_tone,MST9,1440,0.20356285572052002,0.01,0.013194444444444444,,,,
kk,arcface_antelopev2,112,512,jpeg_ai,skin_tone,__overall__,84855,0.20356285572052002,0.01,0.010005303164221319,0.0,0.014598540145985401,1.4598540145985401,6.0
kk,arcface_antelopev2,112,512,jpeg_ai,gender,F,94936,0.21996988356113434,0.01,0.013019297210752507,,,,
kk,arcface_antelopev2,112,512,jpeg_ai,gender,M,56171,0.21996988356113434,0.01,0.004913567499243382,,,,
kk,arcface_antelopev2,112,512,jpeg_ai,gender,__overall__,151107,0.21996988356113434,0.01,0.010006154579205463,0.004913567499243382,0.013019297210752507,0.8105729711509125,2.0
kk,arcface_antelopev2,112,512,jpeg_ai,age,26-35,50332,0.21600933372974396,0.01,0.0045497893983946595,,,,
kk,arcface_antelopev2,112,512,jpeg_ai,age,36-50,6062,0.21600933372974396,0.01,0.007588254701418674,,,,
kk,arcface_antelopev2,112,512,jpeg_ai,age,<=25,54517,0.21600933372974396,0.01,0.015316323348680229,,,,
kk,arcface_antelopev2,112,512,jpeg_ai,age,__overall__,110911,0.21600933372974396,0.01,0.010008024452038121,0.0045497893983946595,0.015316323348680229,1.0766533950285568,3.0
kk,arcface_antelopev2,112,512,jpeg_ai,skin_tone,MST10,413,0.2781655788421631,0.001,0.0,,,,
kk,arcface_antelopev2,112,512,jpeg_ai,skin_tone,MST5,3727,0.2781655788421631,0.001,0.0008049369466058492,,,,
kk,arcface_antelopev2,112,512,jpeg_ai,skin_tone,MST6,55963,0.2781655788421631,0.001,0.0012508264388971285,,,,
kk,arcface_antelopev2,112,512,jpeg_ai,skin_tone,MST7,23038,0.2781655788421631,0.001,0.00043406545707092627,,,,
kk,arcface_antelopev2,112,512,jpeg_ai,skin_tone,MST8,274,0.2781655788421631,0.001,0.0036496350364963502,,,,
kk,arcface_antelopev2,112,512,jpeg_ai,skin_tone,MST9,1440,0.2781655788421631,0.001,0.0006944444444444445,,,,
kk,arcface_antelopev2,112,512,jpeg_ai,skin_tone,__overall__,84855,0.2781655788421631,0.001,0.0010017087973602026,0.0,0.0036496350364963502,0.36496350364963503,6.0
kk,arcface_antelopev2,112,512,jpeg_ai,gender,F,94936,0.29171302914619446,0.001,0.0013693435577652312,,,,
kk,arcface_antelopev2,112,512,jpeg_ai,gender,M,56171,0.29171302914619446,0.001,0.0003916611774759217,,,,
kk,arcface_antelopev2,112,512,jpeg_ai,gender,__overall__,151107,0.29171302914619446,0.001,0.0010059097196026656,0.0003916611774759217,0.0013693435577652312,0.09776823802893095,2.0
kk,arcface_antelopev2,112,512,jpeg_ai,age,26-35,50332,0.287871778011322,0.001,0.00047683382341254075,,,,
kk,arcface_antelopev2,112,512,jpeg_ai,age,36-50,6062,0.287871778011322,0.001,0.0004948861761794787,,,,
kk,arcface_antelopev2,112,512,jpeg_ai,age,<=25,54517,0.287871778011322,0.001,0.001540803785975017,,,,
kk,arcface_antelopev2,112,512,jpeg_ai,age,__overall__,110911,0.287871778011322,0.001,0.001000802445203812,0.00047683382341254075,0.001540803785975017,0.10639699625624763,3.0
kk,arcface_antelopev2,112,1024,jpeg_fzt,skin_tone,MST10,413,0.21811532974243164,0.01,0.002421307506053269,,,,
kk,arcface_antelopev2,112,1024,jpeg_fzt,skin_tone,MST5,3727,0.21811532974243164,0.01,0.008585994097129058,,,,
kk,arcface_antelopev2,112,1024,jpeg_fzt,skin_tone,MST6,55963,0.21811532974243164,0.01,0.012347443846827368,,,,
kk,arcface_antelopev2,112,1024,jpeg_fzt,skin_tone,MST7,23038,0.21811532974243164,0.01,0.0041236218421737995,,,,
kk,arcface_antelopev2,112,1024,jpeg_fzt,skin_tone,MST8,274,0.21811532974243164,0.01,0.010948905109489052,,,,
kk,arcface_antelopev2,112,1024,jpeg_fzt,skin_tone,MST9,1440,0.21811532974243164,0.01,0.01875,,,,
kk,arcface_antelopev2,112,1024,jpeg_fzt,skin_tone,__overall__,84855,0.21811532974243164,0.01,0.010005303164221319,0.002421307506053269,0.01875,1.632869249394673,6.0
kk,arcface_antelopev2,112,1024,jpeg_fzt,gender,F,94936,0.23696154356002808,0.01,0.01374610263756636,,,,
kk,arcface_antelopev2,112,1024,jpeg_fzt,gender,M,56171,0.23696154356002808,0.01,0.0036851756244325362,,,,
kk,arcface_antelopev2,112,1024,jpeg_fzt,gender,__overall__,151107,0.23696154356002808,0.01,0.010006154579205463,0.0036851756244325362,0.01374610263756636,1.0060927013133825,2.0
kk,arcface_antelopev2,112,1024,jpeg_fzt,age,26-35,50332,0.23162952065467834,0.01,0.004688865930223317,,,,
kk,arcface_antelopev2,112,1024,jpeg_fzt,age,36-50,6062,0.23162952065467834,0.01,0.004453975585615309,,,,
kk,arcface_antelopev2,112,1024,jpeg_fzt,age,<=25,54517,0.23162952065467834,0.01,0.015536438175248088,,,,
kk,arcface_antelopev2,112,1024,jpeg_fzt,age,__overall__,110911,0.23162952065467834,0.01,0.010008024452038121,0.004453975585615309,0.015536438175248088,1.108246258963278,3.0
kk,arcface_antelopev2,112,1024,jpeg_fzt,skin_tone,MST10,413,0.29808658361434937,0.001,0.0,,,,
kk,arcface_antelopev2,112,1024,jpeg_fzt,skin_tone,MST5,3727,0.29808658361434937,0.001,0.00026831231553528306,,,,
kk,arcface_antelopev2,112,1024,jpeg_fzt,skin_tone,MST6,55963,0.29808658361434937,0.001,0.0012686953880242304,,,,
kk,arcface_antelopev2,112,1024,jpeg_fzt,skin_tone,MST7,23038,0.29808658361434937,0.001,0.0003906589113638337,,,,
kk,arcface_antelopev2,112,1024,jpeg_fzt,skin_tone,MST8,274,0.29808658361434937,0.001,0.0,,,,
kk,arcface_antelopev2,112,1024,jpeg_fzt,skin_tone,MST9,1440,0.29808658361434937,0.001,0.002777777777777778,,,,
kk,arcface_antelopev2,112,1024,jpeg_fzt,skin_tone,__overall__,84855,0.29808658361434937,0.001,0.0010017087973602026,0.0,0.002777777777777778,0.2777777777777778,6.0
kk,arcface_antelopev2,112,1024,jpeg_fzt,gender,F,94936,0.31374475359916687,0.001,0.0014430774416448976,,,,
kk,arcface_antelopev2,112,1024,jpeg_fzt,gender,M,56171,0.31374475359916687,0.001,0.0002670417119154012,,,,
kk,arcface_antelopev2,112,1024,jpeg_fzt,gender,__overall__,151107,0.31374475359916687,0.001,0.0010059097196026656,0.0002670417119154012,0.0014430774416448976,0.11760357297294964,2.0
kk,arcface_antelopev2,112,1024,jpeg_fzt,age,26-35,50332,0.311183363199234,0.001,0.0004967018993880633,,,,
kk,arcface_antelopev2,112,1024,jpeg_fzt,age,36-50,6062,0.311183363199234,0.001,0.0004948861761794787,,,,
kk,arcface_antelopev2,112,1024,jpeg_fzt,age,<=25,54517,0.311183363199234,0.001,0.0015224608837610288,,,,
kk,arcface_antelopev2,112,1024,jpeg_fzt,age,__overall__,110911,0.311183363199234,0.001,0.001000802445203812,0.0004948861761794787,0.0015224608837610288,0.102757470758155,3.0
kk,arcface_antelopev2,112,512,jpeg_fzt,skin_tone,MST10,413,0.22657449543476105,0.01,0.004842615012106538,,,,
kk,arcface_antelopev2,112,512,jpeg_fzt,skin_tone,MST5,3727,0.22657449543476105,0.01,0.01395224040783472,,,,
kk,arcface_antelopev2,112,512,jpeg_fzt,skin_tone,MST6,55963,0.22657449543476105,0.01,0.011418258492218072,,,,
kk,arcface_antelopev2,112,512,jpeg_fzt,skin_tone,MST7,23038,0.22657449543476105,0.01,0.005990103307578783,,,,
kk,arcface_antelopev2,112,512,jpeg_fzt,skin_tone,MST8,274,0.22657449543476105,0.01,0.0036496350364963502,,,,
kk,arcface_antelopev2,112,512,jpeg_fzt,skin_tone,MST9,1440,0.22657449543476105,0.01,0.011805555555555555,,,,
kk,arcface_antelopev2,112,512,jpeg_fzt,skin_tone,__overall__,84855,0.22657449543476105,0.01,0.010005303164221319,0.0036496350364963502,0.01395224040783472,1.030260537133837,6.0
kk,arcface_antelopev2,112,512,jpeg_fzt,gender,F,94936,0.2463325709104538,0.01,0.013050897446700935,,,,
kk,arcface_antelopev2,112,512,jpeg_fzt,gender,M,56171,0.2463325709104538,0.01,0.004860159156860302,,,,
kk,arcface_antelopev2,112,512,jpeg_fzt,gender,__overall__,151107,0.2463325709104538,0.01,0.010006154579205463,0.004860159156860302,0.013050897446700935,0.8190738289840633,2.0
kk,arcface_antelopev2,112,512,jpeg_fzt,age,26-35,50332,0.2406461536884308,0.01,0.0045497893983946595,,,,
kk,arcface_antelopev2,112,512,jpeg_fzt,age,36-50,6062,0.2406461536884308,0.01,0.006928406466512702,,,,
kk,arcface_antelopev2,112,512,jpeg_fzt,age,<=25,54517,0.2406461536884308,0.01,0.015389694957536181,,,,
kk,arcface_antelopev2,112,512,jpeg_fzt,age,__overall__,110911,0.2406461536884308,0.01,0.010008024452038121,0.0045497893983946595,0.015389694957536181,1.083990555914152,3.0
kk,arcface_antelopev2,112,512,jpeg_fzt,skin_tone,MST10,413,0.31023794412612915,0.001,0.002421307506053269,,,,
kk,arcface_antelopev2,112,512,jpeg_fzt,skin_tone,MST5,3727,0.31023794412612915,0.001,0.0010732492621411322,,,,
kk,arcface_antelopev2,112,512,jpeg_fzt,skin_tone,MST6,55963,0.31023794412612915,0.001,0.0012150885406429248,,,,
kk,arcface_antelopev2,112,512,jpeg_fzt,skin_tone,MST7,23038,0.31023794412612915,0.001,0.0005208785484851115,,,,
kk,arcface_antelopev2,112,512,jpeg_fzt,skin_tone,MST8,274,0.31023794412612915,0.001,0.0,,,,
kk,arcface_antelopev2,112,512,jpeg_fzt,skin_tone,MST9,1440,0.31023794412612915,0.001,0.0,,,,
kk,arcface_antelopev2,112,512,jpeg_fzt,skin_tone,__overall__,84855,0.31023794412612915,0.001,0.0010017087973602026,0.0,0.002421307506053269,0.24213075060532688,6.0
kk,arcface_antelopev2,112,512,jpeg_fzt,gender,F,94936,0.3273109793663025,0.001,0.001337743321816803,,,,
kk,arcface_antelopev2,112,512,jpeg_fzt,gender,M,56171,0.3273109793663025,0.001,0.00044506951985900196,,,,
kk,arcface_antelopev2,112,512,jpeg_fzt,gender,__overall__,151107,0.3273109793663025,0.001,0.0010059097196026656,0.00044506951985900196,0.001337743321816803,0.08926738019578011,2.0
kk,arcface_antelopev2,112,512,jpeg_fzt,age,26-35,50332,0.323995977640152,0.001,0.0004370976714614957,,,,
kk,arcface_antelopev2,112,512,jpeg_fzt,age,36-50,6062,0.323995977640152,0.001,0.0003299241174529858,,,,
kk,arcface_antelopev2,112,512,jpeg_fzt,age,<=25,54517,0.323995977640152,0.001,0.0015958324926169819,,,,
kk,arcface_antelopev2,112,512,jpeg_fzt,age,__overall__,110911,0.323995977640152,0.001,0.001000802445203812,0.0003299241174529858,0.0015958324926169819,0.1265908375163996,3.0
kk,arcface_antelopev2,112,1024,jpeg_xl,skin_tone,MST10,413,0.2024487406015396,0.01,0.002421307506053269,,,,
kk,arcface_antelopev2,112,1024,jpeg_xl,skin_tone,MST5,3727,0.2024487406015396,0.01,0.008854306412664341,,,,
kk,arcface_antelopev2,112,1024,jpeg_xl,skin_tone,MST6,55963,0.2024487406015396,0.01,0.01188285116952272,,,,
kk,arcface_antelopev2,112,1024,jpeg_xl,skin_tone,MST7,23038,0.2024487406015396,0.01,0.005165378939144023,,,,
kk,arcface_antelopev2,112,1024,jpeg_xl,skin_tone,MST8,274,0.2024487406015396,0.01,0.010948905109489052,,,,
kk,arcface_antelopev2,112,1024,jpeg_xl,skin_tone,MST9,1440,0.2024487406015396,0.01,0.019444444444444445,,,,
kk,arcface_antelopev2,112,1024,jpeg_xl,skin_tone,__overall__,84855,0.2024487406015396,0.01,0.010005303164221319,0.002421307506053269,0.019444444444444445,1.7023136938391175,6.0
kk,arcface_antelopev2,112,1024,jpeg_xl,gender,F,94936,0.22258035838603973,0.01,0.012692761439285414,,,,
kk,arcface_antelopev2,112,1024,jpeg_xl,gender,M,56171,0.22258035838603973,0.01,0.0054654537038685445,,,,
kk,arcface_antelopev2,112,1024,jpeg_xl,gender,__overall__,151107,0.22258035838603973,0.01,0.010006154579205463,0.0054654537038685445,0.012692761439285414,0.7227307735416869,2.0
kk,arcface_antelopev2,112,1024,jpeg_xl,age,26-35,50332,0.21783378720283508,0.01,0.0052849082094889935,,,,
kk,arcface_antelopev2,112,1024,jpeg_xl,age,36-50,6062,0.21783378720283508,0.01,0.008083140877598153,,,,
kk,arcface_antelopev2,112,1024,jpeg_xl,age,<=25,54517,0.21783378720283508,0.01,0.014582607260120697,,,,
kk,arcface_antelopev2,112,1024,jpeg_xl,age,__overall__,110911,0.21783378720283508,0.01,0.010008024452038121,0.0052849082094889935,0.014582607260120697,0.9297699050631704,3.0
kk,arcface_antelopev2,112,1024,jpeg_xl,skin_tone,MST10,413,0.27841657400131226,0.001,0.0,,,,
kk,arcface_antelopev2,112,1024,jpeg_xl,skin_tone,MST5,3727,0.27841657400131226,0.001,0.00026831231553528306,,,,
kk,arcface_antelopev2,112,1024,jpeg_xl,skin_tone,MST6,55963,0.27841657400131226,0.001,0.0012329574897700266,,,,
kk,arcface_antelopev2,112,1024,jpeg_xl,skin_tone,MST7,23038,0.27841657400131226,0.001,0.0004774720027780189,,,,
kk,arcface_antelopev2,112,1024,jpeg_xl,skin_tone,MST8,274,0.27841657400131226,0.001,0.0,,,,
kk,arcface_antelopev2,112,1024,jpeg_xl,skin_tone,MST9,1440,0.27841657400131226,0.001,0.002777777777777778,,,,
kk,arcface_antelopev2,112,1024,jpeg_xl,skin_tone,__overall__,84855,0.27841657400131226,0.001,0.0010017087973602026,0.0,0.002777777777777778,0.2777777777777778,6.0
kk,arcface_antelopev2,112,1024,jpeg_xl,gender,F,94936,0.29660511016845703,0.001,0.0013904103817308502,,,,
kk,arcface_antelopev2,112,1024,jpeg_xl,gender,M,56171,0.29660511016845703,0.001,0.00035605561588720157,,,,
kk,arcface_antelopev2,112,1024,jpeg_xl,gender,__overall__,151107,0.29660511016845703,0.001,0.0010059097196026656,0.00035605561588720157,0.0013904103817308502,0.10343547658436486,2.0
kk,arcface_antelopev2,112,1024,jpeg_xl,age,26-35,50332,0.2965984344482422,0.001,0.0005960422792656759,,,,
kk,arcface_antelopev2,112,1024,jpeg_xl,age,36-50,6062,0.2965984344482422,0.001,0.0001649620587264929,,,,
kk,arcface_antelopev2,112,1024,jpeg_xl,age,<=25,54517,0.2965984344482422,0.001,0.0014674321771190638,,,,
kk,arcface_antelopev2,112,1024,jpeg_xl,age,__overall__,110911,0.2965984344482422,0.001,0.001000802445203812,0.0001649620587264929,0.0014674321771190638,0.1302470118392571,3.0
kk,arcface_antelopev2,112,512,jpeg_xl,skin_tone,MST10,413,,0.01,0.0,,,,
kk,arcface_antelopev2,112,512,jpeg_xl,skin_tone,MST5,3727,,0.01,0.0,,,,
kk,arcface_antelopev2,112,512,jpeg_xl,skin_tone,MST6,55963,,0.01,0.0,,,,
kk,arcface_antelopev2,112,512,jpeg_xl,skin_tone,MST7,23038,,0.01,0.0,,,,
kk,arcface_antelopev2,112,512,jpeg_xl,skin_tone,MST8,274,,0.01,0.0,,,,
kk,arcface_antelopev2,112,512,jpeg_xl,skin_tone,MST9,1440,,0.01,0.0,,,,
kk,arcface_antelopev2,112,512,jpeg_xl,skin_tone,__overall__,84855,,0.01,0.0,0.0,0.0,0.0,6.0
kk,arcface_antelopev2,112,512,jpeg_xl,gender,F,94936,,0.01,0.0,,,,
kk,arcface_antelopev2,112,512,jpeg_xl,gender,M,56171,,0.01,0.0,,,,
kk,arcface_antelopev2,112,512,jpeg_xl,gender,__overall__,151107,,0.01,0.0,0.0,0.0,0.0,2.0
kk,arcface_antelopev2,112,512,jpeg_xl,age,26-35,50332,,0.01,0.0,,,,
kk,arcface_antelopev2,112,512,jpeg_xl,age,36-50,6062,,0.01,0.0,,,,
kk,arcface_antelopev2,112,512,jpeg_xl,age,<=25,54517,,0.01,0.0,,,,
kk,arcface_antelopev2,112,512,jpeg_xl,age,__overall__,110911,,0.01,0.0,0.0,0.0,0.0,3.0
kk,arcface_antelopev2,112,512,jpeg_xl,skin_tone,MST10,413,,0.001,0.0,,,,
kk,arcface_antelopev2,112,512,jpeg_xl,skin_tone,MST5,3727,,0.001,0.0,,,,
kk,arcface_antelopev2,112,512,jpeg_xl,skin_tone,MST6,55963,,0.001,0.0,,,,
kk,arcface_antelopev2,112,512,jpeg_xl,skin_tone,MST7,23038,,0.001,0.0,,,,
kk,arcface_antelopev2,112,512,jpeg_xl,skin_tone,MST8,274,,0.001,0.0,,,,
kk,arcface_antelopev2,112,512,jpeg_xl,skin_tone,MST9,1440,,0.001,0.0,,,,
kk,arcface_antelopev2,112,512,jpeg_xl,skin_tone,__overall__,84855,,0.001,0.0,0.0,0.0,0.0,6.0
kk,arcface_antelopev2,112,512,jpeg_xl,gender,F,94936,,0.001,0.0,,,,
kk,arcface_antelopev2,112,512,jpeg_xl,gender,M,56171,,0.001,0.0,,,,
kk,arcface_antelopev2,112,512,jpeg_xl,gender,__overall__,151107,,0.001,0.0,0.0,0.0,0.0,2.0
kk,arcface_antelopev2,112,512,jpeg_xl,age,26-35,50332,,0.001,0.0,,,,
kk,arcface_antelopev2,112,512,jpeg_xl,age,36-50,6062,,0.001,0.0,,,,
kk,arcface_antelopev2,112,512,jpeg_xl,age,<=25,54517,,0.001,0.0,,,,
kk,arcface_antelopev2,112,512,jpeg_xl,age,__overall__,110911,,0.001,0.0,0.0,0.0,0.0,3.0
kk,arcface_antelopev2,112,1024,ours_accurate,skin_tone,MST10,413,0.2021920382976532,0.01,0.002421307506053269,,,,
kk,arcface_antelopev2,112,1024,ours_accurate,skin_tone,MST5,3727,0.2021920382976532,0.01,0.008585994097129058,,,,
kk,arcface_antelopev2,112,1024,ours_accurate,skin_tone,MST6,55963,0.2021920382976532,0.01,0.012222361202937656,,,,
kk,arcface_antelopev2,112,1024,ours_accurate,skin_tone,MST7,23038,0.2021920382976532,0.01,0.004861533119194374,,,,
kk,arcface_antelopev2,112,1024,ours_accurate,skin_tone,MST8,274,0.2021920382976532,0.01,0.01824817518248175,,,,
kk,arcface_antelopev2,112,1024,ours_accurate,skin_tone,MST9,1440,0.2021920382976532,0.01,0.010416666666666666,,,,
kk,arcface_antelopev2,112,1024,ours_accurate,skin_tone,__overall__,84855,0.2021920382976532,0.01,0.010005303164221319,0.002421307506053269,0.01824817518248175,1.582686767642848,6.0
kk,arcface_antelopev2,112,1024,ours_accurate,gender,F,94936,0.21798692643642426,0.01,0.012787562147130699,,,,
kk,arcface_antelopev2,112,1024,ours_accurate,gender,M,56171,0.21798692643642426,0.01,0.005305228676719303,,,,
kk,arcface_antelopev2,112,1024,ours_accurate,gender,__overall__,151107,0.21798692643642426,0.01,0.010006154579205463,0.005305228676719303,0.012787562147130699,0.7482333470411395,2.0
kk,arcface_antelopev2,112,1024,ours_accurate,age,26-35,50332,0.2148740589618683,0.01,0.005622665501072876,,,,
kk,arcface_antelopev2,112,1024,ours_accurate,age,36-50,6062,0.2148740589618683,0.01,0.009567799406136588,,,,
kk,arcface_antelopev2,112,1024,ours_accurate,age,<=25,54517,0.2148740589618683,0.01,0.014105691802557,,,,
kk,arcface_antelopev2,112,1024,ours_accurate,age,__overall__,110911,0.2148740589618683,0.01,0.010008024452038121,0.005622665501072876,0.014105691802557,0.8483026301484123,3.0
kk,arcface_antelopev2,112,1024,ours_accurate,skin_tone,MST10,413,0.2746114432811737,0.001,0.0,,,,
kk,arcface_antelopev2,112,1024,ours_accurate,skin_tone,MST5,3727,0.2746114432811737,0.001,0.0005366246310705661,,,,
kk,arcface_antelopev2,112,1024,ours_accurate,skin_tone,MST6,55963,0.2746114432811737,0.001,0.001393778031913943,,,,
kk,arcface_antelopev2,112,1024,ours_accurate,skin_tone,MST7,23038,0.2746114432811737,0.001,0.00021703272853546314,,,,
kk,arcface_antelopev2,112,1024,ours_accurate,skin_tone,MST8,274,0.2746114432811737,0.001,0.0,,,,
kk,arcface_antelopev2,112,1024,ours_accurate,skin_tone,MST9,1440,0.2746114432811737,0.001,0.0,,,,
kk,arcface_antelopev2,112,1024,ours_accurate,skin_tone,__overall__,84855,0.2746114432811737,0.001,0.0010017087973602026,0.0,0.001393778031913943,0.1393778031913943,6.0
kk,arcface_antelopev2,112,1024,ours_accurate,gender,F,94936,0.2909342646598816,0.001,0.001295609673885565,,,,
kk,arcface_antelopev2,112,1024,ours_accurate,gender,M,56171,0.2909342646598816,0.001,0.0005162806430364423,,,,
kk,arcface_antelopev2,112,1024,ours_accurate,gender,__overall__,151107,0.2909342646598816,0.001,0.0010059097196026656,0.0005162806430364423,0.001295609673885565,0.07793290308491228,2.0
kk,arcface_antelopev2,112,1024,ours_accurate,age,26-35,50332,0.2891421616077423,0.001,0.0006556465071922435,,,,
kk,arcface_antelopev2,112,1024,ours_accurate,age,36-50,6062,0.2891421616077423,0.001,0.0009897723523589574,,,,
kk,arcface_antelopev2,112,1024,ours_accurate,age,<=25,54517,0.2891421616077423,0.001,0.0013206889594071574,,,,
kk,arcface_antelopev2,112,1024,ours_accurate,age,__overall__,110911,0.2891421616077423,0.001,0.001000802445203812,0.0006556465071922435,0.0013206889594071574,0.0665042452214914,3.0
kk,arcface_antelopev2,112,512,ours_accurate,skin_tone,MST10,413,0.20434890687465668,0.01,0.0,,,,
kk,arcface_antelopev2,112,512,ours_accurate,skin_tone,MST5,3727,0.20434890687465668,0.01,0.009390931043734908,,,,
kk,arcface_antelopev2,112,512,ours_accurate,skin_tone,MST6,55963,0.20434890687465668,0.01,0.011847113271268517,,,,
kk,arcface_antelopev2,112,512,ours_accurate,skin_tone,MST7,23038,0.20434890687465668,0.01,0.005425818213386579,,,,
kk,arcface_antelopev2,112,512,ours_accurate,skin_tone,MST8,274,0.20434890687465668,0.01,0.021897810218978103,,,,
kk,arcface_antelopev2,112,512,ours_accurate,skin_tone,MST9,1440,0.20434890687465668,0.01,0.013888888888888888,,,,
kk,arcface_antelopev2,112,512,ours_accurate,skin_tone,__overall__,84855,0.20434890687465668,0.01,0.010005303164221319,0.0,0.021897810218978103,2.18978102189781,6.0
kk,arcface_antelopev2,112,512,ours_accurate,gender,F,94936,0.22058656811714172,0.01,0.013229965450408696,,,,
kk,arcface_antelopev2,112,512,ours_accurate,gender,M,56171,0.22058656811714172,0.01,0.00455751188335618,,,,
kk,arcface_antelopev2,112,512,ours_accurate,gender,__overall__,151107,0.22058656811714172,0.01,0.010006154579205463,0.00455751188335618,0.013229965450408696,0.8672453567052516,2.0
kk,arcface_antelopev2,112,512,ours_accurate,age,26-35,50332,0.2160416841506958,0.01,0.005066359373758245,,,,
kk,arcface_antelopev2,112,512,ours_accurate,age,36-50,6062,0.2160416841506958,0.01,0.007093368525239195,,,,
kk,arcface_antelopev2,112,512,ours_accurate,age,<=25,54517,0.2160416841506958,0.01,0.014894436597758498,,,,
kk,arcface_antelopev2,112,512,ours_accurate,age,__overall__,110911,0.2160416841506958,0.01,0.010008024452038121,0.005066359373758245,0.014894436597758498,0.9828077224000253,3.0
kk,arcface_antelopev2,112,512,ours_accurate,skin_tone,MST10,413,0.2817445695400238,0.001,0.0,,,,
kk,arcface_antelopev2,112,512,ours_accurate,skin_tone,MST5,3727,0.2817445695400238,0.001,0.00026831231553528306,,,,
kk,arcface_antelopev2,112,512,ours_accurate,skin_tone,MST6,55963,0.2817445695400238,0.001,0.0013580401336597396,,,,
kk,arcface_antelopev2,112,512,ours_accurate,skin_tone,MST7,23038,0.2817445695400238,0.001,0.00026043927424255575,,,,
kk,arcface_antelopev2,112,512,ours_accurate,skin_tone,MST8,274,0.2817445695400238,0.001,0.0,,,,
kk,arcface_antelopev2,112,512,ours_accurate,skin_tone,MST9,1440,0.2817445695400238,0.001,0.001388888888888889,,,,
kk,arcface_antelopev2,112,512,ours_accurate,skin_tone,__overall__,84855,0.2817445695400238,0.001,0.0010017087973602026,0.0,0.001388888888888889,0.1388888888888889,6.0
kk,arcface_antelopev2,112,512,ours_accurate,gender,F,94936,0.29776549339294434,0.001,0.0014114772056964691,,,,
kk,arcface_antelopev2,112,512,ours_accurate,gender,M,56171,0.29776549339294434,0.001,0.0003204500542984814,,,,
kk,arcface_antelopev2,112,512,ours_accurate,gender,__overall__,151107,0.29776549339294434,0.001,0.0010059097196026656,0.0003204500542984814,0.0014114772056964691,0.10910271513979877,2.0
kk,arcface_antelopev2,112,512,ours_accurate,age,26-35,50332,0.2950951159000397,0.001,0.000635778431216721,,,,
kk,arcface_antelopev2,112,512,ours_accurate,age,36-50,6062,0.2950951159000397,0.001,0.0003299241174529858,,,,
kk,arcface_antelopev2,112,512,ours_accurate,age,<=25,54517,0.2950951159000397,0.001,0.001412403470477099,,,,
kk,arcface_antelopev2,112,512,ours_accurate,age,__overall__,110911,0.2950951159000397,0.001,0.001000802445203812,0.0003299241174529858,0.001412403470477099,0.10824793530241131,3.0
kk,arcface_antelopev2,112,1024,ours_fast,skin_tone,MST10,413,0.2163527011871338,0.01,0.004842615012106538,,,,
kk,arcface_antelopev2,112,1024,ours_fast,skin_tone,MST5,3727,0.2163527011871338,0.01,0.011000804936946607,,,,
kk,arcface_antelopev2,112,1024,ours_fast,skin_tone,MST6,55963,0.2163527011871338,0.01,0.012436788592462878,,,,
kk,arcface_antelopev2,112,1024,ours_fast,skin_tone,MST7,23038,0.2163527011871338,0.01,0.003863182567931244,,,,
kk,arcface_antelopev2,112,1024,ours_fast,skin_tone,MST8,274,0.2163527011871338,0.01,0.0072992700729927005,,,,
kk,arcface_antelopev2,112,1024,ours_fast,skin_tone,MST9,1440,0.2163527011871338,0.01,0.013194444444444444,,,,
kk,arcface_antelopev2,112,1024,ours_fast,skin_tone,__overall__,84855,0.2163527011871338,0.01,0.010005303164221319,0.003863182567931244,0.013194444444444444,0.93312618765132,6.0
kk,arcface_antelopev2,112,1024,ours_fast,gender,F,94936,0.23270747065544128,0.01,0.013503834161961742,,,,
kk,arcface_antelopev2,112,1024,ours_fast,gender,M,56171,0.23270747065544128,0.01,0.004094639582702818,,,,
kk,arcface_antelopev2,112,1024,ours_fast,gender,__overall__,151107,0.23270747065544128,0.01,0.010006154579205463,0.004094639582702818,0.013503834161961742,0.9409194579258925,2.0
kk,arcface_antelopev2,112,1024,ours_fast,age,26-35,50332,0.22683735191822052,0.01,0.004231900182786299,,,,
kk,arcface_antelopev2,112,1024,ours_fast,age,36-50,6062,0.22683735191822052,0.01,0.007093368525239195,,,,
kk,arcface_antelopev2,112,1024,ours_fast,age,<=25,54517,0.22683735191822052,0.01,0.015664838490746007,,,,
kk,arcface_antelopev2,112,1024,ours_fast,age,__overall__,110911,0.22683735191822052,0.01,0.010008024452038121,0.004231900182786299,0.015664838490746007,1.1432938307959706,3.0
kk,arcface_antelopev2,112,1024,ours_fast,skin_tone,MST10,413,0.29296088218688965,0.001,0.0,,,,
kk,arcface_antelopev2,112,1024,ours_fast,skin_tone,MST5,3727,0.29296088218688965,0.001,0.00026831231553528306,,,,
kk,arcface_antelopev2,112,1024,ours_fast,skin_tone,MST6,55963,0.29296088218688965,0.001,0.001393778031913943,,,,
kk,arcface_antelopev2,112,1024,ours_fast,skin_tone,MST7,23038,0.29296088218688965,0.001,0.00017362618282837052,,,,
kk,arcface_antelopev2,112,1024,ours_fast,skin_tone,MST8,274,0.29296088218688965,0.001,0.0,,,,
kk,arcface_antelopev2,112,1024,ours_fast,skin_tone,MST9,1440,0.29296088218688965,0.001,0.001388888888888889,,,,
kk,arcface_antelopev2,112,1024,ours_fast,skin_tone,__overall__,84855,0.29296088218688965,0.001,0.0010017087973602026,0.0,0.001393778031913943,0.1393778031913943,6.0
kk,arcface_antelopev2,112,1024,ours_fast,gender,F,94936,0.30836308002471924,0.001,0.0014430774416448976,,,,
kk,arcface_antelopev2,112,1024,ours_fast,gender,M,56171,0.30836308002471924,0.001,0.0002670417119154012,,,,
kk,arcface_antelopev2,112,1024,ours_fast,gender,__overall__,151107,0.30836308002471924,0.001,0.0010059097196026656,0.0002670417119154012,0.0014430774416448976,0.11760357297294964,2.0
kk,arcface_antelopev2,112,1024,ours_fast,age,26-35,50332,0.30660682916641235,0.001,0.0004370976714614957,,,,
kk,arcface_antelopev2,112,1024,ours_fast,age,36-50,6062,0.30660682916641235,0.001,0.0006598482349059716,,,,
kk,arcface_antelopev2,112,1024,ours_fast,age,<=25,54517,0.30660682916641235,0.001,0.0015591466881890053,,,,
kk,arcface_antelopev2,112,1024,ours_fast,age,__overall__,110911,0.30660682916641235,0.001,0.001000802445203812,0.0004370976714614957,0.0015591466881890053,0.11220490167275095,3.0
kk,arcface_antelopev2,112,512,ours_fast,skin_tone,MST10,413,0.22417302429676056,0.01,0.002421307506053269,,,,
kk,arcface_antelopev2,112,512,ours_fast,skin_tone,MST5,3727,0.22417302429676056,0.01,0.010195867990340756,,,,
kk,arcface_antelopev2,112,512,ours_fast,skin_tone,MST6,55963,0.22417302429676056,0.01,0.012418919643335776,,,,
kk,arcface_antelopev2,112,512,ours_fast,skin_tone,MST7,23038,0.22417302429676056,0.01,0.0037329629308099663,,,,
kk,arcface_antelopev2,112,512,ours_fast,skin_tone,MST8,274,0.22417302429676056,0.01,0.0,,,,
kk,arcface_antelopev2,112,512,ours_fast,skin_tone,MST9,1440,0.22417302429676056,0.01,0.02013888888888889,,,,
kk,arcface_antelopev2,112,512,ours_fast,skin_tone,__overall__,84855,0.22417302429676056,0.01,0.010005303164221319,0.0,0.02013888888888889,2.013888888888889,6.0
kk,arcface_antelopev2,112,512,ours_fast,gender,F,94936,0.24025236070156097,0.01,0.01395677087722255,,,,
kk,arcface_antelopev2,112,512,ours_fast,gender,M,56171,0.24025236070156097,0.01,0.0033291200085453347,,,,
kk,arcface_antelopev2,112,512,ours_fast,gender,__overall__,151107,0.24025236070156097,0.01,0.010006154579205463,0.0033291200085453347,0.01395677087722255,1.0627650868677216,2.0
kk,arcface_antelopev2,112,512,ours_fast,age,26-35,50332,0.23594489693641663,0.01,0.003417309067789875,,,,
kk,arcface_antelopev2,112,512,ours_fast,age,36-50,6062,0.23594489693641663,0.01,0.00511382382052128,,,,
kk,arcface_antelopev2,112,512,ours_fast,age,<=25,54517,0.23594489693641663,0.01,0.016637012308087385,,,,
kk,arcface_antelopev2,112,512,ours_fast,age,__overall__,110911,0.23594489693641663,0.01,0.010008024452038121,0.003417309067789875,0.016637012308087385,1.3219703240297511,3.0
kk,arcface_antelopev2,112,512,ours_fast,skin_tone,MST10,413,0.3055763840675354,0.001,0.0,,,,
kk,arcface_antelopev2,112,512,ours_fast,skin_tone,MST5,3727,0.3055763840675354,0.001,0.0,,,,
kk,arcface_antelopev2,112,512,ours_fast,skin_tone,MST6,55963,0.3055763840675354,0.001,0.001411646981041045,,,,
kk,arcface_antelopev2,112,512,ours_fast,skin_tone,MST7,23038,0.3055763840675354,0.001,0.00021703272853546314,,,,
kk,arcface_antelopev2,112,512,ours_fast,skin_tone,MST8,274,0.3055763840675354,0.001,0.0,,,,
kk,arcface_antelopev2,112,512,ours_fast,skin_tone,MST9,1440,0.3055763840675354,0.001,0.0006944444444444445,,,,
kk,arcface_antelopev2,112,512,ours_fast,skin_tone,__overall__,84855,0.3055763840675354,0.001,0.0010017087973602026,0.0,0.001411646981041045,0.1411646981041045,6.0
kk,arcface_antelopev2,112,512,ours_fast,gender,F,94936,0.3122190833091736,0.001,0.001474677677593326,,,,
kk,arcface_antelopev2,112,512,ours_fast,gender,M,56171,0.3122190833091736,0.001,0.00021363336953232094,,,,
kk,arcface_antelopev2,112,512,ours_fast,gender,__overall__,151107,0.3122190833091736,0.001,0.0010059097196026656,0.00021363336953232094,0.001474677677593326,0.1261044308061005,2.0
kk,arcface_antelopev2,112,512,ours_fast,age,26-35,50332,0.31052371859550476,0.001,0.00029802113963283794,,,,
kk,arcface_antelopev2,112,512,ours_fast,age,36-50,6062,0.31052371859550476,0.001,0.0003299241174529858,,,,
kk,arcface_antelopev2,112,512,ours_fast,age,<=25,54517,0.31052371859550476,0.001,0.0017242328081148999,,,,
kk,arcface_antelopev2,112,512,ours_fast,age,__overall__,110911,0.31052371859550476,0.001,0.001000802445203812,0.00029802113963283794,0.0017242328081148999,0.1426211668482062,3.0
kk,arcface_antelopev2,112,1024,webp,skin_tone,MST10,413,0.20693714916706085,0.01,0.004842615012106538,,,,
kk,arcface_antelopev2,112,1024,webp,skin_tone,MST5,3727,0.20693714916706085,0.01,0.007512744834987926,,,,
kk,arcface_antelopev2,112,1024,webp,skin_tone,MST6,55963,0.20693714916706085,0.01,0.012508264388971284,,,,
kk,arcface_antelopev2,112,1024,webp,skin_tone,MST7,23038,0.20693714916706085,0.01,0.004253841479295078,,,,
kk,arcface_antelopev2,112,1024,webp,skin_tone,MST8,274,0.20693714916706085,0.01,0.014598540145985401,,,,
kk,arcface_antelopev2,112,1024,webp,skin_tone,MST9,1440,0.20693714916706085,0.01,0.011805555555555555,,,,
kk,arcface_antelopev2,112,1024,webp,skin_tone,__overall__,84855,0.20693714916706085,0.01,0.010005303164221319,0.004253841479295078,0.014598540145985401,1.0344698666690324,6.0
kk,arcface_antelopev2,112,1024,webp,gender,F,94936,0.225017249584198,0.01,0.013398500042133648,,,,
kk,arcface_antelopev2,112,1024,webp,gender,M,56171,0.225017249584198,0.01,0.004272667390646419,,,,
kk,arcface_antelopev2,112,1024,webp,gender,__overall__,151107,0.225017249584198,0.01,0.010006154579205463,0.004272667390646419,0.013398500042133648,0.9125832651487229,2.0
kk,arcface_antelopev2,112,1024,webp,age,26-35,50332,0.2221517711877823,0.01,0.00510609552570929,,,,
kk,arcface_antelopev2,112,1024,webp,age,36-50,6062,0.2221517711877823,0.01,0.004783899703068294,,,,
kk,arcface_antelopev2,112,1024,webp,age,<=25,54517,0.2221517711877823,0.01,0.015114551424326357,,,,
kk,arcface_antelopev2,112,1024,webp,age,__overall__,110911,0.2221517711877823,0.01,0.010008024452038121,0.004783899703068294,0.015114551424326357,1.0330651721258064,3.0
kk,arcface_antelopev2,112,1024,webp,skin_tone,MST10,413,0.2874002456665039,0.001,0.0,,,,
kk,arcface_antelopev2,112,1024,webp,skin_tone,MST5,3727,0.2874002456665039,0.001,0.0005366246310705661,,,,
kk,arcface_antelopev2,112,1024,webp,skin_tone,MST6,55963,0.2874002456665039,0.001,0.001393778031913943,,,,
kk,arcface_antelopev2,112,1024,webp,skin_tone,MST7,23038,0.2874002456665039,0.001,0.00017362618282837052,,,,
kk,arcface_antelopev2,112,1024,webp,skin_tone,MST8,274,0.2874002456665039,0.001,0.0,,,,
kk,arcface_antelopev2,112,1024,webp,skin_tone,MST9,1440,0.2874002456665039,0.001,0.0006944444444444445,,,,
kk,arcface_antelopev2,112,1024,webp,skin_tone,__overall__,84855,0.2874002456665039,0.001,0.0010017087973602026,0.0,0.001393778031913943,0.1393778031913943,6.0
kk,arcface_antelopev2,112,1024,webp,gender,F,94936,0.30334436893463135,0.001,0.0014430774416448976,,,,
kk,arcface_antelopev2,112,1024,webp,gender,M,56171,0.30334436893463135,0.001,0.0002670417119154012,,,,
kk,arcface_antelopev2,112,1024,webp,gender,__overall__,151107,0.30334436893463135,0.001,0.0010059097196026656,0.0002670417119154012,0.0014430774416448976,0.11760357297294964,2.0
kk,arcface_antelopev2,112,1024,webp,age,26-35,50332,0.3038041293621063,0.001,0.0005960422792656759,,,,
kk,arcface_antelopev2,112,1024,webp,age,36-50,6062,0.3038041293621063,0.001,0.0,,,,
kk,arcface_antelopev2,112,1024,webp,age,<=25,54517,0.3038041293621063,0.001,0.001485775079333052,,,,
kk,arcface_antelopev2,112,1024,webp,age,__overall__,110911,0.3038041293621063,0.001,0.001000802445203812,0.0,0.001485775079333052,0.1485775079333052,3.0
kk,arcface_antelopev2,112,512,webp,skin_tone,MST10,413,0.21363404393196106,0.01,0.0,,,,
kk,arcface_antelopev2,112,512,webp,skin_tone,MST5,3727,0.21363404393196106,0.01,0.006707807888382077,,,,
kk,arcface_antelopev2,112,512,webp,skin_tone,MST6,55963,0.21363404393196106,0.01,0.012293836999446063,,,,
kk,arcface_antelopev2,112,512,webp,skin_tone,MST7,23038,0.21363404393196106,0.01,0.004557687299244726,,,,
kk,arcface_antelopev2,112,512,webp,skin_tone,MST8,274,0.21363404393196106,0.01,0.0036496350364963502,,,,
kk,arcface_antelopev2,112,512,webp,skin_tone,MST9,1440,0.21363404393196106,0.01,0.020833333333333332,,,,
kk,arcface_antelopev2,112,512,webp,skin_tone,__overall__,84855,0.21363404393196106,0.01,0.010005303164221319,0.0,0.020833333333333332,2.083333333333333,6.0
kk,arcface_antelopev2,112,512,webp,gender,F,94936,0.23155923187732697,0.01,0.013219432038425887,,,,
kk,arcface_antelopev2,112,512,webp,gender,M,56171,0.23155923187732697,0.01,0.004575314664150541,,,,
kk,arcface_antelopev2,112,512,webp,gender,__overall__,151107,0.23155923187732697,0.01,0.010006154579205463,0.004575314664150541,0.013219432038425887,0.8644117374275346,2.0
kk,arcface_antelopev2,112,512,webp,age,26-35,50332,0.22709456086158752,0.01,0.004649129778272272,,,,
kk,arcface_antelopev2,112,512,webp,age,36-50,6062,0.22709456086158752,0.01,0.004453975585615309,,,,
kk,arcface_antelopev2,112,512,webp,age,<=25,54517,0.22709456086158752,0.01,0.015573123979676064,,,,
kk,arcface_antelopev2,112,512,webp,age,__overall__,110911,0.22709456086158752,0.01,0.010008024452038121,0.004453975585615309,0.015573123979676064,1.1119148394060756,3.0
kk,arcface_antelopev2,112,512,webp,skin_tone,MST10,413,0.3002414107322693,0.001,0.0,,,,
kk,arcface_antelopev2,112,512,webp,skin_tone,MST5,3727,0.3002414107322693,0.001,0.0,,,,
kk,arcface_antelopev2,112,512,webp,skin_tone,MST6,55963,0.3002414107322693,0.001,0.0013580401336597396,,,,
kk,arcface_antelopev2,112,512,webp,skin_tone,MST7,23038,0.3002414107322693,0.001,0.00021703272853546314,,,,
kk,arcface_antelopev2,112,512,webp,skin_tone,MST8,274,0.3002414107322693,0.001,0.0,,,,
kk,arcface_antelopev2,112,512,webp,skin_tone,MST9,1440,0.3002414107322693,0.001,0.002777777777777778,,,,
kk,arcface_antelopev2,112,512,webp,skin_tone,__overall__,84855,0.3002414107322693,0.001,0.0010017087973602026,0.0,0.002777777777777778,0.2777777777777778,6.0
kk,arcface_antelopev2,112,512,webp,gender,F,94936,0.3095552623271942,0.001,0.0014430774416448976,,,,
kk,arcface_antelopev2,112,512,webp,gender,M,56171,0.3095552623271942,0.001,0.0002670417119154012,,,,
kk,arcface_antelopev2,112,512,webp,gender,__overall__,151107,0.3095552623271942,0.001,0.0010059097196026656,0.0002670417119154012,0.0014430774416448976,0.11760357297294964,2.0
kk,arcface_antelopev2,112,512,webp,age,26-35,50332,0.307373970746994,0.001,0.0004172295954859731,,,,
kk,arcface_antelopev2,112,512,webp,age,36-50,6062,0.307373970746994,0.001,0.0001649620587264929,,,,
kk,arcface_antelopev2,112,512,webp,age,<=25,54517,0.307373970746994,0.001,0.0016325182970449584,,,,
kk,arcface_antelopev2,112,512,webp,age,__overall__,110911,0.307373970746994,0.001,0.001000802445203812,0.0001649620587264929,0.0016325182970449584,0.14675562383184654,3.0
kk,lvface_l,112,0,aligned,skin_tone,MST10,413,0.14299426972866058,0.01,0.004842615012106538,,,,
kk,lvface_l,112,0,aligned,skin_tone,MST5,3727,0.14299426972866058,0.01,0.012610678830158305,,,,
kk,lvface_l,112,0,aligned,skin_tone,MST6,55963,0.14299426972866058,0.01,0.009077426156567732,,,,
kk,lvface_l,112,0,aligned,skin_tone,MST7,23038,0.14299426972866058,0.01,0.011936800069450472,,,,
kk,lvface_l,112,0,aligned,skin_tone,MST8,274,0.14299426972866058,0.01,0.029197080291970802,,,,
kk,lvface_l,112,0,aligned,skin_tone,MST9,1440,0.14299426972866058,0.01,0.00625,,,,
kk,lvface_l,112,0,aligned,skin_tone,__overall__,84855,0.14299426972866058,0.01,0.010005303164221319,0.004842615012106538,0.029197080291970802,2.4354465279864264,6.0
kk,lvface_l,112,0,aligned,gender,F,94936,0.1444694697856903,0.01,0.010301676919187663,,,,
kk,lvface_l,112,0,aligned,gender,M,56171,0.1444694697856903,0.01,0.009506684944188283,,,,
kk,lvface_l,112,0,aligned,gender,__overall__,151107,0.1444694697856903,0.01,0.010006154579205463,0.009506684944188283,0.010301676919187663,0.079499197499938,2.0
kk,lvface_l,112,0,aligned,age,26-35,50332,0.14280752837657928,0.01,0.008463800365572599,,,,
kk,lvface_l,112,0,aligned,age,36-50,6062,0.14280752837657928,0.01,0.016826129990102277,,,,
kk,lvface_l,112,0,aligned,age,<=25,54517,0.14280752837657928,0.01,0.01067556908854119,,,,
kk,lvface_l,112,0,aligned,age,__overall__,110911,0.14280752837657928,0.01,0.010008024452038121,0.008463800365572599,0.016826129990102277,0.8362329624529677,3.0
kk,lvface_l,112,0,aligned,skin_tone,MST10,413,0.19162707030773163,0.001,0.0,,,,
kk,lvface_l,112,0,aligned,skin_tone,MST5,3727,0.19162707030773163,0.001,0.0016098738932116983,,,,
kk,lvface_l,112,0,aligned,skin_tone,MST6,55963,0.19162707030773163,0.001,0.0009113164054821936,,,,
kk,lvface_l,112,0,aligned,skin_tone,MST7,23038,0.19162707030773163,0.001,0.0012153832797985936,,,,
kk,lvface_l,112,0,aligned,skin_tone,MST8,274,0.19162707030773163,0.001,0.0,,,,
kk,lvface_l,112,0,aligned,skin_tone,MST9,1440,0.19162707030773163,0.001,0.0,,,,
kk,lvface_l,112,0,aligned,skin_tone,__overall__,84855,0.19162707030773163,0.001,0.0010017087973602026,0.0,0.0016098738932116983,0.16098738932116982,6.0
kk,lvface_l,112,0,aligned,gender,F,94936,0.19502371549606323,0.001,0.0010322743743153282,,,,
kk,lvface_l,112,0,aligned,gender,M,56171,0.19502371549606323,0.001,0.0009613501628954442,,,,
kk,lvface_l,112,0,aligned,gender,__overall__,151107,0.19502371549606323,0.001,0.0010059097196026656,0.0009613501628954442,0.0010322743743153282,0.007092421141988397,2.0
kk,lvface_l,112,0,aligned,age,26-35,50332,0.1929904818534851,0.001,0.0008543272669474688,,,,
kk,lvface_l,112,0,aligned,age,36-50,6062,0.1929904818534851,0.001,0.001814582645991422,,,,
kk,lvface_l,112,0,aligned,age,<=25,54517,0.1929904818534851,0.001,0.001045545426197333,,,,
kk,lvface_l,112,0,aligned,age,__overall__,110911,0.1929904818534851,0.001,0.001000802445203812,0.0008543272669474688,0.001814582645991422,0.09602553790439532,3.0
kk,lvface_l,112,1024,avif,skin_tone,MST10,413,0.12731504440307617,0.01,0.004842615012106538,,,,
kk,lvface_l,112,1024,avif,skin_tone,MST5,3727,0.12731504440307617,0.01,0.009927555674805473,,,,
kk,lvface_l,112,1024,avif,skin_tone,MST6,55963,0.12731504440307617,0.01,0.009774315172524703,,,,
kk,lvface_l,112,1024,avif,skin_tone,MST7,23038,0.12731504440307617,0.01,0.010591197152530601,,,,
kk,lvface_l,112,1024,avif,skin_tone,MST8,274,0.12731504440307617,0.01,0.010948905109489052,,,,
kk,lvface_l,112,1024,avif,skin_tone,MST9,1440,0.12731504440307617,0.01,0.011111111111111112,,,,
kk,lvface_l,112,1024,avif,skin_tone,__overall__,84855,0.12731504440307617,0.01,0.010005303164221319,0.004842615012106538,0.011111111111111112,0.6268496099004573,6.0
kk,lvface_l,112,1024,avif,gender,F,94936,0.1304977983236313,0.01,0.010659812926603186,,,,
kk,lvface_l,112,1024,avif,gender,M,56171,0.1304977983236313,0.01,0.00890139039718004,,,,
kk,lvface_l,112,1024,avif,gender,__overall__,151107,0.1304977983236313,0.01,0.010006154579205463,0.00890139039718004,0.010659812926603186,0.17584225294231468,2.0
kk,lvface_l,112,1024,avif,age,26-35,50332,0.1292920708656311,0.01,0.007708813478502742,,,,
kk,lvface_l,112,1024,avif,age,36-50,6062,0.1292920708656311,0.01,0.014846585285384361,,,,
kk,lvface_l,112,1024,avif,age,<=25,54517,0.1292920708656311,0.01,0.011592714199240604,,,,
kk,lvface_l,112,1024,avif,age,__overall__,110911,0.1292920708656311,0.01,0.010008024452038121,0.007708813478502742,0.014846585285384361,0.7137771806881619,3.0
kk,lvface_l,112,1024,avif,skin_tone,MST10,413,0.17337021231651306,0.001,0.0,,,,
kk,lvface_l,112,1024,avif,skin_tone,MST5,3727,0.17337021231651306,0.001,0.0005366246310705661,,,,
kk,lvface_l,112,1024,avif,skin_tone,MST6,55963,0.17337021231651306,0.001,0.0010185301002448046,,,,
kk,lvface_l,112,1024,avif,skin_tone,MST7,23038,0.17337021231651306,0.001,0.0010851636426773158,,,,
kk,lvface_l,112,1024,avif,skin_tone,MST8,274,0.17337021231651306,0.001,0.0,,,,
kk,lvface_l,112,1024,avif,skin_tone,MST9,1440,0.17337021231651306,0.001,0.0006944444444444445,,,,
kk,lvface_l,112,1024,avif,skin_tone,__overall__,84855,0.17337021231651306,0.001,0.0010017087973602026,0.0,0.0010851636426773158,0.10851636426773158,6.0
kk,lvface_l,112,1024,avif,gender,F,94936,0.17531746625900269,0.001,0.0012113423780230892,,,,
kk,lvface_l,112,1024,avif,gender,M,56171,0.17531746625900269,0.001,0.0006587028893913229,,,,
kk,lvface_l,112,1024,avif,gender,__overall__,151107,0.17531746625900269,0.001,0.0010059097196026656,0.0006587028893913229,0.0012113423780230892,0.05526394886317663,2.0
kk,lvface_l,112,1024,avif,age,26-35,50332,0.1749763786792755,0.001,0.000715250735118811,,,,
kk,lvface_l,112,1024,avif,age,36-50,6062,0.1749763786792755,0.001,0.0009897723523589574,,,,
kk,lvface_l,112,1024,avif,age,<=25,54517,0.1749763786792755,0.001,0.0012656602527651925,,,,
kk,lvface_l,112,1024,avif,age,__overall__,110911,0.1749763786792755,0.001,0.001000802445203812,0.000715250735118811,0.0012656602527651925,0.05504095176463815,3.0
kk,lvface_l,112,512,avif,skin_tone,MST10,413,0.1314597725868225,0.01,0.009685230024213076,,,,
kk,lvface_l,112,512,avif,skin_tone,MST5,3727,0.1314597725868225,0.01,0.007512744834987926,,,,
kk,lvface_l,112,512,avif,skin_tone,MST6,55963,0.1314597725868225,0.01,0.010774976323642407,,,,
kk,lvface_l,112,512,avif,skin_tone,MST7,23038,0.1314597725868225,0.01,0.008464276412883063,,,,
kk,lvface_l,112,512,avif,skin_tone,MST8,274,0.1314597725868225,0.01,0.0,,,,
kk,lvface_l,112,512,avif,skin_tone,MST9,1440,0.1314597725868225,0.01,0.013194444444444444,,,,
kk,lvface_l,112,512,avif,skin_tone,__overall__,84855,0.1314597725868225,0.01,0.010005303164221319,0.0,0.013194444444444444,1.3194444444444444,6.0
kk,lvface_l,112,512,avif,gender,F,94936,0.13790100812911987,0.01,0.011523552709193563,,,,
kk,lvface_l,112,512,avif,gender,M,56171,0.13790100812911987,0.01,0.007441562372042513,,,,
kk,lvface_l,112,512,avif,gender,__overall__,151107,0.13790100812911987,0.01,0.010006154579205463,0.007441562372042513,0.011523552709193563,0.40819903371510496,2.0
kk,lvface_l,112,512,avif,age,26-35,50332,0.1363186091184616,0.01,0.0063975204641182545,,,,
kk,lvface_l,112,512,avif,age,36-50,6062,0.1363186091184616,0.01,0.011547344110854504,,,,
kk,lvface_l,112,512,avif,age,<=25,54517,0.1363186091184616,0.01,0.013170203789643597,,,,
kk,lvface_l,112,512,avif,age,__overall__,110911,0.1363186091184616,0.01,0.010008024452038121,0.0063975204641182545,0.013170203789643597,0.6772683325525343,3.0
kk,lvface_l,112,512,avif,skin_tone,MST10,413,0.17868828773498535,0.001,0.0,,,,
kk,lvface_l,112,512,avif,skin_tone,MST5,3727,0.17868828773498535,0.001,0.0008049369466058492,,,,
kk,lvface_l,112,512,avif,skin_tone,MST6,55963,0.17868828773498535,0.001,0.0010363990493719064,,,,
kk,lvface_l,112,512,avif,skin_tone,MST7,23038,0.17868828773498535,0.001,0.0009983505512631305,,,,
kk,lvface_l,112,512,avif,skin_tone,MST8,274,0.17868828773498535,0.001,0.0,,,,
kk,lvface_l,112,512,avif,skin_tone,MST9,1440,0.17868828773498535,0.001,0.0006944444444444445,,,,
kk,lvface_l,112,512,avif,skin_tone,__overall__,84855,0.17868828773498535,0.001,0.0010017087973602026,0.0,0.0010363990493719064,0.10363990493719065,6.0
kk,lvface_l,112,512,avif,gender,F,94936,0.19050027430057526,0.001,0.0011902755540574702,,,,
kk,lvface_l,112,512,avif,gender,M,56171,0.19050027430057526,0.001,0.0006943084509800431,,,,
kk,lvface_l,112,512,avif,gender,__overall__,151107,0.19050027430057526,0.001,0.0010059097196026656,0.0006943084509800431,0.0011902755540574702,0.049596710307742715,2.0
kk,lvface_l,112,512,avif,age,26-35,50332,0.18934954702854156,0.001,0.0004172295954859731,,,,
kk,lvface_l,112,512,avif,age,36-50,6062,0.18934954702854156,0.001,0.001649620587264929,,,,
kk,lvface_l,112,512,avif,age,<=25,54517,0.18934954702854156,0.001,0.0014674321771190638,,,,
kk,lvface_l,112,512,avif,age,__overall__,110911,0.18934954702854156,0.001,0.001000802445203812,0.0004172295954859731,0.001649620587264929,0.12323909917789559,3.0
kk,lvface_l,112,1024,heif,skin_tone,MST10,413,0.12310659885406494,0.01,0.002421307506053269,,,,
kk,lvface_l,112,1024,heif,skin_tone,MST5,3727,0.12310659885406494,0.01,0.010732492621411323,,,,
kk,lvface_l,112,1024,heif,skin_tone,MST6,55963,0.12310659885406494,0.01,0.009702839376016296,,,,
kk,lvface_l,112,1024,heif,skin_tone,MST7,23038,0.12310659885406494,0.01,0.010764823335358973,,,,
kk,lvface_l,112,1024,heif,skin_tone,MST8,274,0.12310659885406494,0.01,0.010948905109489052,,,,
kk,lvface_l,112,1024,heif,skin_tone,MST9,1440,0.12310659885406494,0.01,0.009722222222222222,,,,
kk,lvface_l,112,1024,heif,skin_tone,__overall__,84855,0.12310659885406494,0.01,0.010005303164221319,0.002421307506053269,0.010948905109489052,0.8527597603435781,6.0
kk,lvface_l,112,1024,heif,gender,F,94936,0.1268167793750763,0.01,0.010691413162551613,,,,
kk,lvface_l,112,1024,heif,gender,M,56171,0.1268167793750763,0.01,0.00884798205479696,,,,
kk,lvface_l,112,1024,heif,gender,__overall__,151107,0.1268167793750763,0.01,0.010006154579205463,0.00884798205479696,0.010691413162551613,0.18434311077546536,2.0
kk,lvface_l,112,1024,heif,age,26-35,50332,0.12580835819244385,0.01,0.008304855757768417,,,,
kk,lvface_l,112,1024,heif,age,36-50,6062,0.12580835819244385,0.01,0.015506433520290333,,,,
kk,lvface_l,112,1024,heif,age,<=25,54517,0.12580835819244385,0.01,0.010969055523965002,,,,
kk,lvface_l,112,1024,heif,age,__overall__,110911,0.12580835819244385,0.01,0.010008024452038121,0.008304855757768417,0.015506433520290333,0.7201577762521916,3.0
kk,lvface_l,112,1024,heif,skin_tone,MST10,413,0.16724860668182373,0.001,0.0,,,,
kk,lvface_l,112,1024,heif,skin_tone,MST5,3727,0.16724860668182373,0.001,0.0008049369466058492,,,,
kk,lvface_l,112,1024,heif,skin_tone,MST6,55963,0.16724860668182373,0.001,0.0011972195915158229,,,,
kk,lvface_l,112,1024,heif,skin_tone,MST7,23038,0.16724860668182373,0.001,0.0005642850941922041,,,,
kk,lvface_l,112,1024,heif,skin_tone,MST8,274,0.16724860668182373,0.001,0.0,,,,
kk,lvface_l,112,1024,heif,skin_tone,MST9,1440,0.16724860668182373,0.001,0.001388888888888889,,,,
kk,lvface_l,112,1024,heif,skin_tone,__overall__,84855,0.16724860668182373,0.001,0.0010017087973602026,0.0,0.001388888888888889,0.1388888888888889,6.0
kk,lvface_l,112,1024,heif,gender,F,94936,0.17311108112335205,0.001,0.0011692087300918513,,,,
kk,lvface_l,112,1024,heif,gender,M,56171,0.17311108112335205,0.001,0.0007299140125687632,,,,
kk,lvface_l,112,1024,heif,gender,__overall__,151107,0.17311108112335205,0.001,0.0010059097196026656,0.0007299140125687632,0.0011692087300918513,0.0439294717523088,2.0
kk,lvface_l,112,1024,heif,age,26-35,50332,0.1704617589712143,0.001,0.000715250735118811,,,,
kk,lvface_l,112,1024,heif,age,36-50,6062,0.1704617589712143,0.001,0.0014846585285384361,,,,
kk,lvface_l,112,1024,heif,age,<=25,54517,0.1704617589712143,0.001,0.0012106315461232276,,,,
kk,lvface_l,112,1024,heif,age,__overall__,110911,0.1704617589712143,0.001,0.001000802445203812,0.000715250735118811,0.0014846585285384361,0.07694077934196251,3.0
kk,lvface_l,112,512,heif,skin_tone,MST10,413,0.1685362607240677,0.01,0.009685230024213076,,,,
kk,lvface_l,112,512,heif,skin_tone,MST5,3727,0.1685362607240677,0.01,0.014488865038905285,,,,
kk,lvface_l,112,512,heif,skin_tone,MST6,55963,0.1685362607240677,0.01,0.01120383110269285,,,,
kk,lvface_l,112,512,heif,skin_tone,MST7,23038,0.1685362607240677,0.01,0.0062939491275284315,,,,
kk,lvface_l,112,512,heif,skin_tone,MST8,274,0.1685362607240677,0.01,0.0072992700729927005,,,,
kk,lvface_l,112,512,heif,skin_tone,MST9,1440,0.1685362607240677,0.01,0.011805555555555555,,,,
kk,lvface_l,112,512,heif,skin_tone,__overall__,84855,0.1685362607240677,0.01,0.010005303164221319,0.0062939491275284315,0.014488865038905285,0.8194915911376853,6.0
kk,lvface_l,112,512,heif,gender,F,94936,0.18052344024181366,0.01,0.013640768517738266,,,,
kk,lvface_l,112,512,heif,gender,M,56171,0.18052344024181366,0.01,0.003863203432376137,,,,
kk,lvface_l,112,512,heif,gender,__overall__,151107,0.18052344024181366,0.01,0.010006154579205463,0.003863203432376137,0.013640768517738266,0.9777565085362129,2.0
kk,lvface_l,112,512,heif,age,26-35,50332,0.17716863751411438,0.01,0.004112691726933164,,,,
kk,lvface_l,112,512,heif,age,36-50,6062,0.17716863751411438,0.01,0.005773672055427252,,,,
kk,lvface_l,112,512,heif,age,<=25,54517,0.17716863751411438,0.01,0.015921639121741844,,,,
kk,lvface_l,112,512,heif,age,__overall__,110911,0.17716863751411438,0.01,0.010008024452038121,0.004112691726933164,0.015921639121741844,1.180894739480868,3.0
kk,lvface_l,112,512,heif,skin_tone,MST10,413,0.24214039742946625,0.001,0.0,,,,
kk,lvface_l,112,512,heif,skin_tone,MST5,3727,0.24214039742946625,0.001,0.0018781862087469815,,,,
kk,lvface_l,112,512,heif,skin_tone,MST6,55963,0.24214039742946625,0.001,0.0010900058967532118,,,,
kk,lvface_l,112,512,heif,skin_tone,MST7,23038,0.24214039742946625,0.001,0.0006510981856063894,,,,
kk,lvface_l,112,512,heif,skin_tone,MST8,274,0.24214039742946625,0.001,0.0,,,,
kk,lvface_l,112,512,heif,skin_tone,MST9,1440,0.24214039742946625,0.001,0.001388888888888889,,,,
kk,lvface_l,112,512,heif,skin_tone,__overall__,84855,0.24214039742946625,0.001,0.0010017087973602026,0.0,0.0018781862087469815,0.18781862087469814,6.0
kk,lvface_l,112,512,heif,gender,F,94936,0.2579917311668396,0.001,0.001453610853627707,,,,
kk,lvface_l,112,512,heif,gender,M,56171,0.2579917311668396,0.001,0.0002492389311210411,,,,
kk,lvface_l,112,512,heif,gender,__overall__,151107,0.2579917311668396,0.001,0.0010059097196026656,0.0002492389311210411,0.001453610853627707,0.1204371922506666,2.0
kk,lvface_l,112,512,heif,age,26-35,50332,0.25334519147872925,0.001,0.000337757291583883,,,,
kk,lvface_l,112,512,heif,age,36-50,6062,0.25334519147872925,0.001,0.0011547344110854503,,,,
kk,lvface_l,112,512,heif,age,<=25,54517,0.25334519147872925,0.001,0.0015958324926169819,,,,
kk,lvface_l,112,512,heif,age,__overall__,110911,0.25334519147872925,0.001,0.001000802445203812,0.000337757291583883,0.0015958324926169819,0.12580752010330987,3.0
kk,lvface_l,112,1024,jpeg2000,skin_tone,MST10,413,0.1323891133069992,0.01,0.007263922518159807,,,,
kk,lvface_l,112,1024,jpeg2000,skin_tone,MST5,3727,0.1323891133069992,0.01,0.008854306412664341,,,,
kk,lvface_l,112,1024,jpeg2000,skin_tone,MST6,55963,0.1323891133069992,0.01,0.010274645748083556,,,,
kk,lvface_l,112,1024,jpeg2000,skin_tone,MST7,23038,0.1323891133069992,0.01,0.00924559423561073,,,,
kk,lvface_l,112,1024,jpeg2000,skin_tone,MST8,274,0.1323891133069992,0.01,0.010948905109489052,,,,
kk,lvface_l,112,1024,jpeg2000,skin_tone,MST9,1440,0.1323891133069992,0.01,0.015277777777777777,,,,
kk,lvface_l,112,1024,jpeg2000,skin_tone,__overall__,84855,0.1323891133069992,0.01,0.010005303164221319,0.007263922518159807,0.015277777777777777,0.801385525961797,6.0
kk,lvface_l,112,1024,jpeg2000,gender,F,94936,0.13847306370735168,0.01,0.011218083761692088,,,,
kk,lvface_l,112,1024,jpeg2000,gender,M,56171,0.13847306370735168,0.01,0.007957843015078955,,,,
kk,lvface_l,112,1024,jpeg2000,gender,__overall__,151107,0.13847306370735168,0.01,0.010006154579205463,0.007957843015078955,0.011218083761692088,0.32602407466131333,2.0
kk,lvface_l,112,1024,jpeg2000,age,26-35,50332,0.13651683926582336,0.01,0.006655805451800048,,,,
kk,lvface_l,112,1024,jpeg2000,age,36-50,6062,0.13651683926582336,0.01,0.012207192345760474,,,,
kk,lvface_l,112,1024,jpeg2000,age,<=25,54517,0.13651683926582336,0.01,0.012858374452005796,,,,
kk,lvface_l,112,1024,jpeg2000,age,__overall__,110911,0.13651683926582336,0.01,0.010008024452038121,0.006655805451800048,0.012858374452005796,0.6202569000205749,3.0
kk,lvface_l,112,1024,jpeg2000,skin_tone,MST10,413,0.17979827523231506,0.001,0.0,,,,
kk,lvface_l,112,1024,jpeg2000,skin_tone,MST5,3727,0.17979827523231506,0.001,0.0005366246310705661,,,,
kk,lvface_l,112,1024,jpeg2000,skin_tone,MST6,55963,0.17979827523231506,0.001,0.0011257437950074156,,,,
kk,lvface_l,112,1024,jpeg2000,skin_tone,MST7,23038,0.17979827523231506,0.001,0.0007379112770205747,,,,
kk,lvface_l,112,1024,jpeg2000,skin_tone,MST8,274,0.17979827523231506,0.001,0.0,,,,
kk,lvface_l,112,1024,jpeg2000,skin_tone,MST9,1440,0.17979827523231506,0.001,0.0020833333333333333,,,,
kk,lvface_l,112,1024,jpeg2000,skin_tone,__overall__,84855,0.17979827523231506,0.001,0.0010017087973602026,0.0,0.0020833333333333333,0.20833333333333334,6.0
kk,lvface_l,112,1024,jpeg2000,gender,F,94936,0.19338634610176086,0.001,0.0012850762619027556,,,,
kk,lvface_l,112,1024,jpeg2000,gender,M,56171,0.19338634610176086,0.001,0.0005340834238308024,,,,
kk,lvface_l,112,1024,jpeg2000,gender,__overall__,151107,0.19338634610176086,0.001,0.0010059097196026656,0.0005340834238308024,0.0012850762619027556,0.07509928380719533,2.0
kk,lvface_l,112,1024,jpeg2000,age,26-35,50332,0.18965062499046326,0.001,0.0003774934435349281,,,,
kk,lvface_l,112,1024,jpeg2000,age,36-50,6062,0.18965062499046326,0.001,0.0011547344110854503,,,,
kk,lvface_l,112,1024,jpeg2000,age,<=25,54517,0.18965062499046326,0.001,0.0015591466881890053,,,,
kk,lvface_l,112,1024,jpeg2000,age,__overall__,110911,0.18965062499046326,0.001,0.001000802445203812,0.0003774934435349281,0.0015591466881890053,0.11816532446540773,3.0
kk,lvface_l,112,512,jpeg2000,skin_tone,MST10,413,0.22003740072250366,0.01,0.0,,,,
kk,lvface_l,112,512,jpeg2000,skin_tone,MST5,3727,0.22003740072250366,0.01,0.009927555674805473,,,,
kk,lvface_l,112,512,jpeg2000,skin_tone,MST6,55963,0.22003740072250366,0.01,0.01157907903436199,,,,
kk,lvface_l,112,512,jpeg2000,skin_tone,MST7,23038,0.22003740072250366,0.01,0.006337355673235524,,,,
kk,lvface_l,112,512,jpeg2000,skin_tone,MST8,274,0.22003740072250366,0.01,0.0,,,,
kk,lvface_l,112,512,jpeg2000,skin_tone,MST9,1440,0.22003740072250366,0.01,0.0125,,,,
kk,lvface_l,112,512,jpeg2000,skin_tone,__overall__,84855,0.22003740072250366,0.01,0.010005303164221319,0.0,0.0125,1.25,6.0
kk,lvface_l,112,512,jpeg2000,gender,F,94936,0.23696880042552948,0.01,0.014062104997050644,,,,
kk,lvface_l,112,512,jpeg2000,gender,M,56171,0.23696880042552948,0.01,0.003151092200601734,,,,
kk,lvface_l,112,512,jpeg2000,gender,__overall__,151107,0.23696880042552948,0.01,0.010006154579205463,0.003151092200601734,0.014062104997050644,1.091101279644891,2.0
kk,lvface_l,112,512,jpeg2000,age,26-35,50332,0.23054014146327972,0.01,0.004112691726933164,,,,
kk,lvface_l,112,512,jpeg2000,age,36-50,6062,0.23054014146327972,0.01,0.003629165291982844,,,,
kk,lvface_l,112,512,jpeg2000,age,<=25,54517,0.23054014146327972,0.01,0.01616009685052369,,,,
kk,lvface_l,112,512,jpeg2000,age,__overall__,110911,0.23054014146327972,0.01,0.010008024452038121,0.003629165291982844,0.01616009685052369,1.2530931558540843,3.0
kk,lvface_l,112,512,jpeg2000,skin_tone,MST10,413,0.3133906126022339,0.001,0.0,,,,
kk,lvface_l,112,512,jpeg2000,skin_tone,MST5,3727,0.3133906126022339,0.001,0.0005366246310705661,,,,
kk,lvface_l,112,512,jpeg2000,skin_tone,MST6,55963,0.3133906126022339,0.001,0.0011614816932616194,,,,
kk,lvface_l,112,512,jpeg2000,skin_tone,MST7,23038,0.3133906126022339,0.001,0.0007813178227276674,,,,
kk,lvface_l,112,512,jpeg2000,skin_tone,MST8,274,0.3133906126022339,0.001,0.0,,,,
kk,lvface_l,112,512,jpeg2000,skin_tone,MST9,1440,0.3133906126022339,0.001,0.0,,,,
kk,lvface_l,112,512,jpeg2000,skin_tone,__overall__,84855,0.3133906126022339,0.001,0.0010017087973602026,0.0,0.0011614816932616194,0.11614816932616194,6.0
kk,lvface_l,112,512,jpeg2000,gender,F,94936,0.3261670768260956,0.001,0.001453610853627707,,,,
kk,lvface_l,112,512,jpeg2000,gender,M,56171,0.3261670768260956,0.001,0.0002492389311210411,,,,
kk,lvface_l,112,512,jpeg2000,gender,__overall__,151107,0.3261670768260956,0.001,0.0010059097196026656,0.0002492389311210411,0.001453610853627707,0.1204371922506666,2.0
kk,lvface_l,112,512,jpeg2000,age,26-35,50332,0.31683260202407837,0.001,0.0003774934435349281,,,,
kk,lvface_l,112,512,jpeg2000,age,36-50,6062,0.31683260202407837,0.001,0.0,,,,
kk,lvface_l,112,512,jpeg2000,age,<=25,54517,0.31683260202407837,0.001,0.0016875470036869233,,,,
kk,lvface_l,112,512,jpeg2000,age,__overall__,110911,0.31683260202407837,0.001,0.001000802445203812,0.0,0.0016875470036869233,0.16875470036869233,3.0
kk,lvface_l,112,1024,jpeg,skin_tone,MST10,413,0.13076883554458618,0.01,0.002421307506053269,,,,
kk,lvface_l,112,1024,jpeg,skin_tone,MST5,3727,0.13076883554458618,0.01,0.009927555674805473,,,,
kk,lvface_l,112,1024,jpeg,skin_tone,MST6,55963,0.13076883554458618,0.01,0.00993513571466862,,,,
kk,lvface_l,112,1024,jpeg,skin_tone,MST7,23038,0.13076883554458618,0.01,0.010026912058338397,,,,
kk,lvface_l,112,1024,jpeg,skin_tone,MST8,274,0.13076883554458618,0.01,0.0036496350364963502,,,,
kk,lvface_l,112,1024,jpeg,skin_tone,MST9,1440,0.13076883554458618,0.01,0.01597222222222222,,,,
kk,lvface_l,112,1024,jpeg,skin_tone,__overall__,84855,0.13076883554458618,0.01,0.010005303164221319,0.002421307506053269,0.01597222222222222,1.3550914716168951,6.0
kk,lvface_l,112,1024,jpeg,gender,F,94936,0.13533098995685577,0.01,0.010902081402207803,,,,
kk,lvface_l,112,1024,jpeg,gender,M,56171,0.13533098995685577,0.01,0.008491926438909758,,,,
kk,lvface_l,112,1024,jpeg,gender,__overall__,151107,0.13533098995685577,0.01,0.010006154579205463,0.008491926438909758,0.010902081402207803,0.24101549632980449,2.0
kk,lvface_l,112,1024,jpeg,age,26-35,50332,0.13356244564056396,0.01,0.007311451958992291,,,,
kk,lvface_l,112,1024,jpeg,age,36-50,6062,0.13356244564056396,0.01,0.013526888815572418,,,,
kk,lvface_l,112,1024,jpeg,age,<=25,54517,0.13356244564056396,0.01,0.012106315461232276,,,,
kk,lvface_l,112,1024,jpeg,age,__overall__,110911,0.13356244564056396,0.01,0.010008024452038121,0.007311451958992291,0.013526888815572418,0.6215436856580127,3.0
kk,lvface_l,112,1024,jpeg,skin_tone,MST10,413,0.17804712057113647,0.001,0.0,,,,
kk,lvface_l,112,1024,jpeg,skin_tone,MST5,3727,0.17804712057113647,0.001,0.0013415615776764154,,,,
kk,lvface_l,112,1024,jpeg,skin_tone,MST6,55963,0.17804712057113647,0.001,0.0010900058967532118,,,,
kk,lvface_l,112,1024,jpeg,skin_tone,MST7,23038,0.17804712057113647,0.001,0.0007379112770205747,,,,
kk,lvface_l,112,1024,jpeg,skin_tone,MST8,274,0.17804712057113647,0.001,0.0,,,,
kk,lvface_l,112,1024,jpeg,skin_tone,MST9,1440,0.17804712057113647,0.001,0.001388888888888889,,,,
kk,lvface_l,112,1024,jpeg,skin_tone,__overall__,84855,0.17804712057113647,0.001,0.0010017087973602026,0.0,0.001388888888888889,0.1388888888888889,6.0
kk,lvface_l,112,1024,jpeg,gender,F,94936,0.1888754665851593,0.001,0.0011692087300918513,,,,
kk,lvface_l,112,1024,jpeg,gender,M,56171,0.1888754665851593,0.001,0.0007299140125687632,,,,
kk,lvface_l,112,1024,jpeg,gender,__overall__,151107,0.1888754665851593,0.001,0.0010059097196026656,0.0007299140125687632,0.0011692087300918513,0.0439294717523088,2.0
kk,lvface_l,112,1024,jpeg,age,26-35,50332,0.18593744933605194,0.001,0.0005960422792656759,,,,
kk,lvface_l,112,1024,jpeg,age,36-50,6062,0.18593744933605194,0.001,0.0013196964698119432,,,,
kk,lvface_l,112,1024,jpeg,age,<=25,54517,0.18593744933605194,0.001,0.0013390318616211456,,,,
kk,lvface_l,112,1024,jpeg,age,__overall__,110911,0.18593744933605194,0.001,0.001000802445203812,0.0005960422792656759,0.0013390318616211456,0.07429895823554697,3.0
kk,lvface_l,112,512,jpeg,skin_tone,MST10,413,0.18462339043617249,0.01,0.007263922518159807,,,,
kk,lvface_l,112,512,jpeg,skin_tone,MST5,3727,0.18462339043617249,0.01,0.00965924335927019,,,,
kk,lvface_l,112,512,jpeg,skin_tone,MST6,55963,0.18462339043617249,0.01,0.011704161678251702,,,,
kk,lvface_l,112,512,jpeg,skin_tone,MST7,23038,0.18462339043617249,0.01,0.00594669676187169,,,,
kk,lvface_l,112,512,jpeg,skin_tone,MST8,274,0.18462339043617249,0.01,0.0,,,,
kk,lvface_l,112,512,jpeg,skin_tone,MST9,1440,0.18462339043617249,0.01,0.0125,,,,
kk,lvface_l,112,512,jpeg,skin_tone,__overall__,84855,0.18462339043617249,0.01,0.010005303164221319,0.0,0.0125,1.25,6.0
kk,lvface_l,112,512,jpeg,gender,F,94936,0.19938427209854126,0.01,0.013324766158253981,,,,
kk,lvface_l,112,512,jpeg,gender,M,56171,0.19938427209854126,0.01,0.00439728685620694,,,,
kk,lvface_l,112,512,jpeg,gender,__overall__,151107,0.19938427209854126,0.01,0.010006154579205463,0.00439728685620694,0.013324766158253981,0.8927479302047042,2.0
kk,lvface_l,112,512,jpeg,age,26-35,50332,0.1941908746957779,0.01,0.004887546689978543,,,,
kk,lvface_l,112,512,jpeg,age,36-50,6062,0.1941908746957779,0.01,0.006268558231606731,,,,
kk,lvface_l,112,512,jpeg,age,<=25,54517,0.1941908746957779,0.01,0.015151237228754333,,,,
kk,lvface_l,112,512,jpeg,age,__overall__,110911,0.1941908746957779,0.01,0.010008024452038121,0.004887546689978543,0.015151237228754333,1.026369053877579,3.0
kk,lvface_l,112,512,jpeg,skin_tone,MST10,413,0.2707655429840088,0.001,0.0,,,,
kk,lvface_l,112,512,jpeg,skin_tone,MST5,3727,0.2707655429840088,0.001,0.0008049369466058492,,,,
kk,lvface_l,112,512,jpeg,skin_tone,MST6,55963,0.2707655429840088,0.001,0.0012329574897700266,,,,
kk,lvface_l,112,512,jpeg,skin_tone,MST7,23038,0.2707655429840088,0.001,0.0005208785484851115,,,,
kk,lvface_l,112,512,jpeg,skin_tone,MST8,274,0.2707655429840088,0.001,0.0,,,,
kk,lvface_l,112,512,jpeg,skin_tone,MST9,1440,0.2707655429840088,0.001,0.0006944444444444445,,,,
kk,lvface_l,112,512,jpeg,skin_tone,__overall__,84855,0.2707655429840088,0.001,0.0010017087973602026,0.0,0.0012329574897700266,0.12329574897700267,6.0
kk,lvface_l,112,512,jpeg,gender,F,94936,0.2846422493457794,0.001,0.001453610853627707,,,,
kk,lvface_l,112,512,jpeg,gender,M,56171,0.2846422493457794,0.001,0.0002492389311210411,,,,
kk,lvface_l,112,512,jpeg,gender,__overall__,151107,0.2846422493457794,0.001,0.0010059097196026656,0.0002492389311210411,0.001453610853627707,0.1204371922506666,2.0
kk,lvface_l,112,512,jpeg,age,26-35,50332,0.27970677614212036,0.001,0.0004569657474370182,,,,
kk,lvface_l,112,512,jpeg,age,36-50,6062,0.27970677614212036,0.001,0.0003299241174529858,,,,
kk,lvface_l,112,512,jpeg,age,<=25,54517,0.27970677614212036,0.001,0.0015774895904029935,,,,
kk,lvface_l,112,512,jpeg,age,__overall__,110911,0.27970677614212036,0.001,0.001000802445203812,0.0003299241174529858,0.0015774895904029935,0.12475654729500077,3.0
kk,lvface_l,112,1024,jpeg_ai,skin_tone,MST10,413,0.1291586011648178,0.01,0.0,,,,
kk,lvface_l,112,1024,jpeg_ai,skin_tone,MST5,3727,0.1291586011648178,0.01,0.013415615776764154,,,,
kk,lvface_l,112,1024,jpeg_ai,skin_tone,MST6,55963,0.1291586011648178,0.01,0.00954201883387238,,,,
kk,lvface_l,112,1024,jpeg_ai,skin_tone,MST7,23038,0.1291586011648178,0.01,0.010851636426773158,,,,
kk,lvface_l,112,1024,jpeg_ai,skin_tone,MST8,274,0.1291586011648178,0.01,0.014598540145985401,,,,
kk,lvface_l,112,1024,jpeg_ai,skin_tone,MST9,1440,0.1291586011648178,0.01,0.007638888888888889,,,,
kk,lvface_l,112,1024,jpeg_ai,skin_tone,__overall__,84855,0.1291586011648178,0.01,0.010005303164221319,0.0,0.014598540145985401,1.4598540145985401,6.0
kk,lvface_l,112,1024,jpeg_ai,gender,F,94936,0.1312977820634842,0.01,0.011017948934018707,,,,
kk,lvface_l,112,1024,jpeg_ai,gender,M,56171,0.1312977820634842,0.01,0.008296095850171797,,,,
kk,lvface_l,112,1024,jpeg_ai,gender,__overall__,151107,0.1312977820634842,0.01,0.010006154579205463,0.008296095850171797,0.011017948934018707,0.272185308384691,2.0
kk,lvface_l,112,1024,jpeg_ai,age,26-35,50332,0.13048703968524933,0.01,0.007986966542160058,,,,
kk,lvface_l,112,1024,jpeg_ai,age,36-50,6062,0.13048703968524933,0.01,0.01699109204882877,,,,
kk,lvface_l,112,1024,jpeg_ai,age,<=25,54517,0.13048703968524933,0.01,0.01109745583946292,,,,
kk,lvface_l,112,1024,jpeg_ai,age,__overall__,110911,0.13048703968524933,0.01,0.010008024452038121,0.007986966542160058,0.01699109204882877,0.9004125506668712,3.0
kk,lvface_l,112,1024,jpeg_ai,skin_tone,MST10,413,0.1720430850982666,0.001,0.0,,,,
kk,lvface_l,112,1024,jpeg_ai,skin_tone,MST5,3727,0.1720430850982666,0.001,0.0024148108398175474,,,,
kk,lvface_l,112,1024,jpeg_ai,skin_tone,MST6,55963,0.1720430850982666,0.001,0.0008934474563550917,,,,
kk,lvface_l,112,1024,jpeg_ai,skin_tone,MST7,23038,0.1720430850982666,0.001,0.001041757096970223,,,,
kk,lvface_l,112,1024,jpeg_ai,skin_tone,MST8,274,0.1720430850982666,0.001,0.0036496350364963502,,,,
kk,lvface_l,112,1024,jpeg_ai,skin_tone,MST9,1440,0.1720430850982666,0.001,0.0006944444444444445,,,,
kk,lvface_l,112,1024,jpeg_ai,skin_tone,__overall__,84855,0.1720430850982666,0.001,0.0010017087973602026,0.0,0.0036496350364963502,0.36496350364963503,6.0
kk,lvface_l,112,1024,jpeg_ai,gender,F,94936,0.1786571592092514,0.001,0.0011270750821606136,,,,
kk,lvface_l,112,1024,jpeg_ai,gender,M,56171,0.1786571592092514,0.001,0.0008011251357462035,,,,
kk,lvface_l,112,1024,jpeg_ai,gender,__overall__,151107,0.1786571592092514,0.001,0.0010059097196026656,0.0008011251357462035,0.0011270750821606136,0.032594994641441,2.0
kk,lvface_l,112,1024,jpeg_ai,age,26-35,50332,0.17636939883232117,0.001,0.0006953826591432886,,,,
kk,lvface_l,112,1024,jpeg_ai,age,36-50,6062,0.17636939883232117,0.001,0.001649620587264929,,,,
kk,lvface_l,112,1024,jpeg_ai,age,<=25,54517,0.17636939883232117,0.001,0.0012106315461232276,,,,
kk,lvface_l,112,1024,jpeg_ai,age,__overall__,110911,0.17636939883232117,0.001,0.001000802445203812,0.0006953826591432886,0.001649620587264929,0.09542379281216404,3.0
kk,lvface_l,112,512,jpeg_ai,skin_tone,MST10,413,0.123843252658844,0.01,0.002421307506053269,,,,
kk,lvface_l,112,512,jpeg_ai,skin_tone,MST5,3727,0.123843252658844,0.01,0.012610678830158305,,,,
kk,lvface_l,112,512,jpeg_ai,skin_tone,MST6,55963,0.123843252658844,0.01,0.010024480460304129,,,,
kk,lvface_l,112,512,jpeg_ai,skin_tone,MST7,23038,0.123843252658844,0.01,0.009940098966924212,,,,
kk,lvface_l,112,512,jpeg_ai,skin_tone,MST8,274,0.123843252658844,0.01,0.0036496350364963502,,,,
kk,lvface_l,112,512,jpeg_ai,skin_tone,MST9,1440,0.123843252658844,0.01,0.006944444444444444,,,,
kk,lvface_l,112,512,jpeg_ai,skin_tone,__overall__,84855,0.123843252658844,0.01,0.010005303164221319,0.002421307506053269,0.012610678830158305,1.0189371324105037,6.0
kk,lvface_l,112,512,jpeg_ai,gender,F,94936,0.12711229920387268,0.01,0.011112749641863992,,,,
kk,lvface_l,112,512,jpeg_ai,gender,M,56171,0.12711229920387268,0.01,0.008135870823022556,,,,
kk,lvface_l,112,512,jpeg_ai,gender,__overall__,151107,0.12711229920387268,0.01,0.010006154579205463,0.008135870823022556,0.011112749641863992,0.29768788188414363,2.0
kk,lvface_l,112,512,jpeg_ai,age,26-35,50332,0.12428247183561325,0.01,0.007847890010331399,,,,
kk,lvface_l,112,512,jpeg_ai,age,36-50,6062,0.12428247183561325,0.01,0.013691850874298911,,,,
kk,lvface_l,112,512,jpeg_ai,age,<=25,54517,0.12428247183561325,0.01,0.011592714199240604,,,,
kk,lvface_l,112,512,jpeg_ai,age,__overall__,110911,0.12428247183561325,0.01,0.010008024452038121,0.007847890010331399,0.013691850874298911,0.5843960863967512,3.0
kk,lvface_l,112,512,jpeg_ai,skin_tone,MST10,413,0.16721832752227783,0.001,0.0,,,,
kk,lvface_l,112,512,jpeg_ai,skin_tone,MST5,3727,0.16721832752227783,0.001,0.00026831231553528306,,,,
kk,lvface_l,112,512,jpeg_ai,skin_tone,MST6,55963,0.16721832752227783,0.001,0.0010363990493719064,,,,
kk,lvface_l,112,512,jpeg_ai,skin_tone,MST7,23038,0.16721832752227783,0.001,0.0011285701883844083,,,,
kk,lvface_l,112,512,jpeg_ai,skin_tone,MST8,274,0.16721832752227783,0.001,0.0,,,,
kk,lvface_l,112,512,jpeg_ai,skin_tone,MST9,1440,0.16721832752227783,0.001,0.0,,,,
kk,lvface_l,112,512,jpeg_ai,skin_tone,__overall__,84855,0.16721832752227783,0.001,0.0010017087973602026,0.0,0.0011285701883844083,0.11285701883844083,6.0
kk,lvface_l,112,512,jpeg_ai,gender,F,94936,0.17033396661281586,0.001,0.001116541670177804,,,,
kk,lvface_l,112,512,jpeg_ai,gender,M,56171,0.17033396661281586,0.001,0.0008189279165405636,,,,
kk,lvface_l,112,512,jpeg_ai,gender,__overall__,151107,0.17033396661281586,0.001,0.0010059097196026656,0.0008189279165405636,0.001116541670177804,0.029761375363724047,2.0
kk,lvface_l,112,512,jpeg_ai,age,26-35,50332,0.16872869431972504,0.001,0.0007748549630453786,,,,
kk,lvface_l,112,512,jpeg_ai,age,36-50,6062,0.16872869431972504,0.001,0.0023094688221709007,,,,
kk,lvface_l,112,512,jpeg_ai,age,<=25,54517,0.16872869431972504,0.001,0.0010638883284113212,,,,
kk,lvface_l,112,512,jpeg_ai,age,__overall__,110911,0.16872869431972504,0.001,0.001000802445203812,0.0007748549630453786,0.0023094688221709007,0.1534613859125522,3.0
kk,lvface_l,112,1024,jpeg_fzt,skin_tone,MST10,413,0.12675370275974274,0.01,0.0,,,,
kk,lvface_l,112,1024,jpeg_fzt,skin_tone,MST5,3727,0.12675370275974274,0.01,0.012610678830158305,,,,
kk,lvface_l,112,1024,jpeg_fzt,skin_tone,MST6,55963,0.12675370275974274,0.01,0.009756446223397603,,,,
kk,lvface_l,112,1024,jpeg_fzt,skin_tone,MST7,23038,0.12675370275974274,0.01,0.010200538241166767,,,,
kk,lvface_l,112,1024,jpeg_fzt,skin_tone,MST8,274,0.12675370275974274,0.01,0.01824817518248175,,,,
kk,lvface_l,112,1024,jpeg_fzt,skin_tone,MST9,1440,0.12675370275974274,0.01,0.011111111111111112,,,,
kk,lvface_l,112,1024,jpeg_fzt,skin_tone,__overall__,84855,0.12675370275974274,0.01,0.010005303164221319,0.0,0.01824817518248175,1.824817518248175,6.0
kk,lvface_l,112,1024,jpeg_fzt,gender,F,94936,0.13015897572040558,0.01,0.010838880930310947,,,,
kk,lvface_l,112,1024,jpeg_fzt,gender,M,56171,0.13015897572040558,0.01,0.008598743123675917,,,,
kk,lvface_l,112,1024,jpeg_fzt,gender,__overall__,151107,0.13015897572040558,0.01,0.010006154579205463,0.008598743123675917,0.010838880930310947,0.22401378066350291,2.0
kk,lvface_l,112,1024,jpeg_fzt,age,26-35,50332,0.12705591320991516,0.01,0.008682349201303346,,,,
kk,lvface_l,112,1024,jpeg_fzt,age,36-50,6062,0.12705591320991516,0.01,0.011217419993401518,,,,
kk,lvface_l,112,1024,jpeg_fzt,age,<=25,54517,0.12705591320991516,0.01,0.01109745583946292,,,,
kk,lvface_l,112,1024,jpeg_fzt,age,__overall__,110911,0.12705591320991516,0.01,0.010008024452038121,0.008682349201303346,0.011217419993401518,0.2535070792098172,3.0
kk,lvface_l,112,1024,jpeg_fzt,skin_tone,MST10,413,0.17108899354934692,0.001,0.0,,,,
kk,lvface_l,112,1024,jpeg_fzt,skin_tone,MST5,3727,0.17108899354934692,0.001,0.0010732492621411322,,,,
kk,lvface_l,112,1024,jpeg_fzt,skin_tone,MST6,55963,0.17108899354934692,0.001,0.0010721369476261102,,,,
kk,lvface_l,112,1024,jpeg_fzt,skin_tone,MST7,23038,0.17108899354934692,0.001,0.0008681309141418525,,,,
kk,lvface_l,112,1024,jpeg_fzt,skin_tone,MST8,274,0.17108899354934692,0.001,0.0,,,,
kk,lvface_l,112,1024,jpeg_fzt,skin_tone,MST9,1440,0.17108899354934692,0.001,0.0006944444444444445,,,,
kk,lvface_l,112,1024,jpeg_fzt,skin_tone,__overall__,84855,0.17108899354934692,0.001,0.0010017087973602026,0.0,0.0010732492621411322,0.10732492621411323,6.0
kk,lvface_l,112,1024,jpeg_fzt,gender,F,94936,0.17707644402980804,0.001,0.0012534760259543271,,,,
kk,lvface_l,112,1024,jpeg_fzt,gender,M,56171,0.17707644402980804,0.001,0.0005874917662138826,,,,
kk,lvface_l,112,1024,jpeg_fzt,gender,__overall__,151107,0.17707644402980804,0.001,0.0010059097196026656,0.0005874917662138826,0.0012534760259543271,0.06659842597404446,2.0
kk,lvface_l,112,1024,jpeg_fzt,age,26-35,50332,0.17375478148460388,0.001,0.000675514583167766,,,,
kk,lvface_l,112,1024,jpeg_fzt,age,36-50,6062,0.17375478148460388,0.001,0.0004948861761794787,,,,
kk,lvface_l,112,1024,jpeg_fzt,age,<=25,54517,0.17375478148460388,0.001,0.001357374763835134,,,,
kk,lvface_l,112,1024,jpeg_fzt,age,__overall__,110911,0.17375478148460388,0.001,0.001000802445203812,0.0004948861761794787,0.001357374763835134,0.08624885876556553,3.0
kk,lvface_l,112,512,jpeg_fzt,skin_tone,MST10,413,0.1370098888874054,0.01,0.009685230024213076,,,,
kk,lvface_l,112,512,jpeg_fzt,skin_tone,MST5,3727,0.1370098888874054,0.01,0.011000804936946607,,,,
kk,lvface_l,112,512,jpeg_fzt,skin_tone,MST6,55963,0.1370098888874054,0.01,0.010381859442846166,,,,
kk,lvface_l,112,512,jpeg_fzt,skin_tone,MST7,23038,0.1370098888874054,0.01,0.008637902595711433,,,,
kk,lvface_l,112,512,jpeg_fzt,skin_tone,MST8,274,0.1370098888874054,0.01,0.0036496350364963502,,,,
kk,lvface_l,112,512,jpeg_fzt,skin_tone,MST9,1440,0.1370098888874054,0.01,0.01597222222222222,,,,
kk,lvface_l,112,512,jpeg_fzt,skin_tone,__overall__,84855,0.1370098888874054,0.01,0.010005303164221319,0.0036496350364963502,0.01597222222222222,1.232258718572587,6.0
kk,lvface_l,112,512,jpeg_fzt,gender,F,94936,0.14435917139053345,0.01,0.011586753181090419,,,,
kk,lvface_l,112,512,jpeg_fzt,gender,M,56171,0.14435917139053345,0.01,0.007334745687276352,,,,
kk,lvface_l,112,512,jpeg_fzt,gender,__overall__,151107,0.14435917139053345,0.01,0.010006154579205463,0.007334745687276352,0.011586753181090419,0.4252007493814066,2.0
kk,lvface_l,112,512,jpeg_fzt,age,26-35,50332,0.1418970227241516,0.01,0.006099499324485417,,,,
kk,lvface_l,112,512,jpeg_fzt,age,36-50,6062,0.1418970227241516,0.01,0.007753216760145167,,,,
kk,lvface_l,112,512,jpeg_fzt,age,<=25,54517,0.1418970227241516,0.01,0.013867234073775154,,,,
kk,lvface_l,112,512,jpeg_fzt,age,__overall__,110911,0.1418970227241516,0.01,0.010008024452038121,0.006099499324485417,0.013867234073775154,0.7767734749289736,3.0
kk,lvface_l,112,512,jpeg_fzt,skin_tone,MST10,413,0.192360520362854,0.001,0.0,,,,
kk,lvface_l,112,512,jpeg_fzt,skin_tone,MST5,3727,0.192360520362854,0.001,0.0008049369466058492,,,,
kk,lvface_l,112,512,jpeg_fzt,skin_tone,MST6,55963,0.192360520362854,0.001,0.0011614816932616194,,,,
kk,lvface_l,112,512,jpeg_fzt,skin_tone,MST7,23038,0.192360520362854,0.001,0.0006510981856063894,,,,
kk,lvface_l,112,512,jpeg_fzt,skin_tone,MST8,274,0.192360520362854,0.001,0.0,,,,
kk,lvface_l,112,512,jpeg_fzt,skin_tone,MST9,1440,0.192360520362854,0.001,0.001388888888888889,,,,
kk,lvface_l,112,512,jpeg_fzt,skin_tone,__overall__,84855,0.192360520362854,0.001,0.0010017087973602026,0.0,0.001388888888888889,0.1388888888888889,6.0
kk,lvface_l,112,512,jpeg_fzt,gender,F,94936,0.20433549582958221,0.001,0.0013482767337996125,,,,
kk,lvface_l,112,512,jpeg_fzt,gender,M,56171,0.20433549582958221,0.001,0.0004272667390646419,,,,
kk,lvface_l,112,512,jpeg_fzt,gender,__overall__,151107,0.20433549582958221,0.001,0.0010059097196026656,0.0004272667390646419,0.0013482767337996125,0.09210099947349706,2.0
kk,lvface_l,112,512,jpeg_fzt,age,26-35,50332,0.20202365517616272,0.001,0.0002582849876817929,,,,
kk,lvface_l,112,512,jpeg_fzt,age,36-50,6062,0.20202365517616272,0.001,0.0009897723523589574,,,,
kk,lvface_l,112,512,jpeg_fzt,age,<=25,54517,0.20202365517616272,0.001,0.0016875470036869233,,,,
kk,lvface_l,112,512,jpeg_fzt,age,__overall__,110911,0.20202365517616272,0.001,0.001000802445203812,0.0002582849876817929,0.0016875470036869233,0.14292620160051306,3.0
kk,lvface_l,112,1024,jpeg_xl,skin_tone,MST10,413,0.13080424070358276,0.01,0.004842615012106538,,,,
kk,lvface_l,112,1024,jpeg_xl,skin_tone,MST5,3727,0.13080424070358276,0.01,0.011805741883552455,,,,
kk,lvface_l,112,1024,jpeg_xl,skin_tone,MST6,55963,0.13080424070358276,0.01,0.010024480460304129,,,,
kk,lvface_l,112,1024,jpeg_xl,skin_tone,MST7,23038,0.13080424070358276,0.01,0.009592846601267472,,,,
kk,lvface_l,112,1024,jpeg_xl,skin_tone,MST8,274,0.13080424070358276,0.01,0.010948905109489052,,,,
kk,lvface_l,112,1024,jpeg_xl,skin_tone,MST9,1440,0.13080424070358276,0.01,0.0125,,,,
kk,lvface_l,112,1024,jpeg_xl,skin_tone,__overall__,84855,0.13080424070358276,0.01,0.010005303164221319,0.004842615012106538,0.0125,0.7657384987893463,6.0
kk,lvface_l,112,1024,jpeg_xl,gender,F,94936,0.13354215025901794,0.01,0.011007415522035898,,,,
kk,lvface_l,112,1024,jpeg_xl,gender,M,56171,0.13354215025901794,0.01,0.008313898630966156,,,,
kk,lvface_l,112,1024,jpeg_xl,gender,__overall__,151107,0.13354215025901794,0.01,0.010006154579205463,0.008313898630966156,0.011007415522035898,0.2693516891069742,2.0
kk,lvface_l,112,1024,jpeg_xl,age,26-35,50332,0.13142390549182892,0.01,0.007947230390209012,,,,
kk,lvface_l,112,1024,jpeg_xl,age,36-50,6062,0.13142390549182892,0.01,0.012537116463213462,,,,
kk,lvface_l,112,1024,jpeg_xl,age,<=25,54517,0.13142390549182892,0.01,0.011629400003668581,,,,
kk,lvface_l,112,1024,jpeg_xl,age,__overall__,110911,0.13142390549182892,0.01,0.010008024452038121,0.007947230390209012,0.012537116463213462,0.45898860730044494,3.0
kk,lvface_l,112,1024,jpeg_xl,skin_tone,MST10,413,0.1757255345582962,0.001,0.0,,,,
kk,lvface_l,112,1024,jpeg_xl,skin_tone,MST5,3727,0.1757255345582962,0.001,0.0010732492621411322,,,,
kk,lvface_l,112,1024,jpeg_xl,skin_tone,MST6,55963,0.1757255345582962,0.001,0.0010185301002448046,,,,
kk,lvface_l,112,1024,jpeg_xl,skin_tone,MST7,23038,0.1757255345582962,0.001,0.0009549440055560378,,,,
kk,lvface_l,112,1024,jpeg_xl,skin_tone,MST8,274,0.1757255345582962,0.001,0.0,,,,
kk,lvface_l,112,1024,jpeg_xl,skin_tone,MST9,1440,0.1757255345582962,0.001,0.001388888888888889,,,,
kk,lvface_l,112,1024,jpeg_xl,skin_tone,__overall__,84855,0.1757255345582962,0.001,0.0010017087973602026,0.0,0.001388888888888889,0.1388888888888889,6.0
kk,lvface_l,112,1024,jpeg_xl,gender,F,94936,0.17950809001922607,0.001,0.0012324092019887082,,,,
kk,lvface_l,112,1024,jpeg_xl,gender,M,56171,0.17950809001922607,0.001,0.0006230973278026027,,,,
kk,lvface_l,112,1024,jpeg_xl,gender,__overall__,151107,0.17950809001922607,0.001,0.0010059097196026656,0.0006230973278026027,0.0012324092019887082,0.06093118741861054,2.0
kk,lvface_l,112,1024,jpeg_xl,age,26-35,50332,0.17598523199558258,0.001,0.000635778431216721,,,,
kk,lvface_l,112,1024,jpeg_xl,age,36-50,6062,0.17598523199558258,0.001,0.0008248102936324645,,,,
kk,lvface_l,112,1024,jpeg_xl,age,<=25,54517,0.17598523199558258,0.001,0.001357374763835134,,,,
kk,lvface_l,112,1024,jpeg_xl,age,__overall__,110911,0.17598523199558258,0.001,0.001000802445203812,0.000635778431216721,0.001357374763835134,0.0721596332618413,3.0
kk,lvface_l,112,512,jpeg_xl,skin_tone,MST10,413,,0.01,0.0,,,,
kk,lvface_l,112,512,jpeg_xl,skin_tone,MST5,3727,,0.01,0.0,,,,
kk,lvface_l,112,512,jpeg_xl,skin_tone,MST6,55963,,0.01,0.0,,,,
kk,lvface_l,112,512,jpeg_xl,skin_tone,MST7,23038,,0.01,0.0,,,,
kk,lvface_l,112,512,jpeg_xl,skin_tone,MST8,274,,0.01,0.0,,,,
kk,lvface_l,112,512,jpeg_xl,skin_tone,MST9,1440,,0.01,0.0,,,,
kk,lvface_l,112,512,jpeg_xl,skin_tone,__overall__,84855,,0.01,0.0,0.0,0.0,0.0,6.0
kk,lvface_l,112,512,jpeg_xl,gender,F,94936,,0.01,0.0,,,,
kk,lvface_l,112,512,jpeg_xl,gender,M,56171,,0.01,0.0,,,,
kk,lvface_l,112,512,jpeg_xl,gender,__overall__,151107,,0.01,0.0,0.0,0.0,0.0,2.0
kk,lvface_l,112,512,jpeg_xl,age,26-35,50332,,0.01,0.0,,,,
kk,lvface_l,112,512,jpeg_xl,age,36-50,6062,,0.01,0.0,,,,
kk,lvface_l,112,512,jpeg_xl,age,<=25,54517,,0.01,0.0,,,,
kk,lvface_l,112,512,jpeg_xl,age,__overall__,110911,,0.01,0.0,0.0,0.0,0.0,3.0
kk,lvface_l,112,512,jpeg_xl,skin_tone,MST10,413,,0.001,0.0,,,,
kk,lvface_l,112,512,jpeg_xl,skin_tone,MST5,3727,,0.001,0.0,,,,
kk,lvface_l,112,512,jpeg_xl,skin_tone,MST6,55963,,0.001,0.0,,,,
kk,lvface_l,112,512,jpeg_xl,skin_tone,MST7,23038,,0.001,0.0,,,,
kk,lvface_l,112,512,jpeg_xl,skin_tone,MST8,274,,0.001,0.0,,,,
kk,lvface_l,112,512,jpeg_xl,skin_tone,MST9,1440,,0.001,0.0,,,,
kk,lvface_l,112,512,jpeg_xl,skin_tone,__overall__,84855,,0.001,0.0,0.0,0.0,0.0,6.0
kk,lvface_l,112,512,jpeg_xl,gender,F,94936,,0.001,0.0,,,,
kk,lvface_l,112,512,jpeg_xl,gender,M,56171,,0.001,0.0,,,,
kk,lvface_l,112,512,jpeg_xl,gender,__overall__,151107,,0.001,0.0,0.0,0.0,0.0,2.0
kk,lvface_l,112,512,jpeg_xl,age,26-35,50332,,0.001,0.0,,,,
kk,lvface_l,112,512,jpeg_xl,age,36-50,6062,,0.001,0.0,,,,
kk,lvface_l,112,512,jpeg_xl,age,<=25,54517,,0.001,0.0,,,,
kk,lvface_l,112,512,jpeg_xl,age,__overall__,110911,,0.001,0.0,0.0,0.0,0.0,3.0
kk,lvface_l,112,1024,ours_accurate,skin_tone,MST10,413,0.13347747921943665,0.01,0.004842615012106538,,,,
kk,lvface_l,112,1024,ours_accurate,skin_tone,MST5,3727,0.13347747921943665,0.01,0.01663536356318755,,,,
kk,lvface_l,112,1024,ours_accurate,skin_tone,MST6,55963,0.13347747921943665,0.01,0.009113164054821935,,,,
kk,lvface_l,112,1024,ours_accurate,skin_tone,MST7,23038,0.13347747921943665,0.01,0.011242295338136992,,,,
kk,lvface_l,112,1024,ours_accurate,skin_tone,MST8,274,0.13347747921943665,0.01,0.0364963503649635,,,,
kk,lvface_l,112,1024,ours_accurate,skin_tone,MST9,1440,0.13347747921943665,0.01,0.004166666666666667,,,,
kk,lvface_l,112,1024,ours_accurate,skin_tone,__overall__,84855,0.13347747921943665,0.01,0.010005303164221319,0.004166666666666667,0.0364963503649635,3.2329683698296834,6.0
kk,lvface_l,112,1024,ours_accurate,gender,F,94936,0.13605950772762299,0.01,0.010807280694362518,,,,
kk,lvface_l,112,1024,ours_accurate,gender,M,56171,0.13605950772762299,0.01,0.008652151466058999,,,,
kk,lvface_l,112,1024,ours_accurate,gender,__overall__,151107,0.13605950772762299,0.01,0.010006154579205463,0.008652151466058999,0.010807280694362518,0.2155129228303519,2.0
kk,lvface_l,112,1024,ours_accurate,age,26-35,50332,0.13377465307712555,0.01,0.007828021934355877,,,,
kk,lvface_l,112,1024,ours_accurate,age,36-50,6062,0.13377465307712555,0.01,0.017156054107555264,,,,
kk,lvface_l,112,1024,ours_accurate,age,<=25,54517,0.13377465307712555,0.01,0.011225856154960839,,,,
kk,lvface_l,112,1024,ours_accurate,age,__overall__,110911,0.13377465307712555,0.01,0.010008024452038121,0.007828021934355877,0.017156054107555264,0.9328032173199388,3.0
kk,lvface_l,112,1024,ours_accurate,skin_tone,MST10,413,0.1796623021364212,0.001,0.0,,,,
kk,lvface_l,112,1024,ours_accurate,skin_tone,MST5,3727,0.1796623021364212,0.001,0.0013415615776764154,,,,
kk,lvface_l,112,1024,ours_accurate,skin_tone,MST6,55963,0.1796623021364212,0.001,0.0009649232528634991,,,,
kk,lvface_l,112,1024,ours_accurate,skin_tone,MST7,23038,0.1796623021364212,0.001,0.0010851636426773158,,,,
kk,lvface_l,112,1024,ours_accurate,skin_tone,MST8,274,0.1796623021364212,0.001,0.0,,,,
kk,lvface_l,112,1024,ours_accurate,skin_tone,MST9,1440,0.1796623021364212,0.001,0.0006944444444444445,,,,
kk,lvface_l,112,1024,ours_accurate,skin_tone,__overall__,84855,0.1796623021364212,0.001,0.0010017087973602026,0.0,0.0013415615776764154,0.13415615776764153,6.0
kk,lvface_l,112,1024,ours_accurate,gender,F,94936,0.18209023773670197,0.001,0.0011692087300918513,,,,
kk,lvface_l,112,1024,ours_accurate,gender,M,56171,0.18209023773670197,0.001,0.0007299140125687632,,,,
kk,lvface_l,112,1024,ours_accurate,gender,__overall__,151107,0.18209023773670197,0.001,0.0010059097196026656,0.0007299140125687632,0.0011692087300918513,0.0439294717523088,2.0
kk,lvface_l,112,1024,ours_accurate,age,26-35,50332,0.17945963144302368,0.001,0.0008344591909719462,,,,
kk,lvface_l,112,1024,ours_accurate,age,36-50,6062,0.17945963144302368,0.001,0.0013196964698119432,,,,
kk,lvface_l,112,1024,ours_accurate,age,<=25,54517,0.17945963144302368,0.001,0.001118917035053286,,,,
kk,lvface_l,112,1024,ours_accurate,age,__overall__,110911,0.17945963144302368,0.001,0.001000802445203812,0.0008344591909719462,0.0013196964698119432,0.0485237278839997,3.0
kk,lvface_l,112,512,ours_accurate,skin_tone,MST10,413,0.1277601420879364,0.01,0.0,,,,
kk,lvface_l,112,512,ours_accurate,skin_tone,MST5,3727,0.1277601420879364,0.01,0.012878991145693587,,,,
kk,lvface_l,112,512,ours_accurate,skin_tone,MST6,55963,0.1277601420879364,0.01,0.009506280935618176,,,,
kk,lvface_l,112,512,ours_accurate,skin_tone,MST7,23038,0.1277601420879364,0.01,0.010938449518187343,,,,
kk,lvface_l,112,512,ours_accurate,skin_tone,MST8,274,0.1277601420879364,0.01,0.021897810218978103,,,,
kk,lvface_l,112,512,ours_accurate,skin_tone,MST9,1440,0.1277601420879364,0.01,0.007638888888888889,,,,
kk,lvface_l,112,512,ours_accurate,skin_tone,__overall__,84855,0.1277601420879364,0.01,0.010005303164221319,0.0,0.021897810218978103,2.18978102189781,6.0
kk,lvface_l,112,512,ours_accurate,gender,F,94936,0.1312294900417328,0.01,0.01094421505013904,,,,
kk,lvface_l,112,512,ours_accurate,gender,M,56171,0.1312294900417328,0.01,0.008420715315732318,,,,
kk,lvface_l,112,512,ours_accurate,gender,__overall__,151107,0.1312294900417328,0.01,0.010006154579205463,0.008420715315732318,0.01094421505013904,0.25234997344067234,2.0
kk,lvface_l,112,512,ours_accurate,age,26-35,50332,0.12864083051681519,0.01,0.0074703965667964715,,,,
kk,lvface_l,112,512,ours_accurate,age,36-50,6062,0.12864083051681519,0.01,0.014681623226657869,,,,
kk,lvface_l,112,512,ours_accurate,age,<=25,54517,0.12864083051681519,0.01,0.011831171928022452,,,,
kk,lvface_l,112,512,ours_accurate,age,__overall__,110911,0.12864083051681519,0.01,0.010008024452038121,0.0074703965667964715,0.014681623226657869,0.7211226659861397,3.0
kk,lvface_l,112,512,ours_accurate,skin_tone,MST10,413,0.1719568818807602,0.001,0.0,,,,
kk,lvface_l,112,512,ours_accurate,skin_tone,MST5,3727,0.1719568818807602,0.001,0.0005366246310705661,,,,
kk,lvface_l,112,512,ours_accurate,skin_tone,MST6,55963,0.1719568818807602,0.001,0.0010363990493719064,,,,
kk,lvface_l,112,512,ours_accurate,skin_tone,MST7,23038,0.1719568818807602,0.001,0.0009983505512631305,,,,
kk,lvface_l,112,512,ours_accurate,skin_tone,MST8,274,0.1719568818807602,0.001,0.0036496350364963502,,,,
kk,lvface_l,112,512,ours_accurate,skin_tone,MST9,1440,0.1719568818807602,0.001,0.0006944444444444445,,,,
kk,lvface_l,112,512,ours_accurate,skin_tone,__overall__,84855,0.1719568818807602,0.001,0.0010017087973602026,0.0,0.0036496350364963502,0.36496350364963503,6.0
kk,lvface_l,112,512,ours_accurate,gender,F,94936,0.17500853538513184,0.001,0.0012429426139715176,,,,
kk,lvface_l,112,512,ours_accurate,gender,M,56171,0.17500853538513184,0.001,0.0006052945470082427,,,,
kk,lvface_l,112,512,ours_accurate,gender,__overall__,151107,0.17500853538513184,0.001,0.0010059097196026656,0.0006052945470082427,0.0012429426139715176,0.0637648066963275,2.0
kk,lvface_l,112,512,ours_accurate,age,26-35,50332,0.17101676762104034,0.001,0.000675514583167766,,,,
kk,lvface_l,112,512,ours_accurate,age,36-50,6062,0.17101676762104034,0.001,0.0013196964698119432,,,,
kk,lvface_l,112,512,ours_accurate,age,<=25,54517,0.17101676762104034,0.001,0.0012656602527651925,,,,
kk,lvface_l,112,512,ours_accurate,age,__overall__,110911,0.17101676762104034,0.001,0.001000802445203812,0.000675514583167766,0.0013196964698119432,0.06441818866441772,3.0
kk,lvface_l,112,1024,ours_fast,skin_tone,MST10,413,0.12789857387542725,0.01,0.004842615012106538,,,,
kk,lvface_l,112,1024,ours_fast,skin_tone,MST5,3727,0.12789857387542725,0.01,0.015025489669975852,,,,
kk,lvface_l,112,1024,ours_fast,skin_tone,MST6,55963,0.12789857387542725,0.01,0.009702839376016296,,,,
kk,lvface_l,112,1024,ours_fast,skin_tone,MST7,23038,0.12789857387542725,0.01,0.010157131695459676,,,,
kk,lvface_l,112,1024,ours_fast,skin_tone,MST8,274,0.12789857387542725,0.01,0.010948905109489052,,,,
kk,lvface_l,112,1024,ours_fast,skin_tone,MST9,1440,0.12789857387542725,0.01,0.007638888888888889,,,,
kk,lvface_l,112,1024,ours_fast,skin_tone,__overall__,84855,0.12789857387542725,0.01,0.010005303164221319,0.004842615012106538,0.015025489669975852,1.0182874657869314,6.0
kk,lvface_l,112,1024,ours_fast,gender,F,94936,0.13242897391319275,0.01,0.011070615993932754,,,,
kk,lvface_l,112,1024,ours_fast,gender,M,56171,0.13242897391319275,0.01,0.008207081946199997,,,,
kk,lvface_l,112,1024,ours_fast,gender,__overall__,151107,0.13242897391319275,0.01,0.010006154579205463,0.008207081946199997,0.011070615993932754,0.2863534047732758,2.0
kk,lvface_l,112,1024,ours_fast,age,26-35,50332,0.13072235882282257,0.01,0.007808153858380355,,,,
kk,lvface_l,112,1024,ours_fast,age,36-50,6062,0.13072235882282257,0.01,0.013856812933025405,,,,
kk,lvface_l,112,1024,ours_fast,age,<=25,54517,0.13072235882282257,0.01,0.011611057101454592,,,,
kk,lvface_l,112,1024,ours_fast,age,__overall__,110911,0.13072235882282257,0.01,0.010008024452038121,0.007808153858380355,0.013856812933025405,0.604865907464505,3.0
kk,lvface_l,112,1024,ours_fast,skin_tone,MST10,413,0.17447017133235931,0.001,0.0,,,,
kk,lvface_l,112,1024,ours_fast,skin_tone,MST5,3727,0.17447017133235931,0.001,0.0021464985242822645,,,,
kk,lvface_l,112,1024,ours_fast,skin_tone,MST6,55963,0.17447017133235931,0.001,0.0010363990493719064,,,,
kk,lvface_l,112,1024,ours_fast,skin_tone,MST7,23038,0.17447017133235931,0.001,0.0007813178227276674,,,,
kk,lvface_l,112,1024,ours_fast,skin_tone,MST8,274,0.17447017133235931,0.001,0.0,,,,
kk,lvface_l,112,1024,ours_fast,skin_tone,MST9,1440,0.17447017133235931,0.001,0.0006944444444444445,,,,
kk,lvface_l,112,1024,ours_fast,skin_tone,__overall__,84855,0.17447017133235931,0.001,0.0010017087973602026,0.0,0.0021464985242822645,0.21464985242822646,6.0
kk,lvface_l,112,1024,ours_fast,gender,F,94936,0.18226446211338043,0.001,0.001274542849919946,,,,
kk,lvface_l,112,1024,ours_fast,gender,M,56171,0.18226446211338043,0.001,0.0005518862046251624,,,,
kk,lvface_l,112,1024,ours_fast,gender,__overall__,151107,0.18226446211338043,0.001,0.0010059097196026656,0.0005518862046251624,0.001274542849919946,0.07226566452947837,2.0
kk,lvface_l,112,1024,ours_fast,age,26-35,50332,0.17936734855175018,0.001,0.0005761742032901534,,,,
kk,lvface_l,112,1024,ours_fast,age,36-50,6062,0.17936734855175018,0.001,0.0004948861761794787,,,,
kk,lvface_l,112,1024,ours_fast,age,<=25,54517,0.17936734855175018,0.001,0.0014490892749050755,,,,
kk,lvface_l,112,1024,ours_fast,age,__overall__,110911,0.17936734855175018,0.001,0.001000802445203812,0.0004948861761794787,0.0014490892749050755,0.09542030987255967,3.0
kk,lvface_l,112,512,ours_fast,skin_tone,MST10,413,0.1293964385986328,0.01,0.0,,,,
kk,lvface_l,112,512,ours_fast,skin_tone,MST5,3727,0.1293964385986328,0.01,0.01046418030587604,,,,
kk,lvface_l,112,512,ours_fast,skin_tone,MST6,55963,0.1293964385986328,0.01,0.010882190018405017,,,,
kk,lvface_l,112,512,ours_fast,skin_tone,MST7,23038,0.1293964385986328,0.01,0.007509332407327025,,,,
kk,lvface_l,112,512,ours_fast,skin_tone,MST8,274,0.1293964385986328,0.01,0.01824817518248175,,,,
kk,lvface_l,112,512,ours_fast,skin_tone,MST9,1440,0.1293964385986328,0.01,0.01597222222222222,,,,
kk,lvface_l,112,512,ours_fast,skin_tone,__overall__,84855,0.1293964385986328,0.01,0.010005303164221319,0.0,0.01824817518248175,1.824817518248175,6.0
kk,lvface_l,112,512,ours_fast,gender,F,94936,0.13579922914505005,0.01,0.011239150585657706,,,,
kk,lvface_l,112,512,ours_fast,gender,M,56171,0.13579922914505005,0.01,0.007922237453490235,,,,
kk,lvface_l,112,512,ours_fast,gender,__overall__,151107,0.13579922914505005,0.01,0.010006154579205463,0.007922237453490235,0.011239150585657706,0.3316913132167471,2.0
kk,lvface_l,112,512,ours_fast,age,26-35,50332,0.13238275051116943,0.01,0.006953826591432886,,,,
kk,lvface_l,112,512,ours_fast,age,36-50,6062,0.13238275051116943,0.01,0.013196964698119432,,,,
kk,lvface_l,112,512,ours_fast,age,<=25,54517,0.13238275051116943,0.01,0.012473173505512043,,,,
kk,lvface_l,112,512,ours_fast,age,__overall__,110911,0.13238275051116943,0.01,0.010008024452038121,0.006953826591432886,0.013196964698119432,0.6243138106686547,3.0
kk,lvface_l,112,512,ours_fast,skin_tone,MST10,413,0.17901524901390076,0.001,0.0,,,,
kk,lvface_l,112,512,ours_fast,skin_tone,MST5,3727,0.17901524901390076,0.001,0.0008049369466058492,,,,
kk,lvface_l,112,512,ours_fast,skin_tone,MST6,55963,0.17901524901390076,0.001,0.0012508264388971285,,,,
kk,lvface_l,112,512,ours_fast,skin_tone,MST7,23038,0.17901524901390076,0.001,0.0004774720027780189,,,,
kk,lvface_l,112,512,ours_fast,skin_tone,MST8,274,0.17901524901390076,0.001,0.0,,,,
kk,lvface_l,112,512,ours_fast,skin_tone,MST9,1440,0.17901524901390076,0.001,0.0006944444444444445,,,,
kk,lvface_l,112,512,ours_fast,skin_tone,__overall__,84855,0.17901524901390076,0.001,0.0010017087973602026,0.0,0.0012508264388971285,0.12508264388971285,6.0
kk,lvface_l,112,512,ours_fast,gender,F,94936,0.1863173395395279,0.001,0.0012640094379371366,,,,
kk,lvface_l,112,512,ours_fast,gender,M,56171,0.1863173395395279,0.001,0.0005696889854195225,,,,
kk,lvface_l,112,512,ours_fast,gender,__overall__,151107,0.1863173395395279,0.001,0.0010059097196026656,0.0005696889854195225,0.0012640094379371366,0.06943204525176142,2.0
kk,lvface_l,112,512,ours_fast,age,26-35,50332,0.184031680226326,0.001,0.00047683382341254075,,,,
kk,lvface_l,112,512,ours_fast,age,36-50,6062,0.184031680226326,0.001,0.0011547344110854503,,,,
kk,lvface_l,112,512,ours_fast,age,<=25,54517,0.184031680226326,0.001,0.0014674321771190638,,,,
kk,lvface_l,112,512,ours_fast,age,__overall__,110911,0.184031680226326,0.001,0.001000802445203812,0.00047683382341254075,0.0014674321771190638,0.09905983537065231,3.0
kk,lvface_l,112,1024,webp,skin_tone,MST10,413,0.13480497896671295,0.01,0.0,,,,
kk,lvface_l,112,1024,webp,skin_tone,MST5,3727,0.13480497896671295,0.01,0.0158304266165817,,,,
kk,lvface_l,112,1024,webp,skin_tone,MST6,55963,0.13480497896671295,0.01,0.009506280935618176,,,,
kk,lvface_l,112,1024,webp,skin_tone,MST7,23038,0.13480497896671295,0.01,0.01054779060682351,,,,
kk,lvface_l,112,1024,webp,skin_tone,MST8,274,0.13480497896671295,0.01,0.014598540145985401,,,,
kk,lvface_l,112,1024,webp,skin_tone,MST9,1440,0.13480497896671295,0.01,0.007638888888888889,,,,
kk,lvface_l,112,1024,webp,skin_tone,__overall__,84855,0.13480497896671295,0.01,0.010005303164221319,0.0,0.0158304266165817,1.58304266165817,6.0
kk,lvface_l,112,1024,webp,gender,F,94936,0.13760201632976532,0.01,0.010249009859273616,,,,
kk,lvface_l,112,1024,webp,gender,M,56171,0.13760201632976532,0.01,0.009595698848160082,,,,
kk,lvface_l,112,1024,webp,gender,__overall__,151107,0.13760201632976532,0.01,0.010006154579205463,0.009595698848160082,0.010249009859273616,0.06533110111135339,2.0
kk,lvface_l,112,1024,webp,age,26-35,50332,0.13607914745807648,0.01,0.008324723833743941,,,,
kk,lvface_l,112,1024,webp,age,36-50,6062,0.13607914745807648,0.01,0.017321016166281754,,,,
kk,lvface_l,112,1024,webp,age,<=25,54517,0.13607914745807648,0.01,0.010748940697397142,,,,
kk,lvface_l,112,1024,webp,age,__overall__,110911,0.13607914745807648,0.01,0.010008024452038121,0.008324723833743941,0.017321016166281754,0.8996292332537813,3.0
kk,lvface_l,112,1024,webp,skin_tone,MST10,413,0.17709660530090332,0.001,0.0,,,,
kk,lvface_l,112,1024,webp,skin_tone,MST5,3727,0.17709660530090332,0.001,0.0010732492621411322,,,,
kk,lvface_l,112,1024,webp,skin_tone,MST6,55963,0.17709660530090332,0.001,0.0010363990493719064,,,,
kk,lvface_l,112,1024,webp,skin_tone,MST7,23038,0.17709660530090332,0.001,0.0009983505512631305,,,,
kk,lvface_l,112,1024,webp,skin_tone,MST8,274,0.17709660530090332,0.001,0.0,,,,
kk,lvface_l,112,1024,webp,skin_tone,MST9,1440,0.17709660530090332,0.001,0.0,,,,
kk,lvface_l,112,1024,webp,skin_tone,__overall__,84855,0.17709660530090332,0.001,0.0010017087973602026,0.0,0.0010732492621411322,0.10732492621411323,6.0
kk,lvface_l,112,1024,webp,gender,F,94936,0.1865394413471222,0.001,0.001137608494143423,,,,
kk,lvface_l,112,1024,webp,gender,M,56171,0.1865394413471222,0.001,0.0007833223549518434,,,,
kk,lvface_l,112,1024,webp,gender,__overall__,151107,0.1865394413471222,0.001,0.0010059097196026656,0.0007833223549518434,0.001137608494143423,0.035428613919157956,2.0
kk,lvface_l,112,1024,webp,age,26-35,50332,0.18439581990242004,0.001,0.0007549868870698562,,,,
kk,lvface_l,112,1024,webp,age,36-50,6062,0.18439581990242004,0.001,0.001649620587264929,,,,
kk,lvface_l,112,1024,webp,age,<=25,54517,0.18439581990242004,0.001,0.0011556028394812626,,,,
kk,lvface_l,112,1024,webp,age,__overall__,110911,0.18439581990242004,0.001,0.001000802445203812,0.0007549868870698562,0.001649620587264929,0.08946337001950729,3.0
kk,lvface_l,112,512,webp,skin_tone,MST10,413,0.13171528279781342,0.01,0.004842615012106538,,,,
kk,lvface_l,112,512,webp,skin_tone,MST5,3727,0.13171528279781342,0.01,0.011000804936946607,,,,
kk,lvface_l,112,512,webp,skin_tone,MST6,55963,0.13171528279781342,0.01,0.010667762628879796,,,,
kk,lvface_l,112,512,webp,skin_tone,MST7,23038,0.13171528279781342,0.01,0.007509332407327025,,,,
kk,lvface_l,112,512,webp,skin_tone,MST8,274,0.13171528279781342,0.01,0.014598540145985401,,,,
kk,lvface_l,112,512,webp,skin_tone,MST9,1440,0.13171528279781342,0.01,0.022222222222222223,,,,
kk,lvface_l,112,512,webp,skin_tone,__overall__,84855,0.13171528279781342,0.01,0.010005303164221319,0.004842615012106538,0.022222222222222223,1.7379607210115686,6.0
kk,lvface_l,112,512,webp,gender,F,94936,0.13832399249076843,0.01,0.011460352237296705,,,,
kk,lvface_l,112,512,webp,gender,M,56171,0.13832399249076843,0.01,0.007548379056808673,,,,
kk,lvface_l,112,512,webp,gender,__overall__,151107,0.13832399249076843,0.01,0.010006154579205463,0.007548379056808673,0.011460352237296705,0.39119731804880314,2.0
kk,lvface_l,112,512,webp,age,26-35,50332,0.13646569848060608,0.01,0.007013430819359453,,,,
kk,lvface_l,112,512,webp,age,36-50,6062,0.13646569848060608,0.01,0.0074232926426921805,,,,
kk,lvface_l,112,512,webp,age,<=25,54517,0.13646569848060608,0.01,0.013060146376359667,,,,
kk,lvface_l,112,512,webp,age,__overall__,110911,0.13646569848060608,0.01,0.010008024452038121,0.007013430819359453,0.013060146376359667,0.6046715557000214,3.0
kk,lvface_l,112,512,webp,skin_tone,MST10,413,0.17718106508255005,0.001,0.0,,,,
kk,lvface_l,112,512,webp,skin_tone,MST5,3727,0.17718106508255005,0.001,0.0013415615776764154,,,,
kk,lvface_l,112,512,webp,skin_tone,MST6,55963,0.17718106508255005,0.001,0.0012508264388971285,,,,
kk,lvface_l,112,512,webp,skin_tone,MST7,23038,0.17718106508255005,0.001,0.00026043927424255575,,,,
kk,lvface_l,112,512,webp,skin_tone,MST8,274,0.17718106508255005,0.001,0.0,,,,
kk,lvface_l,112,512,webp,skin_tone,MST9,1440,0.17718106508255005,0.001,0.002777777777777778,,,,
kk,lvface_l,112,512,webp,skin_tone,__overall__,84855,0.17718106508255005,0.001,0.0010017087973602026,0.0,0.002777777777777778,0.2777777777777778,6.0
kk,lvface_l,112,512,webp,gender,F,94936,0.19003453850746155,0.001,0.0012113423780230892,,,,
kk,lvface_l,112,512,webp,gender,M,56171,0.19003453850746155,0.001,0.0006587028893913229,,,,
kk,lvface_l,112,512,webp,gender,__overall__,151107,0.19003453850746155,0.001,0.0010059097196026656,0.0006587028893913229,0.0012113423780230892,0.05526394886317663,2.0
kk,lvface_l,112,512,webp,age,26-35,50332,0.18814843893051147,0.001,0.0006159103552411984,,,,
kk,lvface_l,112,512,webp,age,36-50,6062,0.18814843893051147,0.001,0.0003299241174529858,,,,
kk,lvface_l,112,512,webp,age,<=25,54517,0.18814843893051147,0.001,0.001430746372691087,,,,
kk,lvface_l,112,512,webp,age,__overall__,110911,0.18814843893051147,0.001,0.001000802445203812,0.0003299241174529858,0.001430746372691087,0.11008222552381013,3.0
kk,topofr_r100,112,0,aligned,skin_tone,MST10,413,0.17831338942050934,0.01,0.002421307506053269,,,,
kk,topofr_r100,112,0,aligned,skin_tone,MST5,3727,0.17831338942050934,0.01,0.01314730346122887,,,,
kk,topofr_r100,112,0,aligned,skin_tone,MST6,55963,0.17831338942050934,0.01,0.012615478083733896,,,,
kk,topofr_r100,112,0,aligned,skin_tone,MST7,23038,0.17831338942050934,0.01,0.0035593367479815957,,,,
kk,topofr_r100,112,0,aligned,skin_tone,MST8,274,0.17831338942050934,0.01,0.021897810218978103,,,,
kk,topofr_r100,112,0,aligned,skin_tone,MST9,1440,0.17831338942050934,0.01,0.003472222222222222,,,,
kk,topofr_r100,112,0,aligned,skin_tone,__overall__,84855,0.17831338942050934,0.01,0.010005303164221319,0.002421307506053269,0.021897810218978103,1.9476502712924832,6.0
kk,topofr_r100,112,0,aligned,gender,F,94936,0.18895110487937927,0.01,0.012703294851268223,,,,
kk,topofr_r100,112,0,aligned,gender,M,56171,0.18895110487937927,0.01,0.005447650923074184,,,,
kk,topofr_r100,112,0,aligned,gender,__overall__,151107,0.18895110487937927,0.01,0.010006154579205463,0.005447650923074184,0.012703294851268223,0.7255643928194039,2.0
kk,topofr_r100,112,0,aligned,age,26-35,50332,0.18789130449295044,0.01,0.005483588969244218,,,,
kk,topofr_r100,112,0,aligned,age,36-50,6062,0.18789130449295044,0.01,0.009732761464863082,,,,
kk,topofr_r100,112,0,aligned,age,<=25,54517,0.18789130449295044,0.01,0.01421574921584093,,,,
kk,topofr_r100,112,0,aligned,age,__overall__,110911,0.18789130449295044,0.01,0.010008024452038121,0.005483588969244218,0.01421574921584093,0.8732160246596711,3.0
kk,topofr_r100,112,0,aligned,skin_tone,MST10,413,0.24365071952342987,0.001,0.0,,,,
kk,topofr_r100,112,0,aligned,skin_tone,MST5,3727,0.24365071952342987,0.001,0.0016098738932116983,,,,
kk,topofr_r100,112,0,aligned,skin_tone,MST6,55963,0.24365071952342987,0.001,0.001304433286278434,,,,
kk,topofr_r100,112,0,aligned,skin_tone,MST7,23038,0.24365071952342987,0.001,0.00026043927424255575,,,,
kk,topofr_r100,112,0,aligned,skin_tone,MST8,274,0.24365071952342987,0.001,0.0,,,,
kk,topofr_r100,112,0,aligned,skin_tone,MST9,1440,0.24365071952342987,0.001,0.0,,,,
kk,topofr_r100,112,0,aligned,skin_tone,__overall__,84855,0.24365071952342987,0.001,0.0010017087973602026,0.0,0.0016098738932116983,0.16098738932116982,6.0
kk,topofr_r100,112,0,aligned,gender,F,94936,0.2607825994491577,0.001,0.001274542849919946,,,,
kk,topofr_r100,112,0,aligned,gender,M,56171,0.2607825994491577,0.001,0.0005518862046251624,,,,
kk,topofr_r100,112,0,aligned,gender,__overall__,151107,0.2607825994491577,0.001,0.0010059097196026656,0.0005518862046251624,0.001274542849919946,0.07226566452947837,2.0
kk,topofr_r100,112,0,aligned,age,26-35,50332,0.26391106843948364,0.001,0.0007947230390209012,,,,
kk,topofr_r100,112,0,aligned,age,36-50,6062,0.26391106843948364,0.001,0.0001649620587264929,,,,
kk,topofr_r100,112,0,aligned,age,<=25,54517,0.26391106843948364,0.001,0.0012840031549791809,,,,
kk,topofr_r100,112,0,aligned,age,__overall__,110911,0.26391106843948364,0.001,0.001000802445203812,0.0001649620587264929,0.0012840031549791809,0.1119041096252688,3.0
kk,topofr_r100,112,1024,avif,skin_tone,MST10,413,0.1698654741048813,0.01,0.009685230024213076,,,,
kk,topofr_r100,112,1024,avif,skin_tone,MST5,3727,0.1698654741048813,0.01,0.009927555674805473,,,,
kk,topofr_r100,112,1024,avif,skin_tone,MST6,55963,0.1698654741048813,0.01,0.01188285116952272,,,,
kk,topofr_r100,112,1024,avif,skin_tone,MST7,23038,0.1698654741048813,0.01,0.0053824116676794865,,,,
kk,topofr_r100,112,1024,avif,skin_tone,MST8,274,0.1698654741048813,0.01,0.032846715328467155,,,,
kk,topofr_r100,112,1024,avif,skin_tone,MST9,1440,0.1698654741048813,0.01,0.006944444444444444,,,,
kk,topofr_r100,112,1024,avif,skin_tone,__overall__,84855,0.1698654741048813,0.01,0.010005303164221319,0.0053824116676794865,0.032846715328467155,2.746430366078767,6.0
kk,topofr_r100,112,1024,avif,gender,F,94936,0.18349361419677734,0.01,0.011913288952557513,,,,
kk,topofr_r100,112,1024,avif,gender,M,56171,0.18349361419677734,0.01,0.00678285948265119,,,,
kk,topofr_r100,112,1024,avif,gender,__overall__,151107,0.18349361419677734,0.01,0.010006154579205463,0.00678285948265119,0.011913288952557513,0.5130429469906322,2.0
kk,topofr_r100,112,1024,avif,age,26-35,50332,0.1787390261888504,0.01,0.0063776523881427325,,,,
kk,topofr_r100,112,1024,avif,age,36-50,6062,0.1787390261888504,0.01,0.010887495875948531,,,,
kk,topofr_r100,112,1024,avif,age,<=25,54517,0.1787390261888504,0.01,0.013261918300713538,,,,
kk,topofr_r100,112,1024,avif,age,__overall__,110911,0.1787390261888504,0.01,0.010008024452038121,0.0063776523881427325,0.013261918300713538,0.6884265912570806,3.0
kk,topofr_r100,112,1024,avif,skin_tone,MST10,413,0.24824996292591095,0.001,0.0,,,,
kk,topofr_r100,112,1024,avif,skin_tone,MST5,3727,0.24824996292591095,0.001,0.0008049369466058492,,,,
kk,topofr_r100,112,1024,avif,skin_tone,MST6,55963,0.24824996292591095,0.001,0.0013401711845326377,,,,
kk,topofr_r100,112,1024,avif,skin_tone,MST7,23038,0.24824996292591095,0.001,0.00026043927424255575,,,,
kk,topofr_r100,112,1024,avif,skin_tone,MST8,274,0.24824996292591095,0.001,0.0,,,,
kk,topofr_r100,112,1024,avif,skin_tone,MST9,1440,0.24824996292591095,0.001,0.0006944444444444445,,,,
kk,topofr_r100,112,1024,avif,skin_tone,__overall__,84855,0.24824996292591095,0.001,0.0010017087973602026,0.0,0.0013401711845326377,0.13401711845326378,6.0
kk,topofr_r100,112,1024,avif,gender,F,94936,0.2623612582683563,0.001,0.0012534760259543271,,,,
kk,topofr_r100,112,1024,avif,gender,M,56171,0.2623612582683563,0.001,0.0005874917662138826,,,,
kk,topofr_r100,112,1024,avif,gender,__overall__,151107,0.2623612582683563,0.001,0.0010059097196026656,0.0005874917662138826,0.0012534760259543271,0.06659842597404446,2.0
kk,topofr_r100,112,1024,avif,age,26-35,50332,0.2599571943283081,0.001,0.0008145911149964238,,,,
kk,topofr_r100,112,1024,avif,age,36-50,6062,0.2599571943283081,0.001,0.0003299241174529858,,,,
kk,topofr_r100,112,1024,avif,age,<=25,54517,0.2599571943283081,0.001,0.0012473173505512041,,,,
kk,topofr_r100,112,1024,avif,age,__overall__,110911,0.2599571943283081,0.001,0.001000802445203812,0.0003299241174529858,0.0012473173505512041,0.09173932330982183,3.0
kk,topofr_r100,112,512,avif,skin_tone,MST10,413,0.19197827577590942,0.01,0.007263922518159807,,,,
kk,topofr_r100,112,512,avif,skin_tone,MST5,3727,0.19197827577590942,0.01,0.009122618728199625,,,,
kk,topofr_r100,112,512,avif,skin_tone,MST6,55963,0.19197827577590942,0.01,0.01188285116952272,,,,
kk,topofr_r100,112,512,avif,skin_tone,MST7,23038,0.19197827577590942,0.01,0.005599444396214949,,,,
kk,topofr_r100,112,512,avif,skin_tone,MST8,274,0.19197827577590942,0.01,0.0036496350364963502,,,,
kk,topofr_r100,112,512,avif,skin_tone,MST9,1440,0.19197827577590942,0.01,0.011805555555555555,,,,
kk,topofr_r100,112,512,avif,skin_tone,__overall__,84855,0.19197827577590942,0.01,0.010005303164221319,0.0036496350364963502,0.01188285116952272,0.8233216133026369,6.0
kk,topofr_r100,112,512,avif,gender,F,94936,0.2088220864534378,0.01,0.012913963090924413,,,,
kk,topofr_r100,112,512,avif,gender,M,56171,0.2088220864534378,0.01,0.005091595307186982,,,,
kk,topofr_r100,112,512,avif,gender,__overall__,151107,0.2088220864534378,0.01,0.010006154579205463,0.005091595307186982,0.012913963090924413,0.782236778373743,2.0
kk,topofr_r100,112,512,avif,age,26-35,50332,0.20286332070827484,0.01,0.005225303981562426,,,,
kk,topofr_r100,112,512,avif,age,36-50,6062,0.20286332070827484,0.01,0.006598482349059716,,,,
kk,topofr_r100,112,512,avif,age,<=25,54517,0.20286332070827484,0.01,0.014802722086688556,,,,
kk,topofr_r100,112,512,avif,age,__overall__,110911,0.20286332070827484,0.01,0.010008024452038121,0.005225303981562426,0.014802722086688556,0.9577418105126131,3.0
kk,topofr_r100,112,512,avif,skin_tone,MST10,413,0.2698480486869812,0.001,0.002421307506053269,,,,
kk,topofr_r100,112,512,avif,skin_tone,MST5,3727,0.2698480486869812,0.001,0.0010732492621411322,,,,
kk,topofr_r100,112,512,avif,skin_tone,MST6,55963,0.2698480486869812,0.001,0.001304433286278434,,,,
kk,topofr_r100,112,512,avif,skin_tone,MST7,23038,0.2698480486869812,0.001,0.00017362618282837052,,,,
kk,topofr_r100,112,512,avif,skin_tone,MST8,274,0.2698480486869812,0.001,0.0,,,,
kk,topofr_r100,112,512,avif,skin_tone,MST9,1440,0.2698480486869812,0.001,0.0020833333333333333,,,,
kk,topofr_r100,112,512,avif,skin_tone,__overall__,84855,0.2698480486869812,0.001,0.0010017087973602026,0.0,0.002421307506053269,0.24213075060532688,6.0
kk,topofr_r100,112,512,avif,gender,F,94936,0.28429481387138367,0.001,0.0014220106176792786,,,,
kk,topofr_r100,112,512,avif,gender,M,56171,0.28429481387138367,0.001,0.00030264727350412133,,,,
kk,topofr_r100,112,512,avif,gender,__overall__,151107,0.28429481387138367,0.001,0.0010059097196026656,0.00030264727350412133,0.0014220106176792786,0.11193633441751573,2.0
kk,topofr_r100,112,512,avif,age,26-35,50332,0.27943092584609985,0.001,0.0003774934435349281,,,,
kk,topofr_r100,112,512,avif,age,36-50,6062,0.27943092584609985,0.001,0.0003299241174529858,,,,
kk,topofr_r100,112,512,avif,age,<=25,54517,0.27943092584609985,0.001,0.0016508611992589468,,,,
kk,topofr_r100,112,512,avif,age,__overall__,110911,0.27943092584609985,0.001,0.001000802445203812,0.0003299241174529858,0.0016508611992589468,0.1320937081805961,3.0
kk,topofr_r100,112,1024,heif,skin_tone,MST10,413,0.17145481705665588,0.01,0.002421307506053269,,,,
kk,topofr_r100,112,1024,heif,skin_tone,MST5,3727,0.17145481705665588,0.01,0.011000804936946607,,,,
kk,topofr_r100,112,1024,heif,skin_tone,MST6,55963,0.17145481705665588,0.01,0.012061540660793738,,,,
kk,topofr_r100,112,1024,heif,skin_tone,MST7,23038,0.17145481705665588,0.01,0.004601093844951819,,,,
kk,topofr_r100,112,1024,heif,skin_tone,MST8,274,0.17145481705665588,0.01,0.025547445255474453,,,,
kk,topofr_r100,112,1024,heif,skin_tone,MST9,1440,0.17145481705665588,0.01,0.013194444444444444,,,,
kk,topofr_r100,112,1024,heif,skin_tone,__overall__,84855,0.17145481705665588,0.01,0.010005303164221319,0.002421307506053269,0.025547445255474453,2.3126137749421183,6.0
kk,topofr_r100,112,1024,heif,gender,F,94936,0.186758354306221,0.01,0.012102890368248083,,,,
kk,topofr_r100,112,1024,heif,gender,M,56171,0.186758354306221,0.01,0.006462409428352709,,,,
kk,topofr_r100,112,1024,heif,gender,__overall__,151107,0.186758354306221,0.01,0.010006154579205463,0.006462409428352709,0.012102890368248083,0.5640480939895374,2.0
kk,topofr_r100,112,1024,heif,age,26-35,50332,0.18359370529651642,0.01,0.005920686640705714,,,,
kk,topofr_r100,112,1024,heif,age,36-50,6062,0.18359370529651642,0.01,0.010062685582316067,,,,
kk,topofr_r100,112,1024,heif,age,<=25,54517,0.18359370529651642,0.01,0.01377551956270521,,,,
kk,topofr_r100,112,1024,heif,age,__overall__,110911,0.18359370529651642,0.01,0.010008024452038121,0.005920686640705714,0.01377551956270521,0.7854832921999497,3.0
kk,topofr_r100,112,1024,heif,skin_tone,MST10,413,0.24399644136428833,0.001,0.0,,,,
kk,topofr_r100,112,1024,heif,skin_tone,MST5,3727,0.24399644136428833,0.001,0.0010732492621411322,,,,
kk,topofr_r100,112,1024,heif,skin_tone,MST6,55963,0.24399644136428833,0.001,0.0013401711845326377,,,,
kk,topofr_r100,112,1024,heif,skin_tone,MST7,23038,0.24399644136428833,0.001,0.00021703272853546314,,,,
kk,topofr_r100,112,1024,heif,skin_tone,MST8,274,0.24399644136428833,0.001,0.0,,,,
kk,topofr_r100,112,1024,heif,skin_tone,MST9,1440,0.24399644136428833,0.001,0.0006944444444444445,,,,
kk,topofr_r100,112,1024,heif,skin_tone,__overall__,84855,0.24399644136428833,0.001,0.0010017087973602026,0.0,0.0013401711845326377,0.13401711845326378,6.0
kk,topofr_r100,112,1024,heif,gender,F,94936,0.25916361808776855,0.001,0.0012850762619027556,,,,
kk,topofr_r100,112,1024,heif,gender,M,56171,0.25916361808776855,0.001,0.0005340834238308024,,,,
kk,topofr_r100,112,1024,heif,gender,__overall__,151107,0.25916361808776855,0.001,0.0010059097196026656,0.0005340834238308024,0.0012850762619027556,0.07509928380719533,2.0
kk,topofr_r100,112,1024,heif,age,26-35,50332,0.2573105990886688,0.001,0.0006953826591432886,,,,
kk,topofr_r100,112,1024,heif,age,36-50,6062,0.2573105990886688,0.001,0.0004948861761794787,,,,
kk,topofr_r100,112,1024,heif,age,<=25,54517,0.2573105990886688,0.001,0.0013390318616211456,,,,
kk,topofr_r100,112,1024,heif,age,__overall__,110911,0.2573105990886688,0.001,0.001000802445203812,0.0004948861761794787,0.0013390318616211456,0.0844145685441667,3.0
kk,topofr_r100,112,512,heif,skin_tone,MST10,413,0.26173728704452515,0.01,0.002421307506053269,,,,
kk,topofr_r100,112,512,heif,skin_tone,MST5,3727,0.26173728704452515,0.01,0.011269117252481888,,,,
kk,topofr_r100,112,512,heif,skin_tone,MST6,55963,0.26173728704452515,0.01,0.011525472186980683,,,,
kk,topofr_r100,112,512,heif,skin_tone,MST7,23038,0.26173728704452515,0.01,0.006337355673235524,,,,
kk,topofr_r100,112,512,heif,skin_tone,MST8,274,0.26173728704452515,0.01,0.0072992700729927005,,,,
kk,topofr_r100,112,512,heif,skin_tone,MST9,1440,0.26173728704452515,0.01,0.009027777777777777,,,,
kk,topofr_r100,112,512,heif,skin_tone,__overall__,84855,0.26173728704452515,0.01,0.010005303164221319,0.002421307506053269,0.011525472186980683,0.9104164680927413,6.0
kk,topofr_r100,112,512,heif,gender,F,94936,0.27839723229408264,0.01,0.01437810735653493,,,,
kk,topofr_r100,112,512,heif,gender,M,56171,0.27839723229408264,0.01,0.0026170087767709315,,,,
kk,topofr_r100,112,512,heif,gender,__overall__,151107,0.27839723229408264,0.01,0.010006154579205463,0.0026170087767709315,0.01437810735653493,1.1761098579763998,2.0
kk,topofr_r100,112,512,heif,age,26-35,50332,0.27083566784858704,0.01,0.0037153302074227133,,,,
kk,topofr_r100,112,512,heif,age,36-50,6062,0.27083566784858704,0.01,0.0028043549983503796,,,,
kk,topofr_r100,112,512,heif,age,<=25,54517,0.27083566784858704,0.01,0.016618669405873396,,,,
kk,topofr_r100,112,512,heif,age,__overall__,110911,0.27083566784858704,0.01,0.010008024452038121,0.0028043549983503796,0.016618669405873396,1.3814314407523016,3.0
kk,topofr_r100,112,512,heif,skin_tone,MST10,413,0.3524911105632782,0.001,0.0,,,,
kk,topofr_r100,112,512,heif,skin_tone,MST5,3727,0.3524911105632782,0.001,0.0010732492621411322,,,,
kk,topofr_r100,112,512,heif,skin_tone,MST6,55963,0.3524911105632782,0.001,0.0011436127441345175,,,,
kk,topofr_r100,112,512,heif,skin_tone,MST7,23038,0.3524911105632782,0.001,0.0007379112770205747,,,,
kk,topofr_r100,112,512,heif,skin_tone,MST8,274,0.3524911105632782,0.001,0.0,,,,
kk,topofr_r100,112,512,heif,skin_tone,MST9,1440,0.3524911105632782,0.001,0.0,,,,
kk,topofr_r100,112,512,heif,skin_tone,__overall__,84855,0.3524911105632782,0.001,0.0010017087973602026,0.0,0.0011436127441345175,0.11436127441345174,6.0
kk,topofr_r100,112,512,heif,gender,F,94936,0.3675653040409088,0.001,0.001537878149490183,,,,
kk,topofr_r100,112,512,heif,gender,M,56171,0.3675653040409088,0.001,0.00010681668476616047,,,,
kk,topofr_r100,112,512,heif,gender,__overall__,151107,0.3675653040409088,0.001,0.0010059097196026656,0.00010681668476616047,0.001537878149490183,0.14310614647240225,2.0
kk,topofr_r100,112,512,heif,age,26-35,50332,0.3596283793449402,0.001,0.0003178892156083605,,,,
kk,topofr_r100,112,512,heif,age,36-50,6062,0.3596283793449402,0.001,0.0003299241174529858,,,,
kk,topofr_r100,112,512,heif,age,<=25,54517,0.3596283793449402,0.001,0.0017058899059009117,,,,
kk,topofr_r100,112,512,heif,age,__overall__,110911,0.3596283793449402,0.001,0.001000802445203812,0.0003178892156083605,0.0017058899059009117,0.13880006902925512,3.0
kk,topofr_r100,112,1024,jpeg2000,skin_tone,MST10,413,0.20239825546741486,0.01,0.002421307506053269,,,,
kk,topofr_r100,112,1024,jpeg2000,skin_tone,MST5,3727,0.20239825546741486,0.01,0.01395224040783472,,,,
kk,topofr_r100,112,1024,jpeg2000,skin_tone,MST6,55963,0.20239825546741486,0.01,0.01159694798348909,,,,
kk,topofr_r100,112,1024,jpeg2000,skin_tone,MST7,23038,0.20239825546741486,0.01,0.005686257487629134,,,,
kk,topofr_r100,112,1024,jpeg2000,skin_tone,MST8,274,0.20239825546741486,0.01,0.0072992700729927005,,,,
kk,topofr_r100,112,1024,jpeg2000,skin_tone,MST9,1440,0.20239825546741486,0.01,0.009722222222222222,,,,
kk,topofr_r100,112,1024,jpeg2000,skin_tone,__overall__,84855,0.20239825546741486,0.01,0.010005303164221319,0.002421307506053269,0.01395224040783472,1.1530932901781452,6.0
kk,topofr_r100,112,1024,jpeg2000,gender,F,94936,0.22225816547870636,0.01,0.012766495323165079,,,,
kk,topofr_r100,112,1024,jpeg2000,gender,M,56171,0.22225816547870636,0.01,0.0053408342383080235,,,,
kk,topofr_r100,112,1024,jpeg2000,gender,__overall__,151107,0.22225816547870636,0.01,0.010006154579205463,0.0053408342383080235,0.012766495323165079,0.7425661084857056,2.0
kk,topofr_r100,112,1024,jpeg2000,age,26-35,50332,0.21558935940265656,0.01,0.004370976714614957,,,,
kk,topofr_r100,112,1024,jpeg2000,age,36-50,6062,0.21558935940265656,0.01,0.007588254701418674,,,,
kk,topofr_r100,112,1024,jpeg2000,age,<=25,54517,0.21558935940265656,0.01,0.015481409468606122,,,,
kk,topofr_r100,112,1024,jpeg2000,age,__overall__,110911,0.21558935940265656,0.01,0.010008024452038121,0.004370976714614957,0.015481409468606122,1.1110432753991164,3.0
kk,topofr_r100,112,1024,jpeg2000,skin_tone,MST10,413,0.27923986315727234,0.001,0.0,,,,
kk,topofr_r100,112,1024,jpeg2000,skin_tone,MST5,3727,0.27923986315727234,0.001,0.0016098738932116983,,,,
kk,topofr_r100,112,1024,jpeg2000,skin_tone,MST6,55963,0.27923986315727234,0.001,0.0011436127441345175,,,,
kk,topofr_r100,112,1024,jpeg2000,skin_tone,MST7,23038,0.27923986315727234,0.001,0.0006076916398992968,,,,
kk,topofr_r100,112,1024,jpeg2000,skin_tone,MST8,274,0.27923986315727234,0.001,0.0,,,,
kk,topofr_r100,112,1024,jpeg2000,skin_tone,MST9,1440,0.27923986315727234,0.001,0.0006944444444444445,,,,
kk,topofr_r100,112,1024,jpeg2000,skin_tone,__overall__,84855,0.27923986315727234,0.001,0.0010017087973602026,0.0,0.0016098738932116983,0.16098738932116982,6.0
kk,topofr_r100,112,1024,jpeg2000,gender,F,94936,0.29687145352363586,0.001,0.0014009437937136597,,,,
kk,topofr_r100,112,1024,jpeg2000,gender,M,56171,0.29687145352363586,0.001,0.0003382528350928415,,,,
kk,topofr_r100,112,1024,jpeg2000,gender,__overall__,151107,0.29687145352363586,0.001,0.0010059097196026656,0.0003382528350928415,0.0014009437937136597,0.10626909586208182,2.0
kk,topofr_r100,112,1024,jpeg2000,age,26-35,50332,0.2942308485507965,0.001,0.00029802113963283794,,,,
kk,topofr_r100,112,1024,jpeg2000,age,36-50,6062,0.2942308485507965,0.001,0.0004948861761794787,,,,
kk,topofr_r100,112,1024,jpeg2000,age,<=25,54517,0.2942308485507965,0.001,0.0017058899059009117,,,,
kk,topofr_r100,112,1024,jpeg2000,age,__overall__,110911,0.2942308485507965,0.001,0.001000802445203812,0.00029802113963283794,0.0017058899059009117,0.1407868766268074,3.0
kk,topofr_r100,112,512,jpeg2000,skin_tone,MST10,413,0.33709481358528137,0.01,0.002421307506053269,,,,
kk,topofr_r100,112,512,jpeg2000,skin_tone,MST5,3727,0.33709481358528137,0.01,0.01395224040783472,,,,
kk,topofr_r100,112,512,jpeg2000,skin_tone,MST6,55963,0.33709481358528137,0.01,0.011275306899201257,,,,
kk,topofr_r100,112,512,jpeg2000,skin_tone,MST7,23038,0.33709481358528137,0.01,0.006728014584599358,,,,
kk,topofr_r100,112,512,jpeg2000,skin_tone,MST8,274,0.33709481358528137,0.01,0.0,,,,
kk,topofr_r100,112,512,jpeg2000,skin_tone,MST9,1440,0.33709481358528137,0.01,0.006944444444444444,,,,
kk,topofr_r100,112,512,jpeg2000,skin_tone,__overall__,84855,0.33709481358528137,0.01,0.010005303164221319,0.0,0.01395224040783472,1.395224040783472,6.0
kk,topofr_r100,112,512,jpeg2000,gender,F,94936,0.35633203387260437,0.01,0.014262239824724025,,,,
kk,topofr_r100,112,512,jpeg2000,gender,M,56171,0.35633203387260437,0.01,0.0028128393655088924,,,,
kk,topofr_r100,112,512,jpeg2000,gender,__overall__,151107,0.35633203387260437,0.01,0.010006154579205463,0.0028128393655088924,0.014262239824724025,1.1449400459215133,2.0
kk,topofr_r100,112,512,jpeg2000,age,26-35,50332,0.34859657287597656,0.01,0.003933879043153461,,,,
kk,topofr_r100,112,512,jpeg2000,age,36-50,6062,0.34859657287597656,0.01,0.003464203233256351,,,,
kk,topofr_r100,112,512,jpeg2000,age,<=25,54517,0.34859657287597656,0.01,0.016343525872663574,,,,
kk,topofr_r100,112,512,jpeg2000,age,__overall__,110911,0.34859657287597656,0.01,0.010008024452038121,0.003464203233256351,0.016343525872663574,1.2879322639407225,3.0
kk,topofr_r100,112,512,jpeg2000,skin_tone,MST10,413,0.4308162033557892,0.001,0.0,,,,
kk,topofr_r100,112,512,jpeg2000,skin_tone,MST5,3727,0.4308162033557892,0.001,0.0005366246310705661,,,,
kk,topofr_r100,112,512,jpeg2000,skin_tone,MST6,55963,0.4308162033557892,0.001,0.0010542679984990083,,,,
kk,topofr_r100,112,512,jpeg2000,skin_tone,MST7,23038,0.4308162033557892,0.001,0.0009983505512631305,,,,
kk,topofr_r100,112,512,jpeg2000,skin_tone,MST8,274,0.4308162033557892,0.001,0.0,,,,
kk,topofr_r100,112,512,jpeg2000,skin_tone,MST9,1440,0.4308162033557892,0.001,0.0006944444444444445,,,,
kk,topofr_r100,112,512,jpeg2000,skin_tone,__overall__,84855,0.4308162033557892,0.001,0.0010017087973602026,0.0,0.0010542679984990083,0.10542679984990083,6.0
kk,topofr_r100,112,512,jpeg2000,gender,F,94936,0.44949570298194885,0.001,0.0014852110895761355,,,,
kk,topofr_r100,112,512,jpeg2000,gender,M,56171,0.44949570298194885,0.001,0.00019583058873796086,,,,
kk,topofr_r100,112,512,jpeg2000,gender,__overall__,151107,0.44949570298194885,0.001,0.0010059097196026656,0.00019583058873796086,0.0014852110895761355,0.12893805008381748,2.0
kk,topofr_r100,112,512,jpeg2000,age,26-35,50332,0.445879727602005,0.001,0.0005364380513391083,,,,
kk,topofr_r100,112,512,jpeg2000,age,36-50,6062,0.445879727602005,0.001,0.0003299241174529858,,,,
kk,topofr_r100,112,512,jpeg2000,age,<=25,54517,0.445879727602005,0.001,0.0015041179815470404,,,,
kk,topofr_r100,112,512,jpeg2000,age,__overall__,110911,0.445879727602005,0.001,0.001000802445203812,0.0003299241174529858,0.0015041179815470404,0.11741938640940545,3.0
kk,topofr_r100,112,1024,jpeg,skin_tone,MST10,413,0.18612191081047058,0.01,0.0,,,,
kk,topofr_r100,112,1024,jpeg,skin_tone,MST5,3727,0.18612191081047058,0.01,0.008585994097129058,,,,
kk,topofr_r100,112,1024,jpeg,skin_tone,MST6,55963,0.18612191081047058,0.01,0.012222361202937656,,,,
kk,topofr_r100,112,1024,jpeg,skin_tone,MST7,23038,0.18612191081047058,0.01,0.004644500390658912,,,,
kk,topofr_r100,112,1024,jpeg,skin_tone,MST8,274,0.18612191081047058,0.01,0.021897810218978103,,,,
kk,topofr_r100,112,1024,jpeg,skin_tone,MST9,1440,0.18612191081047058,0.01,0.013888888888888888,,,,
kk,topofr_r100,112,1024,jpeg,skin_tone,__overall__,84855,0.18612191081047058,0.01,0.010005303164221319,0.0,0.021897810218978103,2.18978102189781,6.0
kk,topofr_r100,112,1024,jpeg,gender,F,94936,0.20328471064567566,0.01,0.01115488328979523,,,,
kk,topofr_r100,112,1024,jpeg,gender,M,56171,0.20328471064567566,0.01,0.008064659699845116,,,,
kk,topofr_r100,112,1024,jpeg,gender,__overall__,151107,0.20328471064567566,0.01,0.010006154579205463,0.008064659699845116,0.01115488328979523,0.30902235899501146,2.0
kk,topofr_r100,112,1024,jpeg,age,26-35,50332,0.19524513185024261,0.01,0.006814750059604228,,,,
kk,topofr_r100,112,1024,jpeg,age,36-50,6062,0.19524513185024261,0.01,0.011712306169580996,,,,
kk,topofr_r100,112,1024,jpeg,age,<=25,54517,0.19524513185024261,0.01,0.012766659940935855,,,,
kk,topofr_r100,112,1024,jpeg,age,__overall__,110911,0.19524513185024261,0.01,0.010008024452038121,0.006814750059604228,0.012766659940935855,0.5951909881331626,3.0
kk,topofr_r100,112,1024,jpeg,skin_tone,MST10,413,0.27128756046295166,0.001,0.0,,,,
kk,topofr_r100,112,1024,jpeg,skin_tone,MST5,3727,0.27128756046295166,0.001,0.0,,,,
kk,topofr_r100,112,1024,jpeg,skin_tone,MST6,55963,0.27128756046295166,0.001,0.001286564337151332,,,,
kk,topofr_r100,112,1024,jpeg,skin_tone,MST7,23038,0.27128756046295166,0.001,0.00043406545707092627,,,,
kk,topofr_r100,112,1024,jpeg,skin_tone,MST8,274,0.27128756046295166,0.001,0.0,,,,
kk,topofr_r100,112,1024,jpeg,skin_tone,MST9,1440,0.27128756046295166,0.001,0.0020833333333333333,,,,
kk,topofr_r100,112,1024,jpeg,skin_tone,__overall__,84855,0.27128756046295166,0.001,0.0010017087973602026,0.0,0.0020833333333333333,0.20833333333333334,6.0
kk,topofr_r100,112,1024,jpeg,gender,F,94936,0.289101779460907,0.001,0.001095474846212185,,,,
kk,topofr_r100,112,1024,jpeg,gender,M,56171,0.289101779460907,0.001,0.0008545334781292838,,,,
kk,topofr_r100,112,1024,jpeg,gender,__overall__,151107,0.289101779460907,0.001,0.0010059097196026656,0.0008545334781292838,0.001095474846212185,0.024094136808290135,2.0
kk,topofr_r100,112,1024,jpeg,age,26-35,50332,0.2874792516231537,0.001,0.0008145911149964238,,,,
kk,topofr_r100,112,1024,jpeg,age,36-50,6062,0.2874792516231537,0.001,0.0009897723523589574,,,,
kk,topofr_r100,112,1024,jpeg,age,<=25,54517,0.2874792516231537,0.001,0.001173945741695251,,,,
kk,topofr_r100,112,1024,jpeg,age,__overall__,110911,0.2874792516231537,0.001,0.001000802445203812,0.0008145911149964238,0.001173945741695251,0.03593546266988273,3.0
kk,topofr_r100,112,512,jpeg,skin_tone,MST10,413,0.26720547676086426,0.01,0.0,,,,
kk,topofr_r100,112,512,jpeg,skin_tone,MST5,3727,0.26720547676086426,0.01,0.013683928092299437,,,,
kk,topofr_r100,112,512,jpeg,skin_tone,MST6,55963,0.26720547676086426,0.01,0.011418258492218072,,,,
kk,topofr_r100,112,512,jpeg,skin_tone,MST7,23038,0.26720547676086426,0.01,0.0063807622189426165,,,,
kk,topofr_r100,112,512,jpeg,skin_tone,MST8,274,0.26720547676086426,0.01,0.0036496350364963502,,,,
kk,topofr_r100,112,512,jpeg,skin_tone,MST9,1440,0.26720547676086426,0.01,0.007638888888888889,,,,
kk,topofr_r100,112,512,jpeg,skin_tone,__overall__,84855,0.26720547676086426,0.01,0.010005303164221319,0.0,0.013683928092299437,1.3683928092299438,6.0
kk,topofr_r100,112,512,jpeg,gender,F,94936,0.2858448326587677,0.01,0.01393570405325693,,,,
kk,topofr_r100,112,512,jpeg,gender,M,56171,0.2858448326587677,0.01,0.003364725570134055,,,,
kk,topofr_r100,112,512,jpeg,gender,__overall__,151107,0.2858448326587677,0.01,0.010006154579205463,0.003364725570134055,0.01393570405325693,1.0570978483122875,2.0
kk,topofr_r100,112,512,jpeg,age,26-35,50332,0.2817012667655945,0.01,0.0045497893983946595,,,,
kk,topofr_r100,112,512,jpeg,age,36-50,6062,0.2817012667655945,0.01,0.004124051468162322,,,,
kk,topofr_r100,112,512,jpeg,age,<=25,54517,0.2817012667655945,0.01,0.015701524295173984,,,,
kk,topofr_r100,112,512,jpeg,age,__overall__,110911,0.2817012667655945,0.01,0.010008024452038121,0.004124051468162322,0.015701524295173984,1.1577472827011663,3.0
kk,topofr_r100,112,512,jpeg,skin_tone,MST10,413,0.36228230595588684,0.001,0.0,,,,
kk,topofr_r100,112,512,jpeg,skin_tone,MST5,3727,0.36228230595588684,0.001,0.0010732492621411322,,,,
kk,topofr_r100,112,512,jpeg,skin_tone,MST6,55963,0.36228230595588684,0.001,0.0011436127441345175,,,,
kk,topofr_r100,112,512,jpeg,skin_tone,MST7,23038,0.36228230595588684,0.001,0.0006510981856063894,,,,
kk,topofr_r100,112,512,jpeg,skin_tone,MST8,274,0.36228230595588684,0.001,0.0036496350364963502,,,,
kk,topofr_r100,112,512,jpeg,skin_tone,MST9,1440,0.36228230595588684,0.001,0.0006944444444444445,,,,
kk,topofr_r100,112,512,jpeg,skin_tone,__overall__,84855,0.36228230595588684,0.001,0.0010017087973602026,0.0,0.0036496350364963502,0.36496350364963503,6.0
kk,topofr_r100,112,512,jpeg,gender,F,94936,0.3790963292121887,0.001,0.0013272099098339935,,,,
kk,topofr_r100,112,512,jpeg,gender,M,56171,0.3790963292121887,0.001,0.00046287230065336204,,,,
kk,topofr_r100,112,512,jpeg,gender,__overall__,151107,0.3790963292121887,0.001,0.0010059097196026656,0.00046287230065336204,0.0013272099098339935,0.08643376091806315,2.0
kk,topofr_r100,112,512,jpeg,age,26-35,50332,0.37785860896110535,0.001,0.00047683382341254075,,,,
kk,topofr_r100,112,512,jpeg,age,36-50,6062,0.37785860896110535,0.001,0.0003299241174529858,,,,
kk,topofr_r100,112,512,jpeg,age,<=25,54517,0.37785860896110535,0.001,0.0015591466881890053,,,,
kk,topofr_r100,112,512,jpeg,age,__overall__,110911,0.37785860896110535,0.001,0.001000802445203812,0.0003299241174529858,0.0015591466881890053,0.12292225707360195,3.0
kk,topofr_r100,112,1024,jpeg_ai,skin_tone,MST10,413,0.176641583442688,0.01,0.002421307506053269,,,,
kk,topofr_r100,112,1024,jpeg_ai,skin_tone,MST5,3727,0.176641583442688,0.01,0.011269117252481888,,,,
kk,topofr_r100,112,1024,jpeg_ai,skin_tone,MST6,55963,0.176641583442688,0.01,0.012222361202937656,,,,
kk,topofr_r100,112,1024,jpeg_ai,skin_tone,MST7,23038,0.176641583442688,0.01,0.004601093844951819,,,,
kk,topofr_r100,112,1024,jpeg_ai,skin_tone,MST8,274,0.176641583442688,0.01,0.025547445255474453,,,,
kk,topofr_r100,112,1024,jpeg_ai,skin_tone,MST9,1440,0.176641583442688,0.01,0.00625,,,,
kk,topofr_r100,112,1024,jpeg_ai,skin_tone,__overall__,84855,0.176641583442688,0.01,0.010005303164221319,0.002421307506053269,0.025547445255474453,2.3126137749421183,6.0
kk,topofr_r100,112,1024,jpeg_ai,gender,F,94936,0.19129998981952667,0.01,0.012734895087216652,,,,
kk,topofr_r100,112,1024,jpeg_ai,gender,M,56171,0.19129998981952667,0.01,0.005394242580691104,,,,
kk,topofr_r100,112,1024,jpeg_ai,gender,__overall__,151107,0.19129998981952667,0.01,0.010006154579205463,0.005394242580691104,0.012734895087216652,0.7340652506525548,2.0
kk,topofr_r100,112,1024,jpeg_ai,age,26-35,50332,0.1892303079366684,0.01,0.0053047762854645155,,,,
kk,topofr_r100,112,1024,jpeg_ai,age,36-50,6062,0.1892303079366684,0.01,0.006763444407786209,,,,
kk,topofr_r100,112,1024,jpeg_ai,age,<=25,54517,0.1892303079366684,0.01,0.014711007575618615,,,,
kk,topofr_r100,112,1024,jpeg_ai,age,__overall__,110911,0.1892303079366684,0.01,0.010008024452038121,0.0053047762854645155,0.014711007575618615,0.94062312901541,3.0
kk,topofr_r100,112,1024,jpeg_ai,skin_tone,MST10,413,0.24720041453838348,0.001,0.0,,,,
kk,topofr_r100,112,1024,jpeg_ai,skin_tone,MST5,3727,0.24720041453838348,0.001,0.0010732492621411322,,,,
kk,topofr_r100,112,1024,jpeg_ai,skin_tone,MST6,55963,0.24720041453838348,0.001,0.0013401711845326377,,,,
kk,topofr_r100,112,1024,jpeg_ai,skin_tone,MST7,23038,0.24720041453838348,0.001,0.00021703272853546314,,,,
kk,topofr_r100,112,1024,jpeg_ai,skin_tone,MST8,274,0.24720041453838348,0.001,0.0,,,,
kk,topofr_r100,112,1024,jpeg_ai,skin_tone,MST9,1440,0.24720041453838348,0.001,0.0006944444444444445,,,,
kk,topofr_r100,112,1024,jpeg_ai,skin_tone,__overall__,84855,0.24720041453838348,0.001,0.0010017087973602026,0.0,0.0013401711845326377,0.13401711845326378,6.0
kk,topofr_r100,112,1024,jpeg_ai,gender,F,94936,0.26504069566726685,0.001,0.0012850762619027556,,,,
kk,topofr_r100,112,1024,jpeg_ai,gender,M,56171,0.26504069566726685,0.001,0.0005340834238308024,,,,
kk,topofr_r100,112,1024,jpeg_ai,gender,__overall__,151107,0.26504069566726685,0.001,0.0010059097196026656,0.0005340834238308024,0.0012850762619027556,0.07509928380719533,2.0
kk,topofr_r100,112,1024,jpeg_ai,age,26-35,50332,0.2660787105560303,0.001,0.0006556465071922435,,,,
kk,topofr_r100,112,1024,jpeg_ai,age,36-50,6062,0.2660787105560303,0.001,0.0003299241174529858,,,,
kk,topofr_r100,112,1024,jpeg_ai,age,<=25,54517,0.2660787105560303,0.001,0.0013940605682631105,,,,
kk,topofr_r100,112,1024,jpeg_ai,age,__overall__,110911,0.2660787105560303,0.001,0.001000802445203812,0.0003299241174529858,0.0013940605682631105,0.10641364508101248,3.0
kk,topofr_r100,112,512,jpeg_ai,skin_tone,MST10,413,0.18030793964862823,0.01,0.002421307506053269,,,,
kk,topofr_r100,112,512,jpeg_ai,skin_tone,MST5,3727,0.18030793964862823,0.01,0.01046418030587604,,,,
kk,topofr_r100,112,512,jpeg_ai,skin_tone,MST6,55963,0.18030793964862823,0.01,0.012097278559047943,,,,
kk,topofr_r100,112,512,jpeg_ai,skin_tone,MST7,23038,0.18030793964862823,0.01,0.005035159302022745,,,,
kk,topofr_r100,112,512,jpeg_ai,skin_tone,MST8,274,0.18030793964862823,0.01,0.014598540145985401,,,,
kk,topofr_r100,112,512,jpeg_ai,skin_tone,MST9,1440,0.18030793964862823,0.01,0.008333333333333333,,,,
kk,topofr_r100,112,512,jpeg_ai,skin_tone,__overall__,84855,0.18030793964862823,0.01,0.010005303164221319,0.002421307506053269,0.014598540145985401,1.2177232639932132,6.0
kk,topofr_r100,112,512,jpeg_ai,gender,F,94936,0.1948198676109314,0.01,0.012798095559113508,,,,
kk,topofr_r100,112,512,jpeg_ai,gender,M,56171,0.1948198676109314,0.01,0.005287425895924944,,,,
kk,topofr_r100,112,512,jpeg_ai,gender,__overall__,151107,0.1948198676109314,0.01,0.010006154579205463,0.005287425895924944,0.012798095559113508,0.7510669663188564,2.0
kk,topofr_r100,112,512,jpeg_ai,age,26-35,50332,0.19194667041301727,0.01,0.004847810538027498,,,,
kk,topofr_r100,112,512,jpeg_ai,age,36-50,6062,0.19194667041301727,0.01,0.009237875288683603,,,,
kk,topofr_r100,112,512,jpeg_ai,age,<=25,54517,0.19194667041301727,0.01,0.01485775079333052,,,,
kk,topofr_r100,112,512,jpeg_ai,age,__overall__,110911,0.19194667041301727,0.01,0.010008024452038121,0.004847810538027498,0.01485775079333052,1.0009940255303023,3.0
kk,topofr_r100,112,512,jpeg_ai,skin_tone,MST10,413,0.2528255879878998,0.001,0.0,,,,
kk,topofr_r100,112,512,jpeg_ai,skin_tone,MST5,3727,0.2528255879878998,0.001,0.0005366246310705661,,,,
kk,topofr_r100,112,512,jpeg_ai,skin_tone,MST6,55963,0.2528255879878998,0.001,0.0012686953880242304,,,,
kk,topofr_r100,112,512,jpeg_ai,skin_tone,MST7,23038,0.2528255879878998,0.001,0.0003906589113638337,,,,
kk,topofr_r100,112,512,jpeg_ai,skin_tone,MST8,274,0.2528255879878998,0.001,0.0,,,,
kk,topofr_r100,112,512,jpeg_ai,skin_tone,MST9,1440,0.2528255879878998,0.001,0.0020833333333333333,,,,
kk,topofr_r100,112,512,jpeg_ai,skin_tone,__overall__,84855,0.2528255879878998,0.001,0.0010017087973602026,0.0,0.0020833333333333333,0.20833333333333334,6.0
kk,topofr_r100,112,512,jpeg_ai,gender,F,94936,0.2662426233291626,0.001,0.0013061430858683745,,,,
kk,topofr_r100,112,512,jpeg_ai,gender,M,56171,0.2662426233291626,0.001,0.0004984778622420822,,,,
kk,topofr_r100,112,512,jpeg_ai,gender,__overall__,151107,0.2662426233291626,0.001,0.0010059097196026656,0.0004984778622420822,0.0013061430858683745,0.08076652236262924,2.0
kk,topofr_r100,112,512,jpeg_ai,age,26-35,50332,0.26592928171157837,0.001,0.0004370976714614957,,,,
kk,topofr_r100,112,512,jpeg_ai,age,36-50,6062,0.26592928171157837,0.001,0.0004948861761794787,,,,
kk,topofr_r100,112,512,jpeg_ai,age,<=25,54517,0.26592928171157837,0.001,0.0015774895904029935,,,,
kk,topofr_r100,112,512,jpeg_ai,age,__overall__,110911,0.26592928171157837,0.001,0.001000802445203812,0.0004370976714614957,0.0015774895904029935,0.11403919189414977,3.0
kk,topofr_r100,112,1024,jpeg_fzt,skin_tone,MST10,413,0.1863408386707306,0.01,0.007263922518159807,,,,
kk,topofr_r100,112,1024,jpeg_fzt,skin_tone,MST5,3727,0.1863408386707306,0.01,0.007244432519452643,,,,
kk,topofr_r100,112,1024,jpeg_fzt,skin_tone,MST6,55963,0.1863408386707306,0.01,0.012829905473259118,,,,
kk,topofr_r100,112,1024,jpeg_fzt,skin_tone,MST7,23038,0.1863408386707306,0.01,0.0036027432936886882,,,,
kk,topofr_r100,112,1024,jpeg_fzt,skin_tone,MST8,274,0.1863408386707306,0.01,0.01824817518248175,,,,
kk,topofr_r100,112,1024,jpeg_fzt,skin_tone,MST9,1440,0.1863408386707306,0.01,0.009027777777777777,,,,
kk,topofr_r100,112,1024,jpeg_fzt,skin_tone,__overall__,84855,0.1863408386707306,0.01,0.010005303164221319,0.0036027432936886882,0.01824817518248175,1.4645431888793061,6.0
kk,topofr_r100,112,1024,jpeg_fzt,gender,F,94936,0.20112663507461548,0.01,0.012745428499199461,,,,
kk,topofr_r100,112,1024,jpeg_fzt,gender,M,56171,0.20112663507461548,0.01,0.005376439799896744,,,,
kk,topofr_r100,112,1024,jpeg_fzt,gender,__overall__,151107,0.20112663507461548,0.01,0.010006154579205463,0.005376439799896744,0.012745428499199461,0.7368988699302718,2.0
kk,topofr_r100,112,1024,jpeg_fzt,age,26-35,50332,0.19560201466083527,0.01,0.005086227449733768,,,,
kk,topofr_r100,112,1024,jpeg_fzt,age,36-50,6062,0.19560201466083527,0.01,0.009072913229957109,,,,
kk,topofr_r100,112,1024,jpeg_fzt,age,<=25,54517,0.19560201466083527,0.01,0.01465597886897665,,,,
kk,topofr_r100,112,1024,jpeg_fzt,age,__overall__,110911,0.19560201466083527,0.01,0.010008024452038121,0.005086227449733768,0.01465597886897665,0.9569751419242881,3.0
kk,topofr_r100,112,1024,jpeg_fzt,skin_tone,MST10,413,0.2722296416759491,0.001,0.0,,,,
kk,topofr_r100,112,1024,jpeg_fzt,skin_tone,MST5,3727,0.2722296416759491,0.001,0.0,,,,
kk,topofr_r100,112,1024,jpeg_fzt,skin_tone,MST6,55963,0.2722296416759491,0.001,0.0014473848792952487,,,,
kk,topofr_r100,112,1024,jpeg_fzt,skin_tone,MST7,23038,0.2722296416759491,0.001,0.00017362618282837052,,,,
kk,topofr_r100,112,1024,jpeg_fzt,skin_tone,MST8,274,0.2722296416759491,0.001,0.0,,,,
kk,topofr_r100,112,1024,jpeg_fzt,skin_tone,MST9,1440,0.2722296416759491,0.001,0.0,,,,
kk,topofr_r100,112,1024,jpeg_fzt,skin_tone,__overall__,84855,0.2722296416759491,0.001,0.0010017087973602026,0.0,0.0014473848792952487,0.14473848792952487,6.0
kk,topofr_r100,112,1024,jpeg_fzt,gender,F,94936,0.28041812777519226,0.001,0.001316676497851184,,,,
kk,topofr_r100,112,1024,jpeg_fzt,gender,M,56171,0.28041812777519226,0.001,0.0004806750814477221,,,,
kk,topofr_r100,112,1024,jpeg_fzt,gender,__overall__,151107,0.28041812777519226,0.001,0.0010059097196026656,0.0004806750814477221,0.001316676497851184,0.0836001416403462,2.0
kk,topofr_r100,112,1024,jpeg_fzt,age,26-35,50332,0.27743086218833923,0.001,0.0006159103552411984,,,,
kk,topofr_r100,112,1024,jpeg_fzt,age,36-50,6062,0.27743086218833923,0.001,0.0004948861761794787,,,,
kk,topofr_r100,112,1024,jpeg_fzt,age,<=25,54517,0.27743086218833923,0.001,0.001412403470477099,,,,
kk,topofr_r100,112,1024,jpeg_fzt,age,__overall__,110911,0.27743086218833923,0.001,0.001000802445203812,0.0004948861761794787,0.001412403470477099,0.09175172942976202,3.0
kk,topofr_r100,112,512,jpeg_fzt,skin_tone,MST10,413,0.20321053266525269,0.01,0.009685230024213076,,,,
kk,topofr_r100,112,512,jpeg_fzt,skin_tone,MST5,3727,0.20321053266525269,0.01,0.012878991145693587,,,,
kk,topofr_r100,112,512,jpeg_fzt,skin_tone,MST6,55963,0.20321053266525269,0.01,0.011346782695709665,,,,
kk,topofr_r100,112,512,jpeg_fzt,skin_tone,MST7,23038,0.20321053266525269,0.01,0.0062939491275284315,,,,
kk,topofr_r100,112,512,jpeg_fzt,skin_tone,MST8,274,0.20321053266525269,0.01,0.0,,,,
kk,topofr_r100,112,512,jpeg_fzt,skin_tone,MST9,1440,0.20321053266525269,0.01,0.011805555555555555,,,,
kk,topofr_r100,112,512,jpeg_fzt,skin_tone,__overall__,84855,0.20321053266525269,0.01,0.010005303164221319,0.0,0.012878991145693587,1.2878991145693586,6.0
kk,topofr_r100,112,512,jpeg_fzt,gender,F,94936,0.21846629679203033,0.01,0.012787562147130699,,,,
kk,topofr_r100,112,512,jpeg_fzt,gender,M,56171,0.21846629679203033,0.01,0.005305228676719303,,,,
kk,topofr_r100,112,512,jpeg_fzt,gender,__overall__,151107,0.21846629679203033,0.01,0.010006154579205463,0.005305228676719303,0.012787562147130699,0.7482333470411395,2.0
kk,topofr_r100,112,512,jpeg_fzt,age,26-35,50332,0.21319028735160828,0.01,0.004827942462051975,,,,
kk,topofr_r100,112,512,jpeg_fzt,age,36-50,6062,0.21319028735160828,0.01,0.0064335202903332235,,,,
kk,topofr_r100,112,512,jpeg_fzt,age,<=25,54517,0.21319028735160828,0.01,0.01518792303318231,,,,
kk,topofr_r100,112,512,jpeg_fzt,age,__overall__,110911,0.21319028735160828,0.01,0.010008024452038121,0.004827942462051975,0.01518792303318231,1.0359980571130336,3.0
kk,topofr_r100,112,512,jpeg_fzt,skin_tone,MST10,413,0.2817469537258148,0.001,0.0,,,,
kk,topofr_r100,112,512,jpeg_fzt,skin_tone,MST5,3727,0.2817469537258148,0.001,0.0021464985242822645,,,,
kk,topofr_r100,112,512,jpeg_fzt,skin_tone,MST6,55963,0.2817469537258148,0.001,0.0011614816932616194,,,,
kk,topofr_r100,112,512,jpeg_fzt,skin_tone,MST7,23038,0.2817469537258148,0.001,0.0004774720027780189,,,,
kk,topofr_r100,112,512,jpeg_fzt,skin_tone,MST8,274,0.2817469537258148,0.001,0.0,,,,
kk,topofr_r100,112,512,jpeg_fzt,skin_tone,MST9,1440,0.2817469537258148,0.001,0.0006944444444444445,,,,
kk,topofr_r100,112,512,jpeg_fzt,skin_tone,__overall__,84855,0.2817469537258148,0.001,0.0010017087973602026,0.0,0.0021464985242822645,0.21464985242822646,6.0
kk,topofr_r100,112,512,jpeg_fzt,gender,F,94936,0.29633715748786926,0.001,0.0014009437937136597,,,,
kk,topofr_r100,112,512,jpeg_fzt,gender,M,56171,0.29633715748786926,0.001,0.0003382528350928415,,,,
kk,topofr_r100,112,512,jpeg_fzt,gender,__overall__,151107,0.29633715748786926,0.001,0.0010059097196026656,0.0003382528350928415,0.0014009437937136597,0.10626909586208182,2.0
kk,topofr_r100,112,512,jpeg_fzt,age,26-35,50332,0.2910017669200897,0.001,0.0003973615195104506,,,,
kk,topofr_r100,112,512,jpeg_fzt,age,36-50,6062,0.2910017669200897,0.001,0.0003299241174529858,,,,
kk,topofr_r100,112,512,jpeg_fzt,age,<=25,54517,0.2910017669200897,0.001,0.0016325182970449584,,,,
kk,topofr_r100,112,512,jpeg_fzt,age,__overall__,110911,0.2910017669200897,0.001,0.001000802445203812,0.0003299241174529858,0.0016325182970449584,0.13025941795919727,3.0
kk,topofr_r100,112,1024,jpeg_xl,skin_tone,MST10,413,0.17761248350143433,0.01,0.012106537530266344,,,,
kk,topofr_r100,112,1024,jpeg_xl,skin_tone,MST5,3727,0.17761248350143433,0.01,0.007781057150523209,,,,
kk,topofr_r100,112,1024,jpeg_xl,skin_tone,MST6,55963,0.17761248350143433,0.01,0.012240230152064758,,,,
kk,topofr_r100,112,1024,jpeg_xl,skin_tone,MST7,23038,0.17761248350143433,0.01,0.004818126573487282,,,,
kk,topofr_r100,112,1024,jpeg_xl,skin_tone,MST8,274,0.17761248350143433,0.01,0.010948905109489052,,,,
kk,topofr_r100,112,1024,jpeg_xl,skin_tone,MST9,1440,0.17761248350143433,0.01,0.011111111111111112,,,,
kk,topofr_r100,112,1024,jpeg_xl,skin_tone,__overall__,84855,0.17761248350143433,0.01,0.010005303164221319,0.004818126573487282,0.012240230152064758,0.7422103578577476,6.0
kk,topofr_r100,112,1024,jpeg_xl,gender,F,94936,0.19083696603775024,0.01,0.01215555742816213,,,,
kk,topofr_r100,112,1024,jpeg_xl,gender,M,56171,0.19083696603775024,0.01,0.006373395524380908,,,,
kk,topofr_r100,112,1024,jpeg_xl,gender,__overall__,151107,0.19083696603775024,0.01,0.010006154579205463,0.006373395524380908,0.01215555742816213,0.5782161903781222,2.0
kk,topofr_r100,112,1024,jpeg_xl,age,26-35,50332,0.1854170560836792,0.01,0.005423984741317651,,,,
kk,topofr_r100,112,1024,jpeg_xl,age,36-50,6062,0.1854170560836792,0.01,0.009072913229957109,,,,
kk,topofr_r100,112,1024,jpeg_xl,age,<=25,54517,0.1854170560836792,0.01,0.014344149531338848,,,,
kk,topofr_r100,112,1024,jpeg_xl,age,__overall__,110911,0.1854170560836792,0.01,0.010008024452038121,0.005423984741317651,0.014344149531338848,0.8920164790021198,3.0
kk,topofr_r100,112,1024,jpeg_xl,skin_tone,MST10,413,0.2539723515510559,0.001,0.0,,,,
kk,topofr_r100,112,1024,jpeg_xl,skin_tone,MST5,3727,0.2539723515510559,0.001,0.00026831231553528306,,,,
kk,topofr_r100,112,1024,jpeg_xl,skin_tone,MST6,55963,0.2539723515510559,0.001,0.0013580401336597396,,,,
kk,topofr_r100,112,1024,jpeg_xl,skin_tone,MST7,23038,0.2539723515510559,0.001,0.00026043927424255575,,,,
kk,topofr_r100,112,1024,jpeg_xl,skin_tone,MST8,274,0.2539723515510559,0.001,0.0,,,,
kk,topofr_r100,112,1024,jpeg_xl,skin_tone,MST9,1440,0.2539723515510559,0.001,0.001388888888888889,,,,
kk,topofr_r100,112,1024,jpeg_xl,skin_tone,__overall__,84855,0.2539723515510559,0.001,0.0010017087973602026,0.0,0.001388888888888889,0.1388888888888889,6.0
kk,topofr_r100,112,1024,jpeg_xl,gender,F,94936,0.26688894629478455,0.001,0.0013061430858683745,,,,
kk,topofr_r100,112,1024,jpeg_xl,gender,M,56171,0.26688894629478455,0.001,0.0004984778622420822,,,,
kk,topofr_r100,112,1024,jpeg_xl,gender,__overall__,151107,0.26688894629478455,0.001,0.0010059097196026656,0.0004984778622420822,0.0013061430858683745,0.08076652236262924,2.0
kk,topofr_r100,112,1024,jpeg_xl,age,26-35,50332,0.2626359462738037,0.001,0.0006953826591432886,,,,
kk,topofr_r100,112,1024,jpeg_xl,age,36-50,6062,0.2626359462738037,0.001,0.0001649620587264929,,,,
kk,topofr_r100,112,1024,jpeg_xl,age,<=25,54517,0.2626359462738037,0.001,0.0013757176660491224,,,,
kk,topofr_r100,112,1024,jpeg_xl,age,__overall__,110911,0.2626359462738037,0.001,0.001000802445203812,0.0001649620587264929,0.0013757176660491224,0.12107556073226294,3.0
kk,topofr_r100,112,512,jpeg_xl,skin_tone,MST10,413,,0.01,0.0,,,,
kk,topofr_r100,112,512,jpeg_xl,skin_tone,MST5,3727,,0.01,0.0,,,,
kk,topofr_r100,112,512,jpeg_xl,skin_tone,MST6,55963,,0.01,0.0,,,,
kk,topofr_r100,112,512,jpeg_xl,skin_tone,MST7,23038,,0.01,0.0,,,,
kk,topofr_r100,112,512,jpeg_xl,skin_tone,MST8,274,,0.01,0.0,,,,
kk,topofr_r100,112,512,jpeg_xl,skin_tone,MST9,1440,,0.01,0.0,,,,
kk,topofr_r100,112,512,jpeg_xl,skin_tone,__overall__,84855,,0.01,0.0,0.0,0.0,0.0,6.0
kk,topofr_r100,112,512,jpeg_xl,gender,F,94936,,0.01,0.0,,,,
kk,topofr_r100,112,512,jpeg_xl,gender,M,56171,,0.01,0.0,,,,
kk,topofr_r100,112,512,jpeg_xl,gender,__overall__,151107,,0.01,0.0,0.0,0.0,0.0,2.0
kk,topofr_r100,112,512,jpeg_xl,age,26-35,50332,,0.01,0.0,,,,
kk,topofr_r100,112,512,jpeg_xl,age,36-50,6062,,0.01,0.0,,,,
kk,topofr_r100,112,512,jpeg_xl,age,<=25,54517,,0.01,0.0,,,,
kk,topofr_r100,112,512,jpeg_xl,age,__overall__,110911,,0.01,0.0,0.0,0.0,0.0,3.0
kk,topofr_r100,112,512,jpeg_xl,skin_tone,MST10,413,,0.001,0.0,,,,
kk,topofr_r100,112,512,jpeg_xl,skin_tone,MST5,3727,,0.001,0.0,,,,
kk,topofr_r100,112,512,jpeg_xl,skin_tone,MST6,55963,,0.001,0.0,,,,
kk,topofr_r100,112,512,jpeg_xl,skin_tone,MST7,23038,,0.001,0.0,,,,
kk,topofr_r100,112,512,jpeg_xl,skin_tone,MST8,274,,0.001,0.0,,,,
kk,topofr_r100,112,512,jpeg_xl,skin_tone,MST9,1440,,0.001,0.0,,,,
kk,topofr_r100,112,512,jpeg_xl,skin_tone,__overall__,84855,,0.001,0.0,0.0,0.0,0.0,6.0
kk,topofr_r100,112,512,jpeg_xl,gender,F,94936,,0.001,0.0,,,,
kk,topofr_r100,112,512,jpeg_xl,gender,M,56171,,0.001,0.0,,,,
kk,topofr_r100,112,512,jpeg_xl,gender,__overall__,151107,,0.001,0.0,0.0,0.0,0.0,2.0
kk,topofr_r100,112,512,jpeg_xl,age,26-35,50332,,0.001,0.0,,,,
kk,topofr_r100,112,512,jpeg_xl,age,36-50,6062,,0.001,0.0,,,,
kk,topofr_r100,112,512,jpeg_xl,age,<=25,54517,,0.001,0.0,,,,
kk,topofr_r100,112,512,jpeg_xl,age,__overall__,110911,,0.001,0.0,0.0,0.0,0.0,3.0
kk,topofr_r100,112,1024,ours_accurate,skin_tone,MST10,413,0.17918434739112854,0.01,0.007263922518159807,,,,
kk,topofr_r100,112,1024,ours_accurate,skin_tone,MST5,3727,0.17918434739112854,0.01,0.010195867990340756,,,,
kk,topofr_r100,112,1024,ours_accurate,skin_tone,MST6,55963,0.17918434739112854,0.01,0.012043671711666638,,,,
kk,topofr_r100,112,1024,ours_accurate,skin_tone,MST7,23038,0.17918434739112854,0.01,0.005165378939144023,,,,
kk,topofr_r100,112,1024,ours_accurate,skin_tone,MST8,274,0.17918434739112854,0.01,0.01824817518248175,,,,
kk,topofr_r100,112,1024,ours_accurate,skin_tone,MST9,1440,0.17918434739112854,0.01,0.006944444444444444,,,,
kk,topofr_r100,112,1024,ours_accurate,skin_tone,__overall__,84855,0.17918434739112854,0.01,0.010005303164221319,0.005165378939144023,0.01824817518248175,1.3082796243337727,6.0
kk,topofr_r100,112,1024,ours_accurate,gender,F,94936,0.19270476698875427,0.01,0.012113423780230892,,,,
kk,topofr_r100,112,1024,ours_accurate,gender,M,56171,0.19270476698875427,0.01,0.006444606647558348,,,,
kk,topofr_r100,112,1024,ours_accurate,gender,__overall__,151107,0.19270476698875427,0.01,0.010006154579205463,0.006444606647558348,0.012113423780230892,0.5668817132672543,2.0
kk,topofr_r100,112,1024,ours_accurate,age,26-35,50332,0.19100166857242584,0.01,0.005920686640705714,,,,
kk,topofr_r100,112,1024,ours_accurate,age,36-50,6062,0.19100166857242584,0.01,0.010392609699769052,,,,
kk,topofr_r100,112,1024,ours_accurate,age,<=25,54517,0.19100166857242584,0.01,0.013738833758277235,,,,
kk,topofr_r100,112,1024,ours_accurate,age,__overall__,110911,0.19100166857242584,0.01,0.010008024452038121,0.005920686640705714,0.013738833758277235,0.7818147117571521,3.0
kk,topofr_r100,112,1024,ours_accurate,skin_tone,MST10,413,0.2510181665420532,0.001,0.0,,,,
kk,topofr_r100,112,1024,ours_accurate,skin_tone,MST5,3727,0.2510181665420532,0.001,0.0008049369466058492,,,,
kk,topofr_r100,112,1024,ours_accurate,skin_tone,MST6,55963,0.2510181665420532,0.001,0.001304433286278434,,,,
kk,topofr_r100,112,1024,ours_accurate,skin_tone,MST7,23038,0.2510181665420532,0.001,0.0003038458199496484,,,,
kk,topofr_r100,112,1024,ours_accurate,skin_tone,MST8,274,0.2510181665420532,0.001,0.0,,,,
kk,topofr_r100,112,1024,ours_accurate,skin_tone,MST9,1440,0.2510181665420532,0.001,0.001388888888888889,,,,
kk,topofr_r100,112,1024,ours_accurate,skin_tone,__overall__,84855,0.2510181665420532,0.001,0.0010017087973602026,0.0,0.001388888888888889,0.1388888888888889,6.0
kk,topofr_r100,112,1024,ours_accurate,gender,F,94936,0.26556527614593506,0.001,0.0012218757900058987,,,,
kk,topofr_r100,112,1024,ours_accurate,gender,M,56171,0.26556527614593506,0.001,0.0006409001085969628,,,,
kk,topofr_r100,112,1024,ours_accurate,gender,__overall__,151107,0.26556527614593506,0.001,0.0010059097196026656,0.0006409001085969628,0.0012218757900058987,0.058097568140893584,2.0
kk,topofr_r100,112,1024,ours_accurate,age,26-35,50332,0.2656450569629669,0.001,0.0008344591909719462,,,,
kk,topofr_r100,112,1024,ours_accurate,age,36-50,6062,0.2656450569629669,0.001,0.0004948861761794787,,,,
kk,topofr_r100,112,1024,ours_accurate,age,<=25,54517,0.2656450569629669,0.001,0.0012106315461232276,,,,
kk,topofr_r100,112,1024,ours_accurate,age,__overall__,110911,0.2656450569629669,0.001,0.001000802445203812,0.0004948861761794787,0.0012106315461232276,0.07157453699437488,3.0
kk,topofr_r100,112,512,ours_accurate,skin_tone,MST10,413,0.18064479529857635,0.01,0.004842615012106538,,,,
kk,topofr_r100,112,512,ours_accurate,skin_tone,MST5,3727,0.18064479529857635,0.01,0.009122618728199625,,,,
kk,topofr_r100,112,512,ours_accurate,skin_tone,MST6,55963,0.18064479529857635,0.01,0.012097278559047943,,,,
kk,topofr_r100,112,512,ours_accurate,skin_tone,MST7,23038,0.18064479529857635,0.01,0.004818126573487282,,,,
kk,topofr_r100,112,512,ours_accurate,skin_tone,MST8,274,0.18064479529857635,0.01,0.029197080291970802,,,,
kk,topofr_r100,112,512,ours_accurate,skin_tone,MST9,1440,0.18064479529857635,0.01,0.011805555555555555,,,,
kk,topofr_r100,112,512,ours_accurate,skin_tone,__overall__,84855,0.18064479529857635,0.01,0.010005303164221319,0.004818126573487282,0.029197080291970802,2.4378953718483523,6.0
kk,topofr_r100,112,512,ours_accurate,gender,F,94936,0.19421082735061646,0.01,0.012597960731440127,,,,
kk,topofr_r100,112,512,ours_accurate,gender,M,56171,0.19421082735061646,0.01,0.005625678731017785,,,,
kk,topofr_r100,112,512,ours_accurate,gender,__overall__,151107,0.19421082735061646,0.01,0.010006154579205463,0.005625678731017785,0.012597960731440127,0.6972282000422343,2.0
kk,topofr_r100,112,512,ours_accurate,age,26-35,50332,0.19125813245773315,0.01,0.0052849082094889935,,,,
kk,topofr_r100,112,512,ours_accurate,age,36-50,6062,0.19125813245773315,0.01,0.01072253381722204,,,,
kk,topofr_r100,112,512,ours_accurate,age,<=25,54517,0.19125813245773315,0.01,0.014289120824696884,,,,
kk,topofr_r100,112,512,ours_accurate,age,__overall__,110911,0.19125813245773315,0.01,0.010008024452038121,0.0052849082094889935,0.014289120824696884,0.900421261520789,3.0
kk,topofr_r100,112,512,ours_accurate,skin_tone,MST10,413,0.2533628046512604,0.001,0.0,,,,
kk,topofr_r100,112,512,ours_accurate,skin_tone,MST5,3727,0.2533628046512604,0.001,0.0008049369466058492,,,,
kk,topofr_r100,112,512,ours_accurate,skin_tone,MST6,55963,0.2533628046512604,0.001,0.0013223022354055358,,,,
kk,topofr_r100,112,512,ours_accurate,skin_tone,MST7,23038,0.2533628046512604,0.001,0.0003038458199496484,,,,
kk,topofr_r100,112,512,ours_accurate,skin_tone,MST8,274,0.2533628046512604,0.001,0.0,,,,
kk,topofr_r100,112,512,ours_accurate,skin_tone,MST9,1440,0.2533628046512604,0.001,0.0006944444444444445,,,,
kk,topofr_r100,112,512,ours_accurate,skin_tone,__overall__,84855,0.2533628046512604,0.001,0.0010017087973602026,0.0,0.0013223022354055358,0.13223022354055358,6.0
kk,topofr_r100,112,512,ours_accurate,gender,F,94936,0.26845070719718933,0.001,0.001274542849919946,,,,
kk,topofr_r100,112,512,ours_accurate,gender,M,56171,0.26845070719718933,0.001,0.0005518862046251624,,,,
kk,topofr_r100,112,512,ours_accurate,gender,__overall__,151107,0.26845070719718933,0.001,0.0010059097196026656,0.0005518862046251624,0.001274542849919946,0.07226566452947837,2.0
kk,topofr_r100,112,512,ours_accurate,age,26-35,50332,0.2671594023704529,0.001,0.000715250735118811,,,,
kk,topofr_r100,112,512,ours_accurate,age,36-50,6062,0.2671594023704529,0.001,0.0011547344110854503,,,,
kk,topofr_r100,112,512,ours_accurate,age,<=25,54517,0.2671594023704529,0.001,0.0012473173505512041,,,,
kk,topofr_r100,112,512,ours_accurate,age,__overall__,110911,0.2671594023704529,0.001,0.001000802445203812,0.000715250735118811,0.0012473173505512041,0.05320666154323931,3.0
kk,topofr_r100,112,1024,ours_fast,skin_tone,MST10,413,0.18780119717121124,0.01,0.009685230024213076,,,,
kk,topofr_r100,112,1024,ours_fast,skin_tone,MST5,3727,0.18780119717121124,0.01,0.008049369466058493,,,,
kk,topofr_r100,112,1024,ours_fast,skin_tone,MST6,55963,0.18780119717121124,0.01,0.012812036524132016,,,,
kk,topofr_r100,112,1024,ours_fast,skin_tone,MST7,23038,0.18780119717121124,0.01,0.003776369476517059,,,,
kk,topofr_r100,112,1024,ours_fast,skin_tone,MST8,274,0.18780119717121124,0.01,0.010948905109489052,,,,
kk,topofr_r100,112,1024,ours_fast,skin_tone,MST9,1440,0.18780119717121124,0.01,0.005555555555555556,,,,
kk,topofr_r100,112,1024,ours_fast,skin_tone,__overall__,84855,0.18780119717121124,0.01,0.010005303164221319,0.003776369476517059,0.012812036524132016,0.9035667047614958,6.0
kk,topofr_r100,112,1024,ours_fast,gender,F,94936,0.20241661369800568,0.01,0.012524226847560462,,,,
kk,topofr_r100,112,1024,ours_fast,gender,M,56171,0.20241661369800568,0.01,0.005750298196578306,,,,
kk,topofr_r100,112,1024,ours_fast,gender,__overall__,151107,0.20241661369800568,0.01,0.010006154579205463,0.005750298196578306,0.012524226847560462,0.6773928650982156,2.0
kk,topofr_r100,112,1024,ours_fast,age,26-35,50332,0.19753825664520264,0.01,0.0050266232218072,,,,
kk,topofr_r100,112,1024,ours_fast,age,36-50,6062,0.19753825664520264,0.01,0.009567799406136588,,,,
kk,topofr_r100,112,1024,ours_fast,age,<=25,54517,0.19753825664520264,0.01,0.01465597886897665,,,,
kk,topofr_r100,112,1024,ours_fast,age,__overall__,110911,0.19753825664520264,0.01,0.010008024452038121,0.0050266232218072,0.01465597886897665,0.9629355647169449,3.0
kk,topofr_r100,112,1024,ours_fast,skin_tone,MST10,413,0.2710808217525482,0.001,0.0,,,,
kk,topofr_r100,112,1024,ours_fast,skin_tone,MST5,3727,0.2710808217525482,0.001,0.0008049369466058492,,,,
kk,topofr_r100,112,1024,ours_fast,skin_tone,MST6,55963,0.2710808217525482,0.001,0.0013580401336597396,,,,
kk,topofr_r100,112,1024,ours_fast,skin_tone,MST7,23038,0.2710808217525482,0.001,0.00026043927424255575,,,,
kk,topofr_r100,112,1024,ours_fast,skin_tone,MST8,274,0.2710808217525482,0.001,0.0,,,,
kk,topofr_r100,112,1024,ours_fast,skin_tone,MST9,1440,0.2710808217525482,0.001,0.0,,,,
kk,topofr_r100,112,1024,ours_fast,skin_tone,__overall__,84855,0.2710808217525482,0.001,0.0010017087973602026,0.0,0.0013580401336597396,0.13580401336597395,6.0
kk,topofr_r100,112,1024,ours_fast,gender,F,94936,0.2830587327480316,0.001,0.001295609673885565,,,,
kk,topofr_r100,112,1024,ours_fast,gender,M,56171,0.2830587327480316,0.001,0.0005162806430364423,,,,
kk,topofr_r100,112,1024,ours_fast,gender,__overall__,151107,0.2830587327480316,0.001,0.0010059097196026656,0.0005162806430364423,0.001295609673885565,0.07793290308491228,2.0
kk,topofr_r100,112,1024,ours_fast,age,26-35,50332,0.27810749411582947,0.001,0.000675514583167766,,,,
kk,topofr_r100,112,1024,ours_fast,age,36-50,6062,0.27810749411582947,0.001,0.0009897723523589574,,,,
kk,topofr_r100,112,1024,ours_fast,age,<=25,54517,0.27810749411582947,0.001,0.001302346057193169,,,,
kk,topofr_r100,112,1024,ours_fast,age,__overall__,110911,0.27810749411582947,0.001,0.001000802445203812,0.000675514583167766,0.001302346057193169,0.0626831474025403,3.0
kk,topofr_r100,112,512,ours_fast,skin_tone,MST10,413,0.20005442202091217,0.01,0.002421307506053269,,,,
kk,topofr_r100,112,512,ours_fast,skin_tone,MST5,3727,0.20005442202091217,0.01,0.011269117252481888,,,,
kk,topofr_r100,112,512,ours_fast,skin_tone,MST6,55963,0.20005442202091217,0.01,0.01256187123635259,,,,
kk,topofr_r100,112,512,ours_fast,skin_tone,MST7,23038,0.20005442202091217,0.01,0.0035593367479815957,,,,
kk,topofr_r100,112,512,ours_fast,skin_tone,MST8,274,0.20005442202091217,0.01,0.010948905109489052,,,,
kk,topofr_r100,112,512,ours_fast,skin_tone,MST9,1440,0.20005442202091217,0.01,0.0125,,,,
kk,topofr_r100,112,512,ours_fast,skin_tone,__overall__,84855,0.20005442202091217,0.01,0.010005303164221319,0.002421307506053269,0.01256187123635259,1.0140563730299323,6.0
kk,topofr_r100,112,512,ours_fast,gender,F,94936,0.21382677555084229,0.01,0.013366899806185219,,,,
kk,topofr_r100,112,512,ours_fast,gender,M,56171,0.21382677555084229,0.01,0.0043260757330294995,,,,
kk,topofr_r100,112,512,ours_fast,gender,__overall__,151107,0.21382677555084229,0.01,0.010006154579205463,0.0043260757330294995,0.013366899806185219,0.904082407315572,2.0
kk,topofr_r100,112,512,ours_fast,age,26-35,50332,0.2098863422870636,0.01,0.004192164030835254,,,,
kk,topofr_r100,112,512,ours_fast,age,36-50,6062,0.2098863422870636,0.01,0.006763444407786209,,,,
kk,topofr_r100,112,512,ours_fast,age,<=25,54517,0.2098863422870636,0.01,0.015738210099601958,,,,
kk,topofr_r100,112,512,ours_fast,age,__overall__,110911,0.2098863422870636,0.01,0.010008024452038121,0.004192164030835254,0.015738210099601958,1.1546046068766704,3.0
kk,topofr_r100,112,512,ours_fast,skin_tone,MST10,413,0.2839224338531494,0.001,0.0,,,,
kk,topofr_r100,112,512,ours_fast,skin_tone,MST5,3727,0.2839224338531494,0.001,0.0005366246310705661,,,,
kk,topofr_r100,112,512,ours_fast,skin_tone,MST6,55963,0.2839224338531494,0.001,0.0013401711845326377,,,,
kk,topofr_r100,112,512,ours_fast,skin_tone,MST7,23038,0.2839224338531494,0.001,0.0003038458199496484,,,,
kk,topofr_r100,112,512,ours_fast,skin_tone,MST8,274,0.2839224338531494,0.001,0.0,,,,
kk,topofr_r100,112,512,ours_fast,skin_tone,MST9,1440,0.2839224338531494,0.001,0.0006944444444444445,,,,
kk,topofr_r100,112,512,ours_fast,skin_tone,__overall__,84855,0.2839224338531494,0.001,0.0010017087973602026,0.0,0.0013401711845326377,0.13401711845326378,6.0
kk,topofr_r100,112,512,ours_fast,gender,F,94936,0.2920938730239868,0.001,0.0014114772056964691,,,,
kk,topofr_r100,112,512,ours_fast,gender,M,56171,0.2920938730239868,0.001,0.0003204500542984814,,,,
kk,topofr_r100,112,512,ours_fast,gender,__overall__,151107,0.2920938730239868,0.001,0.0010059097196026656,0.0003204500542984814,0.0014114772056964691,0.10910271513979877,2.0
kk,topofr_r100,112,512,ours_fast,age,26-35,50332,0.2854918837547302,0.001,0.0004172295954859731,,,,
kk,topofr_r100,112,512,ours_fast,age,36-50,6062,0.2854918837547302,0.001,0.0001649620587264929,,,,
kk,topofr_r100,112,512,ours_fast,age,<=25,54517,0.2854918837547302,0.001,0.0016325182970449584,,,,
kk,topofr_r100,112,512,ours_fast,age,__overall__,110911,0.2854918837547302,0.001,0.001000802445203812,0.0001649620587264929,0.0016325182970449584,0.14675562383184654,3.0
kk,topofr_r100,112,1024,webp,skin_tone,MST10,413,0.1768951267004013,0.01,0.014527845036319613,,,,
kk,topofr_r100,112,1024,webp,skin_tone,MST5,3727,0.1768951267004013,0.01,0.009390931043734908,,,,
kk,topofr_r100,112,1024,webp,skin_tone,MST6,55963,0.1768951267004013,0.01,0.012740560727623609,,,,
kk,topofr_r100,112,1024,webp,skin_tone,MST7,23038,0.1768951267004013,0.01,0.00347252365656741,,,,
kk,topofr_r100,112,1024,webp,skin_tone,MST8,274,0.1768951267004013,0.01,0.021897810218978103,,,,
kk,topofr_r100,112,1024,webp,skin_tone,MST9,1440,0.1768951267004013,0.01,0.00625,,,,
kk,topofr_r100,112,1024,webp,skin_tone,__overall__,84855,0.1768951267004013,0.01,0.010005303164221319,0.00347252365656741,0.021897810218978103,1.8425286562410694,6.0
kk,topofr_r100,112,1024,webp,gender,F,94936,0.19060556590557098,0.01,0.012513693435577653,,,,
kk,topofr_r100,112,1024,webp,gender,M,56171,0.19060556590557098,0.01,0.005768100977372665,,,,
kk,topofr_r100,112,1024,webp,gender,__overall__,151107,0.19060556590557098,0.01,0.010006154579205463,0.005768100977372665,0.012513693435577653,0.6745592458204988,2.0
kk,topofr_r100,112,1024,webp,age,26-35,50332,0.18843677639961243,0.01,0.0056624016530239215,,,,
kk,topofr_r100,112,1024,webp,age,36-50,6062,0.18843677639961243,0.01,0.008742989112504124,,,,
kk,topofr_r100,112,1024,webp,age,<=25,54517,0.18843677639961243,0.01,0.014160720509198966,,,,
kk,topofr_r100,112,1024,webp,age,__overall__,110911,0.18843677639961243,0.01,0.010008024452038121,0.0056624016530239215,0.014160720509198966,0.8498318856175046,3.0
kk,topofr_r100,112,1024,webp,skin_tone,MST10,413,0.2548461854457855,0.001,0.002421307506053269,,,,
kk,topofr_r100,112,1024,webp,skin_tone,MST5,3727,0.2548461854457855,0.001,0.00026831231553528306,,,,
kk,topofr_r100,112,1024,webp,skin_tone,MST6,55963,0.2548461854457855,0.001,0.0014295159301681468,,,,
kk,topofr_r100,112,1024,webp,skin_tone,MST7,23038,0.2548461854457855,0.001,4.340654570709263e-05,,,,
kk,topofr_r100,112,1024,webp,skin_tone,MST8,274,0.2548461854457855,0.001,0.0,,,,
kk,topofr_r100,112,1024,webp,skin_tone,MST9,1440,0.2548461854457855,0.001,0.001388888888888889,,,,
kk,topofr_r100,112,1024,webp,skin_tone,__overall__,84855,0.2548461854457855,0.001,0.0010017087973602026,0.0,0.002421307506053269,0.24213075060532688,6.0
kk,topofr_r100,112,1024,webp,gender,F,94936,0.2668167054653168,0.001,0.0013272099098339935,,,,
kk,topofr_r100,112,1024,webp,gender,M,56171,0.2668167054653168,0.001,0.00046287230065336204,,,,
kk,topofr_r100,112,1024,webp,gender,__overall__,151107,0.2668167054653168,0.001,0.0010059097196026656,0.00046287230065336204,0.0013272099098339935,0.08643376091806315,2.0
kk,topofr_r100,112,1024,webp,age,26-35,50332,0.2637166678905487,0.001,0.000715250735118811,,,,
kk,topofr_r100,112,1024,webp,age,36-50,6062,0.2637166678905487,0.001,0.0001649620587264929,,,,
kk,topofr_r100,112,1024,webp,age,<=25,54517,0.2637166678905487,0.001,0.001357374763835134,,,,
kk,topofr_r100,112,1024,webp,age,__overall__,110911,0.2637166678905487,0.001,0.001000802445203812,0.0001649620587264929,0.001357374763835134,0.11924127051086411,3.0
kk,topofr_r100,112,512,webp,skin_tone,MST10,413,0.18524983525276184,0.01,0.0,,,,
kk,topofr_r100,112,512,webp,skin_tone,MST5,3727,0.18524983525276184,0.01,0.006171183257311511,,,,
kk,topofr_r100,112,512,webp,skin_tone,MST6,55963,0.18524983525276184,0.01,0.012293836999446063,,,,
kk,topofr_r100,112,512,webp,skin_tone,MST7,23038,0.18524983525276184,0.01,0.004731313482073097,,,,
kk,topofr_r100,112,512,webp,skin_tone,MST8,274,0.18524983525276184,0.01,0.010948905109489052,,,,
kk,topofr_r100,112,512,webp,skin_tone,MST9,1440,0.18524983525276184,0.01,0.018055555555555554,,,,
kk,topofr_r100,112,512,webp,skin_tone,__overall__,84855,0.18524983525276184,0.01,0.010005303164221319,0.0,0.018055555555555554,1.8055555555555554,6.0
kk,topofr_r100,112,512,webp,gender,F,94936,0.20136120915412903,0.01,0.012819162383079128,,,,
kk,topofr_r100,112,512,webp,gender,M,56171,0.20136120915412903,0.01,0.0052518203343362236,,,,
kk,topofr_r100,112,512,webp,gender,__overall__,151107,0.20136120915412903,0.01,0.010006154579205463,0.0052518203343362236,0.012819162383079128,0.7567342048742904,2.0
kk,topofr_r100,112,512,webp,age,26-35,50332,0.19664449989795685,0.01,0.005086227449733768,,,,
kk,topofr_r100,112,512,webp,age,36-50,6062,0.19664449989795685,0.01,0.004618937644341801,,,,
kk,topofr_r100,112,512,webp,age,<=25,54517,0.19664449989795685,0.01,0.015151237228754333,,,,
kk,topofr_r100,112,512,webp,age,__overall__,110911,0.19664449989795685,0.01,0.010008024452038121,0.004618937644341801,0.015151237228754333,1.053229958441253,3.0
kk,topofr_r100,112,512,webp,skin_tone,MST10,413,0.26887404918670654,0.001,0.0,,,,
kk,topofr_r100,112,512,webp,skin_tone,MST5,3727,0.26887404918670654,0.001,0.0,,,,
kk,topofr_r100,112,512,webp,skin_tone,MST6,55963,0.26887404918670654,0.001,0.0014473848792952487,,,,
kk,topofr_r100,112,512,webp,skin_tone,MST7,23038,0.26887404918670654,0.001,0.00013021963712127788,,,,
kk,topofr_r100,112,512,webp,skin_tone,MST8,274,0.26887404918670654,0.001,0.0,,,,
kk,topofr_r100,112,512,webp,skin_tone,MST9,1440,0.26887404918670654,0.001,0.0006944444444444445,,,,
kk,topofr_r100,112,512,webp,skin_tone,__overall__,84855,0.26887404918670654,0.001,0.0010017087973602026,0.0,0.0014473848792952487,0.14473848792952487,6.0
kk,topofr_r100,112,512,webp,gender,F,94936,0.28318220376968384,0.001,0.0014220106176792786,,,,
kk,topofr_r100,112,512,webp,gender,M,56171,0.28318220376968384,0.001,0.00030264727350412133,,,,
kk,topofr_r100,112,512,webp,gender,__overall__,151107,0.28318220376968384,0.001,0.0010059097196026656,0.00030264727350412133,0.0014220106176792786,0.11193633441751573,2.0
kk,topofr_r100,112,512,webp,age,26-35,50332,0.27940046787261963,0.001,0.0004569657474370182,,,,
kk,topofr_r100,112,512,webp,age,36-50,6062,0.27940046787261963,0.001,0.0001649620587264929,,,,
kk,topofr_r100,112,512,webp,age,<=25,54517,0.27940046787261963,0.001,0.0015958324926169819,,,,
kk,topofr_r100,112,512,webp,age,__overall__,110911,0.27940046787261963,0.001,0.001000802445203812,0.0001649620587264929,0.0015958324926169819,0.1430870433890489,3.0
kk,edgeface_xs,112,0,aligned,skin_tone,MST10,413,0.2725369334220886,0.01,0.002421307506053269,,,,
kk,edgeface_xs,112,0,aligned,skin_tone,MST5,3727,0.2725369334220886,0.01,0.007244432519452643,,,,
kk,edgeface_xs,112,0,aligned,skin_tone,MST6,55963,0.2725369334220886,0.01,0.011543341136107785,,,,
kk,edgeface_xs,112,0,aligned,skin_tone,MST7,23038,0.2725369334220886,0.01,0.006684608038892265,,,,
kk,edgeface_xs,112,0,aligned,skin_tone,MST8,274,0.2725369334220886,0.01,0.032846715328467155,,,,
kk,edgeface_xs,112,0,aligned,skin_tone,MST9,1440,0.2725369334220886,0.01,0.008333333333333333,,,,
kk,edgeface_xs,112,0,aligned,skin_tone,__overall__,84855,0.2725369334220886,0.01,0.010005303164221319,0.002421307506053269,0.032846715328467155,3.0425407822413884,6.0
kk,edgeface_xs,112,0,aligned,gender,F,94936,0.2897513210773468,0.01,0.011281284233588944,,,,
kk,edgeface_xs,112,0,aligned,gender,M,56171,0.2897513210773468,0.01,0.007851026330312795,,,,
kk,edgeface_xs,112,0,aligned,gender,__overall__,151107,0.2897513210773468,0.01,0.010006154579205463,0.007851026330312795,0.011281284233588944,0.34302579032761493,2.0
kk,edgeface_xs,112,0,aligned,age,26-35,50332,0.2827298939228058,0.01,0.006655805451800048,,,,
kk,edgeface_xs,112,0,aligned,age,36-50,6062,0.2827298939228058,0.01,0.01138238205212801,,,,
kk,edgeface_xs,112,0,aligned,age,<=25,54517,0.2827298939228058,0.01,0.012950088963075737,,,,
kk,edgeface_xs,112,0,aligned,age,__overall__,110911,0.2827298939228058,0.01,0.010008024452038121,0.006655805451800048,0.012950088963075737,0.629428351127569,3.0
kk,edgeface_xs,112,0,aligned,skin_tone,MST10,413,0.3615434765815735,0.001,0.0,,,,
kk,edgeface_xs,112,0,aligned,skin_tone,MST5,3727,0.3615434765815735,0.001,0.00026831231553528306,,,,
kk,edgeface_xs,112,0,aligned,skin_tone,MST6,55963,0.3615434765815735,0.001,0.0011972195915158229,,,,
kk,edgeface_xs,112,0,aligned,skin_tone,MST7,23038,0.3615434765815735,0.001,0.0006945047313134821,,,,
kk,edgeface_xs,112,0,aligned,skin_tone,MST8,274,0.3615434765815735,0.001,0.0036496350364963502,,,,
kk,edgeface_xs,112,0,aligned,skin_tone,MST9,1440,0.3615434765815735,0.001,0.0,,,,
kk,edgeface_xs,112,0,aligned,skin_tone,__overall__,84855,0.3615434765815735,0.001,0.0010017087973602026,0.0,0.0036496350364963502,0.36496350364963503,6.0
kk,edgeface_xs,112,0,aligned,gender,F,94936,0.3744751214981079,0.001,0.0011481419061262325,,,,
kk,edgeface_xs,112,0,aligned,gender,M,56171,0.3744751214981079,0.001,0.0007655195741574834,,,,
kk,edgeface_xs,112,0,aligned,gender,__overall__,151107,0.3744751214981079,0.001,0.0010059097196026656,0.0007655195741574834,0.0011481419061262325,0.03826223319687491,2.0
kk,edgeface_xs,112,0,aligned,age,26-35,50332,0.3696443438529968,0.001,0.0006953826591432886,,,,
kk,edgeface_xs,112,0,aligned,age,36-50,6062,0.3696443438529968,0.001,0.001979544704717915,,,,
kk,edgeface_xs,112,0,aligned,age,<=25,54517,0.3696443438529968,0.001,0.001173945741695251,,,,
kk,edgeface_xs,112,0,aligned,age,__overall__,110911,0.3696443438529968,0.001,0.001000802445203812,0.0006953826591432886,0.001979544704717915,0.12841620455746264,3.0
kk,edgeface_xs,112,1024,avif,skin_tone,MST10,413,0.2748591899871826,0.01,0.002421307506053269,,,,
kk,edgeface_xs,112,1024,avif,skin_tone,MST5,3727,0.2748591899871826,0.01,0.007244432519452643,,,,
kk,edgeface_xs,112,1024,avif,skin_tone,MST6,55963,0.2748591899871826,0.01,0.01157907903436199,,,,
kk,edgeface_xs,112,1024,avif,skin_tone,MST7,23038,0.2748591899871826,0.01,0.00677142113030645,,,,
kk,edgeface_xs,112,1024,avif,skin_tone,MST8,274,0.2748591899871826,0.01,0.0072992700729927005,,,,
kk,edgeface_xs,112,1024,avif,skin_tone,MST9,1440,0.2748591899871826,0.01,0.010416666666666666,,,,
kk,edgeface_xs,112,1024,avif,skin_tone,__overall__,84855,0.2748591899871826,0.01,0.010005303164221319,0.002421307506053269,0.01157907903436199,0.9157771528308721,6.0
kk,edgeface_xs,112,1024,avif,gender,F,94936,0.2924190163612366,0.01,0.011997556248419989,,,,
kk,edgeface_xs,112,1024,avif,gender,M,56171,0.2924190163612366,0.01,0.00664043723629631,,,,
kk,edgeface_xs,112,1024,avif,gender,__overall__,151107,0.2924190163612366,0.01,0.010006154579205463,0.00664043723629631,0.011997556248419989,0.5357119012123679,2.0
kk,edgeface_xs,112,1024,avif,age,26-35,50332,0.2873605787754059,0.01,0.005880950488754669,,,,
kk,edgeface_xs,112,1024,avif,age,36-50,6062,0.2873605787754059,0.01,0.009402837347410096,,,,
kk,edgeface_xs,112,1024,avif,age,<=25,54517,0.2873605787754059,0.01,0.01388557697598914,,,,
kk,edgeface_xs,112,1024,avif,age,__overall__,110911,0.2873605787754059,0.01,0.010008024452038121,0.005880950488754669,0.01388557697598914,0.8004626487234472,3.0
kk,edgeface_xs,112,1024,avif,skin_tone,MST10,413,0.3607993721961975,0.001,0.0,,,,
kk,edgeface_xs,112,1024,avif,skin_tone,MST5,3727,0.3607993721961975,0.001,0.0008049369466058492,,,,
kk,edgeface_xs,112,1024,avif,skin_tone,MST6,55963,0.3607993721961975,0.001,0.0012686953880242304,,,,
kk,edgeface_xs,112,1024,avif,skin_tone,MST7,23038,0.3607993721961975,0.001,0.00034725236565674104,,,,
kk,edgeface_xs,112,1024,avif,skin_tone,MST8,274,0.3607993721961975,0.001,0.0,,,,
kk,edgeface_xs,112,1024,avif,skin_tone,MST9,1440,0.3607993721961975,0.001,0.0020833333333333333,,,,
kk,edgeface_xs,112,1024,avif,skin_tone,__overall__,84855,0.3607993721961975,0.001,0.0010017087973602026,0.0,0.0020833333333333333,0.20833333333333334,6.0
kk,edgeface_xs,112,1024,avif,gender,F,94936,0.37397029995918274,0.001,0.0012324092019887082,,,,
kk,edgeface_xs,112,1024,avif,gender,M,56171,0.37397029995918274,0.001,0.0006230973278026027,,,,
kk,edgeface_xs,112,1024,avif,gender,__overall__,151107,0.37397029995918274,0.001,0.0010059097196026656,0.0006230973278026027,0.0012324092019887082,0.06093118741861054,2.0
kk,edgeface_xs,112,1024,avif,age,26-35,50332,0.37090837955474854,0.001,0.0005960422792656759,,,,
kk,edgeface_xs,112,1024,avif,age,36-50,6062,0.37090837955474854,0.001,0.0008248102936324645,,,,
kk,edgeface_xs,112,1024,avif,age,<=25,54517,0.37090837955474854,0.001,0.0013940605682631105,,,,
kk,edgeface_xs,112,1024,avif,age,__overall__,110911,0.37090837955474854,0.001,0.001000802445203812,0.0005960422792656759,0.0013940605682631105,0.07980182889974347,3.0
kk,edgeface_xs,112,512,avif,skin_tone,MST10,413,0.30732545256614685,0.01,0.007263922518159807,,,,
kk,edgeface_xs,112,512,avif,skin_tone,MST5,3727,0.30732545256614685,0.01,0.014488865038905285,,,,
kk,edgeface_xs,112,512,avif,skin_tone,MST6,55963,0.30732545256614685,0.01,0.011257437950074157,,,,
kk,edgeface_xs,112,512,avif,skin_tone,MST7,23038,0.30732545256614685,0.01,0.005729664033336227,,,,
kk,edgeface_xs,112,512,avif,skin_tone,MST8,274,0.30732545256614685,0.01,0.0072992700729927005,,,,
kk,edgeface_xs,112,512,avif,skin_tone,MST9,1440,0.30732545256614685,0.01,0.019444444444444445,,,,
kk,edgeface_xs,112,512,avif,skin_tone,__overall__,84855,0.30732545256614685,0.01,0.010005303164221319,0.005729664033336227,0.019444444444444445,1.3714780411108218,6.0
kk,edgeface_xs,112,512,avif,gender,F,94936,0.3257637619972229,0.01,0.012692761439285414,,,,
kk,edgeface_xs,112,512,avif,gender,M,56171,0.3257637619972229,0.01,0.0054654537038685445,,,,
kk,edgeface_xs,112,512,avif,gender,__overall__,151107,0.3257637619972229,0.01,0.010006154579205463,0.0054654537038685445,0.012692761439285414,0.7227307735416869,2.0
kk,edgeface_xs,112,512,avif,age,26-35,50332,0.3188827633857727,0.01,0.005622665501072876,,,,
kk,edgeface_xs,112,512,avif,age,36-50,6062,0.3188827633857727,0.01,0.005443747937974266,,,,
kk,edgeface_xs,112,512,avif,age,<=25,54517,0.3188827633857727,0.01,0.014564264357906708,,,,
kk,edgeface_xs,112,512,avif,age,__overall__,110911,0.3188827633857727,0.01,0.010008024452038121,0.005443747937974266,0.014564264357906708,0.9120516419932442,3.0
kk,edgeface_xs,112,512,avif,skin_tone,MST10,413,0.383964866399765,0.001,0.0,,,,
kk,edgeface_xs,112,512,avif,skin_tone,MST5,3727,0.383964866399765,0.001,0.0008049369466058492,,,,
kk,edgeface_xs,112,512,avif,skin_tone,MST6,55963,0.383964866399765,0.001,0.0012150885406429248,,,,
kk,edgeface_xs,112,512,avif,skin_tone,MST7,23038,0.383964866399765,0.001,0.00043406545707092627,,,,
kk,edgeface_xs,112,512,avif,skin_tone,MST8,274,0.383964866399765,0.001,0.0,,,,
kk,edgeface_xs,112,512,avif,skin_tone,MST9,1440,0.383964866399765,0.001,0.002777777777777778,,,,
kk,edgeface_xs,112,512,avif,skin_tone,__overall__,84855,0.383964866399765,0.001,0.0010017087973602026,0.0,0.002777777777777778,0.2777777777777778,6.0
kk,edgeface_xs,112,512,avif,gender,F,94936,0.40518978238105774,0.001,0.001453610853627707,,,,
kk,edgeface_xs,112,512,avif,gender,M,56171,0.40518978238105774,0.001,0.0002492389311210411,,,,
kk,edgeface_xs,112,512,avif,gender,__overall__,151107,0.40518978238105774,0.001,0.0010059097196026656,0.0002492389311210411,0.001453610853627707,0.1204371922506666,2.0
kk,edgeface_xs,112,512,avif,age,26-35,50332,0.4027605950832367,0.001,0.0003576253675594055,,,,
kk,edgeface_xs,112,512,avif,age,36-50,6062,0.4027605950832367,0.001,0.0001649620587264929,,,,
kk,edgeface_xs,112,512,avif,age,<=25,54517,0.4027605950832367,0.001,0.0016875470036869233,,,,
kk,edgeface_xs,112,512,avif,age,__overall__,110911,0.4027605950832367,0.001,0.001000802445203812,0.0001649620587264929,0.0016875470036869233,0.15225849449604303,3.0
kk,edgeface_xs,112,1024,heif,skin_tone,MST10,413,0.27438676357269287,0.01,0.0,,,,
kk,edgeface_xs,112,1024,heif,skin_tone,MST5,3727,0.27438676357269287,0.01,0.005366246310705662,,,,
kk,edgeface_xs,112,1024,heif,skin_tone,MST6,55963,0.27438676357269287,0.01,0.011507603237853582,,,,
kk,edgeface_xs,112,1024,heif,skin_tone,MST7,23038,0.27438676357269287,0.01,0.006684608038892265,,,,
kk,edgeface_xs,112,1024,heif,skin_tone,MST8,274,0.27438676357269287,0.01,0.029197080291970802,,,,
kk,edgeface_xs,112,1024,heif,skin_tone,MST9,1440,0.27438676357269287,0.01,0.01597222222222222,,,,
kk,edgeface_xs,112,1024,heif,skin_tone,__overall__,84855,0.27438676357269287,0.01,0.010005303164221319,0.0,0.029197080291970802,2.9197080291970803,6.0
kk,edgeface_xs,112,1024,heif,gender,F,94936,0.2911073565483093,0.01,0.011913288952557513,,,,
kk,edgeface_xs,112,1024,heif,gender,M,56171,0.2911073565483093,0.01,0.00678285948265119,,,,
kk,edgeface_xs,112,1024,heif,gender,__overall__,151107,0.2911073565483093,0.01,0.010006154579205463,0.00678285948265119,0.011913288952557513,0.5130429469906322,2.0
kk,edgeface_xs,112,1024,heif,age,26-35,50332,0.2863786220550537,0.01,0.005841214336803624,,,,
kk,edgeface_xs,112,1024,heif,age,36-50,6062,0.2863786220550537,0.01,0.009237875288683603,,,,
kk,edgeface_xs,112,1024,heif,age,<=25,54517,0.2863786220550537,0.01,0.013940605682631106,,,,
kk,edgeface_xs,112,1024,heif,age,__overall__,110911,0.2863786220550537,0.01,0.010008024452038121,0.005841214336803624,0.013940605682631106,0.8099391345827482,3.0
kk,edgeface_xs,112,1024,heif,skin_tone,MST10,413,0.36246511340141296,0.001,0.0,,,,
kk,edgeface_xs,112,1024,heif,skin_tone,MST5,3727,0.36246511340141296,0.001,0.00026831231553528306,,,,
kk,edgeface_xs,112,1024,heif,skin_tone,MST6,55963,0.36246511340141296,0.001,0.0013401711845326377,,,,
kk,edgeface_xs,112,1024,heif,skin_tone,MST7,23038,0.36246511340141296,0.001,0.0003906589113638337,,,,
kk,edgeface_xs,112,1024,heif,skin_tone,MST8,274,0.36246511340141296,0.001,0.0,,,,
kk,edgeface_xs,112,1024,heif,skin_tone,MST9,1440,0.36246511340141296,0.001,0.0,,,,
kk,edgeface_xs,112,1024,heif,skin_tone,__overall__,84855,0.36246511340141296,0.001,0.0010017087973602026,0.0,0.0013401711845326377,0.13401711845326378,6.0
kk,edgeface_xs,112,1024,heif,gender,F,94936,0.37568584084510803,0.001,0.0012218757900058987,,,,
kk,edgeface_xs,112,1024,heif,gender,M,56171,0.37568584084510803,0.001,0.0006409001085969628,,,,
kk,edgeface_xs,112,1024,heif,gender,__overall__,151107,0.37568584084510803,0.001,0.0010059097196026656,0.0006409001085969628,0.0012218757900058987,0.058097568140893584,2.0
kk,edgeface_xs,112,1024,heif,age,26-35,50332,0.3705432415008545,0.001,0.0005364380513391083,,,,
kk,edgeface_xs,112,1024,heif,age,36-50,6062,0.3705432415008545,0.001,0.0006598482349059716,,,,
kk,edgeface_xs,112,1024,heif,age,<=25,54517,0.3705432415008545,0.001,0.0014674321771190638,,,,
kk,edgeface_xs,112,1024,heif,age,__overall__,110911,0.3705432415008545,0.001,0.001000802445203812,0.0005364380513391083,0.0014674321771190638,0.09309941257799556,3.0
kk,edgeface_xs,112,512,heif,skin_tone,MST10,413,0.35176345705986023,0.01,0.002421307506053269,,,,
kk,edgeface_xs,112,512,heif,skin_tone,MST5,3727,0.35176345705986023,0.01,0.01395224040783472,,,,
kk,edgeface_xs,112,512,heif,skin_tone,MST6,55963,0.35176345705986023,0.01,0.01100727266229473,,,,
kk,edgeface_xs,112,512,heif,skin_tone,MST7,23038,0.35176345705986023,0.01,0.007031860404549006,,,,
kk,edgeface_xs,112,512,heif,skin_tone,MST8,274,0.35176345705986023,0.01,0.0036496350364963502,,,,
kk,edgeface_xs,112,512,heif,skin_tone,MST9,1440,0.35176345705986023,0.01,0.011805555555555555,,,,
kk,edgeface_xs,112,512,heif,skin_tone,__overall__,84855,0.35176345705986023,0.01,0.010005303164221319,0.002421307506053269,0.01395224040783472,1.1530932901781452,6.0
kk,edgeface_xs,112,512,heif,gender,F,94936,0.37002432346343994,0.01,0.013735569225583551,,,,
kk,edgeface_xs,112,512,heif,gender,M,56171,0.37002432346343994,0.01,0.0037029784052268963,,,,
kk,edgeface_xs,112,512,heif,gender,__overall__,151107,0.37002432346343994,0.01,0.010006154579205463,0.0037029784052268963,0.013735569225583551,1.0032590820356655,2.0
kk,edgeface_xs,112,512,heif,age,26-35,50332,0.3633883595466614,0.01,0.004649129778272272,,,,
kk,edgeface_xs,112,512,heif,age,36-50,6062,0.3633883595466614,0.01,0.004289013526888816,,,,
kk,edgeface_xs,112,512,heif,age,<=25,54517,0.3633883595466614,0.01,0.015591466881890052,,,,
kk,edgeface_xs,112,512,heif,age,__overall__,110911,0.3633883595466614,0.01,0.010008024452038121,0.004289013526888816,0.015591466881890052,1.1302453355001236,3.0
kk,edgeface_xs,112,512,heif,skin_tone,MST10,413,0.44032853841781616,0.001,0.0,,,,
kk,edgeface_xs,112,512,heif,skin_tone,MST5,3727,0.44032853841781616,0.001,0.0010732492621411322,,,,
kk,edgeface_xs,112,512,heif,skin_tone,MST6,55963,0.44032853841781616,0.001,0.0011972195915158229,,,,
kk,edgeface_xs,112,512,heif,skin_tone,MST7,23038,0.44032853841781616,0.001,0.0006076916398992968,,,,
kk,edgeface_xs,112,512,heif,skin_tone,MST8,274,0.44032853841781616,0.001,0.0,,,,
kk,edgeface_xs,112,512,heif,skin_tone,MST9,1440,0.44032853841781616,0.001,0.0,,,,
kk,edgeface_xs,112,512,heif,skin_tone,__overall__,84855,0.44032853841781616,0.001,0.0010017087973602026,0.0,0.0011972195915158229,0.11972195915158229,6.0
kk,edgeface_xs,112,512,heif,gender,F,94936,0.4571879804134369,0.001,0.001474677677593326,,,,
kk,edgeface_xs,112,512,heif,gender,M,56171,0.4571879804134369,0.001,0.00021363336953232094,,,,
kk,edgeface_xs,112,512,heif,gender,__overall__,151107,0.4571879804134369,0.001,0.0010059097196026656,0.00021363336953232094,0.001474677677593326,0.1261044308061005,2.0
kk,edgeface_xs,112,512,heif,age,26-35,50332,0.4495612680912018,0.001,0.00023841691170627038,,,,
kk,edgeface_xs,112,512,heif,age,36-50,6062,0.4495612680912018,0.001,0.0006598482349059716,,,,
kk,edgeface_xs,112,512,heif,age,<=25,54517,0.4495612680912018,0.001,0.0017425757103288883,,,,
kk,edgeface_xs,112,512,heif,age,__overall__,110911,0.4495612680912018,0.001,0.001000802445203812,0.00023841691170627038,0.0017425757103288883,0.1504158798622618,3.0
kk,edgeface_xs,112,1024,jpeg2000,skin_tone,MST10,413,0.3164583444595337,0.01,0.007263922518159807,,,,
kk,edgeface_xs,112,1024,jpeg2000,skin_tone,MST5,3727,0.3164583444595337,0.01,0.013683928092299437,,,,
kk,edgeface_xs,112,1024,jpeg2000,skin_tone,MST6,55963,0.3164583444595337,0.01,0.011221700051819952,,,,
kk,edgeface_xs,112,1024,jpeg2000,skin_tone,MST7,23038,0.3164583444595337,0.01,0.006250542581821339,,,,
kk,edgeface_xs,112,1024,jpeg2000,skin_tone,MST8,274,0.3164583444595337,0.01,0.0,,,,
kk,edgeface_xs,112,1024,jpeg2000,skin_tone,MST9,1440,0.3164583444595337,0.01,0.01597222222222222,,,,
kk,edgeface_xs,112,1024,jpeg2000,skin_tone,__overall__,84855,0.3164583444595337,0.01,0.010005303164221319,0.0,0.01597222222222222,1.597222222222222,6.0
kk,edgeface_xs,112,1024,jpeg2000,gender,F,94936,0.3358667492866516,0.01,0.013071964270666554,,,,
kk,edgeface_xs,112,1024,jpeg2000,gender,M,56171,0.3358667492866516,0.01,0.004824553595271582,,,,
kk,edgeface_xs,112,1024,jpeg2000,gender,__overall__,151107,0.3358667492866516,0.01,0.010006154579205463,0.004824553595271582,0.013071964270666554,0.8247410675394973,2.0
kk,edgeface_xs,112,1024,jpeg2000,age,26-35,50332,0.33094850182533264,0.01,0.004311372486688389,,,,
kk,edgeface_xs,112,1024,jpeg2000,age,36-50,6062,0.33094850182533264,0.01,0.006268558231606731,,,,
kk,edgeface_xs,112,1024,jpeg2000,age,<=25,54517,0.33094850182533264,0.01,0.015683181392959995,,,,
kk,edgeface_xs,112,1024,jpeg2000,age,__overall__,110911,0.33094850182533264,0.01,0.010008024452038121,0.004311372486688389,0.015683181392959995,1.1371808906271608,3.0
kk,edgeface_xs,112,1024,jpeg2000,skin_tone,MST10,413,0.4047585725784302,0.001,0.0,,,,
kk,edgeface_xs,112,1024,jpeg2000,skin_tone,MST5,3727,0.4047585725784302,0.001,0.0013415615776764154,,,,
kk,edgeface_xs,112,1024,jpeg2000,skin_tone,MST6,55963,0.4047585725784302,0.001,0.0011078748458803137,,,,
kk,edgeface_xs,112,1024,jpeg2000,skin_tone,MST7,23038,0.4047585725784302,0.001,0.0006945047313134821,,,,
kk,edgeface_xs,112,1024,jpeg2000,skin_tone,MST8,274,0.4047585725784302,0.001,0.0,,,,
kk,edgeface_xs,112,1024,jpeg2000,skin_tone,MST9,1440,0.4047585725784302,0.001,0.001388888888888889,,,,
kk,edgeface_xs,112,1024,jpeg2000,skin_tone,__overall__,84855,0.4047585725784302,0.001,0.0010017087973602026,0.0,0.001388888888888889,0.1388888888888889,6.0
kk,edgeface_xs,112,1024,jpeg2000,gender,F,94936,0.42015236616134644,0.001,0.0014430774416448976,,,,
kk,edgeface_xs,112,1024,jpeg2000,gender,M,56171,0.42015236616134644,0.001,0.0002670417119154012,,,,
kk,edgeface_xs,112,1024,jpeg2000,gender,__overall__,151107,0.42015236616134644,0.001,0.0010059097196026656,0.0002670417119154012,0.0014430774416448976,0.11760357297294964,2.0
kk,edgeface_xs,112,1024,jpeg2000,age,26-35,50332,0.41662612557411194,0.001,0.0002781530636573154,,,,
kk,edgeface_xs,112,1024,jpeg2000,age,36-50,6062,0.41662612557411194,0.001,0.0003299241174529858,,,,
kk,edgeface_xs,112,1024,jpeg2000,age,<=25,54517,0.41662612557411194,0.001,0.0017425757103288883,,,,
kk,edgeface_xs,112,1024,jpeg2000,age,__overall__,110911,0.41662612557411194,0.001,0.001000802445203812,0.0002781530636573154,0.0017425757103288883,0.1464422646671573,3.0
kk,edgeface_xs,112,512,jpeg2000,skin_tone,MST10,413,0.3949538767337799,0.01,0.004842615012106538,,,,
kk,edgeface_xs,112,512,jpeg2000,skin_tone,MST5,3727,0.3949538767337799,0.01,0.013415615776764154,,,,
kk,edgeface_xs,112,512,jpeg2000,skin_tone,MST6,55963,0.3949538767337799,0.01,0.011150224255311545,,,,
kk,edgeface_xs,112,512,jpeg2000,skin_tone,MST7,23038,0.3949538767337799,0.01,0.006988453858841914,,,,
kk,edgeface_xs,112,512,jpeg2000,skin_tone,MST8,274,0.3949538767337799,0.01,0.0,,,,
kk,edgeface_xs,112,512,jpeg2000,skin_tone,MST9,1440,0.3949538767337799,0.01,0.008333333333333333,,,,
kk,edgeface_xs,112,512,jpeg2000,skin_tone,__overall__,84855,0.3949538767337799,0.01,0.010005303164221319,0.0,0.013415615776764154,1.3415615776764154,6.0
kk,edgeface_xs,112,512,jpeg2000,gender,F,94936,0.41889488697052,0.01,0.013946237465239741,,,,
kk,edgeface_xs,112,512,jpeg2000,gender,M,56171,0.41889488697052,0.01,0.0033469227893396947,,,,
kk,edgeface_xs,112,512,jpeg2000,gender,__overall__,151107,0.41889488697052,0.01,0.010006154579205463,0.0033469227893396947,0.013946237465239741,1.0599314675900047,2.0
kk,edgeface_xs,112,512,jpeg2000,age,26-35,50332,0.4109717011451721,0.01,0.004430580942541524,,,,
kk,edgeface_xs,112,512,jpeg2000,age,36-50,6062,0.4109717011451721,0.01,0.004618937644341801,,,,
kk,edgeface_xs,112,512,jpeg2000,age,<=25,54517,0.4109717011451721,0.01,0.015756553001815946,,,,
kk,edgeface_xs,112,512,jpeg2000,age,__overall__,110911,0.4109717011451721,0.01,0.010008024452038121,0.004430580942541524,0.015756553001815946,1.1325972059274423,3.0
kk,edgeface_xs,112,512,jpeg2000,skin_tone,MST10,413,0.49887439608573914,0.001,0.0,,,,
kk,edgeface_xs,112,512,jpeg2000,skin_tone,MST5,3727,0.49887439608573914,0.001,0.0013415615776764154,,,,
kk,edgeface_xs,112,512,jpeg2000,skin_tone,MST6,55963,0.49887439608573914,0.001,0.0011257437950074156,,,,
kk,edgeface_xs,112,512,jpeg2000,skin_tone,MST7,23038,0.49887439608573914,0.001,0.0006510981856063894,,,,
kk,edgeface_xs,112,512,jpeg2000,skin_tone,MST8,274,0.49887439608573914,0.001,0.0,,,,
kk,edgeface_xs,112,512,jpeg2000,skin_tone,MST9,1440,0.49887439608573914,0.001,0.001388888888888889,,,,
kk,edgeface_xs,112,512,jpeg2000,skin_tone,__overall__,84855,0.49887439608573914,0.001,0.0010017087973602026,0.0,0.001388888888888889,0.1388888888888889,6.0
kk,edgeface_xs,112,512,jpeg2000,gender,F,94936,0.5204224586486816,0.001,0.0014325440296620881,,,,
kk,edgeface_xs,112,512,jpeg2000,gender,M,56171,0.5204224586486816,0.001,0.00028484449270976125,,,,
kk,edgeface_xs,112,512,jpeg2000,gender,__overall__,151107,0.5204224586486816,0.001,0.0010059097196026656,0.00028484449270976125,0.0014325440296620881,0.11476995369523268,2.0
kk,edgeface_xs,112,512,jpeg2000,age,26-35,50332,0.5123198628425598,0.001,0.0003973615195104506,,,,
kk,edgeface_xs,112,512,jpeg2000,age,36-50,6062,0.5123198628425598,0.001,0.0003299241174529858,,,,
kk,edgeface_xs,112,512,jpeg2000,age,<=25,54517,0.5123198628425598,0.001,0.0016325182970449584,,,,
kk,edgeface_xs,112,512,jpeg2000,age,__overall__,110911,0.5123198628425598,0.001,0.001000802445203812,0.0003299241174529858,0.0016325182970449584,0.13025941795919727,3.0
kk,edgeface_xs,112,1024,jpeg,skin_tone,MST10,413,0.2768547236919403,0.01,0.004842615012106538,,,,
kk,edgeface_xs,112,1024,jpeg,skin_tone,MST5,3727,0.2768547236919403,0.01,0.011537429568017172,,,,
kk,edgeface_xs,112,1024,jpeg,skin_tone,MST6,55963,0.2768547236919403,0.01,0.011078748458803137,,,,
kk,edgeface_xs,112,1024,jpeg,skin_tone,MST7,23038,0.2768547236919403,0.01,0.006728014584599358,,,,
kk,edgeface_xs,112,1024,jpeg,skin_tone,MST8,274,0.2768547236919403,0.01,0.029197080291970802,,,,
kk,edgeface_xs,112,1024,jpeg,skin_tone,MST9,1440,0.2768547236919403,0.01,0.014583333333333334,,,,
kk,edgeface_xs,112,1024,jpeg,skin_tone,__overall__,84855,0.2768547236919403,0.01,0.010005303164221319,0.004842615012106538,0.029197080291970802,2.4354465279864264,6.0
kk,edgeface_xs,112,1024,jpeg,gender,F,94936,0.2956199645996094,0.01,0.01175528777281537,,,,
kk,edgeface_xs,112,1024,jpeg,gender,M,56171,0.2956199645996094,0.01,0.007049901194566591,,,,
kk,edgeface_xs,112,1024,jpeg,gender,__overall__,151107,0.2956199645996094,0.01,0.010006154579205463,0.007049901194566591,0.01175528777281537,0.4705386578248779,2.0
kk,edgeface_xs,112,1024,jpeg,age,26-35,50332,0.28823474049568176,0.01,0.005781610108877056,,,,
kk,edgeface_xs,112,1024,jpeg,age,36-50,6062,0.28823474049568176,0.01,0.008248102936324645,,,,
kk,edgeface_xs,112,1024,jpeg,age,<=25,54517,0.28823474049568176,0.01,0.014105691802557,,,,
kk,edgeface_xs,112,1024,jpeg,age,__overall__,110911,0.28823474049568176,0.01,0.010008024452038121,0.005781610108877056,0.014105691802557,0.8324081693679943,3.0
kk,edgeface_xs,112,1024,jpeg,skin_tone,MST10,413,0.3656960725784302,0.001,0.0,,,,
kk,edgeface_xs,112,1024,jpeg,skin_tone,MST5,3727,0.3656960725784302,0.001,0.0005366246310705661,,,,
kk,edgeface_xs,112,1024,jpeg,skin_tone,MST6,55963,0.3656960725784302,0.001,0.0011793506423887212,,,,
kk,edgeface_xs,112,1024,jpeg,skin_tone,MST7,23038,0.3656960725784302,0.001,0.0005642850941922041,,,,
kk,edgeface_xs,112,1024,jpeg,skin_tone,MST8,274,0.3656960725784302,0.001,0.0,,,,
kk,edgeface_xs,112,1024,jpeg,skin_tone,MST9,1440,0.3656960725784302,0.001,0.002777777777777778,,,,
kk,edgeface_xs,112,1024,jpeg,skin_tone,__overall__,84855,0.3656960725784302,0.001,0.0010017087973602026,0.0,0.002777777777777778,0.2777777777777778,6.0
kk,edgeface_xs,112,1024,jpeg,gender,F,94936,0.375991553068161,0.001,0.001295609673885565,,,,
kk,edgeface_xs,112,1024,jpeg,gender,M,56171,0.375991553068161,0.001,0.0005162806430364423,,,,
kk,edgeface_xs,112,1024,jpeg,gender,__overall__,151107,0.375991553068161,0.001,0.0010059097196026656,0.0005162806430364423,0.001295609673885565,0.07793290308491228,2.0
kk,edgeface_xs,112,1024,jpeg,age,26-35,50332,0.37101373076438904,0.001,0.0005364380513391083,,,,
kk,edgeface_xs,112,1024,jpeg,age,36-50,6062,0.37101373076438904,0.001,0.0008248102936324645,,,,
kk,edgeface_xs,112,1024,jpeg,age,<=25,54517,0.37101373076438904,0.001,0.0014490892749050755,,,,
kk,edgeface_xs,112,1024,jpeg,age,__overall__,110911,0.37101373076438904,0.001,0.001000802445203812,0.0005364380513391083,0.0014490892749050755,0.09126512235659671,3.0
kk,edgeface_xs,112,512,jpeg,skin_tone,MST10,413,0.3818740248680115,0.01,0.004842615012106538,,,,
kk,edgeface_xs,112,512,jpeg,skin_tone,MST5,3727,0.3818740248680115,0.01,0.015293801985511135,,,,
kk,edgeface_xs,112,512,jpeg,skin_tone,MST6,55963,0.3818740248680115,0.01,0.01081071422189661,,,,
kk,edgeface_xs,112,512,jpeg,skin_tone,MST7,23038,0.3818740248680115,0.01,0.00759614549874121,,,,
kk,edgeface_xs,112,512,jpeg,skin_tone,MST8,274,0.3818740248680115,0.01,0.0036496350364963502,,,,
kk,edgeface_xs,112,512,jpeg,skin_tone,MST9,1440,0.3818740248680115,0.01,0.00625,,,,
kk,edgeface_xs,112,512,jpeg,skin_tone,__overall__,84855,0.3818740248680115,0.01,0.010005303164221319,0.0036496350364963502,0.015293801985511135,1.1644166949014785,6.0
kk,edgeface_xs,112,512,jpeg,gender,F,94936,0.402121901512146,0.01,0.012924496502907222,,,,
kk,edgeface_xs,112,512,jpeg,gender,M,56171,0.402121901512146,0.01,0.005073792526392623,,,,
kk,edgeface_xs,112,512,jpeg,gender,__overall__,151107,0.402121901512146,0.01,0.010006154579205463,0.005073792526392623,0.012924496502907222,0.7850703976514599,2.0
kk,edgeface_xs,112,512,jpeg,age,26-35,50332,0.3953738808631897,0.01,0.005741873956926011,,,,
kk,edgeface_xs,112,512,jpeg,age,36-50,6062,0.3953738808631897,0.01,0.004289013526888816,,,,
kk,edgeface_xs,112,512,jpeg,age,<=25,54517,0.3953738808631897,0.01,0.014582607260120697,,,,
kk,edgeface_xs,112,512,jpeg,age,__overall__,110911,0.3953738808631897,0.01,0.010008024452038121,0.004289013526888816,0.014582607260120697,1.0293593733231883,3.0
kk,edgeface_xs,112,512,jpeg,skin_tone,MST10,413,0.48502445220947266,0.001,0.0,,,,
kk,edgeface_xs,112,512,jpeg,skin_tone,MST5,3727,0.48502445220947266,0.001,0.0018781862087469815,,,,
kk,edgeface_xs,112,512,jpeg,skin_tone,MST6,55963,0.48502445220947266,0.001,0.0009649232528634991,,,,
kk,edgeface_xs,112,512,jpeg,skin_tone,MST7,23038,0.48502445220947266,0.001,0.0009983505512631305,,,,
kk,edgeface_xs,112,512,jpeg,skin_tone,MST8,274,0.48502445220947266,0.001,0.0,,,,
kk,edgeface_xs,112,512,jpeg,skin_tone,MST9,1440,0.48502445220947266,0.001,0.0006944444444444445,,,,
kk,edgeface_xs,112,512,jpeg,skin_tone,__overall__,84855,0.48502445220947266,0.001,0.0010017087973602026,0.0,0.0018781862087469815,0.18781862087469814,6.0
kk,edgeface_xs,112,512,jpeg,gender,F,94936,0.49862396717071533,0.001,0.0011586753181090418,,,,
kk,edgeface_xs,112,512,jpeg,gender,M,56171,0.49862396717071533,0.001,0.0007477167933631233,,,,
kk,edgeface_xs,112,512,jpeg,gender,__overall__,151107,0.49862396717071533,0.001,0.0010059097196026656,0.0007477167933631233,0.0011586753181090418,0.04109585247459185,2.0
kk,edgeface_xs,112,512,jpeg,age,26-35,50332,0.4953534007072449,0.001,0.0007549868870698562,,,,
kk,edgeface_xs,112,512,jpeg,age,36-50,6062,0.4953534007072449,0.001,0.0004948861761794787,,,,
kk,edgeface_xs,112,512,jpeg,age,<=25,54517,0.4953534007072449,0.001,0.0012840031549791809,,,,
kk,edgeface_xs,112,512,jpeg,age,__overall__,110911,0.4953534007072449,0.001,0.001000802445203812,0.0004948861761794787,0.0012840031549791809,0.07891169787997021,3.0
kk,edgeface_xs,112,1024,jpeg_ai,skin_tone,MST10,413,0.27075064182281494,0.01,0.002421307506053269,,,,
kk,edgeface_xs,112,1024,jpeg_ai,skin_tone,MST5,3727,0.27075064182281494,0.01,0.007781057150523209,,,,
kk,edgeface_xs,112,1024,jpeg_ai,skin_tone,MST6,55963,0.27075064182281494,0.01,0.011471865339599378,,,,
kk,edgeface_xs,112,1024,jpeg_ai,skin_tone,MST7,23038,0.27075064182281494,0.01,0.006728014584599358,,,,
kk,edgeface_xs,112,1024,jpeg_ai,skin_tone,MST8,274,0.27075064182281494,0.01,0.029197080291970802,,,,
kk,edgeface_xs,112,1024,jpeg_ai,skin_tone,MST9,1440,0.27075064182281494,0.01,0.009722222222222222,,,,
kk,edgeface_xs,112,1024,jpeg_ai,skin_tone,__overall__,84855,0.27075064182281494,0.01,0.010005303164221319,0.002421307506053269,0.029197080291970802,2.677577278591753,6.0
kk,edgeface_xs,112,1024,jpeg_ai,gender,F,94936,0.2907325029373169,0.01,0.011523552709193563,,,,
kk,edgeface_xs,112,1024,jpeg_ai,gender,M,56171,0.2907325029373169,0.01,0.007441562372042513,,,,
kk,edgeface_xs,112,1024,jpeg_ai,gender,__overall__,151107,0.2907325029373169,0.01,0.010006154579205463,0.007441562372042513,0.011523552709193563,0.40819903371510496,2.0
kk,edgeface_xs,112,1024,jpeg_ai,age,26-35,50332,0.2853699028491974,0.01,0.006695541603751093,,,,
kk,edgeface_xs,112,1024,jpeg_ai,age,36-50,6062,0.2853699028491974,0.01,0.009072913229957109,,,,
kk,edgeface_xs,112,1024,jpeg_ai,age,<=25,54517,0.2853699028491974,0.01,0.013170203789643597,,,,
kk,edgeface_xs,112,1024,jpeg_ai,age,__overall__,110911,0.2853699028491974,0.01,0.010008024452038121,0.006695541603751093,0.013170203789643597,0.6474662185892505,3.0
kk,edgeface_xs,112,1024,jpeg_ai,skin_tone,MST10,413,0.3525565266609192,0.001,0.002421307506053269,,,,
kk,edgeface_xs,112,1024,jpeg_ai,skin_tone,MST5,3727,0.3525565266609192,0.001,0.0005366246310705661,,,,
kk,edgeface_xs,112,1024,jpeg_ai,skin_tone,MST6,55963,0.3525565266609192,0.001,0.0011793506423887212,,,,
kk,edgeface_xs,112,1024,jpeg_ai,skin_tone,MST7,23038,0.3525565266609192,0.001,0.0006510981856063894,,,,
kk,edgeface_xs,112,1024,jpeg_ai,skin_tone,MST8,274,0.3525565266609192,0.001,0.0,,,,
kk,edgeface_xs,112,1024,jpeg_ai,skin_tone,MST9,1440,0.3525565266609192,0.001,0.0006944444444444445,,,,
kk,edgeface_xs,112,1024,jpeg_ai,skin_tone,__overall__,84855,0.3525565266609192,0.001,0.0010017087973602026,0.0,0.002421307506053269,0.24213075060532688,6.0
kk,edgeface_xs,112,1024,jpeg_ai,gender,F,94936,0.37518343329429626,0.001,0.0011270750821606136,,,,
kk,edgeface_xs,112,1024,jpeg_ai,gender,M,56171,0.37518343329429626,0.001,0.0008011251357462035,,,,
kk,edgeface_xs,112,1024,jpeg_ai,gender,__overall__,151107,0.37518343329429626,0.001,0.0010059097196026656,0.0008011251357462035,0.0011270750821606136,0.032594994641441,2.0
kk,edgeface_xs,112,1024,jpeg_ai,age,26-35,50332,0.3709390461444855,0.001,0.0005165699753635858,,,,
kk,edgeface_xs,112,1024,jpeg_ai,age,36-50,6062,0.3709390461444855,0.001,0.0023094688221709007,,,,
kk,edgeface_xs,112,1024,jpeg_ai,age,<=25,54517,0.3709390461444855,0.001,0.001302346057193169,,,,
kk,edgeface_xs,112,1024,jpeg_ai,age,__overall__,110911,0.3709390461444855,0.001,0.001000802445203812,0.0005165699753635858,0.0023094688221709007,0.17928988468073148,3.0
kk,edgeface_xs,112,512,jpeg_ai,skin_tone,MST10,413,0.2734920382499695,0.01,0.002421307506053269,,,,
kk,edgeface_xs,112,512,jpeg_ai,skin_tone,MST5,3727,0.2734920382499695,0.01,0.008317681781593774,,,,
kk,edgeface_xs,112,512,jpeg_ai,skin_tone,MST6,55963,0.2734920382499695,0.01,0.011507603237853582,,,,
kk,edgeface_xs,112,512,jpeg_ai,skin_tone,MST7,23038,0.2734920382499695,0.01,0.006510981856063894,,,,
kk,edgeface_xs,112,512,jpeg_ai,skin_tone,MST8,274,0.2734920382499695,0.01,0.01824817518248175,,,,
kk,edgeface_xs,112,512,jpeg_ai,skin_tone,MST9,1440,0.2734920382499695,0.01,0.0125,,,,
kk,edgeface_xs,112,512,jpeg_ai,skin_tone,__overall__,84855,0.2734920382499695,0.01,0.010005303164221319,0.002421307506053269,0.01824817518248175,1.582686767642848,6.0
kk,edgeface_xs,112,512,jpeg_ai,gender,F,94936,0.291618674993515,0.01,0.011460352237296705,,,,
kk,edgeface_xs,112,512,jpeg_ai,gender,M,56171,0.291618674993515,0.01,0.007548379056808673,,,,
kk,edgeface_xs,112,512,jpeg_ai,gender,__overall__,151107,0.291618674993515,0.01,0.010006154579205463,0.007548379056808673,0.011460352237296705,0.39119731804880314,2.0
kk,edgeface_xs,112,512,jpeg_ai,age,26-35,50332,0.2861615717411041,0.01,0.0060001589446078045,,,,
kk,edgeface_xs,112,512,jpeg_ai,age,36-50,6062,0.2861615717411041,0.01,0.011217419993401518,,,,
kk,edgeface_xs,112,512,jpeg_ai,age,<=25,54517,0.2861615717411041,0.01,0.01357374763835134,,,,
kk,edgeface_xs,112,512,jpeg_ai,age,__overall__,110911,0.2861615717411041,0.01,0.010008024452038121,0.0060001589446078045,0.01357374763835134,0.7573588693743535,3.0
kk,edgeface_xs,112,512,jpeg_ai,skin_tone,MST10,413,0.3640565872192383,0.001,0.0,,,,
kk,edgeface_xs,112,512,jpeg_ai,skin_tone,MST5,3727,0.3640565872192383,0.001,0.00026831231553528306,,,,
kk,edgeface_xs,112,512,jpeg_ai,skin_tone,MST6,55963,0.3640565872192383,0.001,0.001286564337151332,,,,
kk,edgeface_xs,112,512,jpeg_ai,skin_tone,MST7,23038,0.3640565872192383,0.001,0.0003906589113638337,,,,
kk,edgeface_xs,112,512,jpeg_ai,skin_tone,MST8,274,0.3640565872192383,0.001,0.0,,,,
kk,edgeface_xs,112,512,jpeg_ai,skin_tone,MST9,1440,0.3640565872192383,0.001,0.0020833333333333333,,,,
kk,edgeface_xs,112,512,jpeg_ai,skin_tone,__overall__,84855,0.3640565872192383,0.001,0.0010017087973602026,0.0,0.0020833333333333333,0.20833333333333334,6.0
kk,edgeface_xs,112,512,jpeg_ai,gender,F,94936,0.37561699748039246,0.001,0.001274542849919946,,,,
kk,edgeface_xs,112,512,jpeg_ai,gender,M,56171,0.37561699748039246,0.001,0.0005518862046251624,,,,
kk,edgeface_xs,112,512,jpeg_ai,gender,__overall__,151107,0.37561699748039246,0.001,0.0010059097196026656,0.0005518862046251624,0.001274542849919946,0.07226566452947837,2.0
kk,edgeface_xs,112,512,jpeg_ai,age,26-35,50332,0.37132492661476135,0.001,0.00047683382341254075,,,,
kk,edgeface_xs,112,512,jpeg_ai,age,36-50,6062,0.37132492661476135,0.001,0.0013196964698119432,,,,
kk,edgeface_xs,112,512,jpeg_ai,age,<=25,54517,0.37132492661476135,0.001,0.0014490892749050755,,,,
kk,edgeface_xs,112,512,jpeg_ai,age,__overall__,110911,0.37132492661476135,0.001,0.001000802445203812,0.00047683382341254075,0.0014490892749050755,0.09722554514925348,3.0
kk,edgeface_xs,112,1024,jpeg_fzt,skin_tone,MST10,413,0.28220707178115845,0.01,0.004842615012106538,,,,
kk,edgeface_xs,112,1024,jpeg_fzt,skin_tone,MST5,3727,0.28220707178115845,0.01,0.009927555674805473,,,,
kk,edgeface_xs,112,1024,jpeg_fzt,skin_tone,MST6,55963,0.28220707178115845,0.01,0.011561210085234887,,,,
kk,edgeface_xs,112,1024,jpeg_fzt,skin_tone,MST7,23038,0.28220707178115845,0.01,0.005816477124750413,,,,
kk,edgeface_xs,112,1024,jpeg_fzt,skin_tone,MST8,274,0.28220707178115845,0.01,0.010948905109489052,,,,
kk,edgeface_xs,112,1024,jpeg_fzt,skin_tone,MST9,1440,0.28220707178115845,0.01,0.018055555555555554,,,,
kk,edgeface_xs,112,1024,jpeg_fzt,skin_tone,__overall__,84855,0.28220707178115845,0.01,0.010005303164221319,0.004842615012106538,0.018055555555555554,1.3212940543449017,6.0
kk,edgeface_xs,112,1024,jpeg_fzt,gender,F,94936,0.3024529814720154,0.01,0.012060756720316845,,,,
kk,edgeface_xs,112,1024,jpeg_fzt,gender,M,56171,0.3024529814720154,0.01,0.006533620551530149,,,,
kk,edgeface_xs,112,1024,jpeg_fzt,gender,__overall__,151107,0.3024529814720154,0.01,0.010006154579205463,0.006533620551530149,0.012060756720316845,0.5527136168786696,2.0
kk,edgeface_xs,112,1024,jpeg_fzt,age,26-35,50332,0.2960805296897888,0.01,0.005483588969244218,,,,
kk,edgeface_xs,112,1024,jpeg_fzt,age,36-50,6062,0.2960805296897888,0.01,0.01022764764104256,,,,
kk,edgeface_xs,112,1024,jpeg_fzt,age,<=25,54517,0.2960805296897888,0.01,0.014160720509198966,,,,
kk,edgeface_xs,112,1024,jpeg_fzt,age,__overall__,110911,0.2960805296897888,0.01,0.010008024452038121,0.005483588969244218,0.014160720509198966,0.8677131539954749,3.0
kk,edgeface_xs,112,1024,jpeg_fzt,skin_tone,MST10,413,0.36604684591293335,0.001,0.0,,,,
kk,edgeface_xs,112,1024,jpeg_fzt,skin_tone,MST5,3727,0.36604684591293335,0.001,0.0005366246310705661,,,,
kk,edgeface_xs,112,1024,jpeg_fzt,skin_tone,MST6,55963,0.36604684591293335,0.001,0.0013401711845326377,,,,
kk,edgeface_xs,112,1024,jpeg_fzt,skin_tone,MST7,23038,0.36604684591293335,0.001,0.00026043927424255575,,,,
kk,edgeface_xs,112,1024,jpeg_fzt,skin_tone,MST8,274,0.36604684591293335,0.001,0.0,,,,
kk,edgeface_xs,112,1024,jpeg_fzt,skin_tone,MST9,1440,0.36604684591293335,0.001,0.001388888888888889,,,,
kk,edgeface_xs,112,1024,jpeg_fzt,skin_tone,__overall__,84855,0.36604684591293335,0.001,0.0010017087973602026,0.0,0.001388888888888889,0.1388888888888889,6.0
kk,edgeface_xs,112,1024,jpeg_fzt,gender,F,94936,0.384822815656662,0.001,0.001295609673885565,,,,
kk,edgeface_xs,112,1024,jpeg_fzt,gender,M,56171,0.384822815656662,0.001,0.0005162806430364423,,,,
kk,edgeface_xs,112,1024,jpeg_fzt,gender,__overall__,151107,0.384822815656662,0.001,0.0010059097196026656,0.0005162806430364423,0.001295609673885565,0.07793290308491228,2.0
kk,edgeface_xs,112,1024,jpeg_fzt,age,26-35,50332,0.377921462059021,0.001,0.0005761742032901534,,,,
kk,edgeface_xs,112,1024,jpeg_fzt,age,36-50,6062,0.377921462059021,0.001,0.0006598482349059716,,,,
kk,edgeface_xs,112,1024,jpeg_fzt,age,<=25,54517,0.377921462059021,0.001,0.001430746372691087,,,,
kk,edgeface_xs,112,1024,jpeg_fzt,age,__overall__,110911,0.377921462059021,0.001,0.001000802445203812,0.0005761742032901534,0.001430746372691087,0.08545721694009337,3.0
kk,edgeface_xs,112,512,jpeg_fzt,skin_tone,MST10,413,0.32007652521133423,0.01,0.002421307506053269,,,,
kk,edgeface_xs,112,512,jpeg_fzt,skin_tone,MST5,3727,0.32007652521133423,0.01,0.014220552723370002,,,,
kk,edgeface_xs,112,512,jpeg_fzt,skin_tone,MST6,55963,0.32007652521133423,0.01,0.01140038954309097,,,,
kk,edgeface_xs,112,512,jpeg_fzt,skin_tone,MST7,23038,0.32007652521133423,0.01,0.006207136036114246,,,,
kk,edgeface_xs,112,512,jpeg_fzt,skin_tone,MST8,274,0.32007652521133423,0.01,0.0036496350364963502,,,,
kk,edgeface_xs,112,512,jpeg_fzt,skin_tone,MST9,1440,0.32007652521133423,0.01,0.009027777777777777,,,,
kk,edgeface_xs,112,512,jpeg_fzt,skin_tone,__overall__,84855,0.32007652521133423,0.01,0.010005303164221319,0.002421307506053269,0.014220552723370002,1.1799245217316734,6.0
kk,edgeface_xs,112,512,jpeg_fzt,gender,F,94936,0.340656578540802,0.01,0.013208898626443078,,,,
kk,edgeface_xs,112,512,jpeg_fzt,gender,M,56171,0.340656578540802,0.01,0.0045931174449449,,,,
kk,edgeface_xs,112,512,jpeg_fzt,gender,__overall__,151107,0.340656578540802,0.01,0.010006154579205463,0.0045931174449449,0.013208898626443078,0.8615781181498177,2.0
kk,edgeface_xs,112,512,jpeg_fzt,age,26-35,50332,0.33476799726486206,0.01,0.004450449018517047,,,,
kk,edgeface_xs,112,512,jpeg_fzt,age,36-50,6062,0.33476799726486206,0.01,0.004124051468162322,,,,
kk,edgeface_xs,112,512,jpeg_fzt,age,<=25,54517,0.33476799726486206,0.01,0.015793238806243923,,,,
kk,edgeface_xs,112,512,jpeg_fzt,age,__overall__,110911,0.33476799726486206,0.01,0.010008024452038121,0.004124051468162322,0.015793238806243923,1.1669187338081601,3.0
kk,edgeface_xs,112,512,jpeg_fzt,skin_tone,MST10,413,0.4120576083660126,0.001,0.0,,,,
kk,edgeface_xs,112,512,jpeg_fzt,skin_tone,MST5,3727,0.4120576083660126,0.001,0.0013415615776764154,,,,
kk,edgeface_xs,112,512,jpeg_fzt,skin_tone,MST6,55963,0.4120576083660126,0.001,0.0012686953880242304,,,,
kk,edgeface_xs,112,512,jpeg_fzt,skin_tone,MST7,23038,0.4120576083660126,0.001,0.00034725236565674104,,,,
kk,edgeface_xs,112,512,jpeg_fzt,skin_tone,MST8,274,0.4120576083660126,0.001,0.0,,,,
kk,edgeface_xs,112,512,jpeg_fzt,skin_tone,MST9,1440,0.4120576083660126,0.001,0.0006944444444444445,,,,
kk,edgeface_xs,112,512,jpeg_fzt,skin_tone,__overall__,84855,0.4120576083660126,0.001,0.0010017087973602026,0.0,0.0013415615776764154,0.13415615776764153,6.0
kk,edgeface_xs,112,512,jpeg_fzt,gender,F,94936,0.4279589056968689,0.001,0.0014009437937136597,,,,
kk,edgeface_xs,112,512,jpeg_fzt,gender,M,56171,0.4279589056968689,0.001,0.0003382528350928415,,,,
kk,edgeface_xs,112,512,jpeg_fzt,gender,__overall__,151107,0.4279589056968689,0.001,0.0010059097196026656,0.0003382528350928415,0.0014009437937136597,0.10626909586208182,2.0
kk,edgeface_xs,112,512,jpeg_fzt,age,26-35,50332,0.4210512340068817,0.001,0.0003973615195104506,,,,
kk,edgeface_xs,112,512,jpeg_fzt,age,36-50,6062,0.4210512340068817,0.001,0.0001649620587264929,,,,
kk,edgeface_xs,112,512,jpeg_fzt,age,<=25,54517,0.4210512340068817,0.001,0.0016508611992589468,,,,
kk,edgeface_xs,112,512,jpeg_fzt,age,__overall__,110911,0.4210512340068817,0.001,0.001000802445203812,0.0001649620587264929,0.0016508611992589468,0.1485899140532454,3.0
kk,edgeface_xs,112,1024,jpeg_xl,skin_tone,MST10,413,0.2777789831161499,0.01,0.0,,,,
kk,edgeface_xs,112,1024,jpeg_xl,skin_tone,MST5,3727,0.2777789831161499,0.01,0.009122618728199625,,,,
kk,edgeface_xs,112,1024,jpeg_xl,skin_tone,MST6,55963,0.2777789831161499,0.01,0.011043010560548934,,,,
kk,edgeface_xs,112,1024,jpeg_xl,skin_tone,MST7,23038,0.2777789831161499,0.01,0.007162080041670284,,,,
kk,edgeface_xs,112,1024,jpeg_xl,skin_tone,MST8,274,0.2777789831161499,0.01,0.014598540145985401,,,,
kk,edgeface_xs,112,1024,jpeg_xl,skin_tone,MST9,1440,0.2777789831161499,0.01,0.019444444444444445,,,,
kk,edgeface_xs,112,1024,jpeg_xl,skin_tone,__overall__,84855,0.2777789831161499,0.01,0.010005303164221319,0.0,0.019444444444444445,1.9444444444444444,6.0
kk,edgeface_xs,112,1024,jpeg_xl,gender,F,94936,0.2950155735015869,0.01,0.011513019297210752,,,,
kk,edgeface_xs,112,1024,jpeg_xl,gender,M,56171,0.2950155735015869,0.01,0.007459365152836873,,,,
kk,edgeface_xs,112,1024,jpeg_xl,gender,__overall__,151107,0.2950155735015869,0.01,0.010006154579205463,0.007459365152836873,0.011513019297210752,0.4053654144373879,2.0
kk,edgeface_xs,112,1024,jpeg_xl,age,26-35,50332,0.288906067609787,0.01,0.006139235476436462,,,,
kk,edgeface_xs,112,1024,jpeg_xl,age,36-50,6062,0.288906067609787,0.01,0.011712306169580996,,,,
kk,edgeface_xs,112,1024,jpeg_xl,age,<=25,54517,0.288906067609787,0.01,0.013390318616211457,,,,
kk,edgeface_xs,112,1024,jpeg_xl,age,__overall__,110911,0.288906067609787,0.01,0.010008024452038121,0.006139235476436462,0.013390318616211457,0.7251083139774994,3.0
kk,edgeface_xs,112,1024,jpeg_xl,skin_tone,MST10,413,0.36764201521873474,0.001,0.0,,,,
kk,edgeface_xs,112,1024,jpeg_xl,skin_tone,MST5,3727,0.36764201521873474,0.001,0.0008049369466058492,,,,
kk,edgeface_xs,112,1024,jpeg_xl,skin_tone,MST6,55963,0.36764201521873474,0.001,0.0012508264388971285,,,,
kk,edgeface_xs,112,1024,jpeg_xl,skin_tone,MST7,23038,0.36764201521873474,0.001,0.0005208785484851115,,,,
kk,edgeface_xs,112,1024,jpeg_xl,skin_tone,MST8,274,0.36764201521873474,0.001,0.0,,,,
kk,edgeface_xs,112,1024,jpeg_xl,skin_tone,MST9,1440,0.36764201521873474,0.001,0.0,,,,
kk,edgeface_xs,112,1024,jpeg_xl,skin_tone,__overall__,84855,0.36764201521873474,0.001,0.0010017087973602026,0.0,0.0012508264388971285,0.12508264388971285,6.0
kk,edgeface_xs,112,1024,jpeg_xl,gender,F,94936,0.3778199851512909,0.001,0.0012429426139715176,,,,
kk,edgeface_xs,112,1024,jpeg_xl,gender,M,56171,0.3778199851512909,0.001,0.0006052945470082427,,,,
kk,edgeface_xs,112,1024,jpeg_xl,gender,__overall__,151107,0.3778199851512909,0.001,0.0010059097196026656,0.0006052945470082427,0.0012429426139715176,0.0637648066963275,2.0
kk,edgeface_xs,112,1024,jpeg_xl,age,26-35,50332,0.37212568521499634,0.001,0.0005165699753635858,,,,
kk,edgeface_xs,112,1024,jpeg_xl,age,36-50,6062,0.37212568521499634,0.001,0.001649620587264929,,,,
kk,edgeface_xs,112,1024,jpeg_xl,age,<=25,54517,0.37212568521499634,0.001,0.0013757176660491224,,,,
kk,edgeface_xs,112,1024,jpeg_xl,age,__overall__,110911,0.37212568521499634,0.001,0.001000802445203812,0.0005165699753635858,0.001649620587264929,0.11330506119013432,3.0
kk,edgeface_xs,112,512,jpeg_xl,skin_tone,MST10,413,,0.01,0.0,,,,
kk,edgeface_xs,112,512,jpeg_xl,skin_tone,MST5,3727,,0.01,0.0,,,,
kk,edgeface_xs,112,512,jpeg_xl,skin_tone,MST6,55963,,0.01,0.0,,,,
kk,edgeface_xs,112,512,jpeg_xl,skin_tone,MST7,23038,,0.01,0.0,,,,
kk,edgeface_xs,112,512,jpeg_xl,skin_tone,MST8,274,,0.01,0.0,,,,
kk,edgeface_xs,112,512,jpeg_xl,skin_tone,MST9,1440,,0.01,0.0,,,,
kk,edgeface_xs,112,512,jpeg_xl,skin_tone,__overall__,84855,,0.01,0.0,0.0,0.0,0.0,6.0
kk,edgeface_xs,112,512,jpeg_xl,gender,F,94936,,0.01,0.0,,,,
kk,edgeface_xs,112,512,jpeg_xl,gender,M,56171,,0.01,0.0,,,,
kk,edgeface_xs,112,512,jpeg_xl,gender,__overall__,151107,,0.01,0.0,0.0,0.0,0.0,2.0
kk,edgeface_xs,112,512,jpeg_xl,age,26-35,50332,,0.01,0.0,,,,
kk,edgeface_xs,112,512,jpeg_xl,age,36-50,6062,,0.01,0.0,,,,
kk,edgeface_xs,112,512,jpeg_xl,age,<=25,54517,,0.01,0.0,,,,
kk,edgeface_xs,112,512,jpeg_xl,age,__overall__,110911,,0.01,0.0,0.0,0.0,0.0,3.0
kk,edgeface_xs,112,512,jpeg_xl,skin_tone,MST10,413,,0.001,0.0,,,,
kk,edgeface_xs,112,512,jpeg_xl,skin_tone,MST5,3727,,0.001,0.0,,,,
kk,edgeface_xs,112,512,jpeg_xl,skin_tone,MST6,55963,,0.001,0.0,,,,
kk,edgeface_xs,112,512,jpeg_xl,skin_tone,MST7,23038,,0.001,0.0,,,,
kk,edgeface_xs,112,512,jpeg_xl,skin_tone,MST8,274,,0.001,0.0,,,,
kk,edgeface_xs,112,512,jpeg_xl,skin_tone,MST9,1440,,0.001,0.0,,,,
kk,edgeface_xs,112,512,jpeg_xl,skin_tone,__overall__,84855,,0.001,0.0,0.0,0.0,0.0,6.0
kk,edgeface_xs,112,512,jpeg_xl,gender,F,94936,,0.001,0.0,,,,
kk,edgeface_xs,112,512,jpeg_xl,gender,M,56171,,0.001,0.0,,,,
kk,edgeface_xs,112,512,jpeg_xl,gender,__overall__,151107,,0.001,0.0,0.0,0.0,0.0,2.0
kk,edgeface_xs,112,512,jpeg_xl,age,26-35,50332,,0.001,0.0,,,,
kk,edgeface_xs,112,512,jpeg_xl,age,36-50,6062,,0.001,0.0,,,,
kk,edgeface_xs,112,512,jpeg_xl,age,<=25,54517,,0.001,0.0,,,,
kk,edgeface_xs,112,512,jpeg_xl,age,__overall__,110911,,0.001,0.0,0.0,0.0,0.0,3.0
kk,edgeface_xs,112,1024,ours_accurate,skin_tone,MST10,413,0.2723785936832428,0.01,0.002421307506053269,,,,
kk,edgeface_xs,112,1024,ours_accurate,skin_tone,MST5,3727,0.2723785936832428,0.01,0.006707807888382077,,,,
kk,edgeface_xs,112,1024,ours_accurate,skin_tone,MST6,55963,0.2723785936832428,0.01,0.011150224255311545,,,,
kk,edgeface_xs,112,1024,ours_accurate,skin_tone,MST7,23038,0.2723785936832428,0.01,0.007813178227276674,,,,
kk,edgeface_xs,112,1024,ours_accurate,skin_tone,MST8,274,0.2723785936832428,0.01,0.014598540145985401,,,,
kk,edgeface_xs,112,1024,ours_accurate,skin_tone,MST9,1440,0.2723785936832428,0.01,0.010416666666666666,,,,
kk,edgeface_xs,112,1024,ours_accurate,skin_tone,__overall__,84855,0.2723785936832428,0.01,0.010005303164221319,0.002421307506053269,0.014598540145985401,1.2177232639932132,6.0
kk,edgeface_xs,112,1024,ours_accurate,gender,F,94936,0.2890245020389557,0.01,0.01157621976910761,,,,
kk,edgeface_xs,112,1024,ours_accurate,gender,M,56171,0.2890245020389557,0.01,0.007352548468070713,,,,
kk,edgeface_xs,112,1024,ours_accurate,gender,__overall__,151107,0.2890245020389557,0.01,0.010006154579205463,0.007352548468070713,0.01157621976910761,0.4223671301036897,2.0
kk,edgeface_xs,112,1024,ours_accurate,age,26-35,50332,0.28324323892593384,0.01,0.006536596995946912,,,,
kk,edgeface_xs,112,1024,ours_accurate,age,36-50,6062,0.28324323892593384,0.01,0.009897723523589575,,,,
kk,edgeface_xs,112,1024,ours_accurate,age,<=25,54517,0.28324323892593384,0.01,0.013225232496285563,,,,
kk,edgeface_xs,112,1024,ours_accurate,age,__overall__,110911,0.28324323892593384,0.01,0.010008024452038121,0.006536596995946912,0.013225232496285563,0.6688635500338651,3.0
kk,edgeface_xs,112,1024,ours_accurate,skin_tone,MST10,413,0.3554421663284302,0.001,0.0,,,,
kk,edgeface_xs,112,1024,ours_accurate,skin_tone,MST5,3727,0.3554421663284302,0.001,0.00026831231553528306,,,,
kk,edgeface_xs,112,1024,ours_accurate,skin_tone,MST6,55963,0.3554421663284302,0.001,0.0011972195915158229,,,,
kk,edgeface_xs,112,1024,ours_accurate,skin_tone,MST7,23038,0.3554421663284302,0.001,0.0007379112770205747,,,,
kk,edgeface_xs,112,1024,ours_accurate,skin_tone,MST8,274,0.3554421663284302,0.001,0.0,,,,
kk,edgeface_xs,112,1024,ours_accurate,skin_tone,MST9,1440,0.3554421663284302,0.001,0.0,,,,
kk,edgeface_xs,112,1024,ours_accurate,skin_tone,__overall__,84855,0.3554421663284302,0.001,0.0010017087973602026,0.0,0.0011972195915158229,0.11972195915158229,6.0
kk,edgeface_xs,112,1024,ours_accurate,gender,F,94936,0.37381890416145325,0.001,0.0011902755540574702,,,,
kk,edgeface_xs,112,1024,ours_accurate,gender,M,56171,0.37381890416145325,0.001,0.0006943084509800431,,,,
kk,edgeface_xs,112,1024,ours_accurate,gender,__overall__,151107,0.37381890416145325,0.001,0.0010059097196026656,0.0006943084509800431,0.0011902755540574702,0.049596710307742715,2.0
kk,edgeface_xs,112,1024,ours_accurate,age,26-35,50332,0.3692861795425415,0.001,0.000675514583167766,,,,
kk,edgeface_xs,112,1024,ours_accurate,age,36-50,6062,0.3692861795425415,0.001,0.0013196964698119432,,,,
kk,edgeface_xs,112,1024,ours_accurate,age,<=25,54517,0.3692861795425415,0.001,0.0012656602527651925,,,,
kk,edgeface_xs,112,1024,ours_accurate,age,__overall__,110911,0.3692861795425415,0.001,0.001000802445203812,0.000675514583167766,0.0013196964698119432,0.06441818866441772,3.0
kk,edgeface_xs,112,512,ours_accurate,skin_tone,MST10,413,0.2709639370441437,0.01,0.004842615012106538,,,,
kk,edgeface_xs,112,512,ours_accurate,skin_tone,MST5,3727,0.2709639370441437,0.01,0.007244432519452643,,,,
kk,edgeface_xs,112,512,ours_accurate,skin_tone,MST6,55963,0.2709639370441437,0.01,0.011257437950074157,,,,
kk,edgeface_xs,112,512,ours_accurate,skin_tone,MST7,23038,0.2709639370441437,0.01,0.0072922996787915615,,,,
kk,edgeface_xs,112,512,ours_accurate,skin_tone,MST8,274,0.2709639370441437,0.01,0.014598540145985401,,,,
kk,edgeface_xs,112,512,ours_accurate,skin_tone,MST9,1440,0.2709639370441437,0.01,0.0125,,,,
kk,edgeface_xs,112,512,ours_accurate,skin_tone,__overall__,84855,0.2709639370441437,0.01,0.010005303164221319,0.004842615012106538,0.014598540145985401,0.9755925133878863,6.0
kk,edgeface_xs,112,512,ours_accurate,gender,F,94936,0.2892173230648041,0.01,0.01154461953315918,,,,
kk,edgeface_xs,112,512,ours_accurate,gender,M,56171,0.2892173230648041,0.01,0.007405956810453793,,,,
kk,edgeface_xs,112,512,ours_accurate,gender,__overall__,151107,0.2892173230648041,0.01,0.010006154579205463,0.007405956810453793,0.01154461953315918,0.4138662722705388,2.0
kk,edgeface_xs,112,512,ours_accurate,age,26-35,50332,0.2821364998817444,0.01,0.006715409679726616,,,,
kk,edgeface_xs,112,512,ours_accurate,age,36-50,6062,0.2821364998817444,0.01,0.009402837347410096,,,,
kk,edgeface_xs,112,512,ours_accurate,age,<=25,54517,0.2821364998817444,0.01,0.013115175083001633,,,,
kk,edgeface_xs,112,512,ours_accurate,age,__overall__,110911,0.2821364998817444,0.01,0.010008024452038121,0.006715409679726616,0.013115175083001633,0.6399765403275017,3.0
kk,edgeface_xs,112,512,ours_accurate,skin_tone,MST10,413,0.3572000563144684,0.001,0.0,,,,
kk,edgeface_xs,112,512,ours_accurate,skin_tone,MST5,3727,0.3572000563144684,0.001,0.0,,,,
kk,edgeface_xs,112,512,ours_accurate,skin_tone,MST6,55963,0.3572000563144684,0.001,0.001286564337151332,,,,
kk,edgeface_xs,112,512,ours_accurate,skin_tone,MST7,23038,0.3572000563144684,0.001,0.0005208785484851115,,,,
kk,edgeface_xs,112,512,ours_accurate,skin_tone,MST8,274,0.3572000563144684,0.001,0.0,,,,
kk,edgeface_xs,112,512,ours_accurate,skin_tone,MST9,1440,0.3572000563144684,0.001,0.0006944444444444445,,,,
kk,edgeface_xs,112,512,ours_accurate,skin_tone,__overall__,84855,0.3572000563144684,0.001,0.0010017087973602026,0.0,0.001286564337151332,0.12865643371513322,6.0
kk,edgeface_xs,112,512,ours_accurate,gender,F,94936,0.371996134519577,0.001,0.0012113423780230892,,,,
kk,edgeface_xs,112,512,ours_accurate,gender,M,56171,0.371996134519577,0.001,0.0006587028893913229,,,,
kk,edgeface_xs,112,512,ours_accurate,gender,__overall__,151107,0.371996134519577,0.001,0.0010059097196026656,0.0006587028893913229,0.0012113423780230892,0.05526394886317663,2.0
kk,edgeface_xs,112,512,ours_accurate,age,26-35,50332,0.36522024869918823,0.001,0.0006953826591432886,,,,
kk,edgeface_xs,112,512,ours_accurate,age,36-50,6062,0.36522024869918823,0.001,0.0008248102936324645,,,,
kk,edgeface_xs,112,512,ours_accurate,age,<=25,54517,0.36522024869918823,0.001,0.001302346057193169,,,,
kk,edgeface_xs,112,512,ours_accurate,age,__overall__,110911,0.36522024869918823,0.001,0.001000802445203812,0.0006953826591432886,0.001302346057193169,0.06069633980498804,3.0
kk,edgeface_xs,112,1024,ours_fast,skin_tone,MST10,413,0.27514466643333435,0.01,0.007263922518159807,,,,
kk,edgeface_xs,112,1024,ours_fast,skin_tone,MST5,3727,0.27514466643333435,0.01,0.008854306412664341,,,,
kk,edgeface_xs,112,1024,ours_fast,skin_tone,MST6,55963,0.27514466643333435,0.01,0.011221700051819952,,,,
kk,edgeface_xs,112,1024,ours_fast,skin_tone,MST7,23038,0.27514466643333435,0.01,0.007118673495963191,,,,
kk,edgeface_xs,112,1024,ours_fast,skin_tone,MST8,274,0.27514466643333435,0.01,0.014598540145985401,,,,
kk,edgeface_xs,112,1024,ours_fast,skin_tone,MST9,1440,0.27514466643333435,0.01,0.011805555555555555,,,,
kk,edgeface_xs,112,1024,ours_fast,skin_tone,__overall__,84855,0.27514466643333435,0.01,0.010005303164221319,0.007118673495963191,0.014598540145985401,0.747986665002221,6.0
kk,edgeface_xs,112,1024,ours_fast,gender,F,94936,0.29421737790107727,0.01,0.011923822364540322,,,,
kk,edgeface_xs,112,1024,ours_fast,gender,M,56171,0.29421737790107727,0.01,0.00676505670185683,,,,
kk,edgeface_xs,112,1024,ours_fast,gender,__overall__,151107,0.29421737790107727,0.01,0.010006154579205463,0.00676505670185683,0.011923822364540322,0.5158765662683492,2.0
kk,edgeface_xs,112,1024,ours_fast,age,26-35,50332,0.28777435421943665,0.01,0.005861082412779147,,,,
kk,edgeface_xs,112,1024,ours_fast,age,36-50,6062,0.28777435421943665,0.01,0.009567799406136588,,,,
kk,edgeface_xs,112,1024,ours_fast,age,<=25,54517,0.28777435421943665,0.01,0.01388557697598914,,,,
kk,edgeface_xs,112,1024,ours_fast,age,__overall__,110911,0.28777435421943665,0.01,0.010008024452038121,0.005861082412779147,0.01388557697598914,0.8024494563209993,3.0
kk,edgeface_xs,112,1024,ours_fast,skin_tone,MST10,413,0.361614853143692,0.001,0.0,,,,
kk,edgeface_xs,112,1024,ours_fast,skin_tone,MST5,3727,0.361614853143692,0.001,0.0005366246310705661,,,,
kk,edgeface_xs,112,1024,ours_fast,skin_tone,MST6,55963,0.361614853143692,0.001,0.0011972195915158229,,,,
kk,edgeface_xs,112,1024,ours_fast,skin_tone,MST7,23038,0.361614853143692,0.001,0.0006510981856063894,,,,
kk,edgeface_xs,112,1024,ours_fast,skin_tone,MST8,274,0.361614853143692,0.001,0.0,,,,
kk,edgeface_xs,112,1024,ours_fast,skin_tone,MST9,1440,0.361614853143692,0.001,0.0006944444444444445,,,,
kk,edgeface_xs,112,1024,ours_fast,skin_tone,__overall__,84855,0.361614853143692,0.001,0.0010017087973602026,0.0,0.0011972195915158229,0.11972195915158229,6.0
kk,edgeface_xs,112,1024,ours_fast,gender,F,94936,0.3812324106693268,0.001,0.0013061430858683745,,,,
kk,edgeface_xs,112,1024,ours_fast,gender,M,56171,0.3812324106693268,0.001,0.0004984778622420822,,,,
kk,edgeface_xs,112,1024,ours_fast,gender,__overall__,151107,0.3812324106693268,0.001,0.0010059097196026656,0.0004984778622420822,0.0013061430858683745,0.08076652236262924,2.0
kk,edgeface_xs,112,1024,ours_fast,age,26-35,50332,0.37619128823280334,0.001,0.0006159103552411984,,,,
kk,edgeface_xs,112,1024,ours_fast,age,36-50,6062,0.37619128823280334,0.001,0.0008248102936324645,,,,
kk,edgeface_xs,112,1024,ours_fast,age,<=25,54517,0.37619128823280334,0.001,0.0013757176660491224,,,,
kk,edgeface_xs,112,1024,ours_fast,age,__overall__,110911,0.37619128823280334,0.001,0.001000802445203812,0.0006159103552411984,0.0013757176660491224,0.0759807310807924,3.0
kk,edgeface_xs,112,512,ours_fast,skin_tone,MST10,413,0.2797966003417969,0.01,0.0,,,,
kk,edgeface_xs,112,512,ours_fast,skin_tone,MST5,3727,0.2797966003417969,0.01,0.01046418030587604,,,,
kk,edgeface_xs,112,512,ours_fast,skin_tone,MST6,55963,0.2797966003417969,0.01,0.011060879509676037,,,,
kk,edgeface_xs,112,512,ours_fast,skin_tone,MST7,23038,0.2797966003417969,0.01,0.006858234221720635,,,,
kk,edgeface_xs,112,512,ours_fast,skin_tone,MST8,274,0.2797966003417969,0.01,0.01824817518248175,,,,
kk,edgeface_xs,112,512,ours_fast,skin_tone,MST9,1440,0.2797966003417969,0.01,0.019444444444444445,,,,
kk,edgeface_xs,112,512,ours_fast,skin_tone,__overall__,84855,0.2797966003417969,0.01,0.010005303164221319,0.0,0.019444444444444445,1.9444444444444444,6.0
kk,edgeface_xs,112,512,ours_fast,gender,F,94936,0.29938098788261414,0.01,0.012671694615319794,,,,
kk,edgeface_xs,112,512,ours_fast,gender,M,56171,0.29938098788261414,0.01,0.005501059265457265,,,,
kk,edgeface_xs,112,512,ours_fast,gender,__overall__,151107,0.29938098788261414,0.01,0.010006154579205463,0.005501059265457265,0.012671694615319794,0.717063534986253,2.0
kk,edgeface_xs,112,512,ours_fast,age,26-35,50332,0.2939795255661011,0.01,0.005225303981562426,,,,
kk,edgeface_xs,112,512,ours_fast,age,36-50,6062,0.2939795255661011,0.01,0.008083140877598153,,,,
kk,edgeface_xs,112,512,ours_fast,age,<=25,54517,0.2939795255661011,0.01,0.01463763596676266,,,,
kk,edgeface_xs,112,512,ours_fast,age,__overall__,110911,0.2939795255661011,0.01,0.010008024452038121,0.005225303981562426,0.01463763596676266,0.9412331985200235,3.0
kk,edgeface_xs,112,512,ours_fast,skin_tone,MST10,413,0.3709316849708557,0.001,0.0,,,,
kk,edgeface_xs,112,512,ours_fast,skin_tone,MST5,3727,0.3709316849708557,0.001,0.0010732492621411322,,,,
kk,edgeface_xs,112,512,ours_fast,skin_tone,MST6,55963,0.3709316849708557,0.001,0.0011972195915158229,,,,
kk,edgeface_xs,112,512,ours_fast,skin_tone,MST7,23038,0.3709316849708557,0.001,0.00043406545707092627,,,,
kk,edgeface_xs,112,512,ours_fast,skin_tone,MST8,274,0.3709316849708557,0.001,0.0,,,,
kk,edgeface_xs,112,512,ours_fast,skin_tone,MST9,1440,0.3709316849708557,0.001,0.002777777777777778,,,,
kk,edgeface_xs,112,512,ours_fast,skin_tone,__overall__,84855,0.3709316849708557,0.001,0.0010017087973602026,0.0,0.002777777777777778,0.2777777777777778,6.0
kk,edgeface_xs,112,512,ours_fast,gender,F,94936,0.38240846991539,0.001,0.0013061430858683745,,,,
kk,edgeface_xs,112,512,ours_fast,gender,M,56171,0.38240846991539,0.001,0.0004984778622420822,,,,
kk,edgeface_xs,112,512,ours_fast,gender,__overall__,151107,0.38240846991539,0.001,0.0010059097196026656,0.0004984778622420822,0.0013061430858683745,0.08076652236262924,2.0
kk,edgeface_xs,112,512,ours_fast,age,26-35,50332,0.37838393449783325,0.001,0.0003576253675594055,,,,
kk,edgeface_xs,112,512,ours_fast,age,36-50,6062,0.37838393449783325,0.001,0.0011547344110854503,,,,
kk,edgeface_xs,112,512,ours_fast,age,<=25,54517,0.37838393449783325,0.001,0.0015774895904029935,,,,
kk,edgeface_xs,112,512,ours_fast,age,__overall__,110911,0.37838393449783325,0.001,0.001000802445203812,0.0003576253675594055,0.0015774895904029935,0.1219864222843588,3.0
kk,edgeface_xs,112,1024,webp,skin_tone,MST10,413,0.278018981218338,0.01,0.002421307506053269,,,,
kk,edgeface_xs,112,1024,webp,skin_tone,MST5,3727,0.278018981218338,0.01,0.00697612020391736,,,,
kk,edgeface_xs,112,1024,webp,skin_tone,MST6,55963,0.278018981218338,0.01,0.011739899576505905,,,,
kk,edgeface_xs,112,1024,webp,skin_tone,MST7,23038,0.278018981218338,0.01,0.006076916398992968,,,,
kk,edgeface_xs,112,1024,webp,skin_tone,MST8,274,0.278018981218338,0.01,0.010948905109489052,,,,
kk,edgeface_xs,112,1024,webp,skin_tone,MST9,1440,0.278018981218338,0.01,0.015277777777777777,,,,
kk,edgeface_xs,112,1024,webp,skin_tone,__overall__,84855,0.278018981218338,0.01,0.010005303164221319,0.002421307506053269,0.015277777777777777,1.285647027172451,6.0
kk,edgeface_xs,112,1024,webp,gender,F,94936,0.29485976696014404,0.01,0.011649953652987276,,,,
kk,edgeface_xs,112,1024,webp,gender,M,56171,0.29485976696014404,0.01,0.007227929002510192,,,,
kk,edgeface_xs,112,1024,webp,gender,__overall__,151107,0.29485976696014404,0.01,0.010006154579205463,0.007227929002510192,0.011649953652987276,0.44220246504770844,2.0
kk,edgeface_xs,112,1024,webp,age,26-35,50332,0.2896898090839386,0.01,0.0063776523881427325,,,,
kk,edgeface_xs,112,1024,webp,age,36-50,6062,0.2896898090839386,0.01,0.009897723523589575,,,,
kk,edgeface_xs,112,1024,webp,age,<=25,54517,0.2896898090839386,0.01,0.013371975713997468,,,,
kk,edgeface_xs,112,1024,webp,age,__overall__,110911,0.2896898090839386,0.01,0.010008024452038121,0.0063776523881427325,0.013371975713997468,0.6994323325854735,3.0
kk,edgeface_xs,112,1024,webp,skin_tone,MST10,413,0.360588937997818,0.001,0.0,,,,
kk,edgeface_xs,112,1024,webp,skin_tone,MST5,3727,0.360588937997818,0.001,0.0005366246310705661,,,,
kk,edgeface_xs,112,1024,webp,skin_tone,MST6,55963,0.360588937997818,0.001,0.0011614816932616194,,,,
kk,edgeface_xs,112,1024,webp,skin_tone,MST7,23038,0.360588937997818,0.001,0.0007379112770205747,,,,
kk,edgeface_xs,112,1024,webp,skin_tone,MST8,274,0.360588937997818,0.001,0.0,,,,
kk,edgeface_xs,112,1024,webp,skin_tone,MST9,1440,0.360588937997818,0.001,0.0006944444444444445,,,,
kk,edgeface_xs,112,1024,webp,skin_tone,__overall__,84855,0.360588937997818,0.001,0.0010017087973602026,0.0,0.0011614816932616194,0.11614816932616194,6.0
kk,edgeface_xs,112,1024,webp,gender,F,94936,0.3756168484687805,0.001,0.0012008089660402797,,,,
kk,edgeface_xs,112,1024,webp,gender,M,56171,0.3756168484687805,0.001,0.000676505670185683,,,,
kk,edgeface_xs,112,1024,webp,gender,__overall__,151107,0.3756168484687805,0.001,0.0010059097196026656,0.000676505670185683,0.0012008089660402797,0.05243032958545967,2.0
kk,edgeface_xs,112,1024,webp,age,26-35,50332,0.36938348412513733,0.001,0.000715250735118811,,,,
kk,edgeface_xs,112,1024,webp,age,36-50,6062,0.36938348412513733,0.001,0.0014846585285384361,,,,
kk,edgeface_xs,112,1024,webp,age,<=25,54517,0.36938348412513733,0.001,0.0012106315461232276,,,,
kk,edgeface_xs,112,1024,webp,age,__overall__,110911,0.36938348412513733,0.001,0.001000802445203812,0.000715250735118811,0.0014846585285384361,0.07694077934196251,3.0
kk,edgeface_xs,112,512,webp,skin_tone,MST10,413,0.2894176244735718,0.01,0.007263922518159807,,,,
kk,edgeface_xs,112,512,webp,skin_tone,MST5,3727,0.2894176244735718,0.01,0.007512744834987926,,,,
kk,edgeface_xs,112,512,webp,skin_tone,MST6,55963,0.2894176244735718,0.01,0.011328913746582563,,,,
kk,edgeface_xs,112,512,webp,skin_tone,MST7,23038,0.2894176244735718,0.01,0.00659779494747808,,,,
kk,edgeface_xs,112,512,webp,skin_tone,MST8,274,0.2894176244735718,0.01,0.0036496350364963502,,,,
kk,edgeface_xs,112,512,webp,skin_tone,MST9,1440,0.2894176244735718,0.01,0.021527777777777778,,,,
kk,edgeface_xs,112,512,webp,skin_tone,__overall__,84855,0.2894176244735718,0.01,0.010005303164221319,0.0036496350364963502,0.021527777777777778,1.7878142741281429,6.0
kk,edgeface_xs,112,512,webp,gender,F,94936,0.3071537911891937,0.01,0.011976489424454369,,,,
kk,edgeface_xs,112,512,webp,gender,M,56171,0.3071537911891937,0.01,0.00667604279788503,,,,
kk,edgeface_xs,112,512,webp,gender,__overall__,151107,0.3071537911891937,0.01,0.010006154579205463,0.00667604279788503,0.011976489424454369,0.530044662656934,2.0
kk,edgeface_xs,112,512,webp,age,26-35,50332,0.30249786376953125,0.01,0.005920686640705714,,,,
kk,edgeface_xs,112,512,webp,age,36-50,6062,0.30249786376953125,0.01,0.0064335202903332235,,,,
kk,edgeface_xs,112,512,webp,age,<=25,54517,0.30249786376953125,0.01,0.014179063411412954,,,,
kk,edgeface_xs,112,512,webp,age,__overall__,110911,0.30249786376953125,0.01,0.010008024452038121,0.005920686640705714,0.014179063411412954,0.8258376770707241,3.0
kk,edgeface_xs,112,512,webp,skin_tone,MST10,413,0.36900511384010315,0.001,0.0,,,,
kk,edgeface_xs,112,512,webp,skin_tone,MST5,3727,0.36900511384010315,0.001,0.00026831231553528306,,,,
kk,edgeface_xs,112,512,webp,skin_tone,MST6,55963,0.36900511384010315,0.001,0.0012329574897700266,,,,
kk,edgeface_xs,112,512,webp,skin_tone,MST7,23038,0.36900511384010315,0.001,0.00034725236565674104,,,,
kk,edgeface_xs,112,512,webp,skin_tone,MST8,274,0.36900511384010315,0.001,0.0,,,,
kk,edgeface_xs,112,512,webp,skin_tone,MST9,1440,0.36900511384010315,0.001,0.004861111111111111,,,,
kk,edgeface_xs,112,512,webp,skin_tone,__overall__,84855,0.36900511384010315,0.001,0.0010017087973602026,0.0,0.004861111111111111,0.4861111111111111,6.0
kk,edgeface_xs,112,512,webp,gender,F,94936,0.38792499899864197,0.001,0.0013272099098339935,,,,
kk,edgeface_xs,112,512,webp,gender,M,56171,0.38792499899864197,0.001,0.00046287230065336204,,,,
kk,edgeface_xs,112,512,webp,gender,__overall__,151107,0.38792499899864197,0.001,0.0010059097196026656,0.00046287230065336204,0.0013272099098339935,0.08643376091806315,2.0
kk,edgeface_xs,112,512,webp,age,26-35,50332,0.38458794355392456,0.001,0.0004370976714614957,,,,
kk,edgeface_xs,112,512,webp,age,36-50,6062,0.38458794355392456,0.001,0.0009897723523589574,,,,
kk,edgeface_xs,112,512,webp,age,<=25,54517,0.38458794355392456,0.001,0.0015224608837610288,,,,
kk,edgeface_xs,112,512,webp,age,__overall__,110911,0.38458794355392456,0.001,0.001000802445203812,0.0004370976714614957,0.0015224608837610288,0.10853632122995333,3.0
