dataset,model,attack,eps,codec,budget,n,cos_adv,cos_clean_comp,cos_adv_comp,residual,sanitization
colorferet,arcface_antelopev2,hfc,0.03,jpeg,1024,11335,0.8513311147689819,0.7847947478294373,0.6784327626228333,0.106361985206604,2.5985541456335466
colorferet,arcface_antelopev2,hfc,0.03,jpeg,512,11335,0.8513311147689819,0.15352283418178558,0.13368721306324005,0.019835621118545532,1.028425602949071
colorferet,arcface_antelopev2,hfc,0.03,jpeg2000,1024,11335,0.8513311147689819,0.518010139465332,0.4982894957065582,0.019720643758773804,1.0591641247323502
colorferet,arcface_antelopev2,hfc,0.03,jpeg2000,512,11335,0.8513311147689819,0.17864416539669037,0.1732933521270752,0.005350813269615173,1.007954388404009
colorferet,arcface_antelopev2,hfc,0.03,webp,1024,11335,0.8513311147689819,0.8967165350914001,0.7618340253829956,0.13488250970840454,-1.9719347920587413
colorferet,arcface_antelopev2,hfc,0.03,webp,512,11335,0.8513311147689819,0.7300209999084473,0.6145418286323547,0.11547917127609253,1.9519335746145674
colorferet,arcface_antelopev2,hfc,0.03,jpeg_xl,1024,11335,0.8513311147689819,0.8342882990837097,0.7125278115272522,0.12176048755645752,8.144387981715868
colorferet,arcface_antelopev2,hfc,0.03,jpeg_xl,512,11335,0.8513311147689819,0.556833803653717,0.4917122423648834,0.06512156128883362,1.2211278637560985
colorferet,arcface_antelopev2,hfc,0.03,avif,1024,11335,0.8513311147689819,0.8833105564117432,0.7502254843711853,0.13308507204055786,-3.161582104129157
colorferet,arcface_antelopev2,hfc,0.03,avif,512,11335,0.8513311147689819,0.5306503772735596,0.4889492988586426,0.04170107841491699,1.1300392369701104
colorferet,arcface_antelopev2,hfc,0.03,heif,1024,11335,0.8513311147689819,0.847774863243103,0.736056923866272,0.11171793937683105,32.41452131938858
colorferet,arcface_antelopev2,hfc,0.03,heif,512,11335,0.8513311147689819,0.31203439831733704,0.3175756335258484,-0.0055412352085113525,0.9897250714876025
colorferet,arcface_antelopev2,hfc,0.03,jpeg_fzt,1024,300,0.8739967942237854,0.8500497341156006,0.742586612701416,0.10746312141418457,5.487528779261509
colorferet,arcface_antelopev2,hfc,0.03,jpeg_fzt,512,300,0.8739967942237854,0.548008918762207,0.5041182637214661,0.04389065504074097,1.134638918636451
colorferet,arcface_antelopev2,hfc,0.03,ours_accurate,1024,11335,0.8513311147689819,0.9142369031906128,0.776935875415802,0.1373010277748108,-1.1826453688894278
colorferet,arcface_antelopev2,hfc,0.03,ours_accurate,512,11335,0.8513311147689819,0.8677048683166504,0.7223191261291504,0.1453857421875,-7.8791944842850175
colorferet,arcface_antelopev2,hfc,0.03,ours_fast,1024,11335,0.8513311147689819,0.8209072947502136,0.7162837386131287,0.10462355613708496,4.438869809003051
colorferet,arcface_antelopev2,hfc,0.03,ours_fast,512,11335,0.8513311147689819,0.7529890537261963,0.6501879692077637,0.10280108451843262,2.045341977058087
colorferet,arcface_antelopev2,hfc,0.03,jpeg_ai,1024,300,0.8739967942237854,0.9341082572937012,0.760791540145874,0.17331671714782715,-1.8832556769786506
colorferet,arcface_antelopev2,hfc,0.03,jpeg_ai,512,300,0.8739967942237854,0.8449428677558899,0.708005964756012,0.13693690299987793,5.7131978237500105
colorferet,arcface_antelopev2,hfc,0.03,neural_bmshj2018,1024,300,0.8739967942237854,0.8881744146347046,0.787199079990387,0.10097533464431763,-6.122163784731419
colorferet,arcface_antelopev2,hfc,0.03,neural_bmshj2018,512,300,0.8739967942237854,0.7534160017967224,0.6826402544975281,0.07077574729919434,1.586957059035793
colorferet,arcface_antelopev2,hfc,0.03,neural_mbt2018_mean,1024,300,0.8739967942237854,0.8818540573120117,0.7669010162353516,0.11495304107666016,-13.630163173346078
colorferet,arcface_antelopev2,hfc,0.03,neural_mbt2018_mean,512,300,0.8739967942237854,0.7675759196281433,0.6878790259361267,0.0796968936920166,1.7488840323370183
colorferet,arcface_antelopev2,hfc,0.06,jpeg,1024,11335,0.6653546690940857,0.7847947478294373,0.5200326442718506,0.26476210355758667,-1.2166939804538415
colorferet,arcface_antelopev2,hfc,0.06,jpeg,512,11335,0.6653546690940857,0.15352283418178558,0.09457030147314072,0.05895253270864487,1.1151794958567711
colorferet,arcface_antelopev2,hfc,0.06,jpeg2000,1024,11335,0.6653546690940857,0.518010139465332,0.447277694940567,0.07073244452476501,1.4800479848351416
colorferet,arcface_antelopev2,hfc,0.06,jpeg2000,512,11335,0.6653546690940857,0.17864416539669037,0.17235887050628662,0.0062852948904037476,1.012913826273845
colorferet,arcface_antelopev2,hfc,0.06,webp,1024,11335,0.6653546690940857,0.8967165350914001,0.5799700617790222,0.31674647331237793,-0.36905220722958115
colorferet,arcface_antelopev2,hfc,0.06,webp,512,11335,0.6653546690940857,0.7300209999084473,0.4607221186161041,0.26929888129234314,-3.1644373184775665
colorferet,arcface_antelopev2,hfc,0.06,jpeg_xl,1024,11335,0.6653546690940857,0.8342882990837097,0.5403537750244141,0.29393452405929565,-0.7399408517851018
colorferet,arcface_antelopev2,hfc,0.06,jpeg_xl,512,11335,0.6653546690940857,0.556833803653717,0.39394375681877136,0.16289004683494568,2.5010020992179838
colorferet,arcface_antelopev2,hfc,0.06,avif,1024,11335,0.6653546690940857,0.8833105564117432,0.5778045654296875,0.30550599098205566,-0.4016872622339365
colorferet,arcface_antelopev2,hfc,0.06,avif,512,11335,0.6653546690940857,0.5306503772735596,0.39174312353134155,0.13890725374221802,2.0312013957750636
colorferet,arcface_antelopev2,hfc,0.06,heif,1024,11335,0.6653546690940857,0.847774863243103,0.5471392869949341,0.30063557624816895,-0.6480389007950654
colorferet,arcface_antelopev2,hfc,0.06,heif,512,11335,0.6653546690940857,0.31203439831733704,0.28587308526039124,0.0261613130569458,1.0740441894246036
colorferet,arcface_antelopev2,hfc,0.06,jpeg_fzt,1024,300,0.6899073123931885,0.8500497341156006,0.5882841944694519,0.2617655396461487,-0.6345796250033497
colorferet,arcface_antelopev2,hfc,0.06,jpeg_fzt,512,300,0.6899073123931885,0.548008918762207,0.4114844799041748,0.13652443885803223,1.9621281493367386
colorferet,arcface_antelopev2,hfc,0.06,ours_accurate,1024,11335,0.6653546690940857,0.9142369031906128,0.5846202969551086,0.32961660623550415,-0.32438784725656566
colorferet,arcface_antelopev2,hfc,0.06,ours_accurate,512,11335,0.6653546690940857,0.8677048683166504,0.5211706161499023,0.34653425216674805,-0.7125471262106123
colorferet,arcface_antelopev2,hfc,0.06,ours_fast,1024,11335,0.6653546690940857,0.8209072947502136,0.5572879314422607,0.2636193633079529,-0.6947278272931403
colorferet,arcface_antelopev2,hfc,0.06,ours_fast,512,11335,0.6653546690940857,0.7529890537261963,0.4910459518432617,0.26194310188293457,-1.9890448022493965
colorferet,arcface_antelopev2,hfc,0.06,jpeg_ai,1024,300,0.6899073123931885,0.9341082572937012,0.5776513814926147,0.3564568758010864,-0.4596867180276748
colorferet,arcface_antelopev2,hfc,0.06,jpeg_ai,512,300,0.6899073123931885,0.8449428677558899,0.520134687423706,0.32480818033218384,-1.0950560635739592
colorferet,arcface_antelopev2,hfc,0.06,neural_bmshj2018,1024,300,0.6899073123931885,0.8881744146347046,0.604212760925293,0.2839616537094116,-0.4322177027811097
colorferet,arcface_antelopev2,hfc,0.06,neural_bmshj2018,512,300,0.6899073123931885,0.7534160017967224,0.5132153630256653,0.24020063877105713,-2.7821696688593796
colorferet,arcface_antelopev2,hfc,0.06,neural_mbt2018_mean,1024,300,0.6899073123931885,0.8818540573120117,0.5902491211891174,0.2916049361228943,-0.519197088995793
colorferet,arcface_antelopev2,hfc,0.06,neural_mbt2018_mean,512,300,0.6899073123931885,0.7675759196281433,0.5277293920516968,0.23984652757644653,-2.0880755573598515
colorferet,arcface_antelopev2,hfc,0.1,jpeg,1024,11335,0.40713798999786377,0.7847947478294373,0.3059134781360626,0.47888126969337463,-0.2680331008585977
colorferet,arcface_antelopev2,hfc,0.1,jpeg,512,11335,0.40713798999786377,0.15352283418178558,0.04180948808789253,0.11171334609389305,1.4404837153143466
colorferet,arcface_antelopev2,hfc,0.1,jpeg2000,1024,11335,0.40713798999786377,0.518010139465332,0.30163729190826416,0.21637284755706787,-0.951552744276463
colorferet,arcface_antelopev2,hfc,0.1,jpeg2000,512,11335,0.40713798999786377,0.17864416539669037,0.14970789849758148,0.028936266899108887,1.1266391638794437
colorferet,arcface_antelopev2,hfc,0.1,webp,1024,11335,0.40713798999786377,0.8967165350914001,0.3647487163543701,0.53196781873703,-0.08658319296936301
colorferet,arcface_antelopev2,hfc,0.1,webp,512,11335,0.40713798999786377,0.7300209999084473,0.29380521178245544,0.4362157881259918,-0.3510026069404945
colorferet,arcface_antelopev2,hfc,0.1,jpeg_xl,1024,11335,0.40713798999786377,0.8342882990837097,0.3293468952178955,0.5049414038658142,-0.1821164426790437
colorferet,arcface_antelopev2,hfc,0.1,jpeg_xl,512,11335,0.40713798999786377,0.556833803653717,0.26122525334358215,0.2956085503101349,-0.9747282378232109
colorferet,arcface_antelopev2,hfc,0.1,avif,1024,11335,0.40713798999786377,0.8833105564117432,0.3602566123008728,0.5230539441108704,-0.09845459609330505
colorferet,arcface_antelopev2,hfc,0.1,avif,512,11335,0.40713798999786377,0.5306503772735596,0.23864783346652985,0.2920025438070297,-1.3641559381023205
colorferet,arcface_antelopev2,hfc,0.1,heif,1024,11335,0.40713798999786377,0.847774863243103,0.3004409670829773,0.5473338961601257,-0.24214274699499233
colorferet,arcface_antelopev2,hfc,0.1,heif,512,11335,0.40713798999786377,0.31203439831733704,0.18916577100753784,0.1228686273097992,2.2919451845997694
colorferet,arcface_antelopev2,hfc,0.1,jpeg_fzt,1024,300,0.4127011299133301,0.8500497341156006,0.39940086007118225,0.45064887404441833,-0.030411140482333746
colorferet,arcface_antelopev2,hfc,0.1,jpeg_fzt,512,300,0.4127011299133301,0.548008918762207,0.2708616852760315,0.27714723348617554,-1.0482725779793558
colorferet,arcface_antelopev2,hfc,0.1,ours_accurate,1024,11335,0.40713798999786377,0.9142369031906128,0.363491028547287,0.5507458746433258,-0.08607188916215743
colorferet,arcface_antelopev2,hfc,0.1,ours_accurate,512,11335,0.40713798999786377,0.8677048683166504,0.3024103343486786,0.5652945339679718,-0.22738859561823882
colorferet,arcface_antelopev2,hfc,0.1,ours_fast,1024,11335,0.40713798999786377,0.8209072947502136,0.3546404540538788,0.46626684069633484,-0.12687634230239947
colorferet,arcface_antelopev2,hfc,0.1,ours_fast,512,11335,0.40713798999786377,0.7529890537261963,0.2976483106613159,0.45534074306488037,-0.3165804325024498
colorferet,arcface_antelopev2,hfc,0.1,jpeg_ai,1024,300,0.4127011299133301,0.9341082572937012,0.3580458462238312,0.57606241106987,-0.10482266317320091
colorferet,arcface_antelopev2,hfc,0.1,jpeg_ai,512,300,0.4127011299133301,0.8449428677558899,0.28903093934059143,0.5559119284152985,-0.28611348637919926
colorferet,arcface_antelopev2,hfc,0.1,neural_bmshj2018,1024,300,0.4127011299133301,0.8881744146347046,0.33003589510917664,0.558138519525528,-0.17385884225355575
colorferet,arcface_antelopev2,hfc,0.1,neural_bmshj2018,512,300,0.4127011299133301,0.7534160017967224,0.3000136911869049,0.4534023106098175,-0.3307382448659059
colorferet,arcface_antelopev2,hfc,0.1,neural_mbt2018_mean,1024,300,0.4127011299133301,0.8818540573120117,0.36016619205474854,0.5216878652572632,-0.11197827998190846
colorferet,arcface_antelopev2,hfc,0.1,neural_mbt2018_mean,512,300,0.4127011299133301,0.7675759196281433,0.2971250116825104,0.47045090794563293,-0.3256813996950861
colorferet,arcface_antelopev2,clip,0.03,jpeg,1024,2000,0.8960407376289368,0.7833670377731323,0.7488598823547363,0.034507155418395996,1.3062574093382657
colorferet,arcface_antelopev2,clip,0.03,jpeg,512,2000,0.8960407376289368,0.15700624883174896,0.15380609035491943,0.003200158476829529,1.0043301882731317
colorferet,arcface_antelopev2,clip,0.03,jpeg2000,1024,2000,0.8960407376289368,0.517518162727356,0.5094594359397888,0.008058726787567139,1.021289950248443
colorferet,arcface_antelopev2,clip,0.03,jpeg2000,512,2000,0.8960407376289368,0.17767415940761566,0.17557069659233093,0.002103462815284729,1.0029281189841723
colorferet,arcface_antelopev2,clip,0.03,webp,1024,2000,0.8960407376289368,0.8985456824302673,0.8383488655090332,0.06019681692123413,-23.03119497453957
colorferet,arcface_antelopev2,clip,0.03,webp,512,2000,0.8960407376289368,0.7308052778244019,0.7036486864089966,0.027156591415405273,1.1643508690418518
colorferet,arcface_antelopev2,clip,0.03,jpeg_xl,1024,2000,0.8960407376289368,0.8379168510437012,0.8010571002960205,0.036859750747680664,1.6341583970581148
colorferet,arcface_antelopev2,clip,0.03,jpeg_xl,512,2000,0.8960407376289368,0.5669816136360168,0.5568622946739197,0.010119318962097168,1.0307522819586517
colorferet,arcface_antelopev2,clip,0.03,avif,1024,2000,0.8960407376289368,0.8840122222900391,0.8287804126739502,0.05523180961608887,5.59173955055623
colorferet,arcface_antelopev2,clip,0.03,avif,512,2000,0.8960407376289368,0.5291580557823181,0.5286554098129272,0.0005026459693908691,1.001370045505721
colorferet,arcface_antelopev2,clip,0.03,heif,1024,2000,0.8960407376289368,0.8519831299781799,0.8103258013725281,0.041657328605651855,1.9455195328776835
colorferet,arcface_antelopev2,clip,0.03,heif,512,2000,0.8960407376289368,0.314330518245697,0.3267786204814911,-0.012448102235794067,0.9786008534472848
colorferet,arcface_antelopev2,clip,0.03,jpeg_fzt,1024,2000,0.8960407376289368,0.8248513340950012,0.7964522838592529,0.02839905023574829,1.398922435446599
colorferet,arcface_antelopev2,clip,0.03,jpeg_fzt,512,2000,0.8960407376289368,0.4820656180381775,0.4764040410518646,0.005661576986312866,1.0136761286328262
colorferet,arcface_antelopev2,clip,0.03,ours_accurate,1024,2000,0.8960407376289368,0.9077945351600647,0.847643256187439,0.06015127897262573,-4.117603805351021
colorferet,arcface_antelopev2,clip,0.03,ours_accurate,512,2000,0.8960407376289368,0.8615540862083435,0.7979879975318909,0.06356608867645264,2.8432084896040375
colorferet,arcface_antelopev2,clip,0.03,ours_fast,1024,2000,0.8960407376289368,0.8109418153762817,0.7707858681678772,0.04015594720840454,1.4718737458176412
colorferet,arcface_antelopev2,clip,0.03,ours_fast,512,2000,0.8960407376289368,0.7443993091583252,0.7022057175636292,0.042193591594696045,1.2782458067049485
colorferet,arcface_antelopev2,clip,0.03,jpeg_ai,1024,0,,,,,
colorferet,arcface_antelopev2,clip,0.03,jpeg_ai,512,0,,,,,
colorferet,arcface_antelopev2,clip,0.03,neural_bmshj2018,1024,0,,,,,
colorferet,arcface_antelopev2,clip,0.03,neural_bmshj2018,512,0,,,,,
colorferet,arcface_antelopev2,clip,0.03,neural_mbt2018_mean,1024,0,,,,,
colorferet,arcface_antelopev2,clip,0.03,neural_mbt2018_mean,512,0,,,,,
colorferet,arcface_antelopev2,clip,0.06,jpeg,1024,2000,0.7976412177085876,0.7833670377731323,0.6906196475028992,0.09274739027023315,7.497563481027722
colorferet,arcface_antelopev2,clip,0.06,jpeg,512,2000,0.7976412177085876,0.15700624883174896,0.14754211902618408,0.00946412980556488,1.0147730459081206
colorferet,arcface_antelopev2,clip,0.06,jpeg2000,1024,2000,0.7976412177085876,0.517518162727356,0.49901995062828064,0.018498212099075317,1.0660360215631473
colorferet,arcface_antelopev2,clip,0.06,jpeg2000,512,2000,0.7976412177085876,0.17767415940761566,0.17733849585056305,0.0003356635570526123,1.0005414216006452
colorferet,arcface_antelopev2,clip,0.06,webp,1024,2000,0.7976412177085876,0.8985456824302673,0.7500289082527161,0.14851677417755127,-0.4718553295654311
colorferet,arcface_antelopev2,clip,0.06,webp,512,2000,0.7976412177085876,0.7308052778244019,0.6501665115356445,0.08063876628875732,2.2065180265062367
colorferet,arcface_antelopev2,clip,0.06,jpeg_xl,1024,2000,0.7976412177085876,0.8379168510437012,0.7335224151611328,0.10439443588256836,-1.591999857927848
colorferet,arcface_antelopev2,clip,0.06,jpeg_xl,512,2000,0.7976412177085876,0.5669816136360168,0.538431704044342,0.028549909591674805,1.1237750741247798
colorferet,arcface_antelopev2,clip,0.06,avif,1024,2000,0.7976412177085876,0.8840122222900391,0.7609014511108398,0.12311077117919922,-0.42537153267796823
colorferet,arcface_antelopev2,clip,0.06,avif,512,2000,0.7976412177085876,0.5291580557823181,0.5160967111587524,0.013061344623565674,1.0486486546487879
colorferet,arcface_antelopev2,clip,0.06,heif,1024,2000,0.7976412177085876,0.8519831299781799,0.7390660643577576,0.11291706562042236,-1.0779001125362782
colorferet,arcface_antelopev2,clip,0.06,heif,512,2000,0.7976412177085876,0.314330518245697,0.32602980732917786,-0.011699289083480835,0.9757934407483997
colorferet,arcface_antelopev2,clip,0.06,jpeg_fzt,1024,2000,0.7976412177085876,0.8248513340950012,0.7519104480743408,0.0729408860206604,-1.6806532167970034
colorferet,arcface_antelopev2,clip,0.06,jpeg_fzt,512,2000,0.7976412177085876,0.4820656180381775,0.467183917760849,0.014881700277328491,1.0471573223432706
colorferet,arcface_antelopev2,clip,0.06,ours_accurate,1024,2000,0.7976412177085876,0.9077945351600647,0.7771535515785217,0.13064098358154297,-0.18599227516766176
colorferet,arcface_antelopev2,clip,0.06,ours_accurate,512,2000,0.7976412177085876,0.8615540862083435,0.7231889367103577,0.13836514949798584,-1.1649028238892827
colorferet,arcface_antelopev2,clip,0.06,ours_fast,1024,2000,0.7976412177085876,0.8109418153762817,0.7151274681091309,0.09581434726715088,-6.203762542180715
colorferet,arcface_antelopev2,clip,0.06,ours_fast,512,2000,0.7976412177085876,0.7443993091583252,0.6433783173561096,0.10102099180221558,2.897396140614452
colorferet,arcface_antelopev2,clip,0.06,jpeg_ai,1024,0,,,,,
colorferet,arcface_antelopev2,clip,0.06,jpeg_ai,512,0,,,,,
colorferet,arcface_antelopev2,clip,0.06,neural_bmshj2018,1024,0,,,,,
colorferet,arcface_antelopev2,clip,0.06,neural_bmshj2018,512,0,,,,,
colorferet,arcface_antelopev2,clip,0.06,neural_mbt2018_mean,1024,0,,,,,
colorferet,arcface_antelopev2,clip,0.06,neural_mbt2018_mean,512,0,,,,,
colorferet,arcface_antelopev2,clip,0.1,jpeg,1024,2000,0.6664131879806519,0.7833670377731323,0.59502774477005,0.18833929300308228,-0.6103727524768622
colorferet,arcface_antelopev2,clip,0.1,jpeg,512,2000,0.6664131879806519,0.15700624883174896,0.13652558624744415,0.02048066258430481,1.0402049147946888
colorferet,arcface_antelopev2,clip,0.1,jpeg2000,1024,2000,0.6664131879806519,0.517518162727356,0.4691627323627472,0.048355430364608765,1.3247618937056354
colorferet,arcface_antelopev2,clip,0.1,jpeg2000,512,2000,0.6664131879806519,0.17767415940761566,0.1754627525806427,0.0022114068269729614,1.0045247191193827
colorferet,arcface_antelopev2,clip,0.1,webp,1024,2000,0.6664131879806519,0.8985456824302673,0.6296502947807312,0.26889538764953613,-0.15837030178426859
colorferet,arcface_antelopev2,clip,0.1,webp,512,2000,0.6664131879806519,0.7308052778244019,0.5658878087997437,0.1649174690246582,-1.561144845971564
colorferet,arcface_antelopev2,clip,0.1,jpeg_xl,1024,2000,0.6664131879806519,0.8379168510437012,0.6434847116470337,0.19443213939666748,-0.13369088405528134
colorferet,arcface_antelopev2,clip,0.1,jpeg_xl,512,2000,0.6664131879806519,0.5669816136360168,0.49503636360168457,0.07194525003433228,1.7235654318915468
colorferet,arcface_antelopev2,clip,0.1,avif,1024,2000,0.6664131879806519,0.8840122222900391,0.6563873291015625,0.22762489318847656,-0.04607492359012202
colorferet,arcface_antelopev2,clip,0.1,avif,512,2000,0.6664131879806519,0.5291580557823181,0.4808814227581024,0.0482766330242157,1.3517291648843843
colorferet,arcface_antelopev2,clip,0.1,heif,1024,2000,0.6664131879806519,0.8519831299781799,0.628279447555542,0.22370368242263794,-0.20549524354336346
colorferet,arcface_antelopev2,clip,0.1,heif,512,2000,0.6664131879806519,0.314330518245697,0.31359171867370605,0.0007387995719909668,1.002098369603216
colorferet,arcface_antelopev2,clip,0.1,jpeg_fzt,1024,2000,0.6664131879806519,0.8248513340950012,0.6806103587150574,0.14424097537994385,0.08960702382972224
colorferet,arcface_antelopev2,clip,0.1,jpeg_fzt,512,2000,0.6664131879806519,0.4820656180381775,0.44397056102752686,0.038095057010650635,1.2066480020460166
colorferet,arcface_antelopev2,clip,0.1,ours_accurate,1024,2000,0.6664131879806519,0.9077945351600647,0.676272988319397,0.23152154684066772,0.040847399577302754
colorferet,arcface_antelopev2,clip,0.1,ours_accurate,512,2000,0.6664131879806519,0.8615540862083435,0.61690753698349,0.24464654922485352,-0.2536918270172066
colorferet,arcface_antelopev2,clip,0.1,ours_fast,1024,2000,0.6664131879806519,0.8109418153762817,0.6265894174575806,0.18435239791870117,-0.2755424391740639
colorferet,arcface_antelopev2,clip,0.1,ours_fast,512,2000,0.6664131879806519,0.7443993091583252,0.5506028532981873,0.19379645586013794,-1.4850121141249932
colorferet,arcface_antelopev2,clip,0.1,jpeg_ai,1024,0,,,,,
colorferet,arcface_antelopev2,clip,0.1,jpeg_ai,512,0,,,,,
colorferet,arcface_antelopev2,clip,0.1,neural_bmshj2018,1024,0,,,,,
colorferet,arcface_antelopev2,clip,0.1,neural_bmshj2018,512,0,,,,,
colorferet,arcface_antelopev2,clip,0.1,neural_mbt2018_mean,1024,0,,,,,
colorferet,arcface_antelopev2,clip,0.1,neural_mbt2018_mean,512,0,,,,,
colorferet,arcface_antelopev2,liae,0.03,jpeg,1024,11335,0.8460288643836975,0.7847947478294373,0.6654035449028015,0.11939120292663574,2.9497497415650935
colorferet,arcface_antelopev2,liae,0.03,jpeg,512,11335,0.8460288643836975,0.15352283418178558,0.14025664329528809,0.013266190886497498,1.0191567875338639
colorferet,arcface_antelopev2,liae,0.03,jpeg2000,1024,11335,0.8460288643836975,0.518010139465332,0.48518145084381104,0.032828688621520996,1.1000817518258785
colorferet,arcface_antelopev2,liae,0.03,jpeg2000,512,11335,0.8460288643836975,0.17864416539669037,0.17698946595191956,0.001654699444770813,1.0024793787560344
colorferet,arcface_antelopev2,liae,0.03,webp,1024,11335,0.8460288643836975,0.8967165350914001,0.7519204020500183,0.14479613304138184,-1.8566341877567916
colorferet,arcface_antelopev2,liae,0.03,webp,512,11335,0.8460288643836975,0.7300209999084473,0.6380134224891663,0.092007577419281,1.7931149998792575
colorferet,arcface_antelopev2,liae,0.03,jpeg_xl,1024,11335,0.8460288643836975,0.8342882990837097,0.7159649133682251,0.11832338571548462,11.078167676952289
colorferet,arcface_antelopev2,liae,0.03,jpeg_xl,512,11335,0.8460288643836975,0.556833803653717,0.5167875289916992,0.04004627466201782,1.1384749606751021
colorferet,arcface_antelopev2,liae,0.03,avif,1024,11335,0.8460288643836975,0.8833105564117432,0.7496576905250549,0.13365286588668823,-2.5849463534580477
colorferet,arcface_antelopev2,liae,0.03,avif,512,11335,0.8460288643836975,0.5306503772735596,0.49226534366607666,0.03838503360748291,1.1217110081261754
colorferet,arcface_antelopev2,liae,0.03,heif,1024,11335,0.8460288643836975,0.847774863243103,0.7258093357086182,0.12196552753448486,-68.8542996620353
colorferet,arcface_antelopev2,liae,0.03,heif,512,11335,0.8460288643836975,0.31203439831733704,0.31891942024230957,-0.006885021924972534,0.9871065668981729
colorferet,arcface_antelopev2,liae,0.03,jpeg_fzt,1024,11335,0.8460288643836975,0.8286412358283997,0.7181070446968079,0.1105341911315918,7.357059605918085
colorferet,arcface_antelopev2,liae,0.03,jpeg_fzt,512,11335,0.8460288643836975,0.4814707338809967,0.4474188983440399,0.03405183553695679,1.0934057772624675
colorferet,arcface_antelopev2,liae,0.03,ours_accurate,1024,0,,,,,
colorferet,arcface_antelopev2,liae,0.03,ours_accurate,512,0,,,,,
colorferet,arcface_antelopev2,liae,0.03,ours_fast,1024,0,,,,,
colorferet,arcface_antelopev2,liae,0.03,ours_fast,512,0,,,,,
colorferet,arcface_antelopev2,liae,0.03,jpeg_ai,1024,0,,,,,
colorferet,arcface_antelopev2,liae,0.03,jpeg_ai,512,0,,,,,
colorferet,arcface_antelopev2,liae,0.03,neural_bmshj2018,1024,0,,,,,
colorferet,arcface_antelopev2,liae,0.03,neural_bmshj2018,512,0,,,,,
colorferet,arcface_antelopev2,liae,0.03,neural_mbt2018_mean,1024,0,,,,,
colorferet,arcface_antelopev2,liae,0.03,neural_mbt2018_mean,512,0,,,,,
colorferet,arcface_antelopev2,liae,0.06,jpeg,1024,11335,0.6790387630462646,0.7847947478294373,0.5020899176597595,0.28270483016967773,-1.6731804422160739
colorferet,arcface_antelopev2,liae,0.06,jpeg,512,11335,0.6790387630462646,0.15352283418178558,0.10578589886426926,0.04773693531751633,1.090838227150726
colorferet,arcface_antelopev2,liae,0.06,jpeg2000,1024,11335,0.6790387630462646,0.518010139465332,0.40187886357307434,0.11613127589225769,1.7211840560376546
colorferet,arcface_antelopev2,liae,0.06,jpeg2000,512,11335,0.6790387630462646,0.17864416539669037,0.16462573409080505,0.014018431305885315,1.0280147535000017
colorferet,arcface_antelopev2,liae,0.06,webp,1024,11335,0.6790387630462646,0.8967165350914001,0.5616152286529541,0.33510130643844604,-0.5394374137978717
colorferet,arcface_antelopev2,liae,0.06,webp,512,11335,0.6790387630462646,0.7300209999084473,0.48389148712158203,0.24612951278686523,-3.827750368274604
colorferet,arcface_antelopev2,liae,0.06,jpeg_xl,1024,11335,0.6790387630462646,0.8342882990837097,0.5591779351234436,0.2751103639602661,-0.7720527286723193
colorferet,arcface_antelopev2,liae,0.06,jpeg_xl,512,11335,0.6790387630462646,0.556833803653717,0.41550102829933167,0.14133277535438538,2.1565224198503703
colorferet,arcface_antelopev2,liae,0.06,avif,1024,11335,0.6790387630462646,0.8833105564117432,0.5890403389930725,0.29427021741867065,-0.4405817492979512
colorferet,arcface_antelopev2,liae,0.06,avif,512,11335,0.6790387630462646,0.5306503772735596,0.3907310664653778,0.13991931080818176,1.94292629493594
colorferet,arcface_antelopev2,liae,0.06,heif,1024,11335,0.6790387630462646,0.847774863243103,0.5550873279571533,0.2926875352859497,-0.734587530140357
colorferet,arcface_antelopev2,liae,0.06,heif,512,11335,0.6790387630462646,0.31203439831733704,0.2660267949104309,0.04600760340690613,1.1253598262813242
colorferet,arcface_antelopev2,liae,0.06,jpeg_fzt,1024,11335,0.6790387630462646,0.8286412358283997,0.5789844393730164,0.2496567964553833,-0.6688012692073391
colorferet,arcface_antelopev2,liae,0.06,jpeg_fzt,512,11335,0.6790387630462646,0.4814707338809967,0.36632516980171204,0.11514556407928467,1.5828147629238336
colorferet,arcface_antelopev2,liae,0.06,ours_accurate,1024,11335,0.6790387630462646,0.9142369031906128,0.6182091236114502,0.2960277795791626,-0.25863146450682595
colorferet,arcface_antelopev2,liae,0.06,ours_accurate,512,11335,0.6790387630462646,0.8677048683166504,0.5594775080680847,0.3082273602485657,-0.6337187848704006
colorferet,arcface_antelopev2,liae,0.06,ours_fast,1024,11335,0.6790387630462646,0.8209072947502136,0.5726141333580017,0.24829316139221191,-0.75016374956463
colorferet,arcface_antelopev2,liae,0.06,ours_fast,512,11335,0.6790387630462646,0.7529890537261963,0.5116994380950928,0.24128961563110352,-2.2628623013186315
colorferet,arcface_antelopev2,liae,0.06,jpeg_ai,1024,0,,,,,
colorferet,arcface_antelopev2,liae,0.06,jpeg_ai,512,0,,,,,
colorferet,arcface_antelopev2,liae,0.06,neural_bmshj2018,1024,0,,,,,
colorferet,arcface_antelopev2,liae,0.06,neural_bmshj2018,512,0,,,,,
colorferet,arcface_antelopev2,liae,0.06,neural_mbt2018_mean,1024,0,,,,,
colorferet,arcface_antelopev2,liae,0.06,neural_mbt2018_mean,512,0,,,,,
colorferet,arcface_antelopev2,liae,0.1,jpeg,1024,11335,0.4456901252269745,0.7847947478294373,0.2759229242801666,0.5088718235492706,-0.5006336971873969
colorferet,arcface_antelopev2,liae,0.1,jpeg,512,11335,0.4456901252269745,0.15352283418178558,0.050042517483234406,0.10348031669855118,1.354181730365382
colorferet,arcface_antelopev2,liae,0.1,jpeg2000,1024,11335,0.4456901252269745,0.518010139465332,0.23319171369075775,0.2848184257745743,-2.9383071031464274
colorferet,arcface_antelopev2,liae,0.1,jpeg2000,512,11335,0.4456901252269745,0.17864416539669037,0.12803955376148224,0.05060461163520813,1.1894977616114055
colorferet,arcface_antelopev2,liae,0.1,webp,1024,11335,0.4456901252269745,0.8967165350914001,0.31634092330932617,0.580375611782074,-0.2867885318656384
colorferet,arcface_antelopev2,liae,0.1,webp,512,11335,0.4456901252269745,0.7300209999084473,0.2742721438407898,0.45574885606765747,-0.6028820527430201
colorferet,arcface_antelopev2,liae,0.1,jpeg_xl,1024,11335,0.4456901252269745,0.8342882990837097,0.3445824682712555,0.4897058308124542,-0.26018562041157306
colorferet,arcface_antelopev2,liae,0.1,jpeg_xl,512,11335,0.4456901252269745,0.556833803653717,0.26223137974739075,0.2946024239063263,-1.6506448956564432
colorferet,arcface_antelopev2,liae,0.1,avif,1024,11335,0.4456901252269745,0.8833105564117432,0.3582172691822052,0.525093287229538,-0.19988293464259482
colorferet,arcface_antelopev2,liae,0.1,avif,512,11335,0.4456901252269745,0.5306503772735596,0.22398604452610016,0.3066643327474594,-2.609503566200703
colorferet,arcface_antelopev2,liae,0.1,heif,1024,11335,0.4456901252269745,0.847774863243103,0.32498911023139954,0.5227857530117035,-0.30018800412845653
colorferet,arcface_antelopev2,liae,0.1,heif,512,11335,0.4456901252269745,0.31203439831733704,0.14908675849437714,0.1629476398229599,2.2191594299070045
colorferet,arcface_antelopev2,liae,0.1,jpeg_fzt,1024,11335,0.4456901252269745,0.8286412358283997,0.3967745006084442,0.43186673521995544,-0.12773334053453514
colorferet,arcface_antelopev2,liae,0.1,jpeg_fzt,512,11335,0.4456901252269745,0.4814707338809967,0.23257282376289368,0.24889791011810303,-5.9562234819648205
colorferet,arcface_antelopev2,liae,0.1,ours_accurate,1024,0,,,,,
colorferet,arcface_antelopev2,liae,0.1,ours_accurate,512,0,,,,,
colorferet,arcface_antelopev2,liae,0.1,ours_fast,1024,0,,,,,
colorferet,arcface_antelopev2,liae,0.1,ours_fast,512,0,,,,,
colorferet,arcface_antelopev2,liae,0.1,jpeg_ai,1024,0,,,,,
colorferet,arcface_antelopev2,liae,0.1,jpeg_ai,512,0,,,,,
colorferet,arcface_antelopev2,liae,0.1,neural_bmshj2018,1024,0,,,,,
colorferet,arcface_antelopev2,liae,0.1,neural_bmshj2018,512,0,,,,,
colorferet,arcface_antelopev2,liae,0.1,neural_mbt2018_mean,1024,0,,,,,
colorferet,arcface_antelopev2,liae,0.1,neural_mbt2018_mean,512,0,,,,,
colorferet,cvlface_ir101,hfc,0.03,jpeg,1024,0,,,,,
colorferet,cvlface_ir101,hfc,0.03,jpeg,512,0,,,,,
colorferet,cvlface_ir101,hfc,0.03,jpeg2000,1024,0,,,,,
colorferet,cvlface_ir101,hfc,0.03,jpeg2000,512,0,,,,,
colorferet,cvlface_ir101,hfc,0.03,webp,1024,0,,,,,
colorferet,cvlface_ir101,hfc,0.03,webp,512,0,,,,,
colorferet,cvlface_ir101,hfc,0.03,jpeg_xl,1024,0,,,,,
colorferet,cvlface_ir101,hfc,0.03,jpeg_xl,512,0,,,,,
colorferet,cvlface_ir101,hfc,0.03,avif,1024,0,,,,,
colorferet,cvlface_ir101,hfc,0.03,avif,512,0,,,,,
colorferet,cvlface_ir101,hfc,0.03,heif,1024,0,,,,,
colorferet,cvlface_ir101,hfc,0.03,heif,512,0,,,,,
colorferet,cvlface_ir101,hfc,0.03,jpeg_fzt,1024,0,,,,,
colorferet,cvlface_ir101,hfc,0.03,jpeg_fzt,512,0,,,,,
colorferet,cvlface_ir101,hfc,0.03,ours_accurate,1024,0,,,,,
colorferet,cvlface_ir101,hfc,0.03,ours_accurate,512,0,,,,,
colorferet,cvlface_ir101,hfc,0.03,ours_fast,1024,0,,,,,
colorferet,cvlface_ir101,hfc,0.03,ours_fast,512,0,,,,,
colorferet,cvlface_ir101,hfc,0.03,jpeg_ai,1024,0,,,,,
colorferet,cvlface_ir101,hfc,0.03,jpeg_ai,512,0,,,,,
colorferet,cvlface_ir101,hfc,0.03,neural_bmshj2018,1024,0,,,,,
colorferet,cvlface_ir101,hfc,0.03,neural_bmshj2018,512,0,,,,,
colorferet,cvlface_ir101,hfc,0.03,neural_mbt2018_mean,1024,0,,,,,
colorferet,cvlface_ir101,hfc,0.03,neural_mbt2018_mean,512,0,,,,,
colorferet,cvlface_ir101,hfc,0.06,jpeg,1024,0,,,,,
colorferet,cvlface_ir101,hfc,0.06,jpeg,512,0,,,,,
colorferet,cvlface_ir101,hfc,0.06,jpeg2000,1024,0,,,,,
colorferet,cvlface_ir101,hfc,0.06,jpeg2000,512,0,,,,,
colorferet,cvlface_ir101,hfc,0.06,webp,1024,0,,,,,
colorferet,cvlface_ir101,hfc,0.06,webp,512,0,,,,,
colorferet,cvlface_ir101,hfc,0.06,jpeg_xl,1024,0,,,,,
colorferet,cvlface_ir101,hfc,0.06,jpeg_xl,512,0,,,,,
colorferet,cvlface_ir101,hfc,0.06,avif,1024,0,,,,,
colorferet,cvlface_ir101,hfc,0.06,avif,512,0,,,,,
colorferet,cvlface_ir101,hfc,0.06,heif,1024,0,,,,,
colorferet,cvlface_ir101,hfc,0.06,heif,512,0,,,,,
colorferet,cvlface_ir101,hfc,0.06,jpeg_fzt,1024,0,,,,,
colorferet,cvlface_ir101,hfc,0.06,jpeg_fzt,512,0,,,,,
colorferet,cvlface_ir101,hfc,0.06,ours_accurate,1024,0,,,,,
colorferet,cvlface_ir101,hfc,0.06,ours_accurate,512,0,,,,,
colorferet,cvlface_ir101,hfc,0.06,ours_fast,1024,0,,,,,
colorferet,cvlface_ir101,hfc,0.06,ours_fast,512,0,,,,,
colorferet,cvlface_ir101,hfc,0.06,jpeg_ai,1024,0,,,,,
colorferet,cvlface_ir101,hfc,0.06,jpeg_ai,512,0,,,,,
colorferet,cvlface_ir101,hfc,0.06,neural_bmshj2018,1024,0,,,,,
colorferet,cvlface_ir101,hfc,0.06,neural_bmshj2018,512,0,,,,,
colorferet,cvlface_ir101,hfc,0.06,neural_mbt2018_mean,1024,0,,,,,
colorferet,cvlface_ir101,hfc,0.06,neural_mbt2018_mean,512,0,,,,,
colorferet,cvlface_ir101,hfc,0.1,jpeg,1024,0,,,,,
colorferet,cvlface_ir101,hfc,0.1,jpeg,512,0,,,,,
colorferet,cvlface_ir101,hfc,0.1,jpeg2000,1024,0,,,,,
colorferet,cvlface_ir101,hfc,0.1,jpeg2000,512,0,,,,,
colorferet,cvlface_ir101,hfc,0.1,webp,1024,0,,,,,
colorferet,cvlface_ir101,hfc,0.1,webp,512,0,,,,,
colorferet,cvlface_ir101,hfc,0.1,jpeg_xl,1024,0,,,,,
colorferet,cvlface_ir101,hfc,0.1,jpeg_xl,512,0,,,,,
colorferet,cvlface_ir101,hfc,0.1,avif,1024,0,,,,,
colorferet,cvlface_ir101,hfc,0.1,avif,512,0,,,,,
colorferet,cvlface_ir101,hfc,0.1,heif,1024,0,,,,,
colorferet,cvlface_ir101,hfc,0.1,heif,512,0,,,,,
colorferet,cvlface_ir101,hfc,0.1,jpeg_fzt,1024,0,,,,,
colorferet,cvlface_ir101,hfc,0.1,jpeg_fzt,512,0,,,,,
colorferet,cvlface_ir101,hfc,0.1,ours_accurate,1024,0,,,,,
colorferet,cvlface_ir101,hfc,0.1,ours_accurate,512,0,,,,,
colorferet,cvlface_ir101,hfc,0.1,ours_fast,1024,0,,,,,
colorferet,cvlface_ir101,hfc,0.1,ours_fast,512,0,,,,,
colorferet,cvlface_ir101,hfc,0.1,jpeg_ai,1024,0,,,,,
colorferet,cvlface_ir101,hfc,0.1,jpeg_ai,512,0,,,,,
colorferet,cvlface_ir101,hfc,0.1,neural_bmshj2018,1024,0,,,,,
colorferet,cvlface_ir101,hfc,0.1,neural_bmshj2018,512,0,,,,,
colorferet,cvlface_ir101,hfc,0.1,neural_mbt2018_mean,1024,0,,,,,
colorferet,cvlface_ir101,hfc,0.1,neural_mbt2018_mean,512,0,,,,,
colorferet,cvlface_ir101,clip,0.03,jpeg,1024,0,,,,,
colorferet,cvlface_ir101,clip,0.03,jpeg,512,0,,,,,
colorferet,cvlface_ir101,clip,0.03,jpeg2000,1024,0,,,,,
colorferet,cvlface_ir101,clip,0.03,jpeg2000,512,0,,,,,
colorferet,cvlface_ir101,clip,0.03,webp,1024,0,,,,,
colorferet,cvlface_ir101,clip,0.03,webp,512,0,,,,,
colorferet,cvlface_ir101,clip,0.03,jpeg_xl,1024,0,,,,,
colorferet,cvlface_ir101,clip,0.03,jpeg_xl,512,0,,,,,
colorferet,cvlface_ir101,clip,0.03,avif,1024,0,,,,,
colorferet,cvlface_ir101,clip,0.03,avif,512,0,,,,,
colorferet,cvlface_ir101,clip,0.03,heif,1024,0,,,,,
colorferet,cvlface_ir101,clip,0.03,heif,512,0,,,,,
colorferet,cvlface_ir101,clip,0.03,jpeg_fzt,1024,0,,,,,
colorferet,cvlface_ir101,clip,0.03,jpeg_fzt,512,0,,,,,
colorferet,cvlface_ir101,clip,0.03,ours_accurate,1024,0,,,,,
colorferet,cvlface_ir101,clip,0.03,ours_accurate,512,0,,,,,
colorferet,cvlface_ir101,clip,0.03,ours_fast,1024,0,,,,,
colorferet,cvlface_ir101,clip,0.03,ours_fast,512,0,,,,,
colorferet,cvlface_ir101,clip,0.03,jpeg_ai,1024,0,,,,,
colorferet,cvlface_ir101,clip,0.03,jpeg_ai,512,0,,,,,
colorferet,cvlface_ir101,clip,0.03,neural_bmshj2018,1024,0,,,,,
colorferet,cvlface_ir101,clip,0.03,neural_bmshj2018,512,0,,,,,
colorferet,cvlface_ir101,clip,0.03,neural_mbt2018_mean,1024,0,,,,,
colorferet,cvlface_ir101,clip,0.03,neural_mbt2018_mean,512,0,,,,,
colorferet,cvlface_ir101,clip,0.06,jpeg,1024,0,,,,,
colorferet,cvlface_ir101,clip,0.06,jpeg,512,0,,,,,
colorferet,cvlface_ir101,clip,0.06,jpeg2000,1024,0,,,,,
colorferet,cvlface_ir101,clip,0.06,jpeg2000,512,0,,,,,
colorferet,cvlface_ir101,clip,0.06,webp,1024,0,,,,,
colorferet,cvlface_ir101,clip,0.06,webp,512,0,,,,,
colorferet,cvlface_ir101,clip,0.06,jpeg_xl,1024,0,,,,,
colorferet,cvlface_ir101,clip,0.06,jpeg_xl,512,0,,,,,
colorferet,cvlface_ir101,clip,0.06,avif,1024,0,,,,,
colorferet,cvlface_ir101,clip,0.06,avif,512,0,,,,,
colorferet,cvlface_ir101,clip,0.06,heif,1024,0,,,,,
colorferet,cvlface_ir101,clip,0.06,heif,512,0,,,,,
colorferet,cvlface_ir101,clip,0.06,jpeg_fzt,1024,0,,,,,
colorferet,cvlface_ir101,clip,0.06,jpeg_fzt,512,0,,,,,
colorferet,cvlface_ir101,clip,0.06,ours_accurate,1024,0,,,,,
colorferet,cvlface_ir101,clip,0.06,ours_accurate,512,0,,,,,
colorferet,cvlface_ir101,clip,0.06,ours_fast,1024,0,,,,,
colorferet,cvlface_ir101,clip,0.06,ours_fast,512,0,,,,,
colorferet,cvlface_ir101,clip,0.06,jpeg_ai,1024,0,,,,,
colorferet,cvlface_ir101,clip,0.06,jpeg_ai,512,0,,,,,
colorferet,cvlface_ir101,clip,0.06,neural_bmshj2018,1024,0,,,,,
colorferet,cvlface_ir101,clip,0.06,neural_bmshj2018,512,0,,,,,
colorferet,cvlface_ir101,clip,0.06,neural_mbt2018_mean,1024,0,,,,,
colorferet,cvlface_ir101,clip,0.06,neural_mbt2018_mean,512,0,,,,,
colorferet,cvlface_ir101,clip,0.1,jpeg,1024,0,,,,,
colorferet,cvlface_ir101,clip,0.1,jpeg,512,0,,,,,
colorferet,cvlface_ir101,clip,0.1,jpeg2000,1024,0,,,,,
colorferet,cvlface_ir101,clip,0.1,jpeg2000,512,0,,,,,
colorferet,cvlface_ir101,clip,0.1,webp,1024,0,,,,,
colorferet,cvlface_ir101,clip,0.1,webp,512,0,,,,,
colorferet,cvlface_ir101,clip,0.1,jpeg_xl,1024,0,,,,,
colorferet,cvlface_ir101,clip,0.1,jpeg_xl,512,0,,,,,
colorferet,cvlface_ir101,clip,0.1,avif,1024,0,,,,,
colorferet,cvlface_ir101,clip,0.1,avif,512,0,,,,,
colorferet,cvlface_ir101,clip,0.1,heif,1024,0,,,,,
colorferet,cvlface_ir101,clip,0.1,heif,512,0,,,,,
colorferet,cvlface_ir101,clip,0.1,jpeg_fzt,1024,0,,,,,
colorferet,cvlface_ir101,clip,0.1,jpeg_fzt,512,0,,,,,
colorferet,cvlface_ir101,clip,0.1,ours_accurate,1024,0,,,,,
colorferet,cvlface_ir101,clip,0.1,ours_accurate,512,0,,,,,
colorferet,cvlface_ir101,clip,0.1,ours_fast,1024,0,,,,,
colorferet,cvlface_ir101,clip,0.1,ours_fast,512,0,,,,,
colorferet,cvlface_ir101,clip,0.1,jpeg_ai,1024,0,,,,,
colorferet,cvlface_ir101,clip,0.1,jpeg_ai,512,0,,,,,
colorferet,cvlface_ir101,clip,0.1,neural_bmshj2018,1024,0,,,,,
colorferet,cvlface_ir101,clip,0.1,neural_bmshj2018,512,0,,,,,
colorferet,cvlface_ir101,clip,0.1,neural_mbt2018_mean,1024,0,,,,,
colorferet,cvlface_ir101,clip,0.1,neural_mbt2018_mean,512,0,,,,,
colorferet,cvlface_ir101,liae,0.03,jpeg,1024,0,,,,,
colorferet,cvlface_ir101,liae,0.03,jpeg,512,0,,,,,
colorferet,cvlface_ir101,liae,0.03,jpeg2000,1024,0,,,,,
colorferet,cvlface_ir101,liae,0.03,jpeg2000,512,0,,,,,
colorferet,cvlface_ir101,liae,0.03,webp,1024,0,,,,,
colorferet,cvlface_ir101,liae,0.03,webp,512,0,,,,,
colorferet,cvlface_ir101,liae,0.03,jpeg_xl,1024,0,,,,,
colorferet,cvlface_ir101,liae,0.03,jpeg_xl,512,0,,,,,
colorferet,cvlface_ir101,liae,0.03,avif,1024,0,,,,,
colorferet,cvlface_ir101,liae,0.03,avif,512,0,,,,,
colorferet,cvlface_ir101,liae,0.03,heif,1024,0,,,,,
colorferet,cvlface_ir101,liae,0.03,heif,512,0,,,,,
colorferet,cvlface_ir101,liae,0.03,jpeg_fzt,1024,0,,,,,
colorferet,cvlface_ir101,liae,0.03,jpeg_fzt,512,0,,,,,
colorferet,cvlface_ir101,liae,0.03,ours_accurate,1024,0,,,,,
colorferet,cvlface_ir101,liae,0.03,ours_accurate,512,0,,,,,
colorferet,cvlface_ir101,liae,0.03,ours_fast,1024,0,,,,,
colorferet,cvlface_ir101,liae,0.03,ours_fast,512,0,,,,,
colorferet,cvlface_ir101,liae,0.03,jpeg_ai,1024,0,,,,,
colorferet,cvlface_ir101,liae,0.03,jpeg_ai,512,0,,,,,
colorferet,cvlface_ir101,liae,0.03,neural_bmshj2018,1024,0,,,,,
colorferet,cvlface_ir101,liae,0.03,neural_bmshj2018,512,0,,,,,
colorferet,cvlface_ir101,liae,0.03,neural_mbt2018_mean,1024,0,,,,,
colorferet,cvlface_ir101,liae,0.03,neural_mbt2018_mean,512,0,,,,,
colorferet,cvlface_ir101,liae,0.06,jpeg,1024,0,,,,,
colorferet,cvlface_ir101,liae,0.06,jpeg,512,0,,,,,
colorferet,cvlface_ir101,liae,0.06,jpeg2000,1024,0,,,,,
colorferet,cvlface_ir101,liae,0.06,jpeg2000,512,0,,,,,
colorferet,cvlface_ir101,liae,0.06,webp,1024,0,,,,,
colorferet,cvlface_ir101,liae,0.06,webp,512,0,,,,,
colorferet,cvlface_ir101,liae,0.06,jpeg_xl,1024,0,,,,,
colorferet,cvlface_ir101,liae,0.06,jpeg_xl,512,0,,,,,
colorferet,cvlface_ir101,liae,0.06,avif,1024,0,,,,,
colorferet,cvlface_ir101,liae,0.06,avif,512,0,,,,,
colorferet,cvlface_ir101,liae,0.06,heif,1024,0,,,,,
colorferet,cvlface_ir101,liae,0.06,heif,512,0,,,,,
colorferet,cvlface_ir101,liae,0.06,jpeg_fzt,1024,0,,,,,
colorferet,cvlface_ir101,liae,0.06,jpeg_fzt,512,0,,,,,
colorferet,cvlface_ir101,liae,0.06,ours_accurate,1024,0,,,,,
colorferet,cvlface_ir101,liae,0.06,ours_accurate,512,0,,,,,
colorferet,cvlface_ir101,liae,0.06,ours_fast,1024,0,,,,,
colorferet,cvlface_ir101,liae,0.06,ours_fast,512,0,,,,,
colorferet,cvlface_ir101,liae,0.06,jpeg_ai,1024,0,,,,,
colorferet,cvlface_ir101,liae,0.06,jpeg_ai,512,0,,,,,
colorferet,cvlface_ir101,liae,0.06,neural_bmshj2018,1024,0,,,,,
colorferet,cvlface_ir101,liae,0.06,neural_bmshj2018,512,0,,,,,
colorferet,cvlface_ir101,liae,0.06,neural_mbt2018_mean,1024,0,,,,,
colorferet,cvlface_ir101,liae,0.06,neural_mbt2018_mean,512,0,,,,,
colorferet,cvlface_ir101,liae,0.1,jpeg,1024,0,,,,,
colorferet,cvlface_ir101,liae,0.1,jpeg,512,0,,,,,
colorferet,cvlface_ir101,liae,0.1,jpeg2000,1024,0,,,,,
colorferet,cvlface_ir101,liae,0.1,jpeg2000,512,0,,,,,
colorferet,cvlface_ir101,liae,0.1,webp,1024,0,,,,,
colorferet,cvlface_ir101,liae,0.1,webp,512,0,,,,,
colorferet,cvlface_ir101,liae,0.1,jpeg_xl,1024,0,,,,,
colorferet,cvlface_ir101,liae,0.1,jpeg_xl,512,0,,,,,
colorferet,cvlface_ir101,liae,0.1,avif,1024,0,,,,,
colorferet,cvlface_ir101,liae,0.1,avif,512,0,,,,,
colorferet,cvlface_ir101,liae,0.1,heif,1024,0,,,,,
colorferet,cvlface_ir101,liae,0.1,heif,512,0,,,,,
colorferet,cvlface_ir101,liae,0.1,jpeg_fzt,1024,0,,,,,
colorferet,cvlface_ir101,liae,0.1,jpeg_fzt,512,0,,,,,
colorferet,cvlface_ir101,liae,0.1,ours_accurate,1024,0,,,,,
colorferet,cvlface_ir101,liae,0.1,ours_accurate,512,0,,,,,
colorferet,cvlface_ir101,liae,0.1,ours_fast,1024,0,,,,,
colorferet,cvlface_ir101,liae,0.1,ours_fast,512,0,,,,,
colorferet,cvlface_ir101,liae,0.1,jpeg_ai,1024,0,,,,,
colorferet,cvlface_ir101,liae,0.1,jpeg_ai,512,0,,,,,
colorferet,cvlface_ir101,liae,0.1,neural_bmshj2018,1024,0,,,,,
colorferet,cvlface_ir101,liae,0.1,neural_bmshj2018,512,0,,,,,
colorferet,cvlface_ir101,liae,0.1,neural_mbt2018_mean,1024,0,,,,,
colorferet,cvlface_ir101,liae,0.1,neural_mbt2018_mean,512,0,,,,,
colorferet,cvlface_vit_b,hfc,0.03,jpeg,1024,0,,,,,
colorferet,cvlface_vit_b,hfc,0.03,jpeg,512,0,,,,,
colorferet,cvlface_vit_b,hfc,0.03,jpeg2000,1024,0,,,,,
colorferet,cvlface_vit_b,hfc,0.03,jpeg2000,512,0,,,,,
colorferet,cvlface_vit_b,hfc,0.03,webp,1024,0,,,,,
colorferet,cvlface_vit_b,hfc,0.03,webp,512,0,,,,,
colorferet,cvlface_vit_b,hfc,0.03,jpeg_xl,1024,0,,,,,
colorferet,cvlface_vit_b,hfc,0.03,jpeg_xl,512,0,,,,,
colorferet,cvlface_vit_b,hfc,0.03,avif,1024,0,,,,,
colorferet,cvlface_vit_b,hfc,0.03,avif,512,0,,,,,
colorferet,cvlface_vit_b,hfc,0.03,heif,1024,0,,,,,
colorferet,cvlface_vit_b,hfc,0.03,heif,512,0,,,,,
colorferet,cvlface_vit_b,hfc,0.03,jpeg_fzt,1024,0,,,,,
colorferet,cvlface_vit_b,hfc,0.03,jpeg_fzt,512,0,,,,,
colorferet,cvlface_vit_b,hfc,0.03,ours_accurate,1024,0,,,,,
colorferet,cvlface_vit_b,hfc,0.03,ours_accurate,512,0,,,,,
colorferet,cvlface_vit_b,hfc,0.03,ours_fast,1024,0,,,,,
colorferet,cvlface_vit_b,hfc,0.03,ours_fast,512,0,,,,,
colorferet,cvlface_vit_b,hfc,0.03,jpeg_ai,1024,0,,,,,
colorferet,cvlface_vit_b,hfc,0.03,jpeg_ai,512,0,,,,,
colorferet,cvlface_vit_b,hfc,0.03,neural_bmshj2018,1024,0,,,,,
colorferet,cvlface_vit_b,hfc,0.03,neural_bmshj2018,512,0,,,,,
colorferet,cvlface_vit_b,hfc,0.03,neural_mbt2018_mean,1024,0,,,,,
colorferet,cvlface_vit_b,hfc,0.03,neural_mbt2018_mean,512,0,,,,,
colorferet,cvlface_vit_b,hfc,0.06,jpeg,1024,0,,,,,
colorferet,cvlface_vit_b,hfc,0.06,jpeg,512,0,,,,,
colorferet,cvlface_vit_b,hfc,0.06,jpeg2000,1024,0,,,,,
colorferet,cvlface_vit_b,hfc,0.06,jpeg2000,512,0,,,,,
colorferet,cvlface_vit_b,hfc,0.06,webp,1024,0,,,,,
colorferet,cvlface_vit_b,hfc,0.06,webp,512,0,,,,,
colorferet,cvlface_vit_b,hfc,0.06,jpeg_xl,1024,0,,,,,
colorferet,cvlface_vit_b,hfc,0.06,jpeg_xl,512,0,,,,,
colorferet,cvlface_vit_b,hfc,0.06,avif,1024,0,,,,,
colorferet,cvlface_vit_b,hfc,0.06,avif,512,0,,,,,
colorferet,cvlface_vit_b,hfc,0.06,heif,1024,0,,,,,
colorferet,cvlface_vit_b,hfc,0.06,heif,512,0,,,,,
colorferet,cvlface_vit_b,hfc,0.06,jpeg_fzt,1024,0,,,,,
colorferet,cvlface_vit_b,hfc,0.06,jpeg_fzt,512,0,,,,,
colorferet,cvlface_vit_b,hfc,0.06,ours_accurate,1024,0,,,,,
colorferet,cvlface_vit_b,hfc,0.06,ours_accurate,512,0,,,,,
colorferet,cvlface_vit_b,hfc,0.06,ours_fast,1024,0,,,,,
colorferet,cvlface_vit_b,hfc,0.06,ours_fast,512,0,,,,,
colorferet,cvlface_vit_b,hfc,0.06,jpeg_ai,1024,0,,,,,
colorferet,cvlface_vit_b,hfc,0.06,jpeg_ai,512,0,,,,,
colorferet,cvlface_vit_b,hfc,0.06,neural_bmshj2018,1024,0,,,,,
colorferet,cvlface_vit_b,hfc,0.06,neural_bmshj2018,512,0,,,,,
colorferet,cvlface_vit_b,hfc,0.06,neural_mbt2018_mean,1024,0,,,,,
colorferet,cvlface_vit_b,hfc,0.06,neural_mbt2018_mean,512,0,,,,,
colorferet,cvlface_vit_b,hfc,0.1,jpeg,1024,0,,,,,
colorferet,cvlface_vit_b,hfc,0.1,jpeg,512,0,,,,,
colorferet,cvlface_vit_b,hfc,0.1,jpeg2000,1024,0,,,,,
colorferet,cvlface_vit_b,hfc,0.1,jpeg2000,512,0,,,,,
colorferet,cvlface_vit_b,hfc,0.1,webp,1024,0,,,,,
colorferet,cvlface_vit_b,hfc,0.1,webp,512,0,,,,,
colorferet,cvlface_vit_b,hfc,0.1,jpeg_xl,1024,0,,,,,
colorferet,cvlface_vit_b,hfc,0.1,jpeg_xl,512,0,,,,,
colorferet,cvlface_vit_b,hfc,0.1,avif,1024,0,,,,,
colorferet,cvlface_vit_b,hfc,0.1,avif,512,0,,,,,
colorferet,cvlface_vit_b,hfc,0.1,heif,1024,0,,,,,
colorferet,cvlface_vit_b,hfc,0.1,heif,512,0,,,,,
colorferet,cvlface_vit_b,hfc,0.1,jpeg_fzt,1024,0,,,,,
colorferet,cvlface_vit_b,hfc,0.1,jpeg_fzt,512,0,,,,,
colorferet,cvlface_vit_b,hfc,0.1,ours_accurate,1024,0,,,,,
colorferet,cvlface_vit_b,hfc,0.1,ours_accurate,512,0,,,,,
colorferet,cvlface_vit_b,hfc,0.1,ours_fast,1024,0,,,,,
colorferet,cvlface_vit_b,hfc,0.1,ours_fast,512,0,,,,,
colorferet,cvlface_vit_b,hfc,0.1,jpeg_ai,1024,0,,,,,
colorferet,cvlface_vit_b,hfc,0.1,jpeg_ai,512,0,,,,,
colorferet,cvlface_vit_b,hfc,0.1,neural_bmshj2018,1024,0,,,,,
colorferet,cvlface_vit_b,hfc,0.1,neural_bmshj2018,512,0,,,,,
colorferet,cvlface_vit_b,hfc,0.1,neural_mbt2018_mean,1024,0,,,,,
colorferet,cvlface_vit_b,hfc,0.1,neural_mbt2018_mean,512,0,,,,,
colorferet,cvlface_vit_b,clip,0.03,jpeg,1024,0,,,,,
colorferet,cvlface_vit_b,clip,0.03,jpeg,512,0,,,,,
colorferet,cvlface_vit_b,clip,0.03,jpeg2000,1024,0,,,,,
colorferet,cvlface_vit_b,clip,0.03,jpeg2000,512,0,,,,,
colorferet,cvlface_vit_b,clip,0.03,webp,1024,0,,,,,
colorferet,cvlface_vit_b,clip,0.03,webp,512,0,,,,,
colorferet,cvlface_vit_b,clip,0.03,jpeg_xl,1024,0,,,,,
colorferet,cvlface_vit_b,clip,0.03,jpeg_xl,512,0,,,,,
colorferet,cvlface_vit_b,clip,0.03,avif,1024,0,,,,,
colorferet,cvlface_vit_b,clip,0.03,avif,512,0,,,,,
colorferet,cvlface_vit_b,clip,0.03,heif,1024,0,,,,,
colorferet,cvlface_vit_b,clip,0.03,heif,512,0,,,,,
colorferet,cvlface_vit_b,clip,0.03,jpeg_fzt,1024,0,,,,,
colorferet,cvlface_vit_b,clip,0.03,jpeg_fzt,512,0,,,,,
colorferet,cvlface_vit_b,clip,0.03,ours_accurate,1024,0,,,,,
colorferet,cvlface_vit_b,clip,0.03,ours_accurate,512,0,,,,,
colorferet,cvlface_vit_b,clip,0.03,ours_fast,1024,0,,,,,
colorferet,cvlface_vit_b,clip,0.03,ours_fast,512,0,,,,,
colorferet,cvlface_vit_b,clip,0.03,jpeg_ai,1024,0,,,,,
colorferet,cvlface_vit_b,clip,0.03,jpeg_ai,512,0,,,,,
colorferet,cvlface_vit_b,clip,0.03,neural_bmshj2018,1024,0,,,,,
colorferet,cvlface_vit_b,clip,0.03,neural_bmshj2018,512,0,,,,,
colorferet,cvlface_vit_b,clip,0.03,neural_mbt2018_mean,1024,0,,,,,
colorferet,cvlface_vit_b,clip,0.03,neural_mbt2018_mean,512,0,,,,,
colorferet,cvlface_vit_b,clip,0.06,jpeg,1024,0,,,,,
colorferet,cvlface_vit_b,clip,0.06,jpeg,512,0,,,,,
colorferet,cvlface_vit_b,clip,0.06,jpeg2000,1024,0,,,,,
colorferet,cvlface_vit_b,clip,0.06,jpeg2000,512,0,,,,,
colorferet,cvlface_vit_b,clip,0.06,webp,1024,0,,,,,
colorferet,cvlface_vit_b,clip,0.06,webp,512,0,,,,,
colorferet,cvlface_vit_b,clip,0.06,jpeg_xl,1024,0,,,,,
colorferet,cvlface_vit_b,clip,0.06,jpeg_xl,512,0,,,,,
colorferet,cvlface_vit_b,clip,0.06,avif,1024,0,,,,,
colorferet,cvlface_vit_b,clip,0.06,avif,512,0,,,,,
colorferet,cvlface_vit_b,clip,0.06,heif,1024,0,,,,,
colorferet,cvlface_vit_b,clip,0.06,heif,512,0,,,,,
colorferet,cvlface_vit_b,clip,0.06,jpeg_fzt,1024,0,,,,,
colorferet,cvlface_vit_b,clip,0.06,jpeg_fzt,512,0,,,,,
colorferet,cvlface_vit_b,clip,0.06,ours_accurate,1024,0,,,,,
colorferet,cvlface_vit_b,clip,0.06,ours_accurate,512,0,,,,,
colorferet,cvlface_vit_b,clip,0.06,ours_fast,1024,0,,,,,
colorferet,cvlface_vit_b,clip,0.06,ours_fast,512,0,,,,,
colorferet,cvlface_vit_b,clip,0.06,jpeg_ai,1024,0,,,,,
colorferet,cvlface_vit_b,clip,0.06,jpeg_ai,512,0,,,,,
colorferet,cvlface_vit_b,clip,0.06,neural_bmshj2018,1024,0,,,,,
colorferet,cvlface_vit_b,clip,0.06,neural_bmshj2018,512,0,,,,,
colorferet,cvlface_vit_b,clip,0.06,neural_mbt2018_mean,1024,0,,,,,
colorferet,cvlface_vit_b,clip,0.06,neural_mbt2018_mean,512,0,,,,,
colorferet,cvlface_vit_b,clip,0.1,jpeg,1024,0,,,,,
colorferet,cvlface_vit_b,clip,0.1,jpeg,512,0,,,,,
colorferet,cvlface_vit_b,clip,0.1,jpeg2000,1024,0,,,,,
colorferet,cvlface_vit_b,clip,0.1,jpeg2000,512,0,,,,,
colorferet,cvlface_vit_b,clip,0.1,webp,1024,0,,,,,
colorferet,cvlface_vit_b,clip,0.1,webp,512,0,,,,,
colorferet,cvlface_vit_b,clip,0.1,jpeg_xl,1024,0,,,,,
colorferet,cvlface_vit_b,clip,0.1,jpeg_xl,512,0,,,,,
colorferet,cvlface_vit_b,clip,0.1,avif,1024,0,,,,,
colorferet,cvlface_vit_b,clip,0.1,avif,512,0,,,,,
colorferet,cvlface_vit_b,clip,0.1,heif,1024,0,,,,,
colorferet,cvlface_vit_b,clip,0.1,heif,512,0,,,,,
colorferet,cvlface_vit_b,clip,0.1,jpeg_fzt,1024,0,,,,,
colorferet,cvlface_vit_b,clip,0.1,jpeg_fzt,512,0,,,,,
colorferet,cvlface_vit_b,clip,0.1,ours_accurate,1024,0,,,,,
colorferet,cvlface_vit_b,clip,0.1,ours_accurate,512,0,,,,,
colorferet,cvlface_vit_b,clip,0.1,ours_fast,1024,0,,,,,
colorferet,cvlface_vit_b,clip,0.1,ours_fast,512,0,,,,,
colorferet,cvlface_vit_b,clip,0.1,jpeg_ai,1024,0,,,,,
colorferet,cvlface_vit_b,clip,0.1,jpeg_ai,512,0,,,,,
colorferet,cvlface_vit_b,clip,0.1,neural_bmshj2018,1024,0,,,,,
colorferet,cvlface_vit_b,clip,0.1,neural_bmshj2018,512,0,,,,,
colorferet,cvlface_vit_b,clip,0.1,neural_mbt2018_mean,1024,0,,,,,
colorferet,cvlface_vit_b,clip,0.1,neural_mbt2018_mean,512,0,,,,,
colorferet,cvlface_vit_b,liae,0.03,jpeg,1024,0,,,,,
colorferet,cvlface_vit_b,liae,0.03,jpeg,512,0,,,,,
colorferet,cvlface_vit_b,liae,0.03,jpeg2000,1024,0,,,,,
colorferet,cvlface_vit_b,liae,0.03,jpeg2000,512,0,,,,,
colorferet,cvlface_vit_b,liae,0.03,webp,1024,0,,,,,
colorferet,cvlface_vit_b,liae,0.03,webp,512,0,,,,,
colorferet,cvlface_vit_b,liae,0.03,jpeg_xl,1024,0,,,,,
colorferet,cvlface_vit_b,liae,0.03,jpeg_xl,512,0,,,,,
colorferet,cvlface_vit_b,liae,0.03,avif,1024,0,,,,,
colorferet,cvlface_vit_b,liae,0.03,avif,512,0,,,,,
colorferet,cvlface_vit_b,liae,0.03,heif,1024,0,,,,,
colorferet,cvlface_vit_b,liae,0.03,heif,512,0,,,,,
colorferet,cvlface_vit_b,liae,0.03,jpeg_fzt,1024,0,,,,,
colorferet,cvlface_vit_b,liae,0.03,jpeg_fzt,512,0,,,,,
colorferet,cvlface_vit_b,liae,0.03,ours_accurate,1024,0,,,,,
colorferet,cvlface_vit_b,liae,0.03,ours_accurate,512,0,,,,,
colorferet,cvlface_vit_b,liae,0.03,ours_fast,1024,0,,,,,
colorferet,cvlface_vit_b,liae,0.03,ours_fast,512,0,,,,,
colorferet,cvlface_vit_b,liae,0.03,jpeg_ai,1024,0,,,,,
colorferet,cvlface_vit_b,liae,0.03,jpeg_ai,512,0,,,,,
colorferet,cvlface_vit_b,liae,0.03,neural_bmshj2018,1024,0,,,,,
colorferet,cvlface_vit_b,liae,0.03,neural_bmshj2018,512,0,,,,,
colorferet,cvlface_vit_b,liae,0.03,neural_mbt2018_mean,1024,0,,,,,
colorferet,cvlface_vit_b,liae,0.03,neural_mbt2018_mean,512,0,,,,,
colorferet,cvlface_vit_b,liae,0.06,jpeg,1024,0,,,,,
colorferet,cvlface_vit_b,liae,0.06,jpeg,512,0,,,,,
colorferet,cvlface_vit_b,liae,0.06,jpeg2000,1024,0,,,,,
colorferet,cvlface_vit_b,liae,0.06,jpeg2000,512,0,,,,,
colorferet,cvlface_vit_b,liae,0.06,webp,1024,0,,,,,
colorferet,cvlface_vit_b,liae,0.06,webp,512,0,,,,,
colorferet,cvlface_vit_b,liae,0.06,jpeg_xl,1024,0,,,,,
colorferet,cvlface_vit_b,liae,0.06,jpeg_xl,512,0,,,,,
colorferet,cvlface_vit_b,liae,0.06,avif,1024,0,,,,,
colorferet,cvlface_vit_b,liae,0.06,avif,512,0,,,,,
colorferet,cvlface_vit_b,liae,0.06,heif,1024,0,,,,,
colorferet,cvlface_vit_b,liae,0.06,heif,512,0,,,,,
colorferet,cvlface_vit_b,liae,0.06,jpeg_fzt,1024,0,,,,,
colorferet,cvlface_vit_b,liae,0.06,jpeg_fzt,512,0,,,,,
colorferet,cvlface_vit_b,liae,0.06,ours_accurate,1024,0,,,,,
colorferet,cvlface_vit_b,liae,0.06,ours_accurate,512,0,,,,,
colorferet,cvlface_vit_b,liae,0.06,ours_fast,1024,0,,,,,
colorferet,cvlface_vit_b,liae,0.06,ours_fast,512,0,,,,,
colorferet,cvlface_vit_b,liae,0.06,jpeg_ai,1024,0,,,,,
colorferet,cvlface_vit_b,liae,0.06,jpeg_ai,512,0,,,,,
colorferet,cvlface_vit_b,liae,0.06,neural_bmshj2018,1024,0,,,,,
colorferet,cvlface_vit_b,liae,0.06,neural_bmshj2018,512,0,,,,,
colorferet,cvlface_vit_b,liae,0.06,neural_mbt2018_mean,1024,0,,,,,
colorferet,cvlface_vit_b,liae,0.06,neural_mbt2018_mean,512,0,,,,,
colorferet,cvlface_vit_b,liae,0.1,jpeg,1024,0,,,,,
colorferet,cvlface_vit_b,liae,0.1,jpeg,512,0,,,,,
colorferet,cvlface_vit_b,liae,0.1,jpeg2000,1024,0,,,,,
colorferet,cvlface_vit_b,liae,0.1,jpeg2000,512,0,,,,,
colorferet,cvlface_vit_b,liae,0.1,webp,1024,0,,,,,
colorferet,cvlface_vit_b,liae,0.1,webp,512,0,,,,,
colorferet,cvlface_vit_b,liae,0.1,jpeg_xl,1024,0,,,,,
colorferet,cvlface_vit_b,liae,0.1,jpeg_xl,512,0,,,,,
colorferet,cvlface_vit_b,liae,0.1,avif,1024,0,,,,,
colorferet,cvlface_vit_b,liae,0.1,avif,512,0,,,,,
colorferet,cvlface_vit_b,liae,0.1,heif,1024,0,,,,,
colorferet,cvlface_vit_b,liae,0.1,heif,512,0,,,,,
colorferet,cvlface_vit_b,liae,0.1,jpeg_fzt,1024,0,,,,,
colorferet,cvlface_vit_b,liae,0.1,jpeg_fzt,512,0,,,,,
colorferet,cvlface_vit_b,liae,0.1,ours_accurate,1024,0,,,,,
colorferet,cvlface_vit_b,liae,0.1,ours_accurate,512,0,,,,,
colorferet,cvlface_vit_b,liae,0.1,ours_fast,1024,0,,,,,
colorferet,cvlface_vit_b,liae,0.1,ours_fast,512,0,,,,,
colorferet,cvlface_vit_b,liae,0.1,jpeg_ai,1024,0,,,,,
colorferet,cvlface_vit_b,liae,0.1,jpeg_ai,512,0,,,,,
colorferet,cvlface_vit_b,liae,0.1,neural_bmshj2018,1024,0,,,,,
colorferet,cvlface_vit_b,liae,0.1,neural_bmshj2018,512,0,,,,,
colorferet,cvlface_vit_b,liae,0.1,neural_mbt2018_mean,1024,0,,,,,
colorferet,cvlface_vit_b,liae,0.1,neural_mbt2018_mean,512,0,,,,,
colorferet,edgeface_base,hfc,0.03,jpeg,1024,0,,,,,
colorferet,edgeface_base,hfc,0.03,jpeg,512,0,,,,,
colorferet,edgeface_base,hfc,0.03,jpeg2000,1024,0,,,,,
colorferet,edgeface_base,hfc,0.03,jpeg2000,512,0,,,,,
colorferet,edgeface_base,hfc,0.03,webp,1024,0,,,,,
colorferet,edgeface_base,hfc,0.03,webp,512,0,,,,,
colorferet,edgeface_base,hfc,0.03,jpeg_xl,1024,0,,,,,
colorferet,edgeface_base,hfc,0.03,jpeg_xl,512,0,,,,,
colorferet,edgeface_base,hfc,0.03,avif,1024,0,,,,,
colorferet,edgeface_base,hfc,0.03,avif,512,0,,,,,
colorferet,edgeface_base,hfc,0.03,heif,1024,0,,,,,
colorferet,edgeface_base,hfc,0.03,heif,512,0,,,,,
colorferet,edgeface_base,hfc,0.03,jpeg_fzt,1024,0,,,,,
colorferet,edgeface_base,hfc,0.03,jpeg_fzt,512,0,,,,,
colorferet,edgeface_base,hfc,0.03,ours_accurate,1024,0,,,,,
colorferet,edgeface_base,hfc,0.03,ours_accurate,512,0,,,,,
colorferet,edgeface_base,hfc,0.03,ours_fast,1024,0,,,,,
colorferet,edgeface_base,hfc,0.03,ours_fast,512,0,,,,,
colorferet,edgeface_base,hfc,0.03,jpeg_ai,1024,0,,,,,
colorferet,edgeface_base,hfc,0.03,jpeg_ai,512,0,,,,,
colorferet,edgeface_base,hfc,0.03,neural_bmshj2018,1024,0,,,,,
colorferet,edgeface_base,hfc,0.03,neural_bmshj2018,512,0,,,,,
colorferet,edgeface_base,hfc,0.03,neural_mbt2018_mean,1024,0,,,,,
colorferet,edgeface_base,hfc,0.03,neural_mbt2018_mean,512,0,,,,,
colorferet,edgeface_base,hfc,0.06,jpeg,1024,0,,,,,
colorferet,edgeface_base,hfc,0.06,jpeg,512,0,,,,,
colorferet,edgeface_base,hfc,0.06,jpeg2000,1024,0,,,,,
colorferet,edgeface_base,hfc,0.06,jpeg2000,512,0,,,,,
colorferet,edgeface_base,hfc,0.06,webp,1024,0,,,,,
colorferet,edgeface_base,hfc,0.06,webp,512,0,,,,,
colorferet,edgeface_base,hfc,0.06,jpeg_xl,1024,0,,,,,
colorferet,edgeface_base,hfc,0.06,jpeg_xl,512,0,,,,,
colorferet,edgeface_base,hfc,0.06,avif,1024,0,,,,,
colorferet,edgeface_base,hfc,0.06,avif,512,0,,,,,
colorferet,edgeface_base,hfc,0.06,heif,1024,0,,,,,
colorferet,edgeface_base,hfc,0.06,heif,512,0,,,,,
colorferet,edgeface_base,hfc,0.06,jpeg_fzt,1024,0,,,,,
colorferet,edgeface_base,hfc,0.06,jpeg_fzt,512,0,,,,,
colorferet,edgeface_base,hfc,0.06,ours_accurate,1024,0,,,,,
colorferet,edgeface_base,hfc,0.06,ours_accurate,512,0,,,,,
colorferet,edgeface_base,hfc,0.06,ours_fast,1024,0,,,,,
colorferet,edgeface_base,hfc,0.06,ours_fast,512,0,,,,,
colorferet,edgeface_base,hfc,0.06,jpeg_ai,1024,0,,,,,
colorferet,edgeface_base,hfc,0.06,jpeg_ai,512,0,,,,,
colorferet,edgeface_base,hfc,0.06,neural_bmshj2018,1024,0,,,,,
colorferet,edgeface_base,hfc,0.06,neural_bmshj2018,512,0,,,,,
colorferet,edgeface_base,hfc,0.06,neural_mbt2018_mean,1024,0,,,,,
colorferet,edgeface_base,hfc,0.06,neural_mbt2018_mean,512,0,,,,,
colorferet,edgeface_base,hfc,0.1,jpeg,1024,0,,,,,
colorferet,edgeface_base,hfc,0.1,jpeg,512,0,,,,,
colorferet,edgeface_base,hfc,0.1,jpeg2000,1024,0,,,,,
colorferet,edgeface_base,hfc,0.1,jpeg2000,512,0,,,,,
colorferet,edgeface_base,hfc,0.1,webp,1024,0,,,,,
colorferet,edgeface_base,hfc,0.1,webp,512,0,,,,,
colorferet,edgeface_base,hfc,0.1,jpeg_xl,1024,0,,,,,
colorferet,edgeface_base,hfc,0.1,jpeg_xl,512,0,,,,,
colorferet,edgeface_base,hfc,0.1,avif,1024,0,,,,,
colorferet,edgeface_base,hfc,0.1,avif,512,0,,,,,
colorferet,edgeface_base,hfc,0.1,heif,1024,0,,,,,
colorferet,edgeface_base,hfc,0.1,heif,512,0,,,,,
colorferet,edgeface_base,hfc,0.1,jpeg_fzt,1024,0,,,,,
colorferet,edgeface_base,hfc,0.1,jpeg_fzt,512,0,,,,,
colorferet,edgeface_base,hfc,0.1,ours_accurate,1024,0,,,,,
colorferet,edgeface_base,hfc,0.1,ours_accurate,512,0,,,,,
colorferet,edgeface_base,hfc,0.1,ours_fast,1024,0,,,,,
colorferet,edgeface_base,hfc,0.1,ours_fast,512,0,,,,,
colorferet,edgeface_base,hfc,0.1,jpeg_ai,1024,0,,,,,
colorferet,edgeface_base,hfc,0.1,jpeg_ai,512,0,,,,,
colorferet,edgeface_base,hfc,0.1,neural_bmshj2018,1024,0,,,,,
colorferet,edgeface_base,hfc,0.1,neural_bmshj2018,512,0,,,,,
colorferet,edgeface_base,hfc,0.1,neural_mbt2018_mean,1024,0,,,,,
colorferet,edgeface_base,hfc,0.1,neural_mbt2018_mean,512,0,,,,,
colorferet,edgeface_base,clip,0.03,jpeg,1024,0,,,,,
colorferet,edgeface_base,clip,0.03,jpeg,512,0,,,,,
colorferet,edgeface_base,clip,0.03,jpeg2000,1024,0,,,,,
colorferet,edgeface_base,clip,0.03,jpeg2000,512,0,,,,,
colorferet,edgeface_base,clip,0.03,webp,1024,0,,,,,
colorferet,edgeface_base,clip,0.03,webp,512,0,,,,,
colorferet,edgeface_base,clip,0.03,jpeg_xl,1024,0,,,,,
colorferet,edgeface_base,clip,0.03,jpeg_xl,512,0,,,,,
colorferet,edgeface_base,clip,0.03,avif,1024,0,,,,,
colorferet,edgeface_base,clip,0.03,avif,512,0,,,,,
colorferet,edgeface_base,clip,0.03,heif,1024,0,,,,,
colorferet,edgeface_base,clip,0.03,heif,512,0,,,,,
colorferet,edgeface_base,clip,0.03,jpeg_fzt,1024,0,,,,,
colorferet,edgeface_base,clip,0.03,jpeg_fzt,512,0,,,,,
colorferet,edgeface_base,clip,0.03,ours_accurate,1024,0,,,,,
colorferet,edgeface_base,clip,0.03,ours_accurate,512,0,,,,,
colorferet,edgeface_base,clip,0.03,ours_fast,1024,0,,,,,
colorferet,edgeface_base,clip,0.03,ours_fast,512,0,,,,,
colorferet,edgeface_base,clip,0.03,jpeg_ai,1024,0,,,,,
colorferet,edgeface_base,clip,0.03,jpeg_ai,512,0,,,,,
colorferet,edgeface_base,clip,0.03,neural_bmshj2018,1024,0,,,,,
colorferet,edgeface_base,clip,0.03,neural_bmshj2018,512,0,,,,,
colorferet,edgeface_base,clip,0.03,neural_mbt2018_mean,1024,0,,,,,
colorferet,edgeface_base,clip,0.03,neural_mbt2018_mean,512,0,,,,,
colorferet,edgeface_base,clip,0.06,jpeg,1024,0,,,,,
colorferet,edgeface_base,clip,0.06,jpeg,512,0,,,,,
colorferet,edgeface_base,clip,0.06,jpeg2000,1024,0,,,,,
colorferet,edgeface_base,clip,0.06,jpeg2000,512,0,,,,,
colorferet,edgeface_base,clip,0.06,webp,1024,0,,,,,
colorferet,edgeface_base,clip,0.06,webp,512,0,,,,,
colorferet,edgeface_base,clip,0.06,jpeg_xl,1024,0,,,,,
colorferet,edgeface_base,clip,0.06,jpeg_xl,512,0,,,,,
colorferet,edgeface_base,clip,0.06,avif,1024,0,,,,,
colorferet,edgeface_base,clip,0.06,avif,512,0,,,,,
colorferet,edgeface_base,clip,0.06,heif,1024,0,,,,,
colorferet,edgeface_base,clip,0.06,heif,512,0,,,,,
colorferet,edgeface_base,clip,0.06,jpeg_fzt,1024,0,,,,,
colorferet,edgeface_base,clip,0.06,jpeg_fzt,512,0,,,,,
colorferet,edgeface_base,clip,0.06,ours_accurate,1024,0,,,,,
colorferet,edgeface_base,clip,0.06,ours_accurate,512,0,,,,,
colorferet,edgeface_base,clip,0.06,ours_fast,1024,0,,,,,
colorferet,edgeface_base,clip,0.06,ours_fast,512,0,,,,,
colorferet,edgeface_base,clip,0.06,jpeg_ai,1024,0,,,,,
colorferet,edgeface_base,clip,0.06,jpeg_ai,512,0,,,,,
colorferet,edgeface_base,clip,0.06,neural_bmshj2018,1024,0,,,,,
colorferet,edgeface_base,clip,0.06,neural_bmshj2018,512,0,,,,,
colorferet,edgeface_base,clip,0.06,neural_mbt2018_mean,1024,0,,,,,
colorferet,edgeface_base,clip,0.06,neural_mbt2018_mean,512,0,,,,,
colorferet,edgeface_base,clip,0.1,jpeg,1024,0,,,,,
colorferet,edgeface_base,clip,0.1,jpeg,512,0,,,,,
colorferet,edgeface_base,clip,0.1,jpeg2000,1024,0,,,,,
colorferet,edgeface_base,clip,0.1,jpeg2000,512,0,,,,,
colorferet,edgeface_base,clip,0.1,webp,1024,0,,,,,
colorferet,edgeface_base,clip,0.1,webp,512,0,,,,,
colorferet,edgeface_base,clip,0.1,jpeg_xl,1024,0,,,,,
colorferet,edgeface_base,clip,0.1,jpeg_xl,512,0,,,,,
colorferet,edgeface_base,clip,0.1,avif,1024,0,,,,,
colorferet,edgeface_base,clip,0.1,avif,512,0,,,,,
colorferet,edgeface_base,clip,0.1,heif,1024,0,,,,,
colorferet,edgeface_base,clip,0.1,heif,512,0,,,,,
colorferet,edgeface_base,clip,0.1,jpeg_fzt,1024,0,,,,,
colorferet,edgeface_base,clip,0.1,jpeg_fzt,512,0,,,,,
colorferet,edgeface_base,clip,0.1,ours_accurate,1024,0,,,,,
colorferet,edgeface_base,clip,0.1,ours_accurate,512,0,,,,,
colorferet,edgeface_base,clip,0.1,ours_fast,1024,0,,,,,
colorferet,edgeface_base,clip,0.1,ours_fast,512,0,,,,,
colorferet,edgeface_base,clip,0.1,jpeg_ai,1024,0,,,,,
colorferet,edgeface_base,clip,0.1,jpeg_ai,512,0,,,,,
colorferet,edgeface_base,clip,0.1,neural_bmshj2018,1024,0,,,,,
colorferet,edgeface_base,clip,0.1,neural_bmshj2018,512,0,,,,,
colorferet,edgeface_base,clip,0.1,neural_mbt2018_mean,1024,0,,,,,
colorferet,edgeface_base,clip,0.1,neural_mbt2018_mean,512,0,,,,,
colorferet,edgeface_base,liae,0.03,jpeg,1024,0,,,,,
colorferet,edgeface_base,liae,0.03,jpeg,512,0,,,,,
colorferet,edgeface_base,liae,0.03,jpeg2000,1024,0,,,,,
colorferet,edgeface_base,liae,0.03,jpeg2000,512,0,,,,,
colorferet,edgeface_base,liae,0.03,webp,1024,0,,,,,
colorferet,edgeface_base,liae,0.03,webp,512,0,,,,,
colorferet,edgeface_base,liae,0.03,jpeg_xl,1024,0,,,,,
colorferet,edgeface_base,liae,0.03,jpeg_xl,512,0,,,,,
colorferet,edgeface_base,liae,0.03,avif,1024,0,,,,,
colorferet,edgeface_base,liae,0.03,avif,512,0,,,,,
colorferet,edgeface_base,liae,0.03,heif,1024,0,,,,,
colorferet,edgeface_base,liae,0.03,heif,512,0,,,,,
colorferet,edgeface_base,liae,0.03,jpeg_fzt,1024,0,,,,,
colorferet,edgeface_base,liae,0.03,jpeg_fzt,512,0,,,,,
colorferet,edgeface_base,liae,0.03,ours_accurate,1024,0,,,,,
colorferet,edgeface_base,liae,0.03,ours_accurate,512,0,,,,,
colorferet,edgeface_base,liae,0.03,ours_fast,1024,0,,,,,
colorferet,edgeface_base,liae,0.03,ours_fast,512,0,,,,,
colorferet,edgeface_base,liae,0.03,jpeg_ai,1024,0,,,,,
colorferet,edgeface_base,liae,0.03,jpeg_ai,512,0,,,,,
colorferet,edgeface_base,liae,0.03,neural_bmshj2018,1024,0,,,,,
colorferet,edgeface_base,liae,0.03,neural_bmshj2018,512,0,,,,,
colorferet,edgeface_base,liae,0.03,neural_mbt2018_mean,1024,0,,,,,
colorferet,edgeface_base,liae,0.03,neural_mbt2018_mean,512,0,,,,,
colorferet,edgeface_base,liae,0.06,jpeg,1024,0,,,,,
colorferet,edgeface_base,liae,0.06,jpeg,512,0,,,,,
colorferet,edgeface_base,liae,0.06,jpeg2000,1024,0,,,,,
colorferet,edgeface_base,liae,0.06,jpeg2000,512,0,,,,,
colorferet,edgeface_base,liae,0.06,webp,1024,0,,,,,
colorferet,edgeface_base,liae,0.06,webp,512,0,,,,,
colorferet,edgeface_base,liae,0.06,jpeg_xl,1024,0,,,,,
colorferet,edgeface_base,liae,0.06,jpeg_xl,512,0,,,,,
colorferet,edgeface_base,liae,0.06,avif,1024,0,,,,,
colorferet,edgeface_base,liae,0.06,avif,512,0,,,,,
colorferet,edgeface_base,liae,0.06,heif,1024,0,,,,,
colorferet,edgeface_base,liae,0.06,heif,512,0,,,,,
colorferet,edgeface_base,liae,0.06,jpeg_fzt,1024,0,,,,,
colorferet,edgeface_base,liae,0.06,jpeg_fzt,512,0,,,,,
colorferet,edgeface_base,liae,0.06,ours_accurate,1024,0,,,,,
colorferet,edgeface_base,liae,0.06,ours_accurate,512,0,,,,,
colorferet,edgeface_base,liae,0.06,ours_fast,1024,0,,,,,
colorferet,edgeface_base,liae,0.06,ours_fast,512,0,,,,,
colorferet,edgeface_base,liae,0.06,jpeg_ai,1024,0,,,,,
colorferet,edgeface_base,liae,0.06,jpeg_ai,512,0,,,,,
colorferet,edgeface_base,liae,0.06,neural_bmshj2018,1024,0,,,,,
colorferet,edgeface_base,liae,0.06,neural_bmshj2018,512,0,,,,,
colorferet,edgeface_base,liae,0.06,neural_mbt2018_mean,1024,0,,,,,
colorferet,edgeface_base,liae,0.06,neural_mbt2018_mean,512,0,,,,,
colorferet,edgeface_base,liae,0.1,jpeg,1024,0,,,,,
colorferet,edgeface_base,liae,0.1,jpeg,512,0,,,,,
colorferet,edgeface_base,liae,0.1,jpeg2000,1024,0,,,,,
colorferet,edgeface_base,liae,0.1,jpeg2000,512,0,,,,,
colorferet,edgeface_base,liae,0.1,webp,1024,0,,,,,
colorferet,edgeface_base,liae,0.1,webp,512,0,,,,,
colorferet,edgeface_base,liae,0.1,jpeg_xl,1024,0,,,,,
colorferet,edgeface_base,liae,0.1,jpeg_xl,512,0,,,,,
colorferet,edgeface_base,liae,0.1,avif,1024,0,,,,,
colorferet,edgeface_base,liae,0.1,avif,512,0,,,,,
colorferet,edgeface_base,liae,0.1,heif,1024,0,,,,,
colorferet,edgeface_base,liae,0.1,heif,512,0,,,,,
colorferet,edgeface_base,liae,0.1,jpeg_fzt,1024,0,,,,,
colorferet,edgeface_base,liae,0.1,jpeg_fzt,512,0,,,,,
colorferet,edgeface_base,liae,0.1,ours_accurate,1024,0,,,,,
colorferet,edgeface_base,liae,0.1,ours_accurate,512,0,,,,,
colorferet,edgeface_base,liae,0.1,ours_fast,1024,0,,,,,
colorferet,edgeface_base,liae,0.1,ours_fast,512,0,,,,,
colorferet,edgeface_base,liae,0.1,jpeg_ai,1024,0,,,,,
colorferet,edgeface_base,liae,0.1,jpeg_ai,512,0,,,,,
colorferet,edgeface_base,liae,0.1,neural_bmshj2018,1024,0,,,,,
colorferet,edgeface_base,liae,0.1,neural_bmshj2018,512,0,,,,,
colorferet,edgeface_base,liae,0.1,neural_mbt2018_mean,1024,0,,,,,
colorferet,edgeface_base,liae,0.1,neural_mbt2018_mean,512,0,,,,,
colorferet,edgeface_s,hfc,0.03,jpeg,1024,0,,,,,
colorferet,edgeface_s,hfc,0.03,jpeg,512,0,,,,,
colorferet,edgeface_s,hfc,0.03,jpeg2000,1024,0,,,,,
colorferet,edgeface_s,hfc,0.03,jpeg2000,512,0,,,,,
colorferet,edgeface_s,hfc,0.03,webp,1024,0,,,,,
colorferet,edgeface_s,hfc,0.03,webp,512,0,,,,,
colorferet,edgeface_s,hfc,0.03,jpeg_xl,1024,0,,,,,
colorferet,edgeface_s,hfc,0.03,jpeg_xl,512,0,,,,,
colorferet,edgeface_s,hfc,0.03,avif,1024,0,,,,,
colorferet,edgeface_s,hfc,0.03,avif,512,0,,,,,
colorferet,edgeface_s,hfc,0.03,heif,1024,0,,,,,
colorferet,edgeface_s,hfc,0.03,heif,512,0,,,,,
colorferet,edgeface_s,hfc,0.03,jpeg_fzt,1024,0,,,,,
colorferet,edgeface_s,hfc,0.03,jpeg_fzt,512,0,,,,,
colorferet,edgeface_s,hfc,0.03,ours_accurate,1024,0,,,,,
colorferet,edgeface_s,hfc,0.03,ours_accurate,512,0,,,,,
colorferet,edgeface_s,hfc,0.03,ours_fast,1024,0,,,,,
colorferet,edgeface_s,hfc,0.03,ours_fast,512,0,,,,,
colorferet,edgeface_s,hfc,0.03,jpeg_ai,1024,0,,,,,
colorferet,edgeface_s,hfc,0.03,jpeg_ai,512,0,,,,,
colorferet,edgeface_s,hfc,0.03,neural_bmshj2018,1024,0,,,,,
colorferet,edgeface_s,hfc,0.03,neural_bmshj2018,512,0,,,,,
colorferet,edgeface_s,hfc,0.03,neural_mbt2018_mean,1024,0,,,,,
colorferet,edgeface_s,hfc,0.03,neural_mbt2018_mean,512,0,,,,,
colorferet,edgeface_s,hfc,0.06,jpeg,1024,0,,,,,
colorferet,edgeface_s,hfc,0.06,jpeg,512,0,,,,,
colorferet,edgeface_s,hfc,0.06,jpeg2000,1024,0,,,,,
colorferet,edgeface_s,hfc,0.06,jpeg2000,512,0,,,,,
colorferet,edgeface_s,hfc,0.06,webp,1024,0,,,,,
colorferet,edgeface_s,hfc,0.06,webp,512,0,,,,,
colorferet,edgeface_s,hfc,0.06,jpeg_xl,1024,0,,,,,
colorferet,edgeface_s,hfc,0.06,jpeg_xl,512,0,,,,,
colorferet,edgeface_s,hfc,0.06,avif,1024,0,,,,,
colorferet,edgeface_s,hfc,0.06,avif,512,0,,,,,
colorferet,edgeface_s,hfc,0.06,heif,1024,0,,,,,
colorferet,edgeface_s,hfc,0.06,heif,512,0,,,,,
colorferet,edgeface_s,hfc,0.06,jpeg_fzt,1024,0,,,,,
colorferet,edgeface_s,hfc,0.06,jpeg_fzt,512,0,,,,,
colorferet,edgeface_s,hfc,0.06,ours_accurate,1024,0,,,,,
colorferet,edgeface_s,hfc,0.06,ours_accurate,512,0,,,,,
colorferet,edgeface_s,hfc,0.06,ours_fast,1024,0,,,,,
colorferet,edgeface_s,hfc,0.06,ours_fast,512,0,,,,,
colorferet,edgeface_s,hfc,0.06,jpeg_ai,1024,0,,,,,
colorferet,edgeface_s,hfc,0.06,jpeg_ai,512,0,,,,,
colorferet,edgeface_s,hfc,0.06,neural_bmshj2018,1024,0,,,,,
colorferet,edgeface_s,hfc,0.06,neural_bmshj2018,512,0,,,,,
colorferet,edgeface_s,hfc,0.06,neural_mbt2018_mean,1024,0,,,,,
colorferet,edgeface_s,hfc,0.06,neural_mbt2018_mean,512,0,,,,,
colorferet,edgeface_s,hfc,0.1,jpeg,1024,0,,,,,
colorferet,edgeface_s,hfc,0.1,jpeg,512,0,,,,,
colorferet,edgeface_s,hfc,0.1,jpeg2000,1024,0,,,,,
colorferet,edgeface_s,hfc,0.1,jpeg2000,512,0,,,,,
colorferet,edgeface_s,hfc,0.1,webp,1024,0,,,,,
colorferet,edgeface_s,hfc,0.1,webp,512,0,,,,,
colorferet,edgeface_s,hfc,0.1,jpeg_xl,1024,0,,,,,
colorferet,edgeface_s,hfc,0.1,jpeg_xl,512,0,,,,,
colorferet,edgeface_s,hfc,0.1,avif,1024,0,,,,,
colorferet,edgeface_s,hfc,0.1,avif,512,0,,,,,
colorferet,edgeface_s,hfc,0.1,heif,1024,0,,,,,
colorferet,edgeface_s,hfc,0.1,heif,512,0,,,,,
colorferet,edgeface_s,hfc,0.1,jpeg_fzt,1024,0,,,,,
colorferet,edgeface_s,hfc,0.1,jpeg_fzt,512,0,,,,,
colorferet,edgeface_s,hfc,0.1,ours_accurate,1024,0,,,,,
colorferet,edgeface_s,hfc,0.1,ours_accurate,512,0,,,,,
colorferet,edgeface_s,hfc,0.1,ours_fast,1024,0,,,,,
colorferet,edgeface_s,hfc,0.1,ours_fast,512,0,,,,,
colorferet,edgeface_s,hfc,0.1,jpeg_ai,1024,0,,,,,
colorferet,edgeface_s,hfc,0.1,jpeg_ai,512,0,,,,,
colorferet,edgeface_s,hfc,0.1,neural_bmshj2018,1024,0,,,,,
colorferet,edgeface_s,hfc,0.1,neural_bmshj2018,512,0,,,,,
colorferet,edgeface_s,hfc,0.1,neural_mbt2018_mean,1024,0,,,,,
colorferet,edgeface_s,hfc,0.1,neural_mbt2018_mean,512,0,,,,,
colorferet,edgeface_s,clip,0.03,jpeg,1024,0,,,,,
colorferet,edgeface_s,clip,0.03,jpeg,512,0,,,,,
colorferet,edgeface_s,clip,0.03,jpeg2000,1024,0,,,,,
colorferet,edgeface_s,clip,0.03,jpeg2000,512,0,,,,,
colorferet,edgeface_s,clip,0.03,webp,1024,0,,,,,
colorferet,edgeface_s,clip,0.03,webp,512,0,,,,,
colorferet,edgeface_s,clip,0.03,jpeg_xl,1024,0,,,,,
colorferet,edgeface_s,clip,0.03,jpeg_xl,512,0,,,,,
colorferet,edgeface_s,clip,0.03,avif,1024,0,,,,,
colorferet,edgeface_s,clip,0.03,avif,512,0,,,,,
colorferet,edgeface_s,clip,0.03,heif,1024,0,,,,,
colorferet,edgeface_s,clip,0.03,heif,512,0,,,,,
colorferet,edgeface_s,clip,0.03,jpeg_fzt,1024,0,,,,,
colorferet,edgeface_s,clip,0.03,jpeg_fzt,512,0,,,,,
colorferet,edgeface_s,clip,0.03,ours_accurate,1024,0,,,,,
colorferet,edgeface_s,clip,0.03,ours_accurate,512,0,,,,,
colorferet,edgeface_s,clip,0.03,ours_fast,1024,0,,,,,
colorferet,edgeface_s,clip,0.03,ours_fast,512,0,,,,,
colorferet,edgeface_s,clip,0.03,jpeg_ai,1024,0,,,,,
colorferet,edgeface_s,clip,0.03,jpeg_ai,512,0,,,,,
colorferet,edgeface_s,clip,0.03,neural_bmshj2018,1024,0,,,,,
colorferet,edgeface_s,clip,0.03,neural_bmshj2018,512,0,,,,,
colorferet,edgeface_s,clip,0.03,neural_mbt2018_mean,1024,0,,,,,
colorferet,edgeface_s,clip,0.03,neural_mbt2018_mean,512,0,,,,,
colorferet,edgeface_s,clip,0.06,jpeg,1024,0,,,,,
colorferet,edgeface_s,clip,0.06,jpeg,512,0,,,,,
colorferet,edgeface_s,clip,0.06,jpeg2000,1024,0,,,,,
colorferet,edgeface_s,clip,0.06,jpeg2000,512,0,,,,,
colorferet,edgeface_s,clip,0.06,webp,1024,0,,,,,
colorferet,edgeface_s,clip,0.06,webp,512,0,,,,,
colorferet,edgeface_s,clip,0.06,jpeg_xl,1024,0,,,,,
colorferet,edgeface_s,clip,0.06,jpeg_xl,512,0,,,,,
colorferet,edgeface_s,clip,0.06,avif,1024,0,,,,,
colorferet,edgeface_s,clip,0.06,avif,512,0,,,,,
colorferet,edgeface_s,clip,0.06,heif,1024,0,,,,,
colorferet,edgeface_s,clip,0.06,heif,512,0,,,,,
colorferet,edgeface_s,clip,0.06,jpeg_fzt,1024,0,,,,,
colorferet,edgeface_s,clip,0.06,jpeg_fzt,512,0,,,,,
colorferet,edgeface_s,clip,0.06,ours_accurate,1024,0,,,,,
colorferet,edgeface_s,clip,0.06,ours_accurate,512,0,,,,,
colorferet,edgeface_s,clip,0.06,ours_fast,1024,0,,,,,
colorferet,edgeface_s,clip,0.06,ours_fast,512,0,,,,,
colorferet,edgeface_s,clip,0.06,jpeg_ai,1024,0,,,,,
colorferet,edgeface_s,clip,0.06,jpeg_ai,512,0,,,,,
colorferet,edgeface_s,clip,0.06,neural_bmshj2018,1024,0,,,,,
colorferet,edgeface_s,clip,0.06,neural_bmshj2018,512,0,,,,,
colorferet,edgeface_s,clip,0.06,neural_mbt2018_mean,1024,0,,,,,
colorferet,edgeface_s,clip,0.06,neural_mbt2018_mean,512,0,,,,,
colorferet,edgeface_s,clip,0.1,jpeg,1024,0,,,,,
colorferet,edgeface_s,clip,0.1,jpeg,512,0,,,,,
colorferet,edgeface_s,clip,0.1,jpeg2000,1024,0,,,,,
colorferet,edgeface_s,clip,0.1,jpeg2000,512,0,,,,,
colorferet,edgeface_s,clip,0.1,webp,1024,0,,,,,
colorferet,edgeface_s,clip,0.1,webp,512,0,,,,,
colorferet,edgeface_s,clip,0.1,jpeg_xl,1024,0,,,,,
colorferet,edgeface_s,clip,0.1,jpeg_xl,512,0,,,,,
colorferet,edgeface_s,clip,0.1,avif,1024,0,,,,,
colorferet,edgeface_s,clip,0.1,avif,512,0,,,,,
colorferet,edgeface_s,clip,0.1,heif,1024,0,,,,,
colorferet,edgeface_s,clip,0.1,heif,512,0,,,,,
colorferet,edgeface_s,clip,0.1,jpeg_fzt,1024,0,,,,,
colorferet,edgeface_s,clip,0.1,jpeg_fzt,512,0,,,,,
colorferet,edgeface_s,clip,0.1,ours_accurate,1024,0,,,,,
colorferet,edgeface_s,clip,0.1,ours_accurate,512,0,,,,,
colorferet,edgeface_s,clip,0.1,ours_fast,1024,0,,,,,
colorferet,edgeface_s,clip,0.1,ours_fast,512,0,,,,,
colorferet,edgeface_s,clip,0.1,jpeg_ai,1024,0,,,,,
colorferet,edgeface_s,clip,0.1,jpeg_ai,512,0,,,,,
colorferet,edgeface_s,clip,0.1,neural_bmshj2018,1024,0,,,,,
colorferet,edgeface_s,clip,0.1,neural_bmshj2018,512,0,,,,,
colorferet,edgeface_s,clip,0.1,neural_mbt2018_mean,1024,0,,,,,
colorferet,edgeface_s,clip,0.1,neural_mbt2018_mean,512,0,,,,,
colorferet,edgeface_s,liae,0.03,jpeg,1024,0,,,,,
colorferet,edgeface_s,liae,0.03,jpeg,512,0,,,,,
colorferet,edgeface_s,liae,0.03,jpeg2000,1024,0,,,,,
colorferet,edgeface_s,liae,0.03,jpeg2000,512,0,,,,,
colorferet,edgeface_s,liae,0.03,webp,1024,0,,,,,
colorferet,edgeface_s,liae,0.03,webp,512,0,,,,,
colorferet,edgeface_s,liae,0.03,jpeg_xl,1024,0,,,,,
colorferet,edgeface_s,liae,0.03,jpeg_xl,512,0,,,,,
colorferet,edgeface_s,liae,0.03,avif,1024,0,,,,,
colorferet,edgeface_s,liae,0.03,avif,512,0,,,,,
colorferet,edgeface_s,liae,0.03,heif,1024,0,,,,,
colorferet,edgeface_s,liae,0.03,heif,512,0,,,,,
colorferet,edgeface_s,liae,0.03,jpeg_fzt,1024,0,,,,,
colorferet,edgeface_s,liae,0.03,jpeg_fzt,512,0,,,,,
colorferet,edgeface_s,liae,0.03,ours_accurate,1024,0,,,,,
colorferet,edgeface_s,liae,0.03,ours_accurate,512,0,,,,,
colorferet,edgeface_s,liae,0.03,ours_fast,1024,0,,,,,
colorferet,edgeface_s,liae,0.03,ours_fast,512,0,,,,,
colorferet,edgeface_s,liae,0.03,jpeg_ai,1024,0,,,,,
colorferet,edgeface_s,liae,0.03,jpeg_ai,512,0,,,,,
colorferet,edgeface_s,liae,0.03,neural_bmshj2018,1024,0,,,,,
colorferet,edgeface_s,liae,0.03,neural_bmshj2018,512,0,,,,,
colorferet,edgeface_s,liae,0.03,neural_mbt2018_mean,1024,0,,,,,
colorferet,edgeface_s,liae,0.03,neural_mbt2018_mean,512,0,,,,,
colorferet,edgeface_s,liae,0.06,jpeg,1024,0,,,,,
colorferet,edgeface_s,liae,0.06,jpeg,512,0,,,,,
colorferet,edgeface_s,liae,0.06,jpeg2000,1024,0,,,,,
colorferet,edgeface_s,liae,0.06,jpeg2000,512,0,,,,,
colorferet,edgeface_s,liae,0.06,webp,1024,0,,,,,
colorferet,edgeface_s,liae,0.06,webp,512,0,,,,,
colorferet,edgeface_s,liae,0.06,jpeg_xl,1024,0,,,,,
colorferet,edgeface_s,liae,0.06,jpeg_xl,512,0,,,,,
colorferet,edgeface_s,liae,0.06,avif,1024,0,,,,,
colorferet,edgeface_s,liae,0.06,avif,512,0,,,,,
colorferet,edgeface_s,liae,0.06,heif,1024,0,,,,,
colorferet,edgeface_s,liae,0.06,heif,512,0,,,,,
colorferet,edgeface_s,liae,0.06,jpeg_fzt,1024,0,,,,,
colorferet,edgeface_s,liae,0.06,jpeg_fzt,512,0,,,,,
colorferet,edgeface_s,liae,0.06,ours_accurate,1024,0,,,,,
colorferet,edgeface_s,liae,0.06,ours_accurate,512,0,,,,,
colorferet,edgeface_s,liae,0.06,ours_fast,1024,0,,,,,
colorferet,edgeface_s,liae,0.06,ours_fast,512,0,,,,,
colorferet,edgeface_s,liae,0.06,jpeg_ai,1024,0,,,,,
colorferet,edgeface_s,liae,0.06,jpeg_ai,512,0,,,,,
colorferet,edgeface_s,liae,0.06,neural_bmshj2018,1024,0,,,,,
colorferet,edgeface_s,liae,0.06,neural_bmshj2018,512,0,,,,,
colorferet,edgeface_s,liae,0.06,neural_mbt2018_mean,1024,0,,,,,
colorferet,edgeface_s,liae,0.06,neural_mbt2018_mean,512,0,,,,,
colorferet,edgeface_s,liae,0.1,jpeg,1024,0,,,,,
colorferet,edgeface_s,liae,0.1,jpeg,512,0,,,,,
colorferet,edgeface_s,liae,0.1,jpeg2000,1024,0,,,,,
colorferet,edgeface_s,liae,0.1,jpeg2000,512,0,,,,,
colorferet,edgeface_s,liae,0.1,webp,1024,0,,,,,
colorferet,edgeface_s,liae,0.1,webp,512,0,,,,,
colorferet,edgeface_s,liae,0.1,jpeg_xl,1024,0,,,,,
colorferet,edgeface_s,liae,0.1,jpeg_xl,512,0,,,,,
colorferet,edgeface_s,liae,0.1,avif,1024,0,,,,,
colorferet,edgeface_s,liae,0.1,avif,512,0,,,,,
colorferet,edgeface_s,liae,0.1,heif,1024,0,,,,,
colorferet,edgeface_s,liae,0.1,heif,512,0,,,,,
colorferet,edgeface_s,liae,0.1,jpeg_fzt,1024,0,,,,,
colorferet,edgeface_s,liae,0.1,jpeg_fzt,512,0,,,,,
colorferet,edgeface_s,liae,0.1,ours_accurate,1024,0,,,,,
colorferet,edgeface_s,liae,0.1,ours_accurate,512,0,,,,,
colorferet,edgeface_s,liae,0.1,ours_fast,1024,0,,,,,
colorferet,edgeface_s,liae,0.1,ours_fast,512,0,,,,,
colorferet,edgeface_s,liae,0.1,jpeg_ai,1024,0,,,,,
colorferet,edgeface_s,liae,0.1,jpeg_ai,512,0,,,,,
colorferet,edgeface_s,liae,0.1,neural_bmshj2018,1024,0,,,,,
colorferet,edgeface_s,liae,0.1,neural_bmshj2018,512,0,,,,,
colorferet,edgeface_s,liae,0.1,neural_mbt2018_mean,1024,0,,,,,
colorferet,edgeface_s,liae,0.1,neural_mbt2018_mean,512,0,,,,,
colorferet,edgeface_xs,hfc,0.03,jpeg,1024,11335,0.8552502393722534,0.8802224397659302,0.7661272883415222,0.11409515142440796,-3.5688865869143886
colorferet,edgeface_xs,hfc,0.03,jpeg,512,11335,0.8552502393722534,0.24113452434539795,0.2161744236946106,0.024960100650787354,1.0406439699229906
colorferet,edgeface_xs,hfc,0.03,jpeg2000,1024,11335,0.8552502393722534,0.613259494304657,0.5991912484169006,0.014068245887756348,1.0581354707752422
colorferet,edgeface_xs,hfc,0.03,jpeg2000,512,11335,0.8552502393722534,0.2923743426799774,0.288697212934494,0.0036771297454833984,1.0065327539642255
colorferet,edgeface_xs,hfc,0.03,webp,1024,11335,0.8552502393722534,0.9413934350013733,0.82306307554245,0.11833035945892334,-0.37364719981345695
colorferet,edgeface_xs,hfc,0.03,webp,512,11335,0.8552502393722534,0.8054930567741394,0.6972324252128601,0.1082606315612793,3.175778971162704
colorferet,edgeface_xs,hfc,0.03,jpeg_xl,1024,11335,0.8552502393722534,0.9004653096199036,0.7782413959503174,0.12222391366958618,-1.7031676164638543
colorferet,edgeface_xs,hfc,0.03,jpeg_xl,512,11335,0.8552502393722534,0.6368050575256348,0.5733753442764282,0.06342971324920654,1.290369019417163
colorferet,edgeface_xs,hfc,0.03,avif,1024,11335,0.8552502393722534,0.9355685710906982,0.8115695118904114,0.12399905920028687,-0.5438450543888839
colorferet,edgeface_xs,hfc,0.03,avif,512,11335,0.8552502393722534,0.6148720383644104,0.5766780376434326,0.03819400072097778,1.1588912828236517
colorferet,edgeface_xs,hfc,0.03,heif,1024,11335,0.8552502393722534,0.9072047472000122,0.8020214438438416,0.10518330335617065,-1.0245269901290883
colorferet,edgeface_xs,hfc,0.03,heif,512,11335,0.8552502393722534,0.39947789907455444,0.4100991189479828,-0.010621219873428345,0.9766962166539311
colorferet,edgeface_xs,hfc,0.03,jpeg_fzt,1024,300,0.8782157301902771,0.9137440919876099,0.817602276802063,0.09614181518554688,-1.7060582115768865
colorferet,edgeface_xs,hfc,0.03,jpeg_fzt,512,300,0.8782157301902771,0.6049711108207703,0.5667917132377625,0.03817939758300781,1.139726072817478
colorferet,edgeface_xs,hfc,0.03,ours_accurate,1024,11335,0.8552502393722534,0.9707541465759277,0.8382782936096191,0.1324758529663086,-0.14693828263927664
colorferet,edgeface_xs,hfc,0.03,ours_accurate,512,11335,0.8552502393722534,0.9466568827629089,0.8049609661102295,0.14169591665267944,-0.5501708781395312
colorferet,edgeface_xs,hfc,0.03,ours_fast,1024,11335,0.8552502393722534,0.9134069681167603,0.8115820288658142,0.10182493925094604,-0.750871162273959
colorferet,edgeface_xs,hfc,0.03,ours_fast,512,11335,0.8552502393722534,0.8634351491928101,0.7603498101234436,0.10308533906936646,-11.594560151471017
colorferet,edgeface_xs,hfc,0.03,jpeg_ai,1024,0,,,,,
colorferet,edgeface_xs,hfc,0.03,jpeg_ai,512,0,,,,,
colorferet,edgeface_xs,hfc,0.03,neural_bmshj2018,1024,0,,,,,
colorferet,edgeface_xs,hfc,0.03,neural_bmshj2018,512,0,,,,,
colorferet,edgeface_xs,hfc,0.03,neural_mbt2018_mean,1024,0,,,,,
colorferet,edgeface_xs,hfc,0.03,neural_mbt2018_mean,512,0,,,,,
colorferet,edgeface_xs,hfc,0.06,jpeg,1024,11335,0.6315198540687561,0.8802224397659302,0.5798105001449585,0.3004119396209717,-0.20791643069911664
colorferet,edgeface_xs,hfc,0.06,jpeg,512,11335,0.6315198540687561,0.24113452434539795,0.16125991940498352,0.07987460494041443,1.2046045249625967
colorferet,edgeface_xs,hfc,0.06,jpeg2000,1024,11335,0.6315198540687561,0.613259494304657,0.5443817973136902,0.0688776969909668,4.771979187747668
colorferet,edgeface_xs,hfc,0.06,jpeg2000,512,11335,0.6315198540687561,0.2923743426799774,0.28912925720214844,0.0032450854778289795,1.0095684164137706
colorferet,edgeface_xs,hfc,0.06,webp,1024,11335,0.6315198540687561,0.9413934350013733,0.634945273399353,0.30644816160202026,0.011054247736407674
colorferet,edgeface_xs,hfc,0.06,webp,512,11335,0.6315198540687561,0.8054930567741394,0.5410507917404175,0.2644422650337219,-0.520017226339992
colorferet,edgeface_xs,hfc,0.06,jpeg_xl,1024,11335,0.6315198540687561,0.9004653096199036,0.5710426568984985,0.32942265272140503,-0.22486789020592374
colorferet,edgeface_xs,hfc,0.06,jpeg_xl,512,11335,0.6315198540687561,0.6368050575256348,0.45675405859947205,0.18005099892616272,-33.06699484611654
colorferet,edgeface_xs,hfc,0.06,avif,1024,11335,0.6315198540687561,0.9355685710906982,0.6156519055366516,0.31991666555404663,-0.05218883568240598
colorferet,edgeface_xs,hfc,0.06,avif,512,11335,0.6315198540687561,0.6148720383644104,0.4683166742324829,0.1465553641319275,9.803278864606307
colorferet,edgeface_xs,hfc,0.06,heif,1024,11335,0.6315198540687561,0.9072047472000122,0.601956844329834,0.3052479028701782,-0.10723478317271051
colorferet,edgeface_xs,hfc,0.06,heif,512,11335,0.6315198540687561,0.39947789907455444,0.3774913251399994,0.021986573934555054,1.0947525801319182
colorferet,edgeface_xs,hfc,0.06,jpeg_fzt,1024,300,0.6601232886314392,0.9137440919876099,0.6530186533927917,0.2607254385948181,-0.028012825228181753
colorferet,edgeface_xs,hfc,0.06,jpeg_fzt,512,300,0.6601232886314392,0.6049711108207703,0.4692356288433075,0.13573548197746277,3.4611082892035014
colorferet,edgeface_xs,hfc,0.06,ours_accurate,1024,11335,0.6315198540687561,0.9707541465759277,0.5977621078491211,0.37299203872680664,-0.09951159704445667
colorferet,edgeface_xs,hfc,0.06,ours_accurate,512,11335,0.6315198540687561,0.9466568827629089,0.5544739365577698,0.39218294620513916,-0.2444838609738909
colorferet,edgeface_xs,hfc,0.06,ours_fast,1024,11335,0.6315198540687561,0.9134069681167603,0.6174447536468506,0.29596221446990967,-0.04993169151928168
colorferet,edgeface_xs,hfc,0.06,ours_fast,512,11335,0.6315198540687561,0.8634351491928101,0.5677980184555054,0.2956371307373047,-0.27476340264304366
colorferet,edgeface_xs,hfc,0.06,jpeg_ai,1024,0,,,,,
colorferet,edgeface_xs,hfc,0.06,jpeg_ai,512,0,,,,,
colorferet,edgeface_xs,hfc,0.06,neural_bmshj2018,1024,0,,,,,
colorferet,edgeface_xs,hfc,0.06,neural_bmshj2018,512,0,,,,,
colorferet,edgeface_xs,hfc,0.06,neural_mbt2018_mean,1024,0,,,,,
colorferet,edgeface_xs,hfc,0.06,neural_mbt2018_mean,512,0,,,,,
colorferet,edgeface_xs,hfc,0.1,jpeg,1024,11335,0.35613012313842773,0.8802224397659302,0.30281388759613037,0.5774085521697998,-0.10173061853946577
colorferet,edgeface_xs,hfc,0.1,jpeg,512,11335,0.35613012313842773,0.24113452434539795,0.06626193970441818,0.17487258464097977,2.5206893696489825
colorferet,edgeface_xs,hfc,0.1,jpeg2000,1024,11335,0.35613012313842773,0.613259494304657,0.3670792877674103,0.2461802065372467,0.042582317917715114
colorferet,edgeface_xs,hfc,0.1,jpeg2000,512,11335,0.35613012313842773,0.2923743426799774,0.2569245398044586,0.0354498028755188,1.5560249222989506
colorferet,edgeface_xs,hfc,0.1,webp,1024,11335,0.35613012313842773,0.9413934350013733,0.40711164474487305,0.5342817902565002,0.0871086920589069
colorferet,edgeface_xs,hfc,0.1,webp,512,11335,0.35613012313842773,0.8054930567741394,0.3772179186344147,0.42827513813972473,0.046928204169777686
colorferet,edgeface_xs,hfc,0.1,jpeg_xl,1024,11335,0.35613012313842773,0.9004653096199036,0.29777446389198303,0.6026908457279205,-0.10720537767115408
colorferet,edgeface_xs,hfc,0.1,jpeg_xl,512,11335,0.35613012313842773,0.6368050575256348,0.2834390699863434,0.3533659875392914,-0.2589866220536919
colorferet,edgeface_xs,hfc,0.1,avif,1024,11335,0.35613012313842773,0.9355685710906982,0.37907519936561584,0.5564933717250824,0.03959881555715844
colorferet,edgeface_xs,hfc,0.1,avif,512,11335,0.35613012313842773,0.6148720383644104,0.29637056589126587,0.31850147247314453,-0.23096202714186626
colorferet,edgeface_xs,hfc,0.1,heif,1024,11335,0.35613012313842773,0.9072047472000122,0.32908862829208374,0.5781161189079285,-0.049070477328533306
colorferet,edgeface_xs,hfc,0.1,heif,512,11335,0.35613012313842773,0.39947789907455444,0.2694860100746155,0.12999188899993896,-1.9988133460753106
colorferet,edgeface_xs,hfc,0.1,jpeg_fzt,1024,300,0.3787287771701813,0.9137440919876099,0.4415077865123749,0.472236305475235,0.11734058372444281
colorferet,edgeface_xs,hfc,0.1,jpeg_fzt,512,300,0.3787287771701813,0.6049711108207703,0.3074905276298523,0.29748058319091797,-0.31487586072352874
colorferet,edgeface_xs,hfc,0.1,ours_accurate,1024,11335,0.35613012313842773,0.9707541465759277,0.3078981935977936,0.6628559529781342,-0.07847387622579444
colorferet,edgeface_xs,hfc,0.1,ours_accurate,512,11335,0.35613012313842773,0.9466568827629089,0.27156782150268555,0.6750890612602234,-0.14319808587423838
colorferet,edgeface_xs,hfc,0.1,ours_fast,1024,11335,0.35613012313842773,0.9134069681167603,0.3663952946662903,0.54701167345047,0.018420236943922672
colorferet,edgeface_xs,hfc,0.1,ours_fast,512,11335,0.35613012313842773,0.8634351491928101,0.3248956799507141,0.538539469242096,-0.06156935489214991
colorferet,edgeface_xs,hfc,0.1,jpeg_ai,1024,0,,,,,
colorferet,edgeface_xs,hfc,0.1,jpeg_ai,512,0,,,,,
colorferet,edgeface_xs,hfc,0.1,neural_bmshj2018,1024,0,,,,,
colorferet,edgeface_xs,hfc,0.1,neural_bmshj2018,512,0,,,,,
colorferet,edgeface_xs,hfc,0.1,neural_mbt2018_mean,1024,0,,,,,
colorferet,edgeface_xs,hfc,0.1,neural_mbt2018_mean,512,0,,,,,
colorferet,edgeface_xs,clip,0.03,jpeg,1024,2000,0.9156391024589539,0.8853959441184998,0.8382089734077454,0.047186970710754395,2.560252741448494
colorferet,edgeface_xs,clip,0.03,jpeg,512,2000,0.9156391024589539,0.26529234647750854,0.260598748922348,0.0046935975551605225,1.007217069220369
colorferet,edgeface_xs,clip,0.03,jpeg2000,1024,2000,0.9156391024589539,0.6159007549285889,0.609268069267273,0.006632685661315918,1.0221282519102566
colorferet,edgeface_xs,clip,0.03,jpeg2000,512,2000,0.9156391024589539,0.3004540503025055,0.30136579275131226,-0.0009117424488067627,0.9985179379024072
colorferet,edgeface_xs,clip,0.03,webp,1024,2000,0.9156391024589539,0.944459855556488,0.8887079954147339,0.05575186014175415,-0.9344345358735306
colorferet,edgeface_xs,clip,0.03,webp,512,2000,0.9156391024589539,0.810753583908081,0.7817940711975098,0.02895951271057129,1.2761059211098338
colorferet,edgeface_xs,clip,0.03,jpeg_xl,1024,2000,0.9156391024589539,0.9048295617103577,0.8669990301132202,0.03783053159713745,4.499735324282894
colorferet,edgeface_xs,clip,0.03,jpeg_xl,512,2000,0.9156391024589539,0.6501962542533875,0.6392024159431458,0.0109938383102417,1.04141696935729
colorferet,edgeface_xs,clip,0.03,avif,1024,2000,0.9156391024589539,0.9378243684768677,0.8857722282409668,0.05205214023590088,-1.346248189851346
colorferet,edgeface_xs,clip,0.03,avif,512,2000,0.9156391024589539,0.6210704445838928,0.6164812445640564,0.004589200019836426,1.0155793900577939
colorferet,edgeface_xs,clip,0.03,heif,1024,2000,0.9156391024589539,0.9113182425498962,0.8711680769920349,0.04015016555786133,10.292170170501572
colorferet,edgeface_xs,clip,0.03,heif,512,2000,0.9156391024589539,0.4111679196357727,0.4212670922279358,-0.010099172592163086,0.9799806749403506
colorferet,edgeface_xs,clip,0.03,jpeg_fzt,1024,2000,0.9156391024589539,0.8945150375366211,0.8593831658363342,0.035131871700286865,2.663120797510179
colorferet,edgeface_xs,clip,0.03,jpeg_fzt,512,2000,0.9156391024589539,0.5273463129997253,0.5222241878509521,0.005122125148773193,1.0131913990880612
colorferet,edgeface_xs,clip,0.03,ours_accurate,1024,2000,0.9156391024589539,0.969054102897644,0.9063622355461121,0.06269186735153198,-0.17367531286440405
colorferet,edgeface_xs,clip,0.03,ours_accurate,512,2000,0.9156391024589539,0.944888710975647,0.8775936365127563,0.06729507446289062,-1.300717099324064
colorferet,edgeface_xs,clip,0.03,ours_fast,1024,2000,0.9156391024589539,0.9099012613296509,0.8584991693496704,0.05140209197998047,9.95843764608113
colorferet,edgeface_xs,clip,0.03,ours_fast,512,2000,0.9156391024589539,0.8607795238494873,0.8068746328353882,0.05390489101409912,1.982597613405607
colorferet,edgeface_xs,clip,0.03,jpeg_ai,1024,0,,,,,
colorferet,edgeface_xs,clip,0.03,jpeg_ai,512,0,,,,,
colorferet,edgeface_xs,clip,0.03,neural_bmshj2018,1024,0,,,,,
colorferet,edgeface_xs,clip,0.03,neural_bmshj2018,512,0,,,,,
colorferet,edgeface_xs,clip,0.03,neural_mbt2018_mean,1024,0,,,,,
colorferet,edgeface_xs,clip,0.03,neural_mbt2018_mean,512,0,,,,,
colorferet,edgeface_xs,clip,0.06,jpeg,1024,2000,0.813308835029602,0.8853959441184998,0.764145016670227,0.1212509274482727,-0.6820056870188297
colorferet,edgeface_xs,clip,0.06,jpeg,512,2000,0.813308835029602,0.26529234647750854,0.25361207127571106,0.011680275201797485,1.0213137295059456
colorferet,edgeface_xs,clip,0.06,jpeg2000,1024,2000,0.813308835029602,0.6159007549285889,0.5964629054069519,0.019437849521636963,1.098465318702713
colorferet,edgeface_xs,clip,0.06,jpeg2000,512,2000,0.813308835029602,0.3004540503025055,0.3024955689907074,-0.0020415186882019043,0.9960193045887478
colorferet,edgeface_xs,clip,0.06,webp,1024,2000,0.813308835029602,0.944459855556488,0.7950032949447632,0.14945656061172485,-0.1395760399827482
colorferet,edgeface_xs,clip,0.06,webp,512,2000,0.813308835029602,0.810753583908081,0.7277044653892517,0.08304911851882935,33.501352927455095
colorferet,edgeface_xs,clip,0.06,jpeg_xl,1024,2000,0.813308835029602,0.9048295617103577,0.7907748222351074,0.11405473947525024,-0.2462175903945585
colorferet,edgeface_xs,clip,0.06,jpeg_xl,512,2000,0.813308835029602,0.6501962542533875,0.6136550903320312,0.0365411639213562,1.2240241908224696
colorferet,edgeface_xs,clip,0.06,avif,1024,2000,0.813308835029602,0.9378243684768677,0.8057070374488831,0.13211733102798462,-0.061050997978003126
colorferet,edgeface_xs,clip,0.06,avif,512,2000,0.813308835029602,0.6210704445838928,0.600365400314331,0.020705044269561768,1.1077050438341511
colorferet,edgeface_xs,clip,0.06,heif,1024,2000,0.813308835029602,0.9113182425498962,0.794596791267395,0.11672145128250122,-0.19092089459200584
colorferet,edgeface_xs,clip,0.06,heif,512,2000,0.813308835029602,0.4111679196357727,0.4219507873058319,-0.010782867670059204,0.9731863452404509
colorferet,edgeface_xs,clip,0.06,jpeg_fzt,1024,2000,0.813308835029602,0.8945150375366211,0.8064579963684082,0.08805704116821289,-0.08436349009919158
colorferet,edgeface_xs,clip,0.06,jpeg_fzt,512,2000,0.813308835029602,0.5273463129997253,0.5096697807312012,0.01767653226852417,1.0618141571246786
colorferet,edgeface_xs,clip,0.06,ours_accurate,1024,2000,0.813308835029602,0.969054102897644,0.8196974396705627,0.1493566632270813,0.041019574645269834
colorferet,edgeface_xs,clip,0.06,ours_accurate,512,2000,0.813308835029602,0.944888710975647,0.7892133593559265,0.15567535161972046,-0.18312432277680535
colorferet,edgeface_xs,clip,0.06,ours_fast,1024,2000,0.813308835029602,0.9099012613296509,0.7867931127548218,0.1231081485748291,-0.2745114010534682
colorferet,edgeface_xs,clip,0.06,ours_fast,512,2000,0.813308835029602,0.8607795238494873,0.7343462109565735,0.12643331289291382,-1.6633974782340104
colorferet,edgeface_xs,clip,0.06,jpeg_ai,1024,0,,,,,
colorferet,edgeface_xs,clip,0.06,jpeg_ai,512,0,,,,,
colorferet,edgeface_xs,clip,0.06,neural_bmshj2018,1024,0,,,,,
colorferet,edgeface_xs,clip,0.06,neural_bmshj2018,512,0,,,,,
colorferet,edgeface_xs,clip,0.06,neural_mbt2018_mean,1024,0,,,,,
colorferet,edgeface_xs,clip,0.06,neural_mbt2018_mean,512,0,,,,,
colorferet,edgeface_xs,clip,0.1,jpeg,1024,2000,0.6726090312004089,0.8853959441184998,0.6490534543991089,0.23634248971939087,-0.11070030801362027
colorferet,edgeface_xs,clip,0.1,jpeg,512,2000,0.6726090312004089,0.26529234647750854,0.2376309633255005,0.027661383152008057,1.0679112449587629
colorferet,edgeface_xs,clip,0.1,jpeg2000,1024,2000,0.6726090312004089,0.6159007549285889,0.5636184215545654,0.05228233337402344,1.9219524346573023
colorferet,edgeface_xs,clip,0.1,jpeg2000,512,2000,0.6726090312004089,0.3004540503025055,0.29945018887519836,0.001003861427307129,1.002697428433942
colorferet,edgeface_xs,clip,0.1,webp,1024,2000,0.6726090312004089,0.944459855556488,0.6719609498977661,0.2724989056587219,-0.0023839593062772698
colorferet,edgeface_xs,clip,0.1,webp,512,2000,0.6726090312004089,0.810753583908081,0.6427363753318787,0.1680172085762024,-0.2162420108720743
colorferet,edgeface_xs,clip,0.1,jpeg_xl,1024,2000,0.6726090312004089,0.9048295617103577,0.6861621737480164,0.2186673879623413,0.05836323996782353
colorferet,edgeface_xs,clip,0.1,jpeg_xl,512,2000,0.6726090312004089,0.6501962542533875,0.5562478303909302,0.09394842386245728,5.191735102014765
colorferet,edgeface_xs,clip,0.1,avif,1024,2000,0.6726090312004089,0.9378243684768677,0.6867497563362122,0.2510746121406555,0.05331790114786244
colorferet,edgeface_xs,clip,0.1,avif,512,2000,0.6726090312004089,0.6210704445838928,0.5623829364776611,0.05868750810623169,2.138710080330853
colorferet,edgeface_xs,clip,0.1,heif,1024,2000,0.6726090312004089,0.9113182425498962,0.6762354969978333,0.235082745552063,0.015191980975191241
colorferet,edgeface_xs,clip,0.1,heif,512,2000,0.6726090312004089,0.4111679196357727,0.40844476222991943,0.0027231574058532715,1.0104159494639389
colorferet,edgeface_xs,clip,0.1,jpeg_fzt,1024,2000,0.6726090312004089,0.8945150375366211,0.7237580418586731,0.170756995677948,0.230498540813572
colorferet,edgeface_xs,clip,0.1,jpeg_fzt,512,2000,0.6726090312004089,0.5273463129997253,0.48428601026535034,0.043060302734375,1.296430517532284
colorferet,edgeface_xs,clip,0.1,ours_accurate,1024,2000,0.6726090312004089,0.969054102897644,0.692034125328064,0.2770199775695801,0.06552679056676726
colorferet,edgeface_xs,clip,0.1,ours_accurate,512,2000,0.6726090312004089,0.944888710975647,0.657591700553894,0.28729701042175293,-0.05515406312697087
colorferet,edgeface_xs,clip,0.1,ours_fast,1024,2000,0.6726090312004089,0.9099012613296509,0.6770554184913635,0.23284584283828735,0.0187380231056569
colorferet,edgeface_xs,clip,0.1,ours_fast,512,2000,0.6726090312004089,0.8607795238494873,0.6246631145477295,0.2361164093017578,-0.25480039924269327
colorferet,edgeface_xs,clip,0.1,jpeg_ai,1024,0,,,,,
colorferet,edgeface_xs,clip,0.1,jpeg_ai,512,0,,,,,
colorferet,edgeface_xs,clip,0.1,neural_bmshj2018,1024,0,,,,,
colorferet,edgeface_xs,clip,0.1,neural_bmshj2018,512,0,,,,,
colorferet,edgeface_xs,clip,0.1,neural_mbt2018_mean,1024,0,,,,,
colorferet,edgeface_xs,clip,0.1,neural_mbt2018_mean,512,0,,,,,
colorferet,edgeface_xs,liae,0.03,jpeg,1024,11335,0.838463544845581,0.8802224397659302,0.7400850653648376,0.14013737440109253,-2.355868843473718
colorferet,edgeface_xs,liae,0.03,jpeg,512,11335,0.838463544845581,0.24113452434539795,0.2263716608285904,0.014762863516807556,1.0247147937069014
colorferet,edgeface_xs,liae,0.03,jpeg2000,1024,11335,0.838463544845581,0.613259494304657,0.5798315405845642,0.03342795372009277,1.1484340696350763
colorferet,edgeface_xs,liae,0.03,jpeg2000,512,11335,0.838463544845581,0.2923743426799774,0.2906326353549957,0.0017417073249816895,1.0031894190877144
colorferet,edgeface_xs,liae,0.03,webp,1024,11335,0.838463544845581,0.9413934350013733,0.7940000891685486,0.1473933458328247,-0.43197807371341446
colorferet,edgeface_xs,liae,0.03,webp,512,11335,0.838463544845581,0.8054930567741394,0.7132329940795898,0.09226006269454956,3.798261963688166
colorferet,edgeface_xs,liae,0.03,jpeg_xl,1024,11335,0.838463544845581,0.9004653096199036,0.7752958536148071,0.12516945600509644,-1.0188047301668786
colorferet,edgeface_xs,liae,0.03,jpeg_xl,512,11335,0.838463544845581,0.6368050575256348,0.5919710993766785,0.0448339581489563,1.2223261651160948
colorferet,edgeface_xs,liae,0.03,avif,1024,11335,0.838463544845581,0.9355685710906982,0.7904003262519836,0.1451682448387146,-0.4949611822592367
colorferet,edgeface_xs,liae,0.03,avif,512,11335,0.838463544845581,0.6148720383644104,0.5719833970069885,0.042888641357421875,1.1918169524075086
colorferet,edgeface_xs,liae,0.03,heif,1024,11335,0.838463544845581,0.9072047472000122,0.7733181118965149,0.13388663530349731,-0.9476912058240541
colorferet,edgeface_xs,liae,0.03,heif,512,11335,0.838463544845581,0.39947789907455444,0.4053702652454376,-0.005892366170883179,0.9865773147080152
colorferet,edgeface_xs,liae,0.03,jpeg_fzt,1024,11335,0.838463544845581,0.894988477230072,0.7815277576446533,0.1134607195854187,-1.007268559184504
colorferet,edgeface_xs,liae,0.03,jpeg_fzt,512,11335,0.838463544845581,0.5285444259643555,0.4914652705192566,0.03707915544509888,1.1196413941126013
colorferet,edgeface_xs,liae,0.03,ours_accurate,1024,0,,,,,
colorferet,edgeface_xs,liae,0.03,ours_accurate,512,0,,,,,
colorferet,edgeface_xs,liae,0.03,ours_fast,1024,0,,,,,
colorferet,edgeface_xs,liae,0.03,ours_fast,512,0,,,,,
colorferet,edgeface_xs,liae,0.03,jpeg_ai,1024,0,,,,,
colorferet,edgeface_xs,liae,0.03,jpeg_ai,512,0,,,,,
colorferet,edgeface_xs,liae,0.03,neural_bmshj2018,1024,0,,,,,
colorferet,edgeface_xs,liae,0.03,neural_bmshj2018,512,0,,,,,
colorferet,edgeface_xs,liae,0.03,neural_mbt2018_mean,1024,0,,,,,
colorferet,edgeface_xs,liae,0.03,neural_mbt2018_mean,512,0,,,,,
colorferet,edgeface_xs,liae,0.06,jpeg,1024,11335,0.6392437815666199,0.8802224397659302,0.5522476434707642,0.327974796295166,-0.36101179559188323
colorferet,edgeface_xs,liae,0.06,jpeg,512,11335,0.6392437815666199,0.24113452434539795,0.18412351608276367,0.05701100826263428,1.1432044274995452
colorferet,edgeface_xs,liae,0.06,jpeg2000,1024,11335,0.6392437815666199,0.613259494304657,0.4862823784351349,0.1269771158695221,5.886688427871469
colorferet,edgeface_xs,liae,0.06,jpeg2000,512,11335,0.6392437815666199,0.2923743426799774,0.2730000615119934,0.01937428116798401,1.055854679011706
colorferet,edgeface_xs,liae,0.06,webp,1024,11335,0.6392437815666199,0.9413934350013733,0.5861543416976929,0.3552390933036804,-0.17570577780057325
colorferet,edgeface_xs,liae,0.06,webp,512,11335,0.6392437815666199,0.8054930567741394,0.5489398837089539,0.25655317306518555,-0.5431837085902768
colorferet,edgeface_xs,liae,0.06,jpeg_xl,1024,11335,0.6392437815666199,0.9004653096199036,0.5922262668609619,0.30823904275894165,-0.17999096420593397
colorferet,edgeface_xs,liae,0.06,jpeg_xl,512,11335,0.6392437815666199,0.6368050575256348,0.4690800905227661,0.16772496700286865,69.77570573139435
colorferet,edgeface_xs,liae,0.06,avif,1024,11335,0.6392437815666199,0.9355685710906982,0.6005299091339111,0.3350386619567871,-0.13064675586165558
colorferet,edgeface_xs,liae,0.06,avif,512,11335,0.6392437815666199,0.6148720383644104,0.4479232132434845,0.1669488251209259,7.850097825821125
colorferet,edgeface_xs,liae,0.06,heif,1024,11335,0.6392437815666199,0.9072047472000122,0.5786283016204834,0.3285764455795288,-0.22621011162150698
colorferet,edgeface_xs,liae,0.06,heif,512,11335,0.6392437815666199,0.39947789907455444,0.34399303793907166,0.05548486113548279,1.2314126620467736
colorferet,edgeface_xs,liae,0.06,jpeg_fzt,1024,11335,0.6392437815666199,0.894988477230072,0.6217871308326721,0.2732013463973999,-0.06825811455702634
colorferet,edgeface_xs,liae,0.06,jpeg_fzt,512,11335,0.6392437815666199,0.5285444259643555,0.39756226539611816,0.1309821605682373,2.183224236994185
colorferet,edgeface_xs,liae,0.06,ours_accurate,1024,11335,0.6392437815666199,0.9707541465759277,0.6338735818862915,0.33688056468963623,-0.016199190876513284
colorferet,edgeface_xs,liae,0.06,ours_accurate,512,11335,0.6392437815666199,0.9466568827629089,0.5976959466934204,0.3489609360694885,-0.13515310411793538
colorferet,edgeface_xs,liae,0.06,ours_fast,1024,11335,0.6392437815666199,0.9134069681167603,0.6147377490997314,0.2986692190170288,-0.08938483964697659
colorferet,edgeface_xs,liae,0.06,ours_fast,512,11335,0.6392437815666199,0.8634351491928101,0.5722253918647766,0.29120975732803345,-0.298933854641485
colorferet,edgeface_xs,liae,0.06,jpeg_ai,1024,0,,,,,
colorferet,edgeface_xs,liae,0.06,jpeg_ai,512,0,,,,,
colorferet,edgeface_xs,liae,0.06,neural_bmshj2018,1024,0,,,,,
colorferet,edgeface_xs,liae,0.06,neural_bmshj2018,512,0,,,,,
colorferet,edgeface_xs,liae,0.06,neural_mbt2018_mean,1024,0,,,,,
colorferet,edgeface_xs,liae,0.06,neural_mbt2018_mean,512,0,,,,,
colorferet,edgeface_xs,liae,0.1,jpeg,1024,11335,0.378894180059433,0.8802224397659302,0.3248662054538727,0.5553562343120575,-0.10776965702510168
colorferet,edgeface_xs,liae,0.1,jpeg,512,11335,0.378894180059433,0.24113452434539795,0.10372944176197052,0.13740508258342743,1.9974261468006016
colorferet,edgeface_xs,liae,0.1,jpeg2000,1024,11335,0.378894180059433,0.613259494304657,0.2773793637752533,0.3358801305294037,-0.4331477830288549
colorferet,edgeface_xs,liae,0.1,jpeg2000,512,11335,0.378894180059433,0.2923743426799774,0.21532221138477325,0.07705213129520416,1.890571846052735
colorferet,edgeface_xs,liae,0.1,webp,1024,11335,0.378894180059433,0.9413934350013733,0.3427099287509918,0.5986835062503815,-0.06432764308670241
colorferet,edgeface_xs,liae,0.1,webp,512,11335,0.378894180059433,0.8054930567741394,0.32307618856430054,0.48241686820983887,-0.13084420644750422
colorferet,edgeface_xs,liae,0.1,jpeg_xl,1024,11335,0.378894180059433,0.9004653096199036,0.36526548862457275,0.5351998209953308,-0.026130072510618378
colorferet,edgeface_xs,liae,0.1,jpeg_xl,512,11335,0.378894180059433,0.6368050575256348,0.28691932559013367,0.3498857319355011,-0.3566148716676452
colorferet,edgeface_xs,liae,0.1,avif,1024,11335,0.378894180059433,0.9355685710906982,0.3679460883140564,0.5676224827766418,-0.019666957779564346
colorferet,edgeface_xs,liae,0.1,avif,512,11335,0.378894180059433,0.6148720383644104,0.25430572032928467,0.36056631803512573,-0.5279667364771587
colorferet,edgeface_xs,liae,0.1,heif,1024,11335,0.378894180059433,0.9072047472000122,0.3479267358779907,0.5592780113220215,-0.05861598481561712
colorferet,edgeface_xs,liae,0.1,heif,512,11335,0.378894180059433,0.39947789907455444,0.20257259905338287,0.19690530002117157,-8.56607014876751
colorferet,edgeface_xs,liae,0.1,jpeg_fzt,1024,11335,0.378894180059433,0.894988477230072,0.4053748548030853,0.4896136224269867,0.051309760423291204
colorferet,edgeface_xs,liae,0.1,jpeg_fzt,512,11335,0.378894180059433,0.5285444259643555,0.23702950775623322,0.29151491820812225,-0.9479748693051321
colorferet,edgeface_xs,liae,0.1,ours_accurate,1024,0,,,,,
colorferet,edgeface_xs,liae,0.1,ours_accurate,512,0,,,,,
colorferet,edgeface_xs,liae,0.1,ours_fast,1024,0,,,,,
colorferet,edgeface_xs,liae,0.1,ours_fast,512,0,,,,,
colorferet,edgeface_xs,liae,0.1,jpeg_ai,1024,0,,,,,
colorferet,edgeface_xs,liae,0.1,jpeg_ai,512,0,,,,,
colorferet,edgeface_xs,liae,0.1,neural_bmshj2018,1024,0,,,,,
colorferet,edgeface_xs,liae,0.1,neural_bmshj2018,512,0,,,,,
colorferet,edgeface_xs,liae,0.1,neural_mbt2018_mean,1024,0,,,,,
colorferet,edgeface_xs,liae,0.1,neural_mbt2018_mean,512,0,,,,,
colorferet,edgeface_xxs,hfc,0.03,jpeg,1024,0,,,,,
colorferet,edgeface_xxs,hfc,0.03,jpeg,512,0,,,,,
colorferet,edgeface_xxs,hfc,0.03,jpeg2000,1024,0,,,,,
colorferet,edgeface_xxs,hfc,0.03,jpeg2000,512,0,,,,,
colorferet,edgeface_xxs,hfc,0.03,webp,1024,0,,,,,
colorferet,edgeface_xxs,hfc,0.03,webp,512,0,,,,,
colorferet,edgeface_xxs,hfc,0.03,jpeg_xl,1024,0,,,,,
colorferet,edgeface_xxs,hfc,0.03,jpeg_xl,512,0,,,,,
colorferet,edgeface_xxs,hfc,0.03,avif,1024,0,,,,,
colorferet,edgeface_xxs,hfc,0.03,avif,512,0,,,,,
colorferet,edgeface_xxs,hfc,0.03,heif,1024,0,,,,,
colorferet,edgeface_xxs,hfc,0.03,heif,512,0,,,,,
colorferet,edgeface_xxs,hfc,0.03,jpeg_fzt,1024,0,,,,,
colorferet,edgeface_xxs,hfc,0.03,jpeg_fzt,512,0,,,,,
colorferet,edgeface_xxs,hfc,0.03,ours_accurate,1024,0,,,,,
colorferet,edgeface_xxs,hfc,0.03,ours_accurate,512,0,,,,,
colorferet,edgeface_xxs,hfc,0.03,ours_fast,1024,0,,,,,
colorferet,edgeface_xxs,hfc,0.03,ours_fast,512,0,,,,,
colorferet,edgeface_xxs,hfc,0.03,jpeg_ai,1024,0,,,,,
colorferet,edgeface_xxs,hfc,0.03,jpeg_ai,512,0,,,,,
colorferet,edgeface_xxs,hfc,0.03,neural_bmshj2018,1024,0,,,,,
colorferet,edgeface_xxs,hfc,0.03,neural_bmshj2018,512,0,,,,,
colorferet,edgeface_xxs,hfc,0.03,neural_mbt2018_mean,1024,0,,,,,
colorferet,edgeface_xxs,hfc,0.03,neural_mbt2018_mean,512,0,,,,,
colorferet,edgeface_xxs,hfc,0.06,jpeg,1024,0,,,,,
colorferet,edgeface_xxs,hfc,0.06,jpeg,512,0,,,,,
colorferet,edgeface_xxs,hfc,0.06,jpeg2000,1024,0,,,,,
colorferet,edgeface_xxs,hfc,0.06,jpeg2000,512,0,,,,,
colorferet,edgeface_xxs,hfc,0.06,webp,1024,0,,,,,
colorferet,edgeface_xxs,hfc,0.06,webp,512,0,,,,,
colorferet,edgeface_xxs,hfc,0.06,jpeg_xl,1024,0,,,,,
colorferet,edgeface_xxs,hfc,0.06,jpeg_xl,512,0,,,,,
colorferet,edgeface_xxs,hfc,0.06,avif,1024,0,,,,,
colorferet,edgeface_xxs,hfc,0.06,avif,512,0,,,,,
colorferet,edgeface_xxs,hfc,0.06,heif,1024,0,,,,,
colorferet,edgeface_xxs,hfc,0.06,heif,512,0,,,,,
colorferet,edgeface_xxs,hfc,0.06,jpeg_fzt,1024,0,,,,,
colorferet,edgeface_xxs,hfc,0.06,jpeg_fzt,512,0,,,,,
colorferet,edgeface_xxs,hfc,0.06,ours_accurate,1024,0,,,,,
colorferet,edgeface_xxs,hfc,0.06,ours_accurate,512,0,,,,,
colorferet,edgeface_xxs,hfc,0.06,ours_fast,1024,0,,,,,
colorferet,edgeface_xxs,hfc,0.06,ours_fast,512,0,,,,,
colorferet,edgeface_xxs,hfc,0.06,jpeg_ai,1024,0,,,,,
colorferet,edgeface_xxs,hfc,0.06,jpeg_ai,512,0,,,,,
colorferet,edgeface_xxs,hfc,0.06,neural_bmshj2018,1024,0,,,,,
colorferet,edgeface_xxs,hfc,0.06,neural_bmshj2018,512,0,,,,,
colorferet,edgeface_xxs,hfc,0.06,neural_mbt2018_mean,1024,0,,,,,
colorferet,edgeface_xxs,hfc,0.06,neural_mbt2018_mean,512,0,,,,,
colorferet,edgeface_xxs,hfc,0.1,jpeg,1024,0,,,,,
colorferet,edgeface_xxs,hfc,0.1,jpeg,512,0,,,,,
colorferet,edgeface_xxs,hfc,0.1,jpeg2000,1024,0,,,,,
colorferet,edgeface_xxs,hfc,0.1,jpeg2000,512,0,,,,,
colorferet,edgeface_xxs,hfc,0.1,webp,1024,0,,,,,
colorferet,edgeface_xxs,hfc,0.1,webp,512,0,,,,,
colorferet,edgeface_xxs,hfc,0.1,jpeg_xl,1024,0,,,,,
colorferet,edgeface_xxs,hfc,0.1,jpeg_xl,512,0,,,,,
colorferet,edgeface_xxs,hfc,0.1,avif,1024,0,,,,,
colorferet,edgeface_xxs,hfc,0.1,avif,512,0,,,,,
colorferet,edgeface_xxs,hfc,0.1,heif,1024,0,,,,,
colorferet,edgeface_xxs,hfc,0.1,heif,512,0,,,,,
colorferet,edgeface_xxs,hfc,0.1,jpeg_fzt,1024,0,,,,,
colorferet,edgeface_xxs,hfc,0.1,jpeg_fzt,512,0,,,,,
colorferet,edgeface_xxs,hfc,0.1,ours_accurate,1024,0,,,,,
colorferet,edgeface_xxs,hfc,0.1,ours_accurate,512,0,,,,,
colorferet,edgeface_xxs,hfc,0.1,ours_fast,1024,0,,,,,
colorferet,edgeface_xxs,hfc,0.1,ours_fast,512,0,,,,,
colorferet,edgeface_xxs,hfc,0.1,jpeg_ai,1024,0,,,,,
colorferet,edgeface_xxs,hfc,0.1,jpeg_ai,512,0,,,,,
colorferet,edgeface_xxs,hfc,0.1,neural_bmshj2018,1024,0,,,,,
colorferet,edgeface_xxs,hfc,0.1,neural_bmshj2018,512,0,,,,,
colorferet,edgeface_xxs,hfc,0.1,neural_mbt2018_mean,1024,0,,,,,
colorferet,edgeface_xxs,hfc,0.1,neural_mbt2018_mean,512,0,,,,,
colorferet,edgeface_xxs,clip,0.03,jpeg,1024,0,,,,,
colorferet,edgeface_xxs,clip,0.03,jpeg,512,0,,,,,
colorferet,edgeface_xxs,clip,0.03,jpeg2000,1024,0,,,,,
colorferet,edgeface_xxs,clip,0.03,jpeg2000,512,0,,,,,
colorferet,edgeface_xxs,clip,0.03,webp,1024,0,,,,,
colorferet,edgeface_xxs,clip,0.03,webp,512,0,,,,,
colorferet,edgeface_xxs,clip,0.03,jpeg_xl,1024,0,,,,,
colorferet,edgeface_xxs,clip,0.03,jpeg_xl,512,0,,,,,
colorferet,edgeface_xxs,clip,0.03,avif,1024,0,,,,,
colorferet,edgeface_xxs,clip,0.03,avif,512,0,,,,,
colorferet,edgeface_xxs,clip,0.03,heif,1024,0,,,,,
colorferet,edgeface_xxs,clip,0.03,heif,512,0,,,,,
colorferet,edgeface_xxs,clip,0.03,jpeg_fzt,1024,0,,,,,
colorferet,edgeface_xxs,clip,0.03,jpeg_fzt,512,0,,,,,
colorferet,edgeface_xxs,clip,0.03,ours_accurate,1024,0,,,,,
colorferet,edgeface_xxs,clip,0.03,ours_accurate,512,0,,,,,
colorferet,edgeface_xxs,clip,0.03,ours_fast,1024,0,,,,,
colorferet,edgeface_xxs,clip,0.03,ours_fast,512,0,,,,,
colorferet,edgeface_xxs,clip,0.03,jpeg_ai,1024,0,,,,,
colorferet,edgeface_xxs,clip,0.03,jpeg_ai,512,0,,,,,
colorferet,edgeface_xxs,clip,0.03,neural_bmshj2018,1024,0,,,,,
colorferet,edgeface_xxs,clip,0.03,neural_bmshj2018,512,0,,,,,
colorferet,edgeface_xxs,clip,0.03,neural_mbt2018_mean,1024,0,,,,,
colorferet,edgeface_xxs,clip,0.03,neural_mbt2018_mean,512,0,,,,,
colorferet,edgeface_xxs,clip,0.06,jpeg,1024,0,,,,,
colorferet,edgeface_xxs,clip,0.06,jpeg,512,0,,,,,
colorferet,edgeface_xxs,clip,0.06,jpeg2000,1024,0,,,,,
colorferet,edgeface_xxs,clip,0.06,jpeg2000,512,0,,,,,
colorferet,edgeface_xxs,clip,0.06,webp,1024,0,,,,,
colorferet,edgeface_xxs,clip,0.06,webp,512,0,,,,,
colorferet,edgeface_xxs,clip,0.06,jpeg_xl,1024,0,,,,,
colorferet,edgeface_xxs,clip,0.06,jpeg_xl,512,0,,,,,
colorferet,edgeface_xxs,clip,0.06,avif,1024,0,,,,,
colorferet,edgeface_xxs,clip,0.06,avif,512,0,,,,,
colorferet,edgeface_xxs,clip,0.06,heif,1024,0,,,,,
colorferet,edgeface_xxs,clip,0.06,heif,512,0,,,,,
colorferet,edgeface_xxs,clip,0.06,jpeg_fzt,1024,0,,,,,
colorferet,edgeface_xxs,clip,0.06,jpeg_fzt,512,0,,,,,
colorferet,edgeface_xxs,clip,0.06,ours_accurate,1024,0,,,,,
colorferet,edgeface_xxs,clip,0.06,ours_accurate,512,0,,,,,
colorferet,edgeface_xxs,clip,0.06,ours_fast,1024,0,,,,,
colorferet,edgeface_xxs,clip,0.06,ours_fast,512,0,,,,,
colorferet,edgeface_xxs,clip,0.06,jpeg_ai,1024,0,,,,,
colorferet,edgeface_xxs,clip,0.06,jpeg_ai,512,0,,,,,
colorferet,edgeface_xxs,clip,0.06,neural_bmshj2018,1024,0,,,,,
colorferet,edgeface_xxs,clip,0.06,neural_bmshj2018,512,0,,,,,
colorferet,edgeface_xxs,clip,0.06,neural_mbt2018_mean,1024,0,,,,,
colorferet,edgeface_xxs,clip,0.06,neural_mbt2018_mean,512,0,,,,,
colorferet,edgeface_xxs,clip,0.1,jpeg,1024,0,,,,,
colorferet,edgeface_xxs,clip,0.1,jpeg,512,0,,,,,
colorferet,edgeface_xxs,clip,0.1,jpeg2000,1024,0,,,,,
colorferet,edgeface_xxs,clip,0.1,jpeg2000,512,0,,,,,
colorferet,edgeface_xxs,clip,0.1,webp,1024,0,,,,,
colorferet,edgeface_xxs,clip,0.1,webp,512,0,,,,,
colorferet,edgeface_xxs,clip,0.1,jpeg_xl,1024,0,,,,,
colorferet,edgeface_xxs,clip,0.1,jpeg_xl,512,0,,,,,
colorferet,edgeface_xxs,clip,0.1,avif,1024,0,,,,,
colorferet,edgeface_xxs,clip,0.1,avif,512,0,,,,,
colorferet,edgeface_xxs,clip,0.1,heif,1024,0,,,,,
colorferet,edgeface_xxs,clip,0.1,heif,512,0,,,,,
colorferet,edgeface_xxs,clip,0.1,jpeg_fzt,1024,0,,,,,
colorferet,edgeface_xxs,clip,0.1,jpeg_fzt,512,0,,,,,
colorferet,edgeface_xxs,clip,0.1,ours_accurate,1024,0,,,,,
colorferet,edgeface_xxs,clip,0.1,ours_accurate,512,0,,,,,
colorferet,edgeface_xxs,clip,0.1,ours_fast,1024,0,,,,,
colorferet,edgeface_xxs,clip,0.1,ours_fast,512,0,,,,,
colorferet,edgeface_xxs,clip,0.1,jpeg_ai,1024,0,,,,,
colorferet,edgeface_xxs,clip,0.1,jpeg_ai,512,0,,,,,
colorferet,edgeface_xxs,clip,0.1,neural_bmshj2018,1024,0,,,,,
colorferet,edgeface_xxs,clip,0.1,neural_bmshj2018,512,0,,,,,
colorferet,edgeface_xxs,clip,0.1,neural_mbt2018_mean,1024,0,,,,,
colorferet,edgeface_xxs,clip,0.1,neural_mbt2018_mean,512,0,,,,,
colorferet,edgeface_xxs,liae,0.03,jpeg,1024,0,,,,,
colorferet,edgeface_xxs,liae,0.03,jpeg,512,0,,,,,
colorferet,edgeface_xxs,liae,0.03,jpeg2000,1024,0,,,,,
colorferet,edgeface_xxs,liae,0.03,jpeg2000,512,0,,,,,
colorferet,edgeface_xxs,liae,0.03,webp,1024,0,,,,,
colorferet,edgeface_xxs,liae,0.03,webp,512,0,,,,,
colorferet,edgeface_xxs,liae,0.03,jpeg_xl,1024,0,,,,,
colorferet,edgeface_xxs,liae,0.03,jpeg_xl,512,0,,,,,
colorferet,edgeface_xxs,liae,0.03,avif,1024,0,,,,,
colorferet,edgeface_xxs,liae,0.03,avif,512,0,,,,,
colorferet,edgeface_xxs,liae,0.03,heif,1024,0,,,,,
colorferet,edgeface_xxs,liae,0.03,heif,512,0,,,,,
colorferet,edgeface_xxs,liae,0.03,jpeg_fzt,1024,0,,,,,
colorferet,edgeface_xxs,liae,0.03,jpeg_fzt,512,0,,,,,
colorferet,edgeface_xxs,liae,0.03,ours_accurate,1024,0,,,,,
colorferet,edgeface_xxs,liae,0.03,ours_accurate,512,0,,,,,
colorferet,edgeface_xxs,liae,0.03,ours_fast,1024,0,,,,,
colorferet,edgeface_xxs,liae,0.03,ours_fast,512,0,,,,,
colorferet,edgeface_xxs,liae,0.03,jpeg_ai,1024,0,,,,,
colorferet,edgeface_xxs,liae,0.03,jpeg_ai,512,0,,,,,
colorferet,edgeface_xxs,liae,0.03,neural_bmshj2018,1024,0,,,,,
colorferet,edgeface_xxs,liae,0.03,neural_bmshj2018,512,0,,,,,
colorferet,edgeface_xxs,liae,0.03,neural_mbt2018_mean,1024,0,,,,,
colorferet,edgeface_xxs,liae,0.03,neural_mbt2018_mean,512,0,,,,,
colorferet,edgeface_xxs,liae,0.06,jpeg,1024,0,,,,,
colorferet,edgeface_xxs,liae,0.06,jpeg,512,0,,,,,
colorferet,edgeface_xxs,liae,0.06,jpeg2000,1024,0,,,,,
colorferet,edgeface_xxs,liae,0.06,jpeg2000,512,0,,,,,
colorferet,edgeface_xxs,liae,0.06,webp,1024,0,,,,,
colorferet,edgeface_xxs,liae,0.06,webp,512,0,,,,,
colorferet,edgeface_xxs,liae,0.06,jpeg_xl,1024,0,,,,,
colorferet,edgeface_xxs,liae,0.06,jpeg_xl,512,0,,,,,
colorferet,edgeface_xxs,liae,0.06,avif,1024,0,,,,,
colorferet,edgeface_xxs,liae,0.06,avif,512,0,,,,,
colorferet,edgeface_xxs,liae,0.06,heif,1024,0,,,,,
colorferet,edgeface_xxs,liae,0.06,heif,512,0,,,,,
colorferet,edgeface_xxs,liae,0.06,jpeg_fzt,1024,0,,,,,
colorferet,edgeface_xxs,liae,0.06,jpeg_fzt,512,0,,,,,
colorferet,edgeface_xxs,liae,0.06,ours_accurate,1024,0,,,,,
colorferet,edgeface_xxs,liae,0.06,ours_accurate,512,0,,,,,
colorferet,edgeface_xxs,liae,0.06,ours_fast,1024,0,,,,,
colorferet,edgeface_xxs,liae,0.06,ours_fast,512,0,,,,,
colorferet,edgeface_xxs,liae,0.06,jpeg_ai,1024,0,,,,,
colorferet,edgeface_xxs,liae,0.06,jpeg_ai,512,0,,,,,
colorferet,edgeface_xxs,liae,0.06,neural_bmshj2018,1024,0,,,,,
colorferet,edgeface_xxs,liae,0.06,neural_bmshj2018,512,0,,,,,
colorferet,edgeface_xxs,liae,0.06,neural_mbt2018_mean,1024,0,,,,,
colorferet,edgeface_xxs,liae,0.06,neural_mbt2018_mean,512,0,,,,,
colorferet,edgeface_xxs,liae,0.1,jpeg,1024,0,,,,,
colorferet,edgeface_xxs,liae,0.1,jpeg,512,0,,,,,
colorferet,edgeface_xxs,liae,0.1,jpeg2000,1024,0,,,,,
colorferet,edgeface_xxs,liae,0.1,jpeg2000,512,0,,,,,
colorferet,edgeface_xxs,liae,0.1,webp,1024,0,,,,,
colorferet,edgeface_xxs,liae,0.1,webp,512,0,,,,,
colorferet,edgeface_xxs,liae,0.1,jpeg_xl,1024,0,,,,,
colorferet,edgeface_xxs,liae,0.1,jpeg_xl,512,0,,,,,
colorferet,edgeface_xxs,liae,0.1,avif,1024,0,,,,,
colorferet,edgeface_xxs,liae,0.1,avif,512,0,,,,,
colorferet,edgeface_xxs,liae,0.1,heif,1024,0,,,,,
colorferet,edgeface_xxs,liae,0.1,heif,512,0,,,,,
colorferet,edgeface_xxs,liae,0.1,jpeg_fzt,1024,0,,,,,
colorferet,edgeface_xxs,liae,0.1,jpeg_fzt,512,0,,,,,
colorferet,edgeface_xxs,liae,0.1,ours_accurate,1024,0,,,,,
colorferet,edgeface_xxs,liae,0.1,ours_accurate,512,0,,,,,
colorferet,edgeface_xxs,liae,0.1,ours_fast,1024,0,,,,,
colorferet,edgeface_xxs,liae,0.1,ours_fast,512,0,,,,,
colorferet,edgeface_xxs,liae,0.1,jpeg_ai,1024,0,,,,,
colorferet,edgeface_xxs,liae,0.1,jpeg_ai,512,0,,,,,
colorferet,edgeface_xxs,liae,0.1,neural_bmshj2018,1024,0,,,,,
colorferet,edgeface_xxs,liae,0.1,neural_bmshj2018,512,0,,,,,
colorferet,edgeface_xxs,liae,0.1,neural_mbt2018_mean,1024,0,,,,,
colorferet,edgeface_xxs,liae,0.1,neural_mbt2018_mean,512,0,,,,,
colorferet,lvface_b,hfc,0.03,jpeg,1024,0,,,,,
colorferet,lvface_b,hfc,0.03,jpeg,512,0,,,,,
colorferet,lvface_b,hfc,0.03,jpeg2000,1024,0,,,,,
colorferet,lvface_b,hfc,0.03,jpeg2000,512,0,,,,,
colorferet,lvface_b,hfc,0.03,webp,1024,0,,,,,
colorferet,lvface_b,hfc,0.03,webp,512,0,,,,,
colorferet,lvface_b,hfc,0.03,jpeg_xl,1024,0,,,,,
colorferet,lvface_b,hfc,0.03,jpeg_xl,512,0,,,,,
colorferet,lvface_b,hfc,0.03,avif,1024,0,,,,,
colorferet,lvface_b,hfc,0.03,avif,512,0,,,,,
colorferet,lvface_b,hfc,0.03,heif,1024,0,,,,,
colorferet,lvface_b,hfc,0.03,heif,512,0,,,,,
colorferet,lvface_b,hfc,0.03,jpeg_fzt,1024,0,,,,,
colorferet,lvface_b,hfc,0.03,jpeg_fzt,512,0,,,,,
colorferet,lvface_b,hfc,0.03,ours_accurate,1024,0,,,,,
colorferet,lvface_b,hfc,0.03,ours_accurate,512,0,,,,,
colorferet,lvface_b,hfc,0.03,ours_fast,1024,0,,,,,
colorferet,lvface_b,hfc,0.03,ours_fast,512,0,,,,,
colorferet,lvface_b,hfc,0.03,jpeg_ai,1024,0,,,,,
colorferet,lvface_b,hfc,0.03,jpeg_ai,512,0,,,,,
colorferet,lvface_b,hfc,0.03,neural_bmshj2018,1024,0,,,,,
colorferet,lvface_b,hfc,0.03,neural_bmshj2018,512,0,,,,,
colorferet,lvface_b,hfc,0.03,neural_mbt2018_mean,1024,0,,,,,
colorferet,lvface_b,hfc,0.03,neural_mbt2018_mean,512,0,,,,,
colorferet,lvface_b,hfc,0.06,jpeg,1024,0,,,,,
colorferet,lvface_b,hfc,0.06,jpeg,512,0,,,,,
colorferet,lvface_b,hfc,0.06,jpeg2000,1024,0,,,,,
colorferet,lvface_b,hfc,0.06,jpeg2000,512,0,,,,,
colorferet,lvface_b,hfc,0.06,webp,1024,0,,,,,
colorferet,lvface_b,hfc,0.06,webp,512,0,,,,,
colorferet,lvface_b,hfc,0.06,jpeg_xl,1024,0,,,,,
colorferet,lvface_b,hfc,0.06,jpeg_xl,512,0,,,,,
colorferet,lvface_b,hfc,0.06,avif,1024,0,,,,,
colorferet,lvface_b,hfc,0.06,avif,512,0,,,,,
colorferet,lvface_b,hfc,0.06,heif,1024,0,,,,,
colorferet,lvface_b,hfc,0.06,heif,512,0,,,,,
colorferet,lvface_b,hfc,0.06,jpeg_fzt,1024,0,,,,,
colorferet,lvface_b,hfc,0.06,jpeg_fzt,512,0,,,,,
colorferet,lvface_b,hfc,0.06,ours_accurate,1024,0,,,,,
colorferet,lvface_b,hfc,0.06,ours_accurate,512,0,,,,,
colorferet,lvface_b,hfc,0.06,ours_fast,1024,0,,,,,
colorferet,lvface_b,hfc,0.06,ours_fast,512,0,,,,,
colorferet,lvface_b,hfc,0.06,jpeg_ai,1024,0,,,,,
colorferet,lvface_b,hfc,0.06,jpeg_ai,512,0,,,,,
colorferet,lvface_b,hfc,0.06,neural_bmshj2018,1024,0,,,,,
colorferet,lvface_b,hfc,0.06,neural_bmshj2018,512,0,,,,,
colorferet,lvface_b,hfc,0.06,neural_mbt2018_mean,1024,0,,,,,
colorferet,lvface_b,hfc,0.06,neural_mbt2018_mean,512,0,,,,,
colorferet,lvface_b,hfc,0.1,jpeg,1024,0,,,,,
colorferet,lvface_b,hfc,0.1,jpeg,512,0,,,,,
colorferet,lvface_b,hfc,0.1,jpeg2000,1024,0,,,,,
colorferet,lvface_b,hfc,0.1,jpeg2000,512,0,,,,,
colorferet,lvface_b,hfc,0.1,webp,1024,0,,,,,
colorferet,lvface_b,hfc,0.1,webp,512,0,,,,,
colorferet,lvface_b,hfc,0.1,jpeg_xl,1024,0,,,,,
colorferet,lvface_b,hfc,0.1,jpeg_xl,512,0,,,,,
colorferet,lvface_b,hfc,0.1,avif,1024,0,,,,,
colorferet,lvface_b,hfc,0.1,avif,512,0,,,,,
colorferet,lvface_b,hfc,0.1,heif,1024,0,,,,,
colorferet,lvface_b,hfc,0.1,heif,512,0,,,,,
colorferet,lvface_b,hfc,0.1,jpeg_fzt,1024,0,,,,,
colorferet,lvface_b,hfc,0.1,jpeg_fzt,512,0,,,,,
colorferet,lvface_b,hfc,0.1,ours_accurate,1024,0,,,,,
colorferet,lvface_b,hfc,0.1,ours_accurate,512,0,,,,,
colorferet,lvface_b,hfc,0.1,ours_fast,1024,0,,,,,
colorferet,lvface_b,hfc,0.1,ours_fast,512,0,,,,,
colorferet,lvface_b,hfc,0.1,jpeg_ai,1024,0,,,,,
colorferet,lvface_b,hfc,0.1,jpeg_ai,512,0,,,,,
colorferet,lvface_b,hfc,0.1,neural_bmshj2018,1024,0,,,,,
colorferet,lvface_b,hfc,0.1,neural_bmshj2018,512,0,,,,,
colorferet,lvface_b,hfc,0.1,neural_mbt2018_mean,1024,0,,,,,
colorferet,lvface_b,hfc,0.1,neural_mbt2018_mean,512,0,,,,,
colorferet,lvface_b,clip,0.03,jpeg,1024,0,,,,,
colorferet,lvface_b,clip,0.03,jpeg,512,0,,,,,
colorferet,lvface_b,clip,0.03,jpeg2000,1024,0,,,,,
colorferet,lvface_b,clip,0.03,jpeg2000,512,0,,,,,
colorferet,lvface_b,clip,0.03,webp,1024,0,,,,,
colorferet,lvface_b,clip,0.03,webp,512,0,,,,,
colorferet,lvface_b,clip,0.03,jpeg_xl,1024,0,,,,,
colorferet,lvface_b,clip,0.03,jpeg_xl,512,0,,,,,
colorferet,lvface_b,clip,0.03,avif,1024,0,,,,,
colorferet,lvface_b,clip,0.03,avif,512,0,,,,,
colorferet,lvface_b,clip,0.03,heif,1024,0,,,,,
colorferet,lvface_b,clip,0.03,heif,512,0,,,,,
colorferet,lvface_b,clip,0.03,jpeg_fzt,1024,0,,,,,
colorferet,lvface_b,clip,0.03,jpeg_fzt,512,0,,,,,
colorferet,lvface_b,clip,0.03,ours_accurate,1024,0,,,,,
colorferet,lvface_b,clip,0.03,ours_accurate,512,0,,,,,
colorferet,lvface_b,clip,0.03,ours_fast,1024,0,,,,,
colorferet,lvface_b,clip,0.03,ours_fast,512,0,,,,,
colorferet,lvface_b,clip,0.03,jpeg_ai,1024,0,,,,,
colorferet,lvface_b,clip,0.03,jpeg_ai,512,0,,,,,
colorferet,lvface_b,clip,0.03,neural_bmshj2018,1024,0,,,,,
colorferet,lvface_b,clip,0.03,neural_bmshj2018,512,0,,,,,
colorferet,lvface_b,clip,0.03,neural_mbt2018_mean,1024,0,,,,,
colorferet,lvface_b,clip,0.03,neural_mbt2018_mean,512,0,,,,,
colorferet,lvface_b,clip,0.06,jpeg,1024,0,,,,,
colorferet,lvface_b,clip,0.06,jpeg,512,0,,,,,
colorferet,lvface_b,clip,0.06,jpeg2000,1024,0,,,,,
colorferet,lvface_b,clip,0.06,jpeg2000,512,0,,,,,
colorferet,lvface_b,clip,0.06,webp,1024,0,,,,,
colorferet,lvface_b,clip,0.06,webp,512,0,,,,,
colorferet,lvface_b,clip,0.06,jpeg_xl,1024,0,,,,,
colorferet,lvface_b,clip,0.06,jpeg_xl,512,0,,,,,
colorferet,lvface_b,clip,0.06,avif,1024,0,,,,,
colorferet,lvface_b,clip,0.06,avif,512,0,,,,,
colorferet,lvface_b,clip,0.06,heif,1024,0,,,,,
colorferet,lvface_b,clip,0.06,heif,512,0,,,,,
colorferet,lvface_b,clip,0.06,jpeg_fzt,1024,0,,,,,
colorferet,lvface_b,clip,0.06,jpeg_fzt,512,0,,,,,
colorferet,lvface_b,clip,0.06,ours_accurate,1024,0,,,,,
colorferet,lvface_b,clip,0.06,ours_accurate,512,0,,,,,
colorferet,lvface_b,clip,0.06,ours_fast,1024,0,,,,,
colorferet,lvface_b,clip,0.06,ours_fast,512,0,,,,,
colorferet,lvface_b,clip,0.06,jpeg_ai,1024,0,,,,,
colorferet,lvface_b,clip,0.06,jpeg_ai,512,0,,,,,
colorferet,lvface_b,clip,0.06,neural_bmshj2018,1024,0,,,,,
colorferet,lvface_b,clip,0.06,neural_bmshj2018,512,0,,,,,
colorferet,lvface_b,clip,0.06,neural_mbt2018_mean,1024,0,,,,,
colorferet,lvface_b,clip,0.06,neural_mbt2018_mean,512,0,,,,,
colorferet,lvface_b,clip,0.1,jpeg,1024,0,,,,,
colorferet,lvface_b,clip,0.1,jpeg,512,0,,,,,
colorferet,lvface_b,clip,0.1,jpeg2000,1024,0,,,,,
colorferet,lvface_b,clip,0.1,jpeg2000,512,0,,,,,
colorferet,lvface_b,clip,0.1,webp,1024,0,,,,,
colorferet,lvface_b,clip,0.1,webp,512,0,,,,,
colorferet,lvface_b,clip,0.1,jpeg_xl,1024,0,,,,,
colorferet,lvface_b,clip,0.1,jpeg_xl,512,0,,,,,
colorferet,lvface_b,clip,0.1,avif,1024,0,,,,,
colorferet,lvface_b,clip,0.1,avif,512,0,,,,,
colorferet,lvface_b,clip,0.1,heif,1024,0,,,,,
colorferet,lvface_b,clip,0.1,heif,512,0,,,,,
colorferet,lvface_b,clip,0.1,jpeg_fzt,1024,0,,,,,
colorferet,lvface_b,clip,0.1,jpeg_fzt,512,0,,,,,
colorferet,lvface_b,clip,0.1,ours_accurate,1024,0,,,,,
colorferet,lvface_b,clip,0.1,ours_accurate,512,0,,,,,
colorferet,lvface_b,clip,0.1,ours_fast,1024,0,,,,,
colorferet,lvface_b,clip,0.1,ours_fast,512,0,,,,,
colorferet,lvface_b,clip,0.1,jpeg_ai,1024,0,,,,,
colorferet,lvface_b,clip,0.1,jpeg_ai,512,0,,,,,
colorferet,lvface_b,clip,0.1,neural_bmshj2018,1024,0,,,,,
colorferet,lvface_b,clip,0.1,neural_bmshj2018,512,0,,,,,
colorferet,lvface_b,clip,0.1,neural_mbt2018_mean,1024,0,,,,,
colorferet,lvface_b,clip,0.1,neural_mbt2018_mean,512,0,,,,,
colorferet,lvface_b,liae,0.03,jpeg,1024,0,,,,,
colorferet,lvface_b,liae,0.03,jpeg,512,0,,,,,
colorferet,lvface_b,liae,0.03,jpeg2000,1024,0,,,,,
colorferet,lvface_b,liae,0.03,jpeg2000,512,0,,,,,
colorferet,lvface_b,liae,0.03,webp,1024,0,,,,,
colorferet,lvface_b,liae,0.03,webp,512,0,,,,,
colorferet,lvface_b,liae,0.03,jpeg_xl,1024,0,,,,,
colorferet,lvface_b,liae,0.03,jpeg_xl,512,0,,,,,
colorferet,lvface_b,liae,0.03,avif,1024,0,,,,,
colorferet,lvface_b,liae,0.03,avif,512,0,,,,,
colorferet,lvface_b,liae,0.03,heif,1024,0,,,,,
colorferet,lvface_b,liae,0.03,heif,512,0,,,,,
colorferet,lvface_b,liae,0.03,jpeg_fzt,1024,0,,,,,
colorferet,lvface_b,liae,0.03,jpeg_fzt,512,0,,,,,
colorferet,lvface_b,liae,0.03,ours_accurate,1024,0,,,,,
colorferet,lvface_b,liae,0.03,ours_accurate,512,0,,,,,
colorferet,lvface_b,liae,0.03,ours_fast,1024,0,,,,,
colorferet,lvface_b,liae,0.03,ours_fast,512,0,,,,,
colorferet,lvface_b,liae,0.03,jpeg_ai,1024,0,,,,,
colorferet,lvface_b,liae,0.03,jpeg_ai,512,0,,,,,
colorferet,lvface_b,liae,0.03,neural_bmshj2018,1024,0,,,,,
colorferet,lvface_b,liae,0.03,neural_bmshj2018,512,0,,,,,
colorferet,lvface_b,liae,0.03,neural_mbt2018_mean,1024,0,,,,,
colorferet,lvface_b,liae,0.03,neural_mbt2018_mean,512,0,,,,,
colorferet,lvface_b,liae,0.06,jpeg,1024,0,,,,,
colorferet,lvface_b,liae,0.06,jpeg,512,0,,,,,
colorferet,lvface_b,liae,0.06,jpeg2000,1024,0,,,,,
colorferet,lvface_b,liae,0.06,jpeg2000,512,0,,,,,
colorferet,lvface_b,liae,0.06,webp,1024,0,,,,,
colorferet,lvface_b,liae,0.06,webp,512,0,,,,,
colorferet,lvface_b,liae,0.06,jpeg_xl,1024,0,,,,,
colorferet,lvface_b,liae,0.06,jpeg_xl,512,0,,,,,
colorferet,lvface_b,liae,0.06,avif,1024,0,,,,,
colorferet,lvface_b,liae,0.06,avif,512,0,,,,,
colorferet,lvface_b,liae,0.06,heif,1024,0,,,,,
colorferet,lvface_b,liae,0.06,heif,512,0,,,,,
colorferet,lvface_b,liae,0.06,jpeg_fzt,1024,0,,,,,
colorferet,lvface_b,liae,0.06,jpeg_fzt,512,0,,,,,
colorferet,lvface_b,liae,0.06,ours_accurate,1024,0,,,,,
colorferet,lvface_b,liae,0.06,ours_accurate,512,0,,,,,
colorferet,lvface_b,liae,0.06,ours_fast,1024,0,,,,,
colorferet,lvface_b,liae,0.06,ours_fast,512,0,,,,,
colorferet,lvface_b,liae,0.06,jpeg_ai,1024,0,,,,,
colorferet,lvface_b,liae,0.06,jpeg_ai,512,0,,,,,
colorferet,lvface_b,liae,0.06,neural_bmshj2018,1024,0,,,,,
colorferet,lvface_b,liae,0.06,neural_bmshj2018,512,0,,,,,
colorferet,lvface_b,liae,0.06,neural_mbt2018_mean,1024,0,,,,,
colorferet,lvface_b,liae,0.06,neural_mbt2018_mean,512,0,,,,,
colorferet,lvface_b,liae,0.1,jpeg,1024,0,,,,,
colorferet,lvface_b,liae,0.1,jpeg,512,0,,,,,
colorferet,lvface_b,liae,0.1,jpeg2000,1024,0,,,,,
colorferet,lvface_b,liae,0.1,jpeg2000,512,0,,,,,
colorferet,lvface_b,liae,0.1,webp,1024,0,,,,,
colorferet,lvface_b,liae,0.1,webp,512,0,,,,,
colorferet,lvface_b,liae,0.1,jpeg_xl,1024,0,,,,,
colorferet,lvface_b,liae,0.1,jpeg_xl,512,0,,,,,
colorferet,lvface_b,liae,0.1,avif,1024,0,,,,,
colorferet,lvface_b,liae,0.1,avif,512,0,,,,,
colorferet,lvface_b,liae,0.1,heif,1024,0,,,,,
colorferet,lvface_b,liae,0.1,heif,512,0,,,,,
colorferet,lvface_b,liae,0.1,jpeg_fzt,1024,0,,,,,
colorferet,lvface_b,liae,0.1,jpeg_fzt,512,0,,,,,
colorferet,lvface_b,liae,0.1,ours_accurate,1024,0,,,,,
colorferet,lvface_b,liae,0.1,ours_accurate,512,0,,,,,
colorferet,lvface_b,liae,0.1,ours_fast,1024,0,,,,,
colorferet,lvface_b,liae,0.1,ours_fast,512,0,,,,,
colorferet,lvface_b,liae,0.1,jpeg_ai,1024,0,,,,,
colorferet,lvface_b,liae,0.1,jpeg_ai,512,0,,,,,
colorferet,lvface_b,liae,0.1,neural_bmshj2018,1024,0,,,,,
colorferet,lvface_b,liae,0.1,neural_bmshj2018,512,0,,,,,
colorferet,lvface_b,liae,0.1,neural_mbt2018_mean,1024,0,,,,,
colorferet,lvface_b,liae,0.1,neural_mbt2018_mean,512,0,,,,,
colorferet,lvface_l,hfc,0.03,jpeg,1024,11335,0.7113045454025269,0.6551153659820557,0.5620180368423462,0.09309732913970947,2.6568551116052013
colorferet,lvface_l,hfc,0.03,jpeg,512,11335,0.7113045454025269,0.1503245234489441,0.13496214151382446,0.015362381935119629,1.0273849002351652
colorferet,lvface_l,hfc,0.03,jpeg2000,1024,11335,0.7113045454025269,0.4260726273059845,0.4096011519432068,0.01647147536277771,1.0577476583711176
colorferet,lvface_l,hfc,0.03,jpeg2000,512,11335,0.7113045454025269,0.13474008440971375,0.1324002891778946,0.002339795231819153,1.0040581676293232
colorferet,lvface_l,hfc,0.03,webp,1024,11335,0.7113045454025269,0.7382037043571472,0.6300362348556519,0.10816746950149536,-3.021221246507258
colorferet,lvface_l,hfc,0.03,webp,512,11335,0.7113045454025269,0.5870466232299805,0.47783637046813965,0.10921025276184082,1.8788997180412357
colorferet,lvface_l,hfc,0.03,jpeg_xl,1024,11335,0.7113045454025269,0.6691907048225403,0.5662754774093628,0.10291522741317749,3.443738827802019
colorferet,lvface_l,hfc,0.03,jpeg_xl,512,11335,0.7113045454025269,0.41705000400543213,0.35362571477890015,0.06342428922653198,1.2155422612184643
colorferet,lvface_l,hfc,0.03,avif,1024,11335,0.7113045454025269,0.7528482675552368,0.6454019546508789,0.10744631290435791,-1.5863429499503579
colorferet,lvface_l,hfc,0.03,avif,512,11335,0.7113045454025269,0.41856613755226135,0.3783610165119171,0.04020512104034424,1.1373414624189286
colorferet,lvface_l,hfc,0.03,heif,1024,11335,0.7113045454025269,0.7251097559928894,0.6245785355567932,0.10053122043609619,-6.2821214698656815
colorferet,lvface_l,hfc,0.03,heif,512,11335,0.7113045454025269,0.22919151186943054,0.23307964205741882,-0.0038881301879882812,0.9919352311230943
colorferet,lvface_l,hfc,0.03,jpeg_fzt,1024,300,0.7765719890594482,0.7686453461647034,0.6590979099273682,0.1095474362373352,14.820155353530795
colorferet,lvface_l,hfc,0.03,jpeg_fzt,512,300,0.7765719890594482,0.44538614153862,0.405606746673584,0.03977939486503601,1.1201120010496048
colorferet,lvface_l,hfc,0.03,ours_accurate,1024,11335,0.7113045454025269,0.78691166639328,0.673778772354126,0.11313289403915405,-0.49632590894434825
colorferet,lvface_l,hfc,0.03,ours_accurate,512,11335,0.7113045454025269,0.7330719828605652,0.6153045892715454,0.11776739358901978,-4.410255286872565
colorferet,lvface_l,hfc,0.03,ours_fast,1024,11335,0.7113045454025269,0.7136638760566711,0.6211601495742798,0.09250372648239136,-38.20761437991057
colorferet,lvface_l,hfc,0.03,ours_fast,512,11335,0.7113045454025269,0.6500127911567688,0.5528444051742554,0.09716838598251343,2.5853418975887505
colorferet,lvface_l,hfc,0.03,jpeg_ai,1024,300,0.7765719890594482,0.8405031561851501,0.6675044894218445,0.17299866676330566,-1.7060145237635735
colorferet,lvface_l,hfc,0.03,jpeg_ai,512,300,0.7765719890594482,0.7457565665245056,0.6132706999778748,0.13248586654663086,5.299336359785453
colorferet,lvface_l,hfc,0.03,neural_bmshj2018,1024,300,0.7765719890594482,0.7665959596633911,0.6930047869682312,0.07359117269515991,8.376799904403418
colorferet,lvface_l,hfc,0.03,neural_bmshj2018,512,300,0.7765719890594482,0.6579105257987976,0.5913824439048767,0.0665280818939209,1.5606544876982171
colorferet,lvface_l,hfc,0.03,neural_mbt2018_mean,1024,300,0.7765719890594482,0.7754780054092407,0.6889869570732117,0.08649104833602905,80.06064073226544
colorferet,lvface_l,hfc,0.03,neural_mbt2018_mean,512,300,0.7765719890594482,0.6776273846626282,0.6004828214645386,0.0771445631980896,1.7796742800516863
colorferet,lvface_l,hfc,0.06,jpeg,1024,11335,0.5459946990013123,0.6551153659820557,0.42387041449546814,0.23124495148658752,-1.1191673207733916
colorferet,lvface_l,hfc,0.06,jpeg,512,11335,0.5459946990013123,0.1503245234489441,0.11056289076805115,0.039761632680892944,1.10049186200447
colorferet,lvface_l,hfc,0.06,jpeg2000,1024,11335,0.5459946990013123,0.4260726273059845,0.3642771244049072,0.06179550290107727,1.515297159459303
colorferet,lvface_l,hfc,0.06,jpeg2000,512,11335,0.5459946990013123,0.13474008440971375,0.13294927775859833,0.0017908066511154175,1.0043544961869761
colorferet,lvface_l,hfc,0.06,webp,1024,11335,0.5459946990013123,0.7382037043571472,0.46782147884368896,0.27038222551345825,-0.40670945678586623
colorferet,lvface_l,hfc,0.06,webp,512,11335,0.5459946990013123,0.5870466232299805,0.3447747528553009,0.24227187037467957,-4.90159596478772
colorferet,lvface_l,hfc,0.06,jpeg_xl,1024,11335,0.5459946990013123,0.6691907048225403,0.4175492227077484,0.25164148211479187,-1.0426107197010381
colorferet,lvface_l,hfc,0.06,jpeg_xl,512,11335,0.5459946990013123,0.41705000400543213,0.2702188193798065,0.1468311846256256,2.1387144281532247
colorferet,lvface_l,hfc,0.06,avif,1024,11335,0.5459946990013123,0.7528482675552368,0.47719693183898926,0.27565133571624756,-0.3325916378589724
colorferet,lvface_l,hfc,0.06,avif,512,11335,0.5459946990013123,0.41856613755226135,0.2899946868419647,0.12857145071029663,2.0089688626179987
colorferet,lvface_l,hfc,0.06,heif,1024,11335,0.5459946990013123,0.7251097559928894,0.4566380977630615,0.2684716582298279,-0.4988782224068003
colorferet,lvface_l,hfc,0.06,heif,512,11335,0.5459946990013123,0.22919151186943054,0.20677675306797028,0.022414758801460266,1.0707529460305878
colorferet,lvface_l,hfc,0.06,jpeg_fzt,1024,300,0.6079059839248657,0.7686453461647034,0.5001699328422546,0.26847541332244873,-0.6702530704449304
colorferet,lvface_l,hfc,0.06,jpeg_fzt,512,300,0.6079059839248657,0.44538614153862,0.3236332833766937,0.12175285816192627,1.7491568806261062
colorferet,lvface_l,hfc,0.06,ours_accurate,1024,11335,0.5459946990013123,0.78691166639328,0.4906427562236786,0.29626891016960144,-0.22975526953058895
colorferet,lvface_l,hfc,0.06,ours_accurate,512,11335,0.5459946990013123,0.7330719828605652,0.4241085648536682,0.308963418006897,-0.6515282434790145
colorferet,lvface_l,hfc,0.06,ours_fast,1024,11335,0.5459946990013123,0.7136638760566711,0.4684869349002838,0.24517694115638733,-0.46226602564786196
colorferet,lvface_l,hfc,0.06,ours_fast,512,11335,0.5459946990013123,0.6500127911567688,0.40534159541130066,0.24467119574546814,-1.3521984558205846
colorferet,lvface_l,hfc,0.06,jpeg_ai,1024,300,0.6079059839248657,0.8405031561851501,0.5010562539100647,0.33944690227508545,-0.45937673694172176
colorferet,lvface_l,hfc,0.06,jpeg_ai,512,300,0.6079059839248657,0.7457565665245056,0.42833268642425537,0.31742388010025024,-1.302666221020958
colorferet,lvface_l,hfc,0.06,neural_bmshj2018,1024,300,0.6079059839248657,0.7665959596633911,0.5377984642982483,0.22879749536514282,-0.44178921384507674
colorferet,lvface_l,hfc,0.06,neural_bmshj2018,512,300,0.6079059839248657,0.6579105257987976,0.4227641522884369,0.23514637351036072,-3.7025003069360394
colorferet,lvface_l,hfc,0.06,neural_mbt2018_mean,1024,300,0.6079059839248657,0.7754780054092407,0.5238860845565796,0.25159192085266113,-0.5013957498634128
colorferet,lvface_l,hfc,0.06,neural_mbt2018_mean,512,300,0.6079059839248657,0.6776273846626282,0.4482978284358978,0.22932955622673035,-2.289227608740813
colorferet,lvface_l,hfc,0.1,jpeg,1024,11335,0.35857611894607544,0.6551153659820557,0.2668611705303192,0.38825419545173645,-0.3092843504948541
colorferet,lvface_l,hfc,0.1,jpeg,512,11335,0.35857611894607544,0.1503245234489441,0.06634221225976944,0.08398231118917465,1.403273314611083
colorferet,lvface_l,hfc,0.1,jpeg2000,1024,11335,0.35857611894607544,0.4260726273059845,0.249784916639328,0.1762877106666565,-1.611804891101096
colorferet,lvface_l,hfc,0.1,jpeg2000,512,11335,0.35857611894607544,0.13474008440971375,0.12006687372922897,0.014673210680484772,1.0655533891621956
colorferet,lvface_l,hfc,0.1,webp,1024,11335,0.35857611894607544,0.7382037043571472,0.2941133677959442,0.444090336561203,-0.16980523446505894
colorferet,lvface_l,hfc,0.1,webp,512,11335,0.35857611894607544,0.5870466232299805,0.23622141778469086,0.3508252054452896,-0.5355382811662313
colorferet,lvface_l,hfc,0.1,jpeg_xl,1024,11335,0.35857611894607544,0.6691907048225403,0.2573886811733246,0.4118020236492157,-0.3257652485546648
colorferet,lvface_l,hfc,0.1,jpeg_xl,512,11335,0.35857611894607544,0.41705000400543213,0.19356337189674377,0.22348663210868835,-2.8219904814230774
colorferet,lvface_l,hfc,0.1,avif,1024,11335,0.35857611894607544,0.7528482675552368,0.29238787293434143,0.4604603946208954,-0.16787451572529374
colorferet,lvface_l,hfc,0.1,avif,512,11335,0.35857611894607544,0.41856613755226135,0.17930565774440765,0.2392604798078537,-2.988338149693159
colorferet,lvface_l,hfc,0.1,heif,1024,11335,0.35857611894607544,0.7251097559928894,0.242741197347641,0.4823685586452484,-0.31602808007397126
colorferet,lvface_l,hfc,0.1,heif,512,11335,0.35857611894607544,0.22919151186943054,0.13864454627037048,0.09054696559906006,1.6998279597929438
colorferet,lvface_l,hfc,0.1,jpeg_fzt,1024,300,0.4058423638343811,0.7686453461647034,0.3307269513607025,0.43791839480400085,-0.20704188259755826
colorferet,lvface_l,hfc,0.1,jpeg_fzt,512,300,0.4058423638343811,0.44538614153862,0.20358212292194366,0.24180401861667633,-5.114843665802728
colorferet,lvface_l,hfc,0.1,ours_accurate,1024,11335,0.35857611894607544,0.78691166639328,0.30477941036224365,0.4821322560310364,-0.12559477938370878
colorferet,lvface_l,hfc,0.1,ours_accurate,512,11335,0.35857611894607544,0.7330719828605652,0.24653171002864838,0.4865402728319168,-0.2991873067602441
colorferet,lvface_l,hfc,0.1,ours_fast,1024,11335,0.35857611894607544,0.7136638760566711,0.29268378019332886,0.4209800958633423,-0.18556634925665358
colorferet,lvface_l,hfc,0.1,ours_fast,512,11335,0.35857611894607544,0.6500127911567688,0.24347642064094543,0.40653637051582336,-0.394938967124628
colorferet,lvface_l,hfc,0.1,jpeg_ai,1024,300,0.4058423638343811,0.8405031561851501,0.3240796625614166,0.5164234936237335,-0.1881069162708892
colorferet,lvface_l,hfc,0.1,jpeg_ai,512,300,0.4058423638343811,0.7457565665245056,0.2443191558122635,0.5014374107122421,-0.4751881702612079
colorferet,lvface_l,hfc,0.1,neural_bmshj2018,1024,300,0.4058423638343811,0.7665959596633911,0.3284018933773041,0.43819406628608704,-0.2146630590864083
colorferet,lvface_l,hfc,0.1,neural_bmshj2018,512,300,0.4058423638343811,0.6579105257987976,0.2700749337673187,0.3878355920314789,-0.5386139566734658
colorferet,lvface_l,hfc,0.1,neural_mbt2018_mean,1024,300,0.4058423638343811,0.7754780054092407,0.3411415219306946,0.43433648347854614,-0.1750395108762344
colorferet,lvface_l,hfc,0.1,neural_mbt2018_mean,512,300,0.4058423638343811,0.6776273846626282,0.25756168365478516,0.420065701007843,-0.5455807672097611
colorferet,lvface_l,clip,0.03,jpeg,1024,2000,0.7578637003898621,0.673556923866272,0.6355075836181641,0.03804934024810791,1.4513200695967925
colorferet,lvface_l,clip,0.03,jpeg,512,2000,0.7578637003898621,0.17050497233867645,0.16630245745182037,0.004202514886856079,1.0071549373256097
colorferet,lvface_l,clip,0.03,jpeg2000,1024,2000,0.7578637003898621,0.43107715249061584,0.4200182557106018,0.011058896780014038,1.0338413464419094
colorferet,lvface_l,clip,0.03,jpeg2000,512,2000,0.7578637003898621,0.13879649341106415,0.1376798003911972,0.0011166930198669434,1.0018038316474824
colorferet,lvface_l,clip,0.03,webp,1024,2000,0.7578637003898621,0.7614603042602539,0.6926616430282593,0.06879866123199463,-18.128784740060656
colorferet,lvface_l,clip,0.03,webp,512,2000,0.7578637003898621,0.6018016338348389,0.568309485912323,0.03349214792251587,1.2146078714823851
colorferet,lvface_l,clip,0.03,jpeg_xl,1024,2000,0.7578637003898621,0.6937551498413086,0.6507684588432312,0.04298669099807739,1.6705297597630264
colorferet,lvface_l,clip,0.03,jpeg_xl,512,2000,0.7578637003898621,0.43644997477531433,0.420596718788147,0.01585325598716736,1.0493235189531986
colorferet,lvface_l,clip,0.03,avif,1024,2000,0.7578637003898621,0.771324098110199,0.7176582217216492,0.053665876388549805,-2.98694581717059
colorferet,lvface_l,clip,0.03,avif,512,2000,0.7578637003898621,0.42570799589157104,0.4238491654396057,0.001858830451965332,1.0055962623155097
colorferet,lvface_l,clip,0.03,heif,1024,2000,0.7578637003898621,0.7408830523490906,0.6978495121002197,0.04303354024887085,3.5342696077054843
colorferet,lvface_l,clip,0.03,heif,512,2000,0.7578637003898621,0.2385651171207428,0.24578030407428741,-0.007215186953544617,0.9861058990222482
colorferet,lvface_l,clip,0.03,jpeg_fzt,1024,2000,0.7578637003898621,0.7308294177055359,0.694162905216217,0.03666651248931885,2.356296851574213
colorferet,lvface_l,clip,0.03,jpeg_fzt,512,2000,0.7578637003898621,0.3677982687950134,0.3641631007194519,0.0036351680755615234,1.0093193802401268
colorferet,lvface_l,clip,0.03,ours_accurate,1024,2000,0.7578637003898621,0.7930884957313538,0.734603226184845,0.05848526954650879,-0.6603437714687955
colorferet,lvface_l,clip,0.03,ours_accurate,512,2000,0.7578637003898621,0.7433382272720337,0.6874181032180786,0.05592012405395508,4.8497970840839235
colorferet,lvface_l,clip,0.03,ours_fast,1024,2000,0.7578637003898621,0.7151017785072327,0.673861026763916,0.04124075174331665,1.9644269931672396
colorferet,lvface_l,clip,0.03,ours_fast,512,2000,0.7578637003898621,0.6512013673782349,0.6024559140205383,0.04874545335769653,1.4570071925239327
colorferet,lvface_l,clip,0.03,jpeg_ai,1024,0,,,,,
colorferet,lvface_l,clip,0.03,jpeg_ai,512,0,,,,,
colorferet,lvface_l,clip,0.03,neural_bmshj2018,1024,0,,,,,
colorferet,lvface_l,clip,0.03,neural_bmshj2018,512,0,,,,,
colorferet,lvface_l,clip,0.03,neural_mbt2018_mean,1024,0,,,,,
colorferet,lvface_l,clip,0.03,neural_mbt2018_mean,512,0,,,,,
colorferet,lvface_l,clip,0.06,jpeg,1024,2000,0.6538427472114563,0.673556923866272,0.5778403878211975,0.09571653604507446,-3.855213470033167
colorferet,lvface_l,clip,0.06,jpeg,512,2000,0.6538427472114563,0.17050497233867645,0.16193799674510956,0.008566975593566895,1.0177246142117111
colorferet,lvface_l,clip,0.06,jpeg2000,1024,2000,0.6538427472114563,0.43107715249061584,0.4074499011039734,0.023627251386642456,1.106063287808205
colorferet,lvface_l,clip,0.06,jpeg2000,512,2000,0.6538427472114563,0.13879649341106415,0.138747438788414,4.9054622650146484e-05,1.0000952431403747
colorferet,lvface_l,clip,0.06,webp,1024,2000,0.6538427472114563,0.7614603042602539,0.6085839867591858,0.15287631750106812,-0.4205518290268249
colorferet,lvface_l,clip,0.06,webp,512,2000,0.6538427472114563,0.6018016338348389,0.5090574622154236,0.09274417161941528,2.782132733176422
colorferet,lvface_l,clip,0.06,jpeg_xl,1024,2000,0.6538427472114563,0.6937551498413086,0.5877402424812317,0.1060149073600769,-1.6561895645135518
colorferet,lvface_l,clip,0.06,jpeg_xl,512,2000,0.6538427472114563,0.43644997477531433,0.3966738283634186,0.03977614641189575,1.1829690378670699
colorferet,lvface_l,clip,0.06,avif,1024,2000,0.6538427472114563,0.771324098110199,0.6463115811347961,0.12501251697540283,-0.06410520494568775
colorferet,lvface_l,clip,0.06,avif,512,2000,0.6538427472114563,0.42570799589157104,0.4092007577419281,0.016507238149642944,1.0723574030442073
colorferet,lvface_l,clip,0.06,heif,1024,2000,0.6538427472114563,0.7408830523490906,0.6212677955627441,0.11961525678634644,-0.3742513493858086
colorferet,lvface_l,clip,0.06,heif,512,2000,0.6538427472114563,0.2385651171207428,0.24545368552207947,-0.00688856840133667,0.9834121370808442
colorferet,lvface_l,clip,0.06,jpeg_fzt,1024,2000,0.6538427472114563,0.7308294177055359,0.6392931938171387,0.09153622388839722,-0.18898795468023927
colorferet,lvface_l,clip,0.06,jpeg_fzt,512,2000,0.6538427472114563,0.3677982687950134,0.3515166640281677,0.016281604766845703,1.0569198358835015
colorferet,lvface_l,clip,0.06,ours_accurate,1024,2000,0.6538427472114563,0.7930884957313538,0.6628046631813049,0.13028383255004883,0.06436042798511743
colorferet,lvface_l,clip,0.06,ours_accurate,512,2000,0.6538427472114563,0.7433382272720337,0.6059170961380005,0.1374211311340332,-0.5355091792458799
colorferet,lvface_l,clip,0.06,ours_fast,1024,2000,0.6538427472114563,0.7151017785072327,0.6118711233139038,0.10323065519332886,-0.68514997723195
colorferet,lvface_l,clip,0.06,ours_fast,512,2000,0.6538427472114563,0.6512013673782349,0.5406304001808167,0.11057096719741821,42.86106284553763
colorferet,lvface_l,clip,0.06,jpeg_ai,1024,0,,,,,
colorferet,lvface_l,clip,0.06,jpeg_ai,512,0,,,,,
colorferet,lvface_l,clip,0.06,neural_bmshj2018,1024,0,,,,,
colorferet,lvface_l,clip,0.06,neural_bmshj2018,512,0,,,,,
colorferet,lvface_l,clip,0.06,neural_mbt2018_mean,1024,0,,,,,
colorferet,lvface_l,clip,0.06,neural_mbt2018_mean,512,0,,,,,
colorferet,lvface_l,clip,0.1,jpeg,1024,2000,0.5405179262161255,0.673556923866272,0.48641443252563477,0.1871424913406372,-0.40667394257409417
colorferet,lvface_l,clip,0.1,jpeg,512,2000,0.5405179262161255,0.17050497233867645,0.15151327848434448,0.01899169385433197,1.051327105322432
colorferet,lvface_l,clip,0.1,jpeg2000,1024,2000,0.5405179262161255,0.43107715249061584,0.3768133521080017,0.054263800382614136,1.4958280039093486
colorferet,lvface_l,clip,0.1,jpeg2000,512,2000,0.5405179262161255,0.13879649341106415,0.13719767332077026,0.0015988200902938843,1.0039799223036967
colorferet,lvface_l,clip,0.1,webp,1024,2000,0.5405179262161255,0.7614603042602539,0.4936352074146271,0.26782509684562683,-0.21219432512912761
colorferet,lvface_l,clip,0.1,webp,512,2000,0.5405179262161255,0.6018016338348389,0.4254046082496643,0.17639702558517456,-1.8783673906066118
colorferet,lvface_l,clip,0.1,jpeg_xl,1024,2000,0.5405179262161255,0.6937551498413086,0.5083845257759094,0.18537062406539917,-0.20969709369581166
colorferet,lvface_l,clip,0.1,jpeg_xl,512,2000,0.5405179262161255,0.43644997477531433,0.3539876937866211,0.08246228098869324,1.7923888175659326
colorferet,lvface_l,clip,0.1,avif,1024,2000,0.5405179262161255,0.771324098110199,0.5443226099014282,0.22700148820877075,0.016484323855294743
colorferet,lvface_l,clip,0.1,avif,512,2000,0.5405179262161255,0.42570799589157104,0.3705354928970337,0.055172502994537354,1.4805551474386496
colorferet,lvface_l,clip,0.1,heif,1024,2000,0.5405179262161255,0.7408830523490906,0.5195858478546143,0.22129720449447632,-0.10446966877669327
colorferet,lvface_l,clip,0.1,heif,512,2000,0.5405179262161255,0.2385651171207428,0.23267114162445068,0.005893975496292114,1.0195195252991678
colorferet,lvface_l,clip,0.1,jpeg_fzt,1024,2000,0.5405179262161255,0.7308294177055359,0.5587342381477356,0.1720951795578003,0.09571840244141919
colorferet,lvface_l,clip,0.1,jpeg_fzt,512,2000,0.5405179262161255,0.3677982687950134,0.3282563388347626,0.039541929960250854,1.2289370564454207
colorferet,lvface_l,clip,0.1,ours_accurate,1024,2000,0.5405179262161255,0.7930884957313538,0.5567471981048584,0.23634129762649536,0.06425638553170542
colorferet,lvface_l,clip,0.1,ours_accurate,512,2000,0.5405179262161255,0.7433382272720337,0.49584847688674927,0.24748975038528442,-0.22024150983319424
colorferet,lvface_l,clip,0.1,ours_fast,1024,2000,0.5405179262161255,0.7151017785072327,0.5199981927871704,0.19510358572006226,-0.11753511656243994
colorferet,lvface_l,clip,0.1,ours_fast,512,2000,0.5405179262161255,0.6512013673782349,0.44812944531440735,0.20307192206382751,-0.8347091482853697
colorferet,lvface_l,clip,0.1,jpeg_ai,1024,0,,,,,
colorferet,lvface_l,clip,0.1,jpeg_ai,512,0,,,,,
colorferet,lvface_l,clip,0.1,neural_bmshj2018,1024,0,,,,,
colorferet,lvface_l,clip,0.1,neural_bmshj2018,512,0,,,,,
colorferet,lvface_l,clip,0.1,neural_mbt2018_mean,1024,0,,,,,
colorferet,lvface_l,clip,0.1,neural_mbt2018_mean,512,0,,,,,
colorferet,lvface_l,liae,0.03,jpeg,1024,11335,0.6941232085227966,0.6551153659820557,0.5533996820449829,0.10171568393707275,3.6075701015978474
colorferet,lvface_l,liae,0.03,jpeg,512,11335,0.6941232085227966,0.1503245234489441,0.1413467675447464,0.008977755904197693,1.016509337279803
colorferet,lvface_l,liae,0.03,jpeg2000,1024,11335,0.6941232085227966,0.4260726273059845,0.3946933150291443,0.03137931227684021,1.1170648917618242
colorferet,lvface_l,liae,0.03,jpeg2000,512,11335,0.6941232085227966,0.13474008440971375,0.1339152753353119,0.0008248090744018555,1.0014744976007448
colorferet,lvface_l,liae,0.03,webp,1024,11335,0.6941232085227966,0.7382037043571472,0.6185839772224426,0.11961972713470459,-1.7136656444206462
colorferet,lvface_l,liae,0.03,webp,512,11335,0.6941232085227966,0.5870466232299805,0.4966525435447693,0.09039407968521118,1.844200246375206
colorferet,lvface_l,liae,0.03,jpeg_xl,1024,11335,0.6941232085227966,0.6691907048225403,0.582243800163269,0.08694690465927124,4.487291356879545
colorferet,lvface_l,liae,0.03,jpeg_xl,512,11335,0.6941232085227966,0.41705000400543213,0.37908002734184265,0.03796997666358948,1.1370395117410563
colorferet,lvface_l,liae,0.03,avif,1024,11335,0.6941232085227966,0.7528482675552368,0.6453467607498169,0.10750150680541992,-0.8305900168790846
colorferet,lvface_l,liae,0.03,avif,512,11335,0.6941232085227966,0.41856613755226135,0.3818587362766266,0.036707401275634766,1.1332116107430965
colorferet,lvface_l,liae,0.03,heif,1024,11335,0.6941232085227966,0.7251097559928894,0.6153383255004883,0.10977143049240112,-2.5425511860703103
colorferet,lvface_l,liae,0.03,heif,512,11335,0.6941232085227966,0.22919151186943054,0.23338955640792847,-0.004198044538497925,0.990970620913317
colorferet,lvface_l,liae,0.03,jpeg_fzt,1024,11335,0.6941232085227966,0.7224320769309998,0.6086860299110413,0.1137460470199585,-3.0180358105376635
colorferet,lvface_l,liae,0.03,jpeg_fzt,512,11335,0.6941232085227966,0.35558274388313293,0.32553741335868835,0.03004533052444458,1.0887495991252458
colorferet,lvface_l,liae,0.03,ours_accurate,1024,0,,,,,
colorferet,lvface_l,liae,0.03,ours_accurate,512,0,,,,,
colorferet,lvface_l,liae,0.03,ours_fast,1024,0,,,,,
colorferet,lvface_l,liae,0.03,ours_fast,512,0,,,,,
colorferet,lvface_l,liae,0.03,jpeg_ai,1024,0,,,,,
colorferet,lvface_l,liae,0.03,jpeg_ai,512,0,,,,,
colorferet,lvface_l,liae,0.03,neural_bmshj2018,1024,0,,,,,
colorferet,lvface_l,liae,0.03,neural_bmshj2018,512,0,,,,,
colorferet,lvface_l,liae,0.03,neural_mbt2018_mean,1024,0,,,,,
colorferet,lvface_l,liae,0.03,neural_mbt2018_mean,512,0,,,,,
colorferet,lvface_l,liae,0.06,jpeg,1024,11335,0.5362890362739563,0.6551153659820557,0.41338908672332764,0.24172627925872803,-1.0342821313469521
colorferet,lvface_l,liae,0.06,jpeg,512,11335,0.5362890362739563,0.1503245234489441,0.11566236615180969,0.0346621572971344,1.0898065913973014
colorferet,lvface_l,liae,0.06,jpeg2000,1024,11335,0.5362890362739563,0.4260726273059845,0.322156697511673,0.10391592979431152,1.942835379662105
colorferet,lvface_l,liae,0.06,jpeg2000,512,11335,0.5362890362739563,0.13474008440971375,0.12542596459388733,0.009314119815826416,1.023195477842949
colorferet,lvface_l,liae,0.06,webp,1024,11335,0.5362890362739563,0.7382037043571472,0.4530584514141083,0.28514525294303894,-0.4122067289611479
colorferet,lvface_l,liae,0.06,webp,512,11335,0.5362890362739563,0.5870466232299805,0.3625285029411316,0.22451812028884888,-3.4233410954576895
colorferet,lvface_l,liae,0.06,jpeg_xl,1024,11335,0.5362890362739563,0.6691907048225403,0.4443442225456238,0.2248464822769165,-0.6918258794826256
colorferet,lvface_l,liae,0.06,jpeg_xl,512,11335,0.5362890362739563,0.41705000400543213,0.29794853925704956,0.11910146474838257,1.9988462878511812
colorferet,lvface_l,liae,0.06,avif,1024,11335,0.5362890362739563,0.7528482675552368,0.4917025864124298,0.261145681142807,-0.20588570433007702
colorferet,lvface_l,liae,0.06,avif,512,11335,0.5362890362739563,0.41856613755226135,0.2945590913295746,0.12400704622268677,2.053380842378406
colorferet,lvface_l,liae,0.06,heif,1024,11335,0.5362890362739563,0.7251097559928894,0.46655160188674927,0.25855815410614014,-0.36933147215524803
colorferet,lvface_l,liae,0.06,heif,512,11335,0.5362890362739563,0.22919151186943054,0.19289401173591614,0.036297500133514404,1.1181953524499968
colorferet,lvface_l,liae,0.06,jpeg_fzt,1024,11335,0.5362890362739563,0.7224320769309998,0.4705218970775604,0.25191017985343933,-0.3533150579481915
colorferet,lvface_l,liae,0.06,jpeg_fzt,512,11335,0.5362890362739563,0.35558274388313293,0.26030436158180237,0.09527838230133057,1.5272554765014315
colorferet,lvface_l,liae,0.06,ours_accurate,1024,11335,0.5362890362739563,0.78691166639328,0.5214129686355591,0.26549869775772095,-0.05935644211903205
colorferet,lvface_l,liae,0.06,ours_accurate,512,11335,0.5362890362739563,0.7330719828605652,0.4604482650756836,0.2726237177848816,-0.3854031688914332
colorferet,lvface_l,liae,0.06,ours_fast,1024,11335,0.5362890362739563,0.7136638760566711,0.4809727966785431,0.23269107937812805,-0.31186068815157725
colorferet,lvface_l,liae,0.06,ours_fast,512,11335,0.5362890362739563,0.6500127911567688,0.4227633476257324,0.22724944353103638,-0.9982583565342815
colorferet,lvface_l,liae,0.06,jpeg_ai,1024,0,,,,,
colorferet,lvface_l,liae,0.06,jpeg_ai,512,0,,,,,
colorferet,lvface_l,liae,0.06,neural_bmshj2018,1024,0,,,,,
colorferet,lvface_l,liae,0.06,neural_bmshj2018,512,0,,,,,
colorferet,lvface_l,liae,0.06,neural_mbt2018_mean,1024,0,,,,,
colorferet,lvface_l,liae,0.06,neural_mbt2018_mean,512,0,,,,,
colorferet,lvface_l,liae,0.1,jpeg,1024,11335,0.341081440448761,0.6551153659820557,0.25009670853614807,0.4050186574459076,-0.2897289894972398
colorferet,lvface_l,liae,0.1,jpeg,512,11335,0.341081440448761,0.1503245234489441,0.069496288895607,0.0808282345533371,1.4237237413174102
colorferet,lvface_l,liae,0.1,jpeg2000,1024,11335,0.341081440448761,0.4260726273059845,0.2045123428106308,0.2215602844953537,-1.6068618722497932
colorferet,lvface_l,liae,0.1,jpeg2000,512,11335,0.341081440448761,0.13474008440971375,0.09773342311382294,0.03700666129589081,1.1793467970080016
colorferet,lvface_l,liae,0.1,webp,1024,11335,0.341081440448761,0.7382037043571472,0.2658340036869049,0.4723697006702423,-0.18948178835728843
colorferet,lvface_l,liae,0.1,webp,512,11335,0.341081440448761,0.5870466232299805,0.22013114392757416,0.3669154793024063,-0.4917374693180433
colorferet,lvface_l,liae,0.1,jpeg_xl,1024,11335,0.341081440448761,0.6691907048225403,0.280469685792923,0.3887210190296173,-0.18473039696553528
colorferet,lvface_l,liae,0.1,jpeg_xl,512,11335,0.341081440448761,0.41705000400543213,0.20397357642650604,0.2130764275789261,-1.8047973741135044
colorferet,lvface_l,liae,0.1,avif,1024,11335,0.341081440448761,0.7528482675552368,0.31273290514945984,0.440115362405777,-0.06884608820605818
colorferet,lvface_l,liae,0.1,avif,512,11335,0.341081440448761,0.41856613755226135,0.17629584670066833,0.24227029085159302,-2.126685654174784
colorferet,lvface_l,liae,0.1,heif,1024,11335,0.341081440448761,0.7251097559928894,0.29437142610549927,0.43073832988739014,-0.12163169342624763
colorferet,lvface_l,liae,0.1,heif,512,11335,0.341081440448761,0.22919151186943054,0.11438846588134766,0.11480304598808289,2.02603556410966
colorferet,lvface_l,liae,0.1,jpeg_fzt,1024,11335,0.341081440448761,0.7224320769309998,0.3138431906700134,0.40858888626098633,-0.07142573572187068
colorferet,lvface_l,liae,0.1,jpeg_fzt,512,11335,0.341081440448761,0.35558274388313293,0.1674295961856842,0.18815314769744873,-11.974912810353013
colorferet,lvface_l,liae,0.1,ours_accurate,1024,0,,,,,
colorferet,lvface_l,liae,0.1,ours_accurate,512,0,,,,,
colorferet,lvface_l,liae,0.1,ours_fast,1024,0,,,,,
colorferet,lvface_l,liae,0.1,ours_fast,512,0,,,,,
colorferet,lvface_l,liae,0.1,jpeg_ai,1024,0,,,,,
colorferet,lvface_l,liae,0.1,jpeg_ai,512,0,,,,,
colorferet,lvface_l,liae,0.1,neural_bmshj2018,1024,0,,,,,
colorferet,lvface_l,liae,0.1,neural_bmshj2018,512,0,,,,,
colorferet,lvface_l,liae,0.1,neural_mbt2018_mean,1024,0,,,,,
colorferet,lvface_l,liae,0.1,neural_mbt2018_mean,512,0,,,,,
colorferet,lvface_s,hfc,0.03,jpeg,1024,0,,,,,
colorferet,lvface_s,hfc,0.03,jpeg,512,0,,,,,
colorferet,lvface_s,hfc,0.03,jpeg2000,1024,0,,,,,
colorferet,lvface_s,hfc,0.03,jpeg2000,512,0,,,,,
colorferet,lvface_s,hfc,0.03,webp,1024,0,,,,,
colorferet,lvface_s,hfc,0.03,webp,512,0,,,,,
colorferet,lvface_s,hfc,0.03,jpeg_xl,1024,0,,,,,
colorferet,lvface_s,hfc,0.03,jpeg_xl,512,0,,,,,
colorferet,lvface_s,hfc,0.03,avif,1024,0,,,,,
colorferet,lvface_s,hfc,0.03,avif,512,0,,,,,
colorferet,lvface_s,hfc,0.03,heif,1024,0,,,,,
colorferet,lvface_s,hfc,0.03,heif,512,0,,,,,
colorferet,lvface_s,hfc,0.03,jpeg_fzt,1024,0,,,,,
colorferet,lvface_s,hfc,0.03,jpeg_fzt,512,0,,,,,
colorferet,lvface_s,hfc,0.03,ours_accurate,1024,0,,,,,
colorferet,lvface_s,hfc,0.03,ours_accurate,512,0,,,,,
colorferet,lvface_s,hfc,0.03,ours_fast,1024,0,,,,,
colorferet,lvface_s,hfc,0.03,ours_fast,512,0,,,,,
colorferet,lvface_s,hfc,0.03,jpeg_ai,1024,0,,,,,
colorferet,lvface_s,hfc,0.03,jpeg_ai,512,0,,,,,
colorferet,lvface_s,hfc,0.03,neural_bmshj2018,1024,0,,,,,
colorferet,lvface_s,hfc,0.03,neural_bmshj2018,512,0,,,,,
colorferet,lvface_s,hfc,0.03,neural_mbt2018_mean,1024,0,,,,,
colorferet,lvface_s,hfc,0.03,neural_mbt2018_mean,512,0,,,,,
colorferet,lvface_s,hfc,0.06,jpeg,1024,0,,,,,
colorferet,lvface_s,hfc,0.06,jpeg,512,0,,,,,
colorferet,lvface_s,hfc,0.06,jpeg2000,1024,0,,,,,
colorferet,lvface_s,hfc,0.06,jpeg2000,512,0,,,,,
colorferet,lvface_s,hfc,0.06,webp,1024,0,,,,,
colorferet,lvface_s,hfc,0.06,webp,512,0,,,,,
colorferet,lvface_s,hfc,0.06,jpeg_xl,1024,0,,,,,
colorferet,lvface_s,hfc,0.06,jpeg_xl,512,0,,,,,
colorferet,lvface_s,hfc,0.06,avif,1024,0,,,,,
colorferet,lvface_s,hfc,0.06,avif,512,0,,,,,
colorferet,lvface_s,hfc,0.06,heif,1024,0,,,,,
colorferet,lvface_s,hfc,0.06,heif,512,0,,,,,
colorferet,lvface_s,hfc,0.06,jpeg_fzt,1024,0,,,,,
colorferet,lvface_s,hfc,0.06,jpeg_fzt,512,0,,,,,
colorferet,lvface_s,hfc,0.06,ours_accurate,1024,0,,,,,
colorferet,lvface_s,hfc,0.06,ours_accurate,512,0,,,,,
colorferet,lvface_s,hfc,0.06,ours_fast,1024,0,,,,,
colorferet,lvface_s,hfc,0.06,ours_fast,512,0,,,,,
colorferet,lvface_s,hfc,0.06,jpeg_ai,1024,0,,,,,
colorferet,lvface_s,hfc,0.06,jpeg_ai,512,0,,,,,
colorferet,lvface_s,hfc,0.06,neural_bmshj2018,1024,0,,,,,
colorferet,lvface_s,hfc,0.06,neural_bmshj2018,512,0,,,,,
colorferet,lvface_s,hfc,0.06,neural_mbt2018_mean,1024,0,,,,,
colorferet,lvface_s,hfc,0.06,neural_mbt2018_mean,512,0,,,,,
colorferet,lvface_s,hfc,0.1,jpeg,1024,0,,,,,
colorferet,lvface_s,hfc,0.1,jpeg,512,0,,,,,
colorferet,lvface_s,hfc,0.1,jpeg2000,1024,0,,,,,
colorferet,lvface_s,hfc,0.1,jpeg2000,512,0,,,,,
colorferet,lvface_s,hfc,0.1,webp,1024,0,,,,,
colorferet,lvface_s,hfc,0.1,webp,512,0,,,,,
colorferet,lvface_s,hfc,0.1,jpeg_xl,1024,0,,,,,
colorferet,lvface_s,hfc,0.1,jpeg_xl,512,0,,,,,
colorferet,lvface_s,hfc,0.1,avif,1024,0,,,,,
colorferet,lvface_s,hfc,0.1,avif,512,0,,,,,
colorferet,lvface_s,hfc,0.1,heif,1024,0,,,,,
colorferet,lvface_s,hfc,0.1,heif,512,0,,,,,
colorferet,lvface_s,hfc,0.1,jpeg_fzt,1024,0,,,,,
colorferet,lvface_s,hfc,0.1,jpeg_fzt,512,0,,,,,
colorferet,lvface_s,hfc,0.1,ours_accurate,1024,0,,,,,
colorferet,lvface_s,hfc,0.1,ours_accurate,512,0,,,,,
colorferet,lvface_s,hfc,0.1,ours_fast,1024,0,,,,,
colorferet,lvface_s,hfc,0.1,ours_fast,512,0,,,,,
colorferet,lvface_s,hfc,0.1,jpeg_ai,1024,0,,,,,
colorferet,lvface_s,hfc,0.1,jpeg_ai,512,0,,,,,
colorferet,lvface_s,hfc,0.1,neural_bmshj2018,1024,0,,,,,
colorferet,lvface_s,hfc,0.1,neural_bmshj2018,512,0,,,,,
colorferet,lvface_s,hfc,0.1,neural_mbt2018_mean,1024,0,,,,,
colorferet,lvface_s,hfc,0.1,neural_mbt2018_mean,512,0,,,,,
colorferet,lvface_s,clip,0.03,jpeg,1024,0,,,,,
colorferet,lvface_s,clip,0.03,jpeg,512,0,,,,,
colorferet,lvface_s,clip,0.03,jpeg2000,1024,0,,,,,
colorferet,lvface_s,clip,0.03,jpeg2000,512,0,,,,,
colorferet,lvface_s,clip,0.03,webp,1024,0,,,,,
colorferet,lvface_s,clip,0.03,webp,512,0,,,,,
colorferet,lvface_s,clip,0.03,jpeg_xl,1024,0,,,,,
colorferet,lvface_s,clip,0.03,jpeg_xl,512,0,,,,,
colorferet,lvface_s,clip,0.03,avif,1024,0,,,,,
colorferet,lvface_s,clip,0.03,avif,512,0,,,,,
colorferet,lvface_s,clip,0.03,heif,1024,0,,,,,
colorferet,lvface_s,clip,0.03,heif,512,0,,,,,
colorferet,lvface_s,clip,0.03,jpeg_fzt,1024,0,,,,,
colorferet,lvface_s,clip,0.03,jpeg_fzt,512,0,,,,,
colorferet,lvface_s,clip,0.03,ours_accurate,1024,0,,,,,
colorferet,lvface_s,clip,0.03,ours_accurate,512,0,,,,,
colorferet,lvface_s,clip,0.03,ours_fast,1024,0,,,,,
colorferet,lvface_s,clip,0.03,ours_fast,512,0,,,,,
colorferet,lvface_s,clip,0.03,jpeg_ai,1024,0,,,,,
colorferet,lvface_s,clip,0.03,jpeg_ai,512,0,,,,,
colorferet,lvface_s,clip,0.03,neural_bmshj2018,1024,0,,,,,
colorferet,lvface_s,clip,0.03,neural_bmshj2018,512,0,,,,,
colorferet,lvface_s,clip,0.03,neural_mbt2018_mean,1024,0,,,,,
colorferet,lvface_s,clip,0.03,neural_mbt2018_mean,512,0,,,,,
colorferet,lvface_s,clip,0.06,jpeg,1024,0,,,,,
colorferet,lvface_s,clip,0.06,jpeg,512,0,,,,,
colorferet,lvface_s,clip,0.06,jpeg2000,1024,0,,,,,
colorferet,lvface_s,clip,0.06,jpeg2000,512,0,,,,,
colorferet,lvface_s,clip,0.06,webp,1024,0,,,,,
colorferet,lvface_s,clip,0.06,webp,512,0,,,,,
colorferet,lvface_s,clip,0.06,jpeg_xl,1024,0,,,,,
colorferet,lvface_s,clip,0.06,jpeg_xl,512,0,,,,,
colorferet,lvface_s,clip,0.06,avif,1024,0,,,,,
colorferet,lvface_s,clip,0.06,avif,512,0,,,,,
colorferet,lvface_s,clip,0.06,heif,1024,0,,,,,
colorferet,lvface_s,clip,0.06,heif,512,0,,,,,
colorferet,lvface_s,clip,0.06,jpeg_fzt,1024,0,,,,,
colorferet,lvface_s,clip,0.06,jpeg_fzt,512,0,,,,,
colorferet,lvface_s,clip,0.06,ours_accurate,1024,0,,,,,
colorferet,lvface_s,clip,0.06,ours_accurate,512,0,,,,,
colorferet,lvface_s,clip,0.06,ours_fast,1024,0,,,,,
colorferet,lvface_s,clip,0.06,ours_fast,512,0,,,,,
colorferet,lvface_s,clip,0.06,jpeg_ai,1024,0,,,,,
colorferet,lvface_s,clip,0.06,jpeg_ai,512,0,,,,,
colorferet,lvface_s,clip,0.06,neural_bmshj2018,1024,0,,,,,
colorferet,lvface_s,clip,0.06,neural_bmshj2018,512,0,,,,,
colorferet,lvface_s,clip,0.06,neural_mbt2018_mean,1024,0,,,,,
colorferet,lvface_s,clip,0.06,neural_mbt2018_mean,512,0,,,,,
colorferet,lvface_s,clip,0.1,jpeg,1024,0,,,,,
colorferet,lvface_s,clip,0.1,jpeg,512,0,,,,,
colorferet,lvface_s,clip,0.1,jpeg2000,1024,0,,,,,
colorferet,lvface_s,clip,0.1,jpeg2000,512,0,,,,,
colorferet,lvface_s,clip,0.1,webp,1024,0,,,,,
colorferet,lvface_s,clip,0.1,webp,512,0,,,,,
colorferet,lvface_s,clip,0.1,jpeg_xl,1024,0,,,,,
colorferet,lvface_s,clip,0.1,jpeg_xl,512,0,,,,,
colorferet,lvface_s,clip,0.1,avif,1024,0,,,,,
colorferet,lvface_s,clip,0.1,avif,512,0,,,,,
colorferet,lvface_s,clip,0.1,heif,1024,0,,,,,
colorferet,lvface_s,clip,0.1,heif,512,0,,,,,
colorferet,lvface_s,clip,0.1,jpeg_fzt,1024,0,,,,,
colorferet,lvface_s,clip,0.1,jpeg_fzt,512,0,,,,,
colorferet,lvface_s,clip,0.1,ours_accurate,1024,0,,,,,
colorferet,lvface_s,clip,0.1,ours_accurate,512,0,,,,,
colorferet,lvface_s,clip,0.1,ours_fast,1024,0,,,,,
colorferet,lvface_s,clip,0.1,ours_fast,512,0,,,,,
colorferet,lvface_s,clip,0.1,jpeg_ai,1024,0,,,,,
colorferet,lvface_s,clip,0.1,jpeg_ai,512,0,,,,,
colorferet,lvface_s,clip,0.1,neural_bmshj2018,1024,0,,,,,
colorferet,lvface_s,clip,0.1,neural_bmshj2018,512,0,,,,,
colorferet,lvface_s,clip,0.1,neural_mbt2018_mean,1024,0,,,,,
colorferet,lvface_s,clip,0.1,neural_mbt2018_mean,512,0,,,,,
colorferet,lvface_s,liae,0.03,jpeg,1024,0,,,,,
colorferet,lvface_s,liae,0.03,jpeg,512,0,,,,,
colorferet,lvface_s,liae,0.03,jpeg2000,1024,0,,,,,
colorferet,lvface_s,liae,0.03,jpeg2000,512,0,,,,,
colorferet,lvface_s,liae,0.03,webp,1024,0,,,,,
colorferet,lvface_s,liae,0.03,webp,512,0,,,,,
colorferet,lvface_s,liae,0.03,jpeg_xl,1024,0,,,,,
colorferet,lvface_s,liae,0.03,jpeg_xl,512,0,,,,,
colorferet,lvface_s,liae,0.03,avif,1024,0,,,,,
colorferet,lvface_s,liae,0.03,avif,512,0,,,,,
colorferet,lvface_s,liae,0.03,heif,1024,0,,,,,
colorferet,lvface_s,liae,0.03,heif,512,0,,,,,
colorferet,lvface_s,liae,0.03,jpeg_fzt,1024,0,,,,,
colorferet,lvface_s,liae,0.03,jpeg_fzt,512,0,,,,,
colorferet,lvface_s,liae,0.03,ours_accurate,1024,0,,,,,
colorferet,lvface_s,liae,0.03,ours_accurate,512,0,,,,,
colorferet,lvface_s,liae,0.03,ours_fast,1024,0,,,,,
colorferet,lvface_s,liae,0.03,ours_fast,512,0,,,,,
colorferet,lvface_s,liae,0.03,jpeg_ai,1024,0,,,,,
colorferet,lvface_s,liae,0.03,jpeg_ai,512,0,,,,,
colorferet,lvface_s,liae,0.03,neural_bmshj2018,1024,0,,,,,
colorferet,lvface_s,liae,0.03,neural_bmshj2018,512,0,,,,,
colorferet,lvface_s,liae,0.03,neural_mbt2018_mean,1024,0,,,,,
colorferet,lvface_s,liae,0.03,neural_mbt2018_mean,512,0,,,,,
colorferet,lvface_s,liae,0.06,jpeg,1024,0,,,,,
colorferet,lvface_s,liae,0.06,jpeg,512,0,,,,,
colorferet,lvface_s,liae,0.06,jpeg2000,1024,0,,,,,
colorferet,lvface_s,liae,0.06,jpeg2000,512,0,,,,,
colorferet,lvface_s,liae,0.06,webp,1024,0,,,,,
colorferet,lvface_s,liae,0.06,webp,512,0,,,,,
colorferet,lvface_s,liae,0.06,jpeg_xl,1024,0,,,,,
colorferet,lvface_s,liae,0.06,jpeg_xl,512,0,,,,,
colorferet,lvface_s,liae,0.06,avif,1024,0,,,,,
colorferet,lvface_s,liae,0.06,avif,512,0,,,,,
colorferet,lvface_s,liae,0.06,heif,1024,0,,,,,
colorferet,lvface_s,liae,0.06,heif,512,0,,,,,
colorferet,lvface_s,liae,0.06,jpeg_fzt,1024,0,,,,,
colorferet,lvface_s,liae,0.06,jpeg_fzt,512,0,,,,,
colorferet,lvface_s,liae,0.06,ours_accurate,1024,0,,,,,
colorferet,lvface_s,liae,0.06,ours_accurate,512,0,,,,,
colorferet,lvface_s,liae,0.06,ours_fast,1024,0,,,,,
colorferet,lvface_s,liae,0.06,ours_fast,512,0,,,,,
colorferet,lvface_s,liae,0.06,jpeg_ai,1024,0,,,,,
colorferet,lvface_s,liae,0.06,jpeg_ai,512,0,,,,,
colorferet,lvface_s,liae,0.06,neural_bmshj2018,1024,0,,,,,
colorferet,lvface_s,liae,0.06,neural_bmshj2018,512,0,,,,,
colorferet,lvface_s,liae,0.06,neural_mbt2018_mean,1024,0,,,,,
colorferet,lvface_s,liae,0.06,neural_mbt2018_mean,512,0,,,,,
colorferet,lvface_s,liae,0.1,jpeg,1024,0,,,,,
colorferet,lvface_s,liae,0.1,jpeg,512,0,,,,,
colorferet,lvface_s,liae,0.1,jpeg2000,1024,0,,,,,
colorferet,lvface_s,liae,0.1,jpeg2000,512,0,,,,,
colorferet,lvface_s,liae,0.1,webp,1024,0,,,,,
colorferet,lvface_s,liae,0.1,webp,512,0,,,,,
colorferet,lvface_s,liae,0.1,jpeg_xl,1024,0,,,,,
colorferet,lvface_s,liae,0.1,jpeg_xl,512,0,,,,,
colorferet,lvface_s,liae,0.1,avif,1024,0,,,,,
colorferet,lvface_s,liae,0.1,avif,512,0,,,,,
colorferet,lvface_s,liae,0.1,heif,1024,0,,,,,
colorferet,lvface_s,liae,0.1,heif,512,0,,,,,
colorferet,lvface_s,liae,0.1,jpeg_fzt,1024,0,,,,,
colorferet,lvface_s,liae,0.1,jpeg_fzt,512,0,,,,,
colorferet,lvface_s,liae,0.1,ours_accurate,1024,0,,,,,
colorferet,lvface_s,liae,0.1,ours_accurate,512,0,,,,,
colorferet,lvface_s,liae,0.1,ours_fast,1024,0,,,,,
colorferet,lvface_s,liae,0.1,ours_fast,512,0,,,,,
colorferet,lvface_s,liae,0.1,jpeg_ai,1024,0,,,,,
colorferet,lvface_s,liae,0.1,jpeg_ai,512,0,,,,,
colorferet,lvface_s,liae,0.1,neural_bmshj2018,1024,0,,,,,
colorferet,lvface_s,liae,0.1,neural_bmshj2018,512,0,,,,,
colorferet,lvface_s,liae,0.1,neural_mbt2018_mean,1024,0,,,,,
colorferet,lvface_s,liae,0.1,neural_mbt2018_mean,512,0,,,,,
colorferet,lvface_t,hfc,0.03,jpeg,1024,0,,,,,
colorferet,lvface_t,hfc,0.03,jpeg,512,0,,,,,
colorferet,lvface_t,hfc,0.03,jpeg2000,1024,0,,,,,
colorferet,lvface_t,hfc,0.03,jpeg2000,512,0,,,,,
colorferet,lvface_t,hfc,0.03,webp,1024,0,,,,,
colorferet,lvface_t,hfc,0.03,webp,512,0,,,,,
colorferet,lvface_t,hfc,0.03,jpeg_xl,1024,0,,,,,
colorferet,lvface_t,hfc,0.03,jpeg_xl,512,0,,,,,
colorferet,lvface_t,hfc,0.03,avif,1024,0,,,,,
colorferet,lvface_t,hfc,0.03,avif,512,0,,,,,
colorferet,lvface_t,hfc,0.03,heif,1024,0,,,,,
colorferet,lvface_t,hfc,0.03,heif,512,0,,,,,
colorferet,lvface_t,hfc,0.03,jpeg_fzt,1024,0,,,,,
colorferet,lvface_t,hfc,0.03,jpeg_fzt,512,0,,,,,
colorferet,lvface_t,hfc,0.03,ours_accurate,1024,0,,,,,
colorferet,lvface_t,hfc,0.03,ours_accurate,512,0,,,,,
colorferet,lvface_t,hfc,0.03,ours_fast,1024,0,,,,,
colorferet,lvface_t,hfc,0.03,ours_fast,512,0,,,,,
colorferet,lvface_t,hfc,0.03,jpeg_ai,1024,0,,,,,
colorferet,lvface_t,hfc,0.03,jpeg_ai,512,0,,,,,
colorferet,lvface_t,hfc,0.03,neural_bmshj2018,1024,0,,,,,
colorferet,lvface_t,hfc,0.03,neural_bmshj2018,512,0,,,,,
colorferet,lvface_t,hfc,0.03,neural_mbt2018_mean,1024,0,,,,,
colorferet,lvface_t,hfc,0.03,neural_mbt2018_mean,512,0,,,,,
colorferet,lvface_t,hfc,0.06,jpeg,1024,0,,,,,
colorferet,lvface_t,hfc,0.06,jpeg,512,0,,,,,
colorferet,lvface_t,hfc,0.06,jpeg2000,1024,0,,,,,
colorferet,lvface_t,hfc,0.06,jpeg2000,512,0,,,,,
colorferet,lvface_t,hfc,0.06,webp,1024,0,,,,,
colorferet,lvface_t,hfc,0.06,webp,512,0,,,,,
colorferet,lvface_t,hfc,0.06,jpeg_xl,1024,0,,,,,
colorferet,lvface_t,hfc,0.06,jpeg_xl,512,0,,,,,
colorferet,lvface_t,hfc,0.06,avif,1024,0,,,,,
colorferet,lvface_t,hfc,0.06,avif,512,0,,,,,
colorferet,lvface_t,hfc,0.06,heif,1024,0,,,,,
colorferet,lvface_t,hfc,0.06,heif,512,0,,,,,
colorferet,lvface_t,hfc,0.06,jpeg_fzt,1024,0,,,,,
colorferet,lvface_t,hfc,0.06,jpeg_fzt,512,0,,,,,
colorferet,lvface_t,hfc,0.06,ours_accurate,1024,0,,,,,
colorferet,lvface_t,hfc,0.06,ours_accurate,512,0,,,,,
colorferet,lvface_t,hfc,0.06,ours_fast,1024,0,,,,,
colorferet,lvface_t,hfc,0.06,ours_fast,512,0,,,,,
colorferet,lvface_t,hfc,0.06,jpeg_ai,1024,0,,,,,
colorferet,lvface_t,hfc,0.06,jpeg_ai,512,0,,,,,
colorferet,lvface_t,hfc,0.06,neural_bmshj2018,1024,0,,,,,
colorferet,lvface_t,hfc,0.06,neural_bmshj2018,512,0,,,,,
colorferet,lvface_t,hfc,0.06,neural_mbt2018_mean,1024,0,,,,,
colorferet,lvface_t,hfc,0.06,neural_mbt2018_mean,512,0,,,,,
colorferet,lvface_t,hfc,0.1,jpeg,1024,0,,,,,
colorferet,lvface_t,hfc,0.1,jpeg,512,0,,,,,
colorferet,lvface_t,hfc,0.1,jpeg2000,1024,0,,,,,
colorferet,lvface_t,hfc,0.1,jpeg2000,512,0,,,,,
colorferet,lvface_t,hfc,0.1,webp,1024,0,,,,,
colorferet,lvface_t,hfc,0.1,webp,512,0,,,,,
colorferet,lvface_t,hfc,0.1,jpeg_xl,1024,0,,,,,
colorferet,lvface_t,hfc,0.1,jpeg_xl,512,0,,,,,
colorferet,lvface_t,hfc,0.1,avif,1024,0,,,,,
colorferet,lvface_t,hfc,0.1,avif,512,0,,,,,
colorferet,lvface_t,hfc,0.1,heif,1024,0,,,,,
colorferet,lvface_t,hfc,0.1,heif,512,0,,,,,
colorferet,lvface_t,hfc,0.1,jpeg_fzt,1024,0,,,,,
colorferet,lvface_t,hfc,0.1,jpeg_fzt,512,0,,,,,
colorferet,lvface_t,hfc,0.1,ours_accurate,1024,0,,,,,
colorferet,lvface_t,hfc,0.1,ours_accurate,512,0,,,,,
colorferet,lvface_t,hfc,0.1,ours_fast,1024,0,,,,,
colorferet,lvface_t,hfc,0.1,ours_fast,512,0,,,,,
colorferet,lvface_t,hfc,0.1,jpeg_ai,1024,0,,,,,
colorferet,lvface_t,hfc,0.1,jpeg_ai,512,0,,,,,
colorferet,lvface_t,hfc,0.1,neural_bmshj2018,1024,0,,,,,
colorferet,lvface_t,hfc,0.1,neural_bmshj2018,512,0,,,,,
colorferet,lvface_t,hfc,0.1,neural_mbt2018_mean,1024,0,,,,,
colorferet,lvface_t,hfc,0.1,neural_mbt2018_mean,512,0,,,,,
colorferet,lvface_t,clip,0.03,jpeg,1024,0,,,,,
colorferet,lvface_t,clip,0.03,jpeg,512,0,,,,,
colorferet,lvface_t,clip,0.03,jpeg2000,1024,0,,,,,
colorferet,lvface_t,clip,0.03,jpeg2000,512,0,,,,,
colorferet,lvface_t,clip,0.03,webp,1024,0,,,,,
colorferet,lvface_t,clip,0.03,webp,512,0,,,,,
colorferet,lvface_t,clip,0.03,jpeg_xl,1024,0,,,,,
colorferet,lvface_t,clip,0.03,jpeg_xl,512,0,,,,,
colorferet,lvface_t,clip,0.03,avif,1024,0,,,,,
colorferet,lvface_t,clip,0.03,avif,512,0,,,,,
colorferet,lvface_t,clip,0.03,heif,1024,0,,,,,
colorferet,lvface_t,clip,0.03,heif,512,0,,,,,
colorferet,lvface_t,clip,0.03,jpeg_fzt,1024,0,,,,,
colorferet,lvface_t,clip,0.03,jpeg_fzt,512,0,,,,,
colorferet,lvface_t,clip,0.03,ours_accurate,1024,0,,,,,
colorferet,lvface_t,clip,0.03,ours_accurate,512,0,,,,,
colorferet,lvface_t,clip,0.03,ours_fast,1024,0,,,,,
colorferet,lvface_t,clip,0.03,ours_fast,512,0,,,,,
colorferet,lvface_t,clip,0.03,jpeg_ai,1024,0,,,,,
colorferet,lvface_t,clip,0.03,jpeg_ai,512,0,,,,,
colorferet,lvface_t,clip,0.03,neural_bmshj2018,1024,0,,,,,
colorferet,lvface_t,clip,0.03,neural_bmshj2018,512,0,,,,,
colorferet,lvface_t,clip,0.03,neural_mbt2018_mean,1024,0,,,,,
colorferet,lvface_t,clip,0.03,neural_mbt2018_mean,512,0,,,,,
colorferet,lvface_t,clip,0.06,jpeg,1024,0,,,,,
colorferet,lvface_t,clip,0.06,jpeg,512,0,,,,,
colorferet,lvface_t,clip,0.06,jpeg2000,1024,0,,,,,
colorferet,lvface_t,clip,0.06,jpeg2000,512,0,,,,,
colorferet,lvface_t,clip,0.06,webp,1024,0,,,,,
colorferet,lvface_t,clip,0.06,webp,512,0,,,,,
colorferet,lvface_t,clip,0.06,jpeg_xl,1024,0,,,,,
colorferet,lvface_t,clip,0.06,jpeg_xl,512,0,,,,,
colorferet,lvface_t,clip,0.06,avif,1024,0,,,,,
colorferet,lvface_t,clip,0.06,avif,512,0,,,,,
colorferet,lvface_t,clip,0.06,heif,1024,0,,,,,
colorferet,lvface_t,clip,0.06,heif,512,0,,,,,
colorferet,lvface_t,clip,0.06,jpeg_fzt,1024,0,,,,,
colorferet,lvface_t,clip,0.06,jpeg_fzt,512,0,,,,,
colorferet,lvface_t,clip,0.06,ours_accurate,1024,0,,,,,
colorferet,lvface_t,clip,0.06,ours_accurate,512,0,,,,,
colorferet,lvface_t,clip,0.06,ours_fast,1024,0,,,,,
colorferet,lvface_t,clip,0.06,ours_fast,512,0,,,,,
colorferet,lvface_t,clip,0.06,jpeg_ai,1024,0,,,,,
colorferet,lvface_t,clip,0.06,jpeg_ai,512,0,,,,,
colorferet,lvface_t,clip,0.06,neural_bmshj2018,1024,0,,,,,
colorferet,lvface_t,clip,0.06,neural_bmshj2018,512,0,,,,,
colorferet,lvface_t,clip,0.06,neural_mbt2018_mean,1024,0,,,,,
colorferet,lvface_t,clip,0.06,neural_mbt2018_mean,512,0,,,,,
colorferet,lvface_t,clip,0.1,jpeg,1024,0,,,,,
colorferet,lvface_t,clip,0.1,jpeg,512,0,,,,,
colorferet,lvface_t,clip,0.1,jpeg2000,1024,0,,,,,
colorferet,lvface_t,clip,0.1,jpeg2000,512,0,,,,,
colorferet,lvface_t,clip,0.1,webp,1024,0,,,,,
colorferet,lvface_t,clip,0.1,webp,512,0,,,,,
colorferet,lvface_t,clip,0.1,jpeg_xl,1024,0,,,,,
colorferet,lvface_t,clip,0.1,jpeg_xl,512,0,,,,,
colorferet,lvface_t,clip,0.1,avif,1024,0,,,,,
colorferet,lvface_t,clip,0.1,avif,512,0,,,,,
colorferet,lvface_t,clip,0.1,heif,1024,0,,,,,
colorferet,lvface_t,clip,0.1,heif,512,0,,,,,
colorferet,lvface_t,clip,0.1,jpeg_fzt,1024,0,,,,,
colorferet,lvface_t,clip,0.1,jpeg_fzt,512,0,,,,,
colorferet,lvface_t,clip,0.1,ours_accurate,1024,0,,,,,
colorferet,lvface_t,clip,0.1,ours_accurate,512,0,,,,,
colorferet,lvface_t,clip,0.1,ours_fast,1024,0,,,,,
colorferet,lvface_t,clip,0.1,ours_fast,512,0,,,,,
colorferet,lvface_t,clip,0.1,jpeg_ai,1024,0,,,,,
colorferet,lvface_t,clip,0.1,jpeg_ai,512,0,,,,,
colorferet,lvface_t,clip,0.1,neural_bmshj2018,1024,0,,,,,
colorferet,lvface_t,clip,0.1,neural_bmshj2018,512,0,,,,,
colorferet,lvface_t,clip,0.1,neural_mbt2018_mean,1024,0,,,,,
colorferet,lvface_t,clip,0.1,neural_mbt2018_mean,512,0,,,,,
colorferet,lvface_t,liae,0.03,jpeg,1024,0,,,,,
colorferet,lvface_t,liae,0.03,jpeg,512,0,,,,,
colorferet,lvface_t,liae,0.03,jpeg2000,1024,0,,,,,
colorferet,lvface_t,liae,0.03,jpeg2000,512,0,,,,,
colorferet,lvface_t,liae,0.03,webp,1024,0,,,,,
colorferet,lvface_t,liae,0.03,webp,512,0,,,,,
colorferet,lvface_t,liae,0.03,jpeg_xl,1024,0,,,,,
colorferet,lvface_t,liae,0.03,jpeg_xl,512,0,,,,,
colorferet,lvface_t,liae,0.03,avif,1024,0,,,,,
colorferet,lvface_t,liae,0.03,avif,512,0,,,,,
colorferet,lvface_t,liae,0.03,heif,1024,0,,,,,
colorferet,lvface_t,liae,0.03,heif,512,0,,,,,
colorferet,lvface_t,liae,0.03,jpeg_fzt,1024,0,,,,,
colorferet,lvface_t,liae,0.03,jpeg_fzt,512,0,,,,,
colorferet,lvface_t,liae,0.03,ours_accurate,1024,0,,,,,
colorferet,lvface_t,liae,0.03,ours_accurate,512,0,,,,,
colorferet,lvface_t,liae,0.03,ours_fast,1024,0,,,,,
colorferet,lvface_t,liae,0.03,ours_fast,512,0,,,,,
colorferet,lvface_t,liae,0.03,jpeg_ai,1024,0,,,,,
colorferet,lvface_t,liae,0.03,jpeg_ai,512,0,,,,,
colorferet,lvface_t,liae,0.03,neural_bmshj2018,1024,0,,,,,
colorferet,lvface_t,liae,0.03,neural_bmshj2018,512,0,,,,,
colorferet,lvface_t,liae,0.03,neural_mbt2018_mean,1024,0,,,,,
colorferet,lvface_t,liae,0.03,neural_mbt2018_mean,512,0,,,,,
colorferet,lvface_t,liae,0.06,jpeg,1024,0,,,,,
colorferet,lvface_t,liae,0.06,jpeg,512,0,,,,,
colorferet,lvface_t,liae,0.06,jpeg2000,1024,0,,,,,
colorferet,lvface_t,liae,0.06,jpeg2000,512,0,,,,,
colorferet,lvface_t,liae,0.06,webp,1024,0,,,,,
colorferet,lvface_t,liae,0.06,webp,512,0,,,,,
colorferet,lvface_t,liae,0.06,jpeg_xl,1024,0,,,,,
colorferet,lvface_t,liae,0.06,jpeg_xl,512,0,,,,,
colorferet,lvface_t,liae,0.06,avif,1024,0,,,,,
colorferet,lvface_t,liae,0.06,avif,512,0,,,,,
colorferet,lvface_t,liae,0.06,heif,1024,0,,,,,
colorferet,lvface_t,liae,0.06,heif,512,0,,,,,
colorferet,lvface_t,liae,0.06,jpeg_fzt,1024,0,,,,,
colorferet,lvface_t,liae,0.06,jpeg_fzt,512,0,,,,,
colorferet,lvface_t,liae,0.06,ours_accurate,1024,0,,,,,
colorferet,lvface_t,liae,0.06,ours_accurate,512,0,,,,,
colorferet,lvface_t,liae,0.06,ours_fast,1024,0,,,,,
colorferet,lvface_t,liae,0.06,ours_fast,512,0,,,,,
colorferet,lvface_t,liae,0.06,jpeg_ai,1024,0,,,,,
colorferet,lvface_t,liae,0.06,jpeg_ai,512,0,,,,,
colorferet,lvface_t,liae,0.06,neural_bmshj2018,1024,0,,,,,
colorferet,lvface_t,liae,0.06,neural_bmshj2018,512,0,,,,,
colorferet,lvface_t,liae,0.06,neural_mbt2018_mean,1024,0,,,,,
colorferet,lvface_t,liae,0.06,neural_mbt2018_mean,512,0,,,,,
colorferet,lvface_t,liae,0.1,jpeg,1024,0,,,,,
colorferet,lvface_t,liae,0.1,jpeg,512,0,,,,,
colorferet,lvface_t,liae,0.1,jpeg2000,1024,0,,,,,
colorferet,lvface_t,liae,0.1,jpeg2000,512,0,,,,,
colorferet,lvface_t,liae,0.1,webp,1024,0,,,,,
colorferet,lvface_t,liae,0.1,webp,512,0,,,,,
colorferet,lvface_t,liae,0.1,jpeg_xl,1024,0,,,,,
colorferet,lvface_t,liae,0.1,jpeg_xl,512,0,,,,,
colorferet,lvface_t,liae,0.1,avif,1024,0,,,,,
colorferet,lvface_t,liae,0.1,avif,512,0,,,,,
colorferet,lvface_t,liae,0.1,heif,1024,0,,,,,
colorferet,lvface_t,liae,0.1,heif,512,0,,,,,
colorferet,lvface_t,liae,0.1,jpeg_fzt,1024,0,,,,,
colorferet,lvface_t,liae,0.1,jpeg_fzt,512,0,,,,,
colorferet,lvface_t,liae,0.1,ours_accurate,1024,0,,,,,
colorferet,lvface_t,liae,0.1,ours_accurate,512,0,,,,,
colorferet,lvface_t,liae,0.1,ours_fast,1024,0,,,,,
colorferet,lvface_t,liae,0.1,ours_fast,512,0,,,,,
colorferet,lvface_t,liae,0.1,jpeg_ai,1024,0,,,,,
colorferet,lvface_t,liae,0.1,jpeg_ai,512,0,,,,,
colorferet,lvface_t,liae,0.1,neural_bmshj2018,1024,0,,,,,
colorferet,lvface_t,liae,0.1,neural_bmshj2018,512,0,,,,,
colorferet,lvface_t,liae,0.1,neural_mbt2018_mean,1024,0,,,,,
colorferet,lvface_t,liae,0.1,neural_mbt2018_mean,512,0,,,,,
colorferet,topofr_r100,hfc,0.03,jpeg,1024,11335,0.8482953310012817,0.7637009024620056,0.6586353778839111,0.10506552457809448,2.241991067169558
colorferet,topofr_r100,hfc,0.03,jpeg,512,11335,0.8482953310012817,0.16546790301799774,0.15245240926742554,0.013015493750572205,1.0190611759533639
colorferet,topofr_r100,hfc,0.03,jpeg2000,1024,11335,0.8482953310012817,0.4814322590827942,0.4556877613067627,0.025744497776031494,1.0701746775476808
colorferet,topofr_r100,hfc,0.03,jpeg2000,512,11335,0.8482953310012817,0.1471838355064392,0.14141780138015747,0.005766034126281738,1.0082241329137132
colorferet,topofr_r100,hfc,0.03,webp,1024,11335,0.8482953310012817,0.8775107264518738,0.7354184985160828,0.14209222793579102,-3.8636078938617127
colorferet,topofr_r100,hfc,0.03,webp,512,11335,0.8482953310012817,0.7183207869529724,0.6036222577095032,0.11469852924346924,1.8824691795097797
colorferet,topofr_r100,hfc,0.03,jpeg_xl,1024,11335,0.8482953310012817,0.8207386136054993,0.7011750340461731,0.11956357955932617,5.338817931109069
colorferet,topofr_r100,hfc,0.03,jpeg_xl,512,11335,0.8482953310012817,0.5417330265045166,0.476417601108551,0.06531542539596558,1.2130575887442638
colorferet,topofr_r100,hfc,0.03,avif,1024,11335,0.8482953310012817,0.8634239435195923,0.7348976135253906,0.12852632999420166,-7.4955794748952
colorferet,topofr_r100,hfc,0.03,avif,512,11335,0.8482953310012817,0.5144430994987488,0.47234076261520386,0.04210233688354492,1.1261106948246518
colorferet,topofr_r100,hfc,0.03,heif,1024,11335,0.8482953310012817,0.8330314755439758,0.7122666239738464,0.1207648515701294,8.911818341566276
colorferet,topofr_r100,hfc,0.03,heif,512,11335,0.8482953310012817,0.3013559579849243,0.3058079481124878,-0.0044519901275634766,0.9918601761964752
colorferet,topofr_r100,hfc,0.03,jpeg_fzt,1024,300,0.8754498362541199,0.8426987528800964,0.7349808216094971,0.10771793127059937,4.288988337895288
colorferet,topofr_r100,hfc,0.03,jpeg_fzt,512,300,0.8754498362541199,0.537484347820282,0.49431949853897095,0.043164849281311035,1.1277196955267261
colorferet,topofr_r100,hfc,0.03,ours_accurate,1024,11335,0.8482953310012817,0.8999524712562561,0.7627666592597961,0.13718581199645996,-1.655698927957003
colorferet,topofr_r100,hfc,0.03,ours_accurate,512,11335,0.8482953310012817,0.8505422472953796,0.7052604556083679,0.14528179168701172,-63.65830172162241
colorferet,topofr_r100,hfc,0.03,ours_fast,1024,11335,0.8482953310012817,0.8089821934700012,0.7074997425079346,0.10148245096206665,3.5813877328239068
colorferet,topofr_r100,hfc,0.03,ours_fast,512,11335,0.8482953310012817,0.7408410906791687,0.6401402354240417,0.10070085525512695,1.93715106033283
colorferet,topofr_r100,hfc,0.03,jpeg_ai,1024,0,,,,,
colorferet,topofr_r100,hfc,0.03,jpeg_ai,512,0,,,,,
colorferet,topofr_r100,hfc,0.03,neural_bmshj2018,1024,0,,,,,
colorferet,topofr_r100,hfc,0.03,neural_bmshj2018,512,0,,,,,
colorferet,topofr_r100,hfc,0.03,neural_mbt2018_mean,1024,0,,,,,
colorferet,topofr_r100,hfc,0.03,neural_mbt2018_mean,512,0,,,,,
colorferet,topofr_r100,hfc,0.06,jpeg,1024,11335,0.6842988729476929,0.7637009024620056,0.5164919495582581,0.24720895290374756,-2.113383302868682
colorferet,topofr_r100,hfc,0.06,jpeg,512,11335,0.6842988729476929,0.16546790301799774,0.12151267379522324,0.043955229222774506,1.084719748377262
colorferet,topofr_r100,hfc,0.06,jpeg2000,1024,11335,0.6842988729476929,0.4814322590827942,0.4050924777984619,0.07633978128433228,1.3763052965194738
colorferet,topofr_r100,hfc,0.06,jpeg2000,512,11335,0.6842988729476929,0.1471838355064392,0.14001911878585815,0.007164716720581055,1.0133392592296668
colorferet,topofr_r100,hfc,0.06,webp,1024,11335,0.6842988729476929,0.8775107264518738,0.5520686507225037,0.3254420757293701,-0.6843794509860539
colorferet,topofr_r100,hfc,0.06,webp,512,11335,0.6842988729476929,0.7183207869529724,0.4510633945465088,0.2672573924064636,-6.855448472563609
colorferet,topofr_r100,hfc,0.06,jpeg_xl,1024,11335,0.6842988729476929,0.8207386136054993,0.5274284482002258,0.29331016540527344,-1.1497414462323057
colorferet,topofr_r100,hfc,0.06,jpeg_xl,512,11335,0.6842988729476929,0.5417330265045166,0.37936580181121826,0.16236722469329834,2.13889286069658
colorferet,topofr_r100,hfc,0.06,avif,1024,11335,0.6842988729476929,0.8634239435195923,0.5623362064361572,0.30108773708343506,-0.6808799355787596
colorferet,topofr_r100,hfc,0.06,avif,512,11335,0.6842988729476929,0.5144430994987488,0.3725075125694275,0.1419355869293213,1.8356241536410585
colorferet,topofr_r100,hfc,0.06,heif,1024,11335,0.6842988729476929,0.8330314755439758,0.516806423664093,0.3162250518798828,-1.1261313683741438
colorferet,topofr_r100,hfc,0.06,heif,512,11335,0.6842988729476929,0.3013559579849243,0.2733655273914337,0.0279904305934906,1.0730929585058702
colorferet,topofr_r100,hfc,0.06,jpeg_fzt,1024,300,0.725620448589325,0.8426987528800964,0.586081862449646,0.25661689043045044,-1.191839828779258
colorferet,topofr_r100,hfc,0.06,jpeg_fzt,512,300,0.725620448589325,0.537484347820282,0.40956389904022217,0.12792044878005981,1.6799356862248132
colorferet,topofr_r100,hfc,0.06,ours_accurate,1024,11335,0.6842988729476929,0.8999524712562561,0.566187858581543,0.33376461267471313,-0.5476885861980997
colorferet,topofr_r100,hfc,0.06,ours_accurate,512,11335,0.6842988729476929,0.8505422472953796,0.4989810585975647,0.35156118869781494,-1.114738046417107
colorferet,topofr_r100,hfc,0.06,ours_fast,1024,11335,0.6842988729476929,0.8089821934700012,0.5476401448249817,0.26134204864501953,-1.0960465886714992
colorferet,topofr_r100,hfc,0.06,ours_fast,512,11335,0.6842988729476929,0.7408410906791687,0.4806746542453766,0.2601664364337921,-3.601277538658748
colorferet,topofr_r100,hfc,0.06,jpeg_ai,1024,0,,,,,
colorferet,topofr_r100,hfc,0.06,jpeg_ai,512,0,,,,,
colorferet,topofr_r100,hfc,0.06,neural_bmshj2018,1024,0,,,,,
colorferet,topofr_r100,hfc,0.06,neural_bmshj2018,512,0,,,,,
colorferet,topofr_r100,hfc,0.06,neural_mbt2018_mean,1024,0,,,,,
colorferet,topofr_r100,hfc,0.06,neural_mbt2018_mean,512,0,,,,,
colorferet,topofr_r100,hfc,0.1,jpeg,1024,11335,0.5117369294166565,0.7637009024620056,0.3223702013492584,0.4413307011127472,-0.751562716600422
colorferet,topofr_r100,hfc,0.1,jpeg,512,11335,0.5117369294166565,0.16546790301799774,0.057557933032512665,0.10790996998548508,1.3116362185431178
colorferet,topofr_r100,hfc,0.1,jpeg2000,1024,11335,0.5117369294166565,0.4814322590827942,0.2745222747325897,0.20690998435020447,7.82765996365267
colorferet,topofr_r100,hfc,0.1,jpeg2000,512,11335,0.5117369294166565,0.1471838355064392,0.12313883751630783,0.024044997990131378,1.0659574651588424
colorferet,topofr_r100,hfc,0.1,webp,1024,11335,0.5117369294166565,0.8775107264518738,0.3446179926395416,0.5328927338123322,-0.4568914945020635
colorferet,topofr_r100,hfc,0.1,webp,512,11335,0.5117369294166565,0.7183207869529724,0.289266973733902,0.42905381321907043,-1.076899029458998
colorferet,topofr_r100,hfc,0.1,jpeg_xl,1024,11335,0.5117369294166565,0.8207386136054993,0.32477396726608276,0.4959646463394165,-0.6050548321164279
colorferet,topofr_r100,hfc,0.1,jpeg_xl,512,11335,0.5117369294166565,0.5417330265045166,0.2414734959602356,0.300259530544281,-9.009953283749063
colorferet,topofr_r100,hfc,0.1,avif,1024,11335,0.5117369294166565,0.8634239435195923,0.35188359022140503,0.5115403532981873,-0.4545329590943149
colorferet,topofr_r100,hfc,0.1,avif,512,11335,0.5117369294166565,0.5144430994987488,0.22283321619033813,0.29160988330841064,-106.75741156777235
colorferet,topofr_r100,hfc,0.1,heif,1024,11335,0.5117369294166565,0.8330314755439758,0.3106412887573242,0.5223901867866516,-0.6258918586798673
colorferet,topofr_r100,hfc,0.1,heif,512,11335,0.5117369294166565,0.3013559579849243,0.1821081042289734,0.11924785375595093,1.5668186288161827
colorferet,topofr_r100,hfc,0.1,jpeg_fzt,1024,300,0.5593002438545227,0.8426987528800964,0.39482948184013367,0.44786927103996277,-0.5803515430617431
colorferet,topofr_r100,hfc,0.1,jpeg_fzt,512,300,0.5593002438545227,0.537484347820282,0.2725540101528168,0.2649303376674652,13.143912734624736
colorferet,topofr_r100,hfc,0.1,ours_accurate,1024,11335,0.5117369294166565,0.8999524712562561,0.3413860499858856,0.5585664212703705,-0.4388048933423571
colorferet,topofr_r100,hfc,0.1,ours_accurate,512,11335,0.5117369294166565,0.8505422472953796,0.2787960171699524,0.5717462301254272,-0.687536174771868
colorferet,topofr_r100,hfc,0.1,ours_fast,1024,11335,0.5117369294166565,0.8089821934700012,0.34332624077796936,0.46565595269203186,-0.5665714781866584
colorferet,topofr_r100,hfc,0.1,ours_fast,512,11335,0.5117369294166565,0.7408410906791687,0.2883187234401703,0.4525223672389984,-0.9751817895637831
colorferet,topofr_r100,hfc,0.1,jpeg_ai,1024,0,,,,,
colorferet,topofr_r100,hfc,0.1,jpeg_ai,512,0,,,,,
colorferet,topofr_r100,hfc,0.1,neural_bmshj2018,1024,0,,,,,
colorferet,topofr_r100,hfc,0.1,neural_bmshj2018,512,0,,,,,
colorferet,topofr_r100,hfc,0.1,neural_mbt2018_mean,1024,0,,,,,
colorferet,topofr_r100,hfc,0.1,neural_mbt2018_mean,512,0,,,,,
colorferet,topofr_r100,clip,0.03,jpeg,1024,2000,0.8701239824295044,0.7619524002075195,0.7266576886177063,0.03529471158981323,1.3262845089700455
colorferet,topofr_r100,clip,0.03,jpeg,512,2000,0.8701239824295044,0.18035238981246948,0.17774078249931335,0.002611607313156128,1.0037861914597666
colorferet,topofr_r100,clip,0.03,jpeg2000,1024,2000,0.8701239824295044,0.47590795159339905,0.4650222063064575,0.010885745286941528,1.0276136545331593
colorferet,topofr_r100,clip,0.03,jpeg2000,512,2000,0.8701239824295044,0.14663931727409363,0.1468711793422699,-0.00023186206817626953,0.9996795204109454
colorferet,topofr_r100,clip,0.03,webp,1024,2000,0.8701239824295044,0.8789754509925842,0.8136367201805115,0.06533873081207275,-6.381682524932156
colorferet,topofr_r100,clip,0.03,webp,512,2000,0.8701239824295044,0.7182567715644836,0.6881000399589539,0.030156731605529785,1.1985730259597183
colorferet,topofr_r100,clip,0.03,jpeg_xl,1024,2000,0.8701239824295044,0.8250270485877991,0.7852843999862671,0.03974264860153198,1.8812716345867901
colorferet,topofr_r100,clip,0.03,jpeg_xl,512,2000,0.8701239824295044,0.5516374707221985,0.5404154062271118,0.01122206449508667,1.0352356036521884
colorferet,topofr_r100,clip,0.03,avif,1024,2000,0.8701239824295044,0.8639498949050903,0.8005233407020569,0.06342655420303345,11.273024791473587
colorferet,topofr_r100,clip,0.03,avif,512,2000,0.8701239824295044,0.5094359517097473,0.5107694864273071,-0.0013335347175598145,0.9963028029654915
colorferet,topofr_r100,clip,0.03,heif,1024,2000,0.8701239824295044,0.8353979587554932,0.7861424684524536,0.04925549030303955,2.4184028314160857
colorferet,topofr_r100,clip,0.03,heif,512,2000,0.8701239824295044,0.2974999248981476,0.3089168071746826,-0.011416882276535034,0.980062167968013
colorferet,topofr_r100,clip,0.03,jpeg_fzt,1024,2000,0.8701239824295044,0.8157248497009277,0.7837536334991455,0.03197121620178223,1.5877155498287434
colorferet,topofr_r100,clip,0.03,jpeg_fzt,512,2000,0.8701239824295044,0.46331536769866943,0.4587937295436859,0.0045216381549835205,1.0111149026624602
colorferet,topofr_r100,clip,0.03,ours_accurate,1024,2000,0.8701239824295044,0.8929938673973083,0.8282552361488342,0.06473863124847412,-1.8307370736500275
colorferet,topofr_r100,clip,0.03,ours_accurate,512,2000,0.8701239824295044,0.8436421155929565,0.7762648463249207,0.06737726926803589,3.5442794378471816
colorferet,topofr_r100,clip,0.03,ours_fast,1024,2000,0.8701239824295044,0.8003372550010681,0.7581708431243896,0.04216641187667847,1.6042182149882092
colorferet,topofr_r100,clip,0.03,ours_fast,512,2000,0.8701239824295044,0.733059823513031,0.6891928911209106,0.04386693239212036,1.3200467046885158
colorferet,topofr_r100,clip,0.03,jpeg_ai,1024,0,,,,,
colorferet,topofr_r100,clip,0.03,jpeg_ai,512,0,,,,,
colorferet,topofr_r100,clip,0.03,neural_bmshj2018,1024,0,,,,,
colorferet,topofr_r100,clip,0.03,neural_bmshj2018,512,0,,,,,
colorferet,topofr_r100,clip,0.03,neural_mbt2018_mean,1024,0,,,,,
colorferet,topofr_r100,clip,0.03,neural_mbt2018_mean,512,0,,,,,
colorferet,topofr_r100,clip,0.06,jpeg,1024,2000,0.7781752943992615,0.7619524002075195,0.6738668084144592,0.0880855917930603,6.429708827041425
colorferet,topofr_r100,clip,0.06,jpeg,512,2000,0.7781752943992615,0.18035238981246948,0.1727973371744156,0.007555052638053894,1.0126376098675507
colorferet,topofr_r100,clip,0.06,jpeg2000,1024,2000,0.7781752943992615,0.47590795159339905,0.4518212676048279,0.024086683988571167,1.0796866898189572
colorferet,topofr_r100,clip,0.06,jpeg2000,512,2000,0.7781752943992615,0.14663931727409363,0.14936894178390503,-0.0027296245098114014,0.9956778004600197
colorferet,topofr_r100,clip,0.06,webp,1024,2000,0.7781752943992615,0.8789754509925842,0.7248494625091553,0.15412598848342896,-0.5290252881773662
colorferet,topofr_r100,clip,0.06,webp,512,2000,0.7781752943992615,0.7182567715644836,0.6346736550331116,0.08358311653137207,2.3949462132410724
colorferet,topofr_r100,clip,0.06,jpeg_xl,1024,2000,0.7781752943992615,0.8250270485877991,0.7179600596427917,0.10706698894500732,-1.285229033563092
colorferet,topofr_r100,clip,0.06,jpeg_xl,512,2000,0.7781752943992615,0.5516374707221985,0.5231780409812927,0.02845942974090576,1.125627717610087
colorferet,topofr_r100,clip,0.06,avif,1024,2000,0.7781752943992615,0.8639498949050903,0.7302991151809692,0.1336507797241211,-0.5581626604607595
colorferet,topofr_r100,clip,0.06,avif,512,2000,0.7781752943992615,0.5094359517097473,0.4972759485244751,0.012160003185272217,1.0452483178070475
colorferet,topofr_r100,clip,0.06,heif,1024,2000,0.7781752943992615,0.8353979587554932,0.7061810493469238,0.12921690940856934,-1.2581421341052481
colorferet,topofr_r100,clip,0.06,heif,512,2000,0.7781752943992615,0.2974999248981476,0.3085968494415283,-0.011096924543380737,0.9769138898152862
colorferet,topofr_r100,clip,0.06,jpeg_fzt,1024,2000,0.7781752943992615,0.8157248497009277,0.734561026096344,0.08116382360458374,-1.1615122456851599
colorferet,topofr_r100,clip,0.06,jpeg_fzt,512,2000,0.7781752943992615,0.46331536769866943,0.44805997610092163,0.015255391597747803,1.0484513598081808
colorferet,topofr_r100,clip,0.06,ours_accurate,1024,2000,0.7781752943992615,0.8929938673973083,0.7545223832130432,0.13847148418426514,-0.20600248347121167
colorferet,topofr_r100,clip,0.06,ours_accurate,512,2000,0.7781752943992615,0.8436421155929565,0.698948860168457,0.1446932554244995,-1.2101768924505918
colorferet,topofr_r100,clip,0.06,ours_fast,1024,2000,0.7781752943992615,0.8003372550010681,0.6984373927116394,0.10189986228942871,-3.597962433031392
colorferet,topofr_r100,clip,0.06,ours_fast,512,2000,0.7781752943992615,0.733059823513031,0.6257688999176025,0.10729092359542847,3.378140391485404
colorferet,topofr_r100,clip,0.06,jpeg_ai,1024,0,,,,,
colorferet,topofr_r100,clip,0.06,jpeg_ai,512,0,,,,,
colorferet,topofr_r100,clip,0.06,neural_bmshj2018,1024,0,,,,,
colorferet,topofr_r100,clip,0.06,neural_bmshj2018,512,0,,,,,
colorferet,topofr_r100,clip,0.06,neural_mbt2018_mean,1024,0,,,,,
colorferet,topofr_r100,clip,0.06,neural_mbt2018_mean,512,0,,,,,
colorferet,topofr_r100,clip,0.1,jpeg,1024,2000,0.6644404530525208,0.7619524002075195,0.5841279029846191,0.1778244972229004,-0.8236175403229503
colorferet,topofr_r100,clip,0.1,jpeg,512,2000,0.6644404530525208,0.18035238981246948,0.16285277903079987,0.017499610781669617,1.0361496432375195
colorferet,topofr_r100,clip,0.1,jpeg2000,1024,2000,0.6644404530525208,0.47590795159339905,0.4221373200416565,0.053770631551742554,1.2852061641127766
colorferet,topofr_r100,clip,0.1,jpeg2000,512,2000,0.6644404530525208,0.14663931727409363,0.14472821354866028,0.0019111037254333496,1.0036908063605545
colorferet,topofr_r100,clip,0.1,webp,1024,2000,0.6644404530525208,0.8789754509925842,0.6076518893241882,0.271323561668396,-0.2647053593754341
colorferet,topofr_r100,clip,0.1,webp,512,2000,0.6644404530525208,0.7182567715644836,0.549530029296875,0.16872674226760864,-2.135233827451467
colorferet,topofr_r100,clip,0.1,jpeg_xl,1024,2000,0.6644404530525208,0.8250270485877991,0.6191681027412415,0.20585894584655762,-0.2819186131966642
colorferet,topofr_r100,clip,0.1,jpeg_xl,512,2000,0.6644404530525208,0.5516374707221985,0.48153892159461975,0.07009854912757874,1.6214246084585633
colorferet,topofr_r100,clip,0.1,avif,1024,2000,0.6644404530525208,0.8639498949050903,0.6233690977096558,0.24058079719543457,-0.2058617124156724
colorferet,topofr_r100,clip,0.1,avif,512,2000,0.6644404530525208,0.5094359517097473,0.4610797166824341,0.04835623502731323,1.3119666500547578
colorferet,topofr_r100,clip,0.1,heif,1024,2000,0.6644404530525208,0.8353979587554932,0.5872278809547424,0.24817007780075073,-0.45164774591371354
colorferet,topofr_r100,clip,0.1,heif,512,2000,0.6644404530525208,0.2974999248981476,0.2972848117351532,0.00021511316299438477,1.000586234407184
colorferet,topofr_r100,clip,0.1,jpeg_fzt,1024,2000,0.6644404530525208,0.8157248497009277,0.6596161127090454,0.15610873699188232,-0.03188921296812497
colorferet,topofr_r100,clip,0.1,jpeg_fzt,512,2000,0.6644404530525208,0.46331536769866943,0.4252987802028656,0.03801658749580383,1.189019621440652
colorferet,topofr_r100,clip,0.1,ours_accurate,1024,2000,0.6644404530525208,0.8929938673973083,0.6560751795768738,0.23691868782043457,-0.036600956059345574
colorferet,topofr_r100,clip,0.1,ours_accurate,512,2000,0.6644404530525208,0.8436421155929565,0.5947698950767517,0.24887222051620483,-0.388782988885766
colorferet,topofr_r100,clip,0.1,ours_fast,1024,2000,0.6644404530525208,0.8003372550010681,0.6098232865333557,0.1905139684677124,-0.4019017794093782
colorferet,topofr_r100,clip,0.1,ours_fast,512,2000,0.6644404530525208,0.733059823513031,0.5328050255775452,0.20025479793548584,-1.9183421035716208
colorferet,topofr_r100,clip,0.1,jpeg_ai,1024,0,,,,,
colorferet,topofr_r100,clip,0.1,jpeg_ai,512,0,,,,,
colorferet,topofr_r100,clip,0.1,neural_bmshj2018,1024,0,,,,,
colorferet,topofr_r100,clip,0.1,neural_bmshj2018,512,0,,,,,
colorferet,topofr_r100,clip,0.1,neural_mbt2018_mean,1024,0,,,,,
colorferet,topofr_r100,clip,0.1,neural_mbt2018_mean,512,0,,,,,
colorferet,topofr_r100,liae,0.03,jpeg,1024,11335,0.8321711421012878,0.7637009024620056,0.6527289748191833,0.11097192764282227,2.620732280585685
colorferet,topofr_r100,liae,0.03,jpeg,512,11335,0.8321711421012878,0.16546790301799774,0.1552451252937317,0.010222777724266052,1.0153333254212509
colorferet,topofr_r100,liae,0.03,jpeg2000,1024,11335,0.8321711421012878,0.4814322590827942,0.4454585611820221,0.035973697900772095,1.102565468622067
colorferet,topofr_r100,liae,0.03,jpeg2000,512,11335,0.8321711421012878,0.1471838355064392,0.14517702162265778,0.002006813883781433,1.002929709593828
colorferet,topofr_r100,liae,0.03,webp,1024,11335,0.8321711421012878,0.8775107264518738,0.73145592212677,0.14605480432510376,-2.2213529615918555
colorferet,topofr_r100,liae,0.03,webp,512,11335,0.8321711421012878,0.7183207869529724,0.6261076331138611,0.09221315383911133,1.8099505154725533
colorferet,topofr_r100,liae,0.03,jpeg_xl,1024,11335,0.8321711421012878,0.8207386136054993,0.705048680305481,0.11568993330001831,11.119365400456712
colorferet,topofr_r100,liae,0.03,jpeg_xl,512,11335,0.8321711421012878,0.5417330265045166,0.5032148361206055,0.03851819038391113,1.1326209898613573
colorferet,topofr_r100,liae,0.03,avif,1024,11335,0.8321711421012878,0.8634239435195923,0.7286572456359863,0.13476669788360596,-3.3121477681253397
colorferet,topofr_r100,liae,0.03,avif,512,11335,0.8321711421012878,0.5144430994987488,0.4760604798793793,0.03838261961936951,1.1208033741843308
colorferet,topofr_r100,liae,0.03,heif,1024,11335,0.8321711421012878,0.8330314755439758,0.7008737921714783,0.13215768337249756,-152.61216571982817
colorferet,topofr_r100,liae,0.03,heif,512,11335,0.8321711421012878,0.3013559579849243,0.3071384131908417,-0.005782455205917358,0.9891064623263495
colorferet,topofr_r100,liae,0.03,jpeg_fzt,1024,11335,0.8321711421012878,0.8185348510742188,0.7052153944969177,0.11331945657730103,9.310137731172878
colorferet,topofr_r100,liae,0.03,jpeg_fzt,512,11335,0.8321711421012878,0.4646160304546356,0.43246081471443176,0.03215521574020386,1.0874840662564806
colorferet,topofr_r100,liae,0.03,ours_accurate,1024,0,,,,,
colorferet,topofr_r100,liae,0.03,ours_accurate,512,0,,,,,
colorferet,topofr_r100,liae,0.03,ours_fast,1024,0,,,,,
colorferet,topofr_r100,liae,0.03,ours_fast,512,0,,,,,
colorferet,topofr_r100,liae,0.03,jpeg_ai,1024,0,,,,,
colorferet,topofr_r100,liae,0.03,jpeg_ai,512,0,,,,,
colorferet,topofr_r100,liae,0.03,neural_bmshj2018,1024,0,,,,,
colorferet,topofr_r100,liae,0.03,neural_bmshj2018,512,0,,,,,
colorferet,topofr_r100,liae,0.03,neural_mbt2018_mean,1024,0,,,,,
colorferet,topofr_r100,liae,0.03,neural_mbt2018_mean,512,0,,,,,
colorferet,topofr_r100,liae,0.06,jpeg,1024,11335,0.6592438817024231,0.7637009024620056,0.4950876235961914,0.2686132788658142,-1.5715196251293868
colorferet,topofr_r100,liae,0.06,jpeg,512,11335,0.6592438817024231,0.16546790301799774,0.12463871389627457,0.040829189121723175,1.0826876779840626
colorferet,topofr_r100,liae,0.06,jpeg2000,1024,11335,0.6592438817024231,0.4814322590827942,0.3662533164024353,0.11517894268035889,1.6477582341551846
colorferet,topofr_r100,liae,0.06,jpeg2000,512,11335,0.6592438817024231,0.1471838355064392,0.13359171152114868,0.013592123985290527,1.0265440041383123
colorferet,topofr_r100,liae,0.06,webp,1024,11335,0.6592438817024231,0.8775107264518738,0.5435568690299988,0.333953857421875,-0.5300255877397314
colorferet,topofr_r100,liae,0.06,webp,512,11335,0.6592438817024231,0.7183207869529724,0.47193625569343567,0.24638453125953674,-3.170572751138581
colorferet,topofr_r100,liae,0.06,jpeg_xl,1024,11335,0.6592438817024231,0.8207386136054993,0.5433671474456787,0.27737146615982056,-0.71752640405812
colorferet,topofr_r100,liae,0.06,jpeg_xl,512,11335,0.6592438817024231,0.5417330265045166,0.4081757366657257,0.1335572898387909,2.1365527858159123
colorferet,topofr_r100,liae,0.06,avif,1024,11335,0.6592438817024231,0.8634239435195923,0.5678616762161255,0.2955622673034668,-0.44755694886665676
colorferet,topofr_r100,liae,0.06,avif,512,11335,0.6592438817024231,0.5144430994987488,0.3757530748844147,0.1386900246143341,1.9577988634015462
colorferet,topofr_r100,liae,0.06,heif,1024,11335,0.6592438817024231,0.8330314755439758,0.5254400968551636,0.30759137868881226,-0.7699271385807457
colorferet,topofr_r100,liae,0.06,heif,512,11335,0.6592438817024231,0.3013559579849243,0.25712788105010986,0.04422807693481445,1.1235808028262115
colorferet,topofr_r100,liae,0.06,jpeg_fzt,1024,11335,0.6592438817024231,0.8185348510742188,0.5628885626792908,0.255646288394928,-0.6049013287013945
colorferet,topofr_r100,liae,0.06,jpeg_fzt,512,11335,0.6592438817024231,0.4646160304546356,0.355575293302536,0.10904073715209961,1.5602524841795435
colorferet,topofr_r100,liae,0.06,ours_accurate,1024,11335,0.6592438817024231,0.8999524712562561,0.6041571497917175,0.2957953214645386,-0.22885237295774088
colorferet,topofr_r100,liae,0.06,ours_accurate,512,11335,0.6592438817024231,0.8505422472953796,0.5415392518043518,0.30900299549102783,-0.6152934424360031
colorferet,topofr_r100,liae,0.06,ours_fast,1024,11335,0.6592438817024231,0.8089821934700012,0.5598785877227783,0.2491036057472229,-0.663592989707793
colorferet,topofr_r100,liae,0.06,ours_fast,512,11335,0.6592438817024231,0.7408410906791687,0.4973563551902771,0.2434847354888916,-1.9839836256934025
colorferet,topofr_r100,liae,0.06,jpeg_ai,1024,0,,,,,
colorferet,topofr_r100,liae,0.06,jpeg_ai,512,0,,,,,
colorferet,topofr_r100,liae,0.06,neural_bmshj2018,1024,0,,,,,
colorferet,topofr_r100,liae,0.06,neural_bmshj2018,512,0,,,,,
colorferet,topofr_r100,liae,0.06,neural_mbt2018_mean,1024,0,,,,,
colorferet,topofr_r100,liae,0.06,neural_mbt2018_mean,512,0,,,,,
colorferet,topofr_r100,liae,0.1,jpeg,1024,11335,0.43899890780448914,0.7637009024620056,0.28378233313560486,0.47991856932640076,-0.47802778308338056
colorferet,topofr_r100,liae,0.1,jpeg,512,11335,0.43899890780448914,0.16546790301799774,0.060829926282167435,0.10463797673583031,1.382545213905484
colorferet,topofr_r100,liae,0.1,jpeg2000,1024,11335,0.43899890780448914,0.4814322590827942,0.21273097395896912,0.2687012851238251,-5.332313546519345
colorferet,topofr_r100,liae,0.1,jpeg2000,512,11335,0.43899890780448914,0.1471838355064392,0.10205698758363724,0.04512684792280197,1.1546419366464764
colorferet,topofr_r100,liae,0.1,webp,1024,11335,0.43899890780448914,0.8775107264518738,0.3089658319950104,0.5685448944568634,-0.29653265950863855
colorferet,topofr_r100,liae,0.1,webp,512,11335,0.43899890780448914,0.7183207869529724,0.2655405104160309,0.45278027653694153,-0.6209982473168542
colorferet,topofr_r100,liae,0.1,jpeg_xl,1024,11335,0.43899890780448914,0.8207386136054993,0.34800955653190613,0.47272905707359314,-0.23835443337406753
colorferet,topofr_r100,liae,0.1,jpeg_xl,512,11335,0.43899890780448914,0.5417330265045166,0.2593592405319214,0.2823737859725952,-1.7485881958757652
colorferet,topofr_r100,liae,0.1,avif,1024,11335,0.43899890780448914,0.8634239435195923,0.35450318455696106,0.5089207589626312,-0.19908279704839593
colorferet,topofr_r100,liae,0.1,avif,512,11335,0.43899890780448914,0.5144430994987488,0.2268751710653305,0.2875679284334183,-2.811664251090367
colorferet,topofr_r100,liae,0.1,heif,1024,11335,0.43899890780448914,0.8330314755439758,0.31708770990371704,0.5159437656402588,-0.30939370976404484
colorferet,topofr_r100,liae,0.1,heif,512,11335,0.43899890780448914,0.3013559579849243,0.1531292200088501,0.14822673797607422,2.076893064050019
colorferet,topofr_r100,liae,0.1,jpeg_fzt,1024,11335,0.43899890780448914,0.8185348510742188,0.38586199283599854,0.4326728582382202,-0.14000496108672142
colorferet,topofr_r100,liae,0.1,jpeg_fzt,512,11335,0.43899890780448914,0.4646160304546356,0.22505001723766327,0.23956601321697235,-8.351792412002307
colorferet,topofr_r100,liae,0.1,ours_accurate,1024,0,,,,,
colorferet,topofr_r100,liae,0.1,ours_accurate,512,0,,,,,
colorferet,topofr_r100,liae,0.1,ours_fast,1024,0,,,,,
colorferet,topofr_r100,liae,0.1,ours_fast,512,0,,,,,
colorferet,topofr_r100,liae,0.1,jpeg_ai,1024,0,,,,,
colorferet,topofr_r100,liae,0.1,jpeg_ai,512,0,,,,,
colorferet,topofr_r100,liae,0.1,neural_bmshj2018,1024,0,,,,,
colorferet,topofr_r100,liae,0.1,neural_bmshj2018,512,0,,,,,
colorferet,topofr_r100,liae,0.1,neural_mbt2018_mean,1024,0,,,,,
colorferet,topofr_r100,liae,0.1,neural_mbt2018_mean,512,0,,,,,
colorferet,topofr_r200,hfc,0.03,jpeg,1024,0,,,,,
colorferet,topofr_r200,hfc,0.03,jpeg,512,0,,,,,
colorferet,topofr_r200,hfc,0.03,jpeg2000,1024,0,,,,,
colorferet,topofr_r200,hfc,0.03,jpeg2000,512,0,,,,,
colorferet,topofr_r200,hfc,0.03,webp,1024,0,,,,,
colorferet,topofr_r200,hfc,0.03,webp,512,0,,,,,
colorferet,topofr_r200,hfc,0.03,jpeg_xl,1024,0,,,,,
colorferet,topofr_r200,hfc,0.03,jpeg_xl,512,0,,,,,
colorferet,topofr_r200,hfc,0.03,avif,1024,0,,,,,
colorferet,topofr_r200,hfc,0.03,avif,512,0,,,,,
colorferet,topofr_r200,hfc,0.03,heif,1024,0,,,,,
colorferet,topofr_r200,hfc,0.03,heif,512,0,,,,,
colorferet,topofr_r200,hfc,0.03,jpeg_fzt,1024,0,,,,,
colorferet,topofr_r200,hfc,0.03,jpeg_fzt,512,0,,,,,
colorferet,topofr_r200,hfc,0.03,ours_accurate,1024,0,,,,,
colorferet,topofr_r200,hfc,0.03,ours_accurate,512,0,,,,,
colorferet,topofr_r200,hfc,0.03,ours_fast,1024,0,,,,,
colorferet,topofr_r200,hfc,0.03,ours_fast,512,0,,,,,
colorferet,topofr_r200,hfc,0.03,jpeg_ai,1024,0,,,,,
colorferet,topofr_r200,hfc,0.03,jpeg_ai,512,0,,,,,
colorferet,topofr_r200,hfc,0.03,neural_bmshj2018,1024,0,,,,,
colorferet,topofr_r200,hfc,0.03,neural_bmshj2018,512,0,,,,,
colorferet,topofr_r200,hfc,0.03,neural_mbt2018_mean,1024,0,,,,,
colorferet,topofr_r200,hfc,0.03,neural_mbt2018_mean,512,0,,,,,
colorferet,topofr_r200,hfc,0.06,jpeg,1024,0,,,,,
colorferet,topofr_r200,hfc,0.06,jpeg,512,0,,,,,
colorferet,topofr_r200,hfc,0.06,jpeg2000,1024,0,,,,,
colorferet,topofr_r200,hfc,0.06,jpeg2000,512,0,,,,,
colorferet,topofr_r200,hfc,0.06,webp,1024,0,,,,,
colorferet,topofr_r200,hfc,0.06,webp,512,0,,,,,
colorferet,topofr_r200,hfc,0.06,jpeg_xl,1024,0,,,,,
colorferet,topofr_r200,hfc,0.06,jpeg_xl,512,0,,,,,
colorferet,topofr_r200,hfc,0.06,avif,1024,0,,,,,
colorferet,topofr_r200,hfc,0.06,avif,512,0,,,,,
colorferet,topofr_r200,hfc,0.06,heif,1024,0,,,,,
colorferet,topofr_r200,hfc,0.06,heif,512,0,,,,,
colorferet,topofr_r200,hfc,0.06,jpeg_fzt,1024,0,,,,,
colorferet,topofr_r200,hfc,0.06,jpeg_fzt,512,0,,,,,
colorferet,topofr_r200,hfc,0.06,ours_accurate,1024,0,,,,,
colorferet,topofr_r200,hfc,0.06,ours_accurate,512,0,,,,,
colorferet,topofr_r200,hfc,0.06,ours_fast,1024,0,,,,,
colorferet,topofr_r200,hfc,0.06,ours_fast,512,0,,,,,
colorferet,topofr_r200,hfc,0.06,jpeg_ai,1024,0,,,,,
colorferet,topofr_r200,hfc,0.06,jpeg_ai,512,0,,,,,
colorferet,topofr_r200,hfc,0.06,neural_bmshj2018,1024,0,,,,,
colorferet,topofr_r200,hfc,0.06,neural_bmshj2018,512,0,,,,,
colorferet,topofr_r200,hfc,0.06,neural_mbt2018_mean,1024,0,,,,,
colorferet,topofr_r200,hfc,0.06,neural_mbt2018_mean,512,0,,,,,
colorferet,topofr_r200,hfc,0.1,jpeg,1024,0,,,,,
colorferet,topofr_r200,hfc,0.1,jpeg,512,0,,,,,
colorferet,topofr_r200,hfc,0.1,jpeg2000,1024,0,,,,,
colorferet,topofr_r200,hfc,0.1,jpeg2000,512,0,,,,,
colorferet,topofr_r200,hfc,0.1,webp,1024,0,,,,,
colorferet,topofr_r200,hfc,0.1,webp,512,0,,,,,
colorferet,topofr_r200,hfc,0.1,jpeg_xl,1024,0,,,,,
colorferet,topofr_r200,hfc,0.1,jpeg_xl,512,0,,,,,
colorferet,topofr_r200,hfc,0.1,avif,1024,0,,,,,
colorferet,topofr_r200,hfc,0.1,avif,512,0,,,,,
colorferet,topofr_r200,hfc,0.1,heif,1024,0,,,,,
colorferet,topofr_r200,hfc,0.1,heif,512,0,,,,,
colorferet,topofr_r200,hfc,0.1,jpeg_fzt,1024,0,,,,,
colorferet,topofr_r200,hfc,0.1,jpeg_fzt,512,0,,,,,
colorferet,topofr_r200,hfc,0.1,ours_accurate,1024,0,,,,,
colorferet,topofr_r200,hfc,0.1,ours_accurate,512,0,,,,,
colorferet,topofr_r200,hfc,0.1,ours_fast,1024,0,,,,,
colorferet,topofr_r200,hfc,0.1,ours_fast,512,0,,,,,
colorferet,topofr_r200,hfc,0.1,jpeg_ai,1024,0,,,,,
colorferet,topofr_r200,hfc,0.1,jpeg_ai,512,0,,,,,
colorferet,topofr_r200,hfc,0.1,neural_bmshj2018,1024,0,,,,,
colorferet,topofr_r200,hfc,0.1,neural_bmshj2018,512,0,,,,,
colorferet,topofr_r200,hfc,0.1,neural_mbt2018_mean,1024,0,,,,,
colorferet,topofr_r200,hfc,0.1,neural_mbt2018_mean,512,0,,,,,
colorferet,topofr_r200,clip,0.03,jpeg,1024,0,,,,,
colorferet,topofr_r200,clip,0.03,jpeg,512,0,,,,,
colorferet,topofr_r200,clip,0.03,jpeg2000,1024,0,,,,,
colorferet,topofr_r200,clip,0.03,jpeg2000,512,0,,,,,
colorferet,topofr_r200,clip,0.03,webp,1024,0,,,,,
colorferet,topofr_r200,clip,0.03,webp,512,0,,,,,
colorferet,topofr_r200,clip,0.03,jpeg_xl,1024,0,,,,,
colorferet,topofr_r200,clip,0.03,jpeg_xl,512,0,,,,,
colorferet,topofr_r200,clip,0.03,avif,1024,0,,,,,
colorferet,topofr_r200,clip,0.03,avif,512,0,,,,,
colorferet,topofr_r200,clip,0.03,heif,1024,0,,,,,
colorferet,topofr_r200,clip,0.03,heif,512,0,,,,,
colorferet,topofr_r200,clip,0.03,jpeg_fzt,1024,0,,,,,
colorferet,topofr_r200,clip,0.03,jpeg_fzt,512,0,,,,,
colorferet,topofr_r200,clip,0.03,ours_accurate,1024,0,,,,,
colorferet,topofr_r200,clip,0.03,ours_accurate,512,0,,,,,
colorferet,topofr_r200,clip,0.03,ours_fast,1024,0,,,,,
colorferet,topofr_r200,clip,0.03,ours_fast,512,0,,,,,
colorferet,topofr_r200,clip,0.03,jpeg_ai,1024,0,,,,,
colorferet,topofr_r200,clip,0.03,jpeg_ai,512,0,,,,,
colorferet,topofr_r200,clip,0.03,neural_bmshj2018,1024,0,,,,,
colorferet,topofr_r200,clip,0.03,neural_bmshj2018,512,0,,,,,
colorferet,topofr_r200,clip,0.03,neural_mbt2018_mean,1024,0,,,,,
colorferet,topofr_r200,clip,0.03,neural_mbt2018_mean,512,0,,,,,
colorferet,topofr_r200,clip,0.06,jpeg,1024,0,,,,,
colorferet,topofr_r200,clip,0.06,jpeg,512,0,,,,,
colorferet,topofr_r200,clip,0.06,jpeg2000,1024,0,,,,,
colorferet,topofr_r200,clip,0.06,jpeg2000,512,0,,,,,
colorferet,topofr_r200,clip,0.06,webp,1024,0,,,,,
colorferet,topofr_r200,clip,0.06,webp,512,0,,,,,
colorferet,topofr_r200,clip,0.06,jpeg_xl,1024,0,,,,,
colorferet,topofr_r200,clip,0.06,jpeg_xl,512,0,,,,,
colorferet,topofr_r200,clip,0.06,avif,1024,0,,,,,
colorferet,topofr_r200,clip,0.06,avif,512,0,,,,,
colorferet,topofr_r200,clip,0.06,heif,1024,0,,,,,
colorferet,topofr_r200,clip,0.06,heif,512,0,,,,,
colorferet,topofr_r200,clip,0.06,jpeg_fzt,1024,0,,,,,
colorferet,topofr_r200,clip,0.06,jpeg_fzt,512,0,,,,,
colorferet,topofr_r200,clip,0.06,ours_accurate,1024,0,,,,,
colorferet,topofr_r200,clip,0.06,ours_accurate,512,0,,,,,
colorferet,topofr_r200,clip,0.06,ours_fast,1024,0,,,,,
colorferet,topofr_r200,clip,0.06,ours_fast,512,0,,,,,
colorferet,topofr_r200,clip,0.06,jpeg_ai,1024,0,,,,,
colorferet,topofr_r200,clip,0.06,jpeg_ai,512,0,,,,,
colorferet,topofr_r200,clip,0.06,neural_bmshj2018,1024,0,,,,,
colorferet,topofr_r200,clip,0.06,neural_bmshj2018,512,0,,,,,
colorferet,topofr_r200,clip,0.06,neural_mbt2018_mean,1024,0,,,,,
colorferet,topofr_r200,clip,0.06,neural_mbt2018_mean,512,0,,,,,
colorferet,topofr_r200,clip,0.1,jpeg,1024,0,,,,,
colorferet,topofr_r200,clip,0.1,jpeg,512,0,,,,,
colorferet,topofr_r200,clip,0.1,jpeg2000,1024,0,,,,,
colorferet,topofr_r200,clip,0.1,jpeg2000,512,0,,,,,
colorferet,topofr_r200,clip,0.1,webp,1024,0,,,,,
colorferet,topofr_r200,clip,0.1,webp,512,0,,,,,
colorferet,topofr_r200,clip,0.1,jpeg_xl,1024,0,,,,,
colorferet,topofr_r200,clip,0.1,jpeg_xl,512,0,,,,,
colorferet,topofr_r200,clip,0.1,avif,1024,0,,,,,
colorferet,topofr_r200,clip,0.1,avif,512,0,,,,,
colorferet,topofr_r200,clip,0.1,heif,1024,0,,,,,
colorferet,topofr_r200,clip,0.1,heif,512,0,,,,,
colorferet,topofr_r200,clip,0.1,jpeg_fzt,1024,0,,,,,
colorferet,topofr_r200,clip,0.1,jpeg_fzt,512,0,,,,,
colorferet,topofr_r200,clip,0.1,ours_accurate,1024,0,,,,,
colorferet,topofr_r200,clip,0.1,ours_accurate,512,0,,,,,
colorferet,topofr_r200,clip,0.1,ours_fast,1024,0,,,,,
colorferet,topofr_r200,clip,0.1,ours_fast,512,0,,,,,
colorferet,topofr_r200,clip,0.1,jpeg_ai,1024,0,,,,,
colorferet,topofr_r200,clip,0.1,jpeg_ai,512,0,,,,,
colorferet,topofr_r200,clip,0.1,neural_bmshj2018,1024,0,,,,,
colorferet,topofr_r200,clip,0.1,neural_bmshj2018,512,0,,,,,
colorferet,topofr_r200,clip,0.1,neural_mbt2018_mean,1024,0,,,,,
colorferet,topofr_r200,clip,0.1,neural_mbt2018_mean,512,0,,,,,
colorferet,topofr_r200,liae,0.03,jpeg,1024,0,,,,,
colorferet,topofr_r200,liae,0.03,jpeg,512,0,,,,,
colorferet,topofr_r200,liae,0.03,jpeg2000,1024,0,,,,,
colorferet,topofr_r200,liae,0.03,jpeg2000,512,0,,,,,
colorferet,topofr_r200,liae,0.03,webp,1024,0,,,,,
colorferet,topofr_r200,liae,0.03,webp,512,0,,,,,
colorferet,topofr_r200,liae,0.03,jpeg_xl,1024,0,,,,,
colorferet,topofr_r200,liae,0.03,jpeg_xl,512,0,,,,,
colorferet,topofr_r200,liae,0.03,avif,1024,0,,,,,
colorferet,topofr_r200,liae,0.03,avif,512,0,,,,,
colorferet,topofr_r200,liae,0.03,heif,1024,0,,,,,
colorferet,topofr_r200,liae,0.03,heif,512,0,,,,,
colorferet,topofr_r200,liae,0.03,jpeg_fzt,1024,0,,,,,
colorferet,topofr_r200,liae,0.03,jpeg_fzt,512,0,,,,,
colorferet,topofr_r200,liae,0.03,ours_accurate,1024,0,,,,,
colorferet,topofr_r200,liae,0.03,ours_accurate,512,0,,,,,
colorferet,topofr_r200,liae,0.03,ours_fast,1024,0,,,,,
colorferet,topofr_r200,liae,0.03,ours_fast,512,0,,,,,
colorferet,topofr_r200,liae,0.03,jpeg_ai,1024,0,,,,,
colorferet,topofr_r200,liae,0.03,jpeg_ai,512,0,,,,,
colorferet,topofr_r200,liae,0.03,neural_bmshj2018,1024,0,,,,,
colorferet,topofr_r200,liae,0.03,neural_bmshj2018,512,0,,,,,
colorferet,topofr_r200,liae,0.03,neural_mbt2018_mean,1024,0,,,,,
colorferet,topofr_r200,liae,0.03,neural_mbt2018_mean,512,0,,,,,
colorferet,topofr_r200,liae,0.06,jpeg,1024,0,,,,,
colorferet,topofr_r200,liae,0.06,jpeg,512,0,,,,,
colorferet,topofr_r200,liae,0.06,jpeg2000,1024,0,,,,,
colorferet,topofr_r200,liae,0.06,jpeg2000,512,0,,,,,
colorferet,topofr_r200,liae,0.06,webp,1024,0,,,,,
colorferet,topofr_r200,liae,0.06,webp,512,0,,,,,
colorferet,topofr_r200,liae,0.06,jpeg_xl,1024,0,,,,,
colorferet,topofr_r200,liae,0.06,jpeg_xl,512,0,,,,,
colorferet,topofr_r200,liae,0.06,avif,1024,0,,,,,
colorferet,topofr_r200,liae,0.06,avif,512,0,,,,,
colorferet,topofr_r200,liae,0.06,heif,1024,0,,,,,
colorferet,topofr_r200,liae,0.06,heif,512,0,,,,,
colorferet,topofr_r200,liae,0.06,jpeg_fzt,1024,0,,,,,
colorferet,topofr_r200,liae,0.06,jpeg_fzt,512,0,,,,,
colorferet,topofr_r200,liae,0.06,ours_accurate,1024,0,,,,,
colorferet,topofr_r200,liae,0.06,ours_accurate,512,0,,,,,
colorferet,topofr_r200,liae,0.06,ours_fast,1024,0,,,,,
colorferet,topofr_r200,liae,0.06,ours_fast,512,0,,,,,
colorferet,topofr_r200,liae,0.06,jpeg_ai,1024,0,,,,,
colorferet,topofr_r200,liae,0.06,jpeg_ai,512,0,,,,,
colorferet,topofr_r200,liae,0.06,neural_bmshj2018,1024,0,,,,,
colorferet,topofr_r200,liae,0.06,neural_bmshj2018,512,0,,,,,
colorferet,topofr_r200,liae,0.06,neural_mbt2018_mean,1024,0,,,,,
colorferet,topofr_r200,liae,0.06,neural_mbt2018_mean,512,0,,,,,
colorferet,topofr_r200,liae,0.1,jpeg,1024,0,,,,,
colorferet,topofr_r200,liae,0.1,jpeg,512,0,,,,,
colorferet,topofr_r200,liae,0.1,jpeg2000,1024,0,,,,,
colorferet,topofr_r200,liae,0.1,jpeg2000,512,0,,,,,
colorferet,topofr_r200,liae,0.1,webp,1024,0,,,,,
colorferet,topofr_r200,liae,0.1,webp,512,0,,,,,
colorferet,topofr_r200,liae,0.1,jpeg_xl,1024,0,,,,,
colorferet,topofr_r200,liae,0.1,jpeg_xl,512,0,,,,,
colorferet,topofr_r200,liae,0.1,avif,1024,0,,,,,
colorferet,topofr_r200,liae,0.1,avif,512,0,,,,,
colorferet,topofr_r200,liae,0.1,heif,1024,0,,,,,
colorferet,topofr_r200,liae,0.1,heif,512,0,,,,,
colorferet,topofr_r200,liae,0.1,jpeg_fzt,1024,0,,,,,
colorferet,topofr_r200,liae,0.1,jpeg_fzt,512,0,,,,,
colorferet,topofr_r200,liae,0.1,ours_accurate,1024,0,,,,,
colorferet,topofr_r200,liae,0.1,ours_accurate,512,0,,,,,
colorferet,topofr_r200,liae,0.1,ours_fast,1024,0,,,,,
colorferet,topofr_r200,liae,0.1,ours_fast,512,0,,,,,
colorferet,topofr_r200,liae,0.1,jpeg_ai,1024,0,,,,,
colorferet,topofr_r200,liae,0.1,jpeg_ai,512,0,,,,,
colorferet,topofr_r200,liae,0.1,neural_bmshj2018,1024,0,,,,,
colorferet,topofr_r200,liae,0.1,neural_bmshj2018,512,0,,,,,
colorferet,topofr_r200,liae,0.1,neural_mbt2018_mean,1024,0,,,,,
colorferet,topofr_r200,liae,0.1,neural_mbt2018_mean,512,0,,,,,
colorferet,topofr_r50,hfc,0.03,jpeg,1024,0,,,,,
colorferet,topofr_r50,hfc,0.03,jpeg,512,0,,,,,
colorferet,topofr_r50,hfc,0.03,jpeg2000,1024,0,,,,,
colorferet,topofr_r50,hfc,0.03,jpeg2000,512,0,,,,,
colorferet,topofr_r50,hfc,0.03,webp,1024,0,,,,,
colorferet,topofr_r50,hfc,0.03,webp,512,0,,,,,
colorferet,topofr_r50,hfc,0.03,jpeg_xl,1024,0,,,,,
colorferet,topofr_r50,hfc,0.03,jpeg_xl,512,0,,,,,
colorferet,topofr_r50,hfc,0.03,avif,1024,0,,,,,
colorferet,topofr_r50,hfc,0.03,avif,512,0,,,,,
colorferet,topofr_r50,hfc,0.03,heif,1024,0,,,,,
colorferet,topofr_r50,hfc,0.03,heif,512,0,,,,,
colorferet,topofr_r50,hfc,0.03,jpeg_fzt,1024,0,,,,,
colorferet,topofr_r50,hfc,0.03,jpeg_fzt,512,0,,,,,
colorferet,topofr_r50,hfc,0.03,ours_accurate,1024,0,,,,,
colorferet,topofr_r50,hfc,0.03,ours_accurate,512,0,,,,,
colorferet,topofr_r50,hfc,0.03,ours_fast,1024,0,,,,,
colorferet,topofr_r50,hfc,0.03,ours_fast,512,0,,,,,
colorferet,topofr_r50,hfc,0.03,jpeg_ai,1024,0,,,,,
colorferet,topofr_r50,hfc,0.03,jpeg_ai,512,0,,,,,
colorferet,topofr_r50,hfc,0.03,neural_bmshj2018,1024,0,,,,,
colorferet,topofr_r50,hfc,0.03,neural_bmshj2018,512,0,,,,,
colorferet,topofr_r50,hfc,0.03,neural_mbt2018_mean,1024,0,,,,,
colorferet,topofr_r50,hfc,0.03,neural_mbt2018_mean,512,0,,,,,
colorferet,topofr_r50,hfc,0.06,jpeg,1024,0,,,,,
colorferet,topofr_r50,hfc,0.06,jpeg,512,0,,,,,
colorferet,topofr_r50,hfc,0.06,jpeg2000,1024,0,,,,,
colorferet,topofr_r50,hfc,0.06,jpeg2000,512,0,,,,,
colorferet,topofr_r50,hfc,0.06,webp,1024,0,,,,,
colorferet,topofr_r50,hfc,0.06,webp,512,0,,,,,
colorferet,topofr_r50,hfc,0.06,jpeg_xl,1024,0,,,,,
colorferet,topofr_r50,hfc,0.06,jpeg_xl,512,0,,,,,
colorferet,topofr_r50,hfc,0.06,avif,1024,0,,,,,
colorferet,topofr_r50,hfc,0.06,avif,512,0,,,,,
colorferet,topofr_r50,hfc,0.06,heif,1024,0,,,,,
colorferet,topofr_r50,hfc,0.06,heif,512,0,,,,,
colorferet,topofr_r50,hfc,0.06,jpeg_fzt,1024,0,,,,,
colorferet,topofr_r50,hfc,0.06,jpeg_fzt,512,0,,,,,
colorferet,topofr_r50,hfc,0.06,ours_accurate,1024,0,,,,,
colorferet,topofr_r50,hfc,0.06,ours_accurate,512,0,,,,,
colorferet,topofr_r50,hfc,0.06,ours_fast,1024,0,,,,,
colorferet,topofr_r50,hfc,0.06,ours_fast,512,0,,,,,
colorferet,topofr_r50,hfc,0.06,jpeg_ai,1024,0,,,,,
colorferet,topofr_r50,hfc,0.06,jpeg_ai,512,0,,,,,
colorferet,topofr_r50,hfc,0.06,neural_bmshj2018,1024,0,,,,,
colorferet,topofr_r50,hfc,0.06,neural_bmshj2018,512,0,,,,,
colorferet,topofr_r50,hfc,0.06,neural_mbt2018_mean,1024,0,,,,,
colorferet,topofr_r50,hfc,0.06,neural_mbt2018_mean,512,0,,,,,
colorferet,topofr_r50,hfc,0.1,jpeg,1024,0,,,,,
colorferet,topofr_r50,hfc,0.1,jpeg,512,0,,,,,
colorferet,topofr_r50,hfc,0.1,jpeg2000,1024,0,,,,,
colorferet,topofr_r50,hfc,0.1,jpeg2000,512,0,,,,,
colorferet,topofr_r50,hfc,0.1,webp,1024,0,,,,,
colorferet,topofr_r50,hfc,0.1,webp,512,0,,,,,
colorferet,topofr_r50,hfc,0.1,jpeg_xl,1024,0,,,,,
colorferet,topofr_r50,hfc,0.1,jpeg_xl,512,0,,,,,
colorferet,topofr_r50,hfc,0.1,avif,1024,0,,,,,
colorferet,topofr_r50,hfc,0.1,avif,512,0,,,,,
colorferet,topofr_r50,hfc,0.1,heif,1024,0,,,,,
colorferet,topofr_r50,hfc,0.1,heif,512,0,,,,,
colorferet,topofr_r50,hfc,0.1,jpeg_fzt,1024,0,,,,,
colorferet,topofr_r50,hfc,0.1,jpeg_fzt,512,0,,,,,
colorferet,topofr_r50,hfc,0.1,ours_accurate,1024,0,,,,,
colorferet,topofr_r50,hfc,0.1,ours_accurate,512,0,,,,,
colorferet,topofr_r50,hfc,0.1,ours_fast,1024,0,,,,,
colorferet,topofr_r50,hfc,0.1,ours_fast,512,0,,,,,
colorferet,topofr_r50,hfc,0.1,jpeg_ai,1024,0,,,,,
colorferet,topofr_r50,hfc,0.1,jpeg_ai,512,0,,,,,
colorferet,topofr_r50,hfc,0.1,neural_bmshj2018,1024,0,,,,,
colorferet,topofr_r50,hfc,0.1,neural_bmshj2018,512,0,,,,,
colorferet,topofr_r50,hfc,0.1,neural_mbt2018_mean,1024,0,,,,,
colorferet,topofr_r50,hfc,0.1,neural_mbt2018_mean,512,0,,,,,
colorferet,topofr_r50,clip,0.03,jpeg,1024,0,,,,,
colorferet,topofr_r50,clip,0.03,jpeg,512,0,,,,,
colorferet,topofr_r50,clip,0.03,jpeg2000,1024,0,,,,,
colorferet,topofr_r50,clip,0.03,jpeg2000,512,0,,,,,
colorferet,topofr_r50,clip,0.03,webp,1024,0,,,,,
colorferet,topofr_r50,clip,0.03,webp,512,0,,,,,
colorferet,topofr_r50,clip,0.03,jpeg_xl,1024,0,,,,,
colorferet,topofr_r50,clip,0.03,jpeg_xl,512,0,,,,,
colorferet,topofr_r50,clip,0.03,avif,1024,0,,,,,
colorferet,topofr_r50,clip,0.03,avif,512,0,,,,,
colorferet,topofr_r50,clip,0.03,heif,1024,0,,,,,
colorferet,topofr_r50,clip,0.03,heif,512,0,,,,,
colorferet,topofr_r50,clip,0.03,jpeg_fzt,1024,0,,,,,
colorferet,topofr_r50,clip,0.03,jpeg_fzt,512,0,,,,,
colorferet,topofr_r50,clip,0.03,ours_accurate,1024,0,,,,,
colorferet,topofr_r50,clip,0.03,ours_accurate,512,0,,,,,
colorferet,topofr_r50,clip,0.03,ours_fast,1024,0,,,,,
colorferet,topofr_r50,clip,0.03,ours_fast,512,0,,,,,
colorferet,topofr_r50,clip,0.03,jpeg_ai,1024,0,,,,,
colorferet,topofr_r50,clip,0.03,jpeg_ai,512,0,,,,,
colorferet,topofr_r50,clip,0.03,neural_bmshj2018,1024,0,,,,,
colorferet,topofr_r50,clip,0.03,neural_bmshj2018,512,0,,,,,
colorferet,topofr_r50,clip,0.03,neural_mbt2018_mean,1024,0,,,,,
colorferet,topofr_r50,clip,0.03,neural_mbt2018_mean,512,0,,,,,
colorferet,topofr_r50,clip,0.06,jpeg,1024,0,,,,,
colorferet,topofr_r50,clip,0.06,jpeg,512,0,,,,,
colorferet,topofr_r50,clip,0.06,jpeg2000,1024,0,,,,,
colorferet,topofr_r50,clip,0.06,jpeg2000,512,0,,,,,
colorferet,topofr_r50,clip,0.06,webp,1024,0,,,,,
colorferet,topofr_r50,clip,0.06,webp,512,0,,,,,
colorferet,topofr_r50,clip,0.06,jpeg_xl,1024,0,,,,,
colorferet,topofr_r50,clip,0.06,jpeg_xl,512,0,,,,,
colorferet,topofr_r50,clip,0.06,avif,1024,0,,,,,
colorferet,topofr_r50,clip,0.06,avif,512,0,,,,,
colorferet,topofr_r50,clip,0.06,heif,1024,0,,,,,
colorferet,topofr_r50,clip,0.06,heif,512,0,,,,,
colorferet,topofr_r50,clip,0.06,jpeg_fzt,1024,0,,,,,
colorferet,topofr_r50,clip,0.06,jpeg_fzt,512,0,,,,,
colorferet,topofr_r50,clip,0.06,ours_accurate,1024,0,,,,,
colorferet,topofr_r50,clip,0.06,ours_accurate,512,0,,,,,
colorferet,topofr_r50,clip,0.06,ours_fast,1024,0,,,,,
colorferet,topofr_r50,clip,0.06,ours_fast,512,0,,,,,
colorferet,topofr_r50,clip,0.06,jpeg_ai,1024,0,,,,,
colorferet,topofr_r50,clip,0.06,jpeg_ai,512,0,,,,,
colorferet,topofr_r50,clip,0.06,neural_bmshj2018,1024,0,,,,,
colorferet,topofr_r50,clip,0.06,neural_bmshj2018,512,0,,,,,
colorferet,topofr_r50,clip,0.06,neural_mbt2018_mean,1024,0,,,,,
colorferet,topofr_r50,clip,0.06,neural_mbt2018_mean,512,0,,,,,
colorferet,topofr_r50,clip,0.1,jpeg,1024,0,,,,,
colorferet,topofr_r50,clip,0.1,jpeg,512,0,,,,,
colorferet,topofr_r50,clip,0.1,jpeg2000,1024,0,,,,,
colorferet,topofr_r50,clip,0.1,jpeg2000,512,0,,,,,
colorferet,topofr_r50,clip,0.1,webp,1024,0,,,,,
colorferet,topofr_r50,clip,0.1,webp,512,0,,,,,
colorferet,topofr_r50,clip,0.1,jpeg_xl,1024,0,,,,,
colorferet,topofr_r50,clip,0.1,jpeg_xl,512,0,,,,,
colorferet,topofr_r50,clip,0.1,avif,1024,0,,,,,
colorferet,topofr_r50,clip,0.1,avif,512,0,,,,,
colorferet,topofr_r50,clip,0.1,heif,1024,0,,,,,
colorferet,topofr_r50,clip,0.1,heif,512,0,,,,,
colorferet,topofr_r50,clip,0.1,jpeg_fzt,1024,0,,,,,
colorferet,topofr_r50,clip,0.1,jpeg_fzt,512,0,,,,,
colorferet,topofr_r50,clip,0.1,ours_accurate,1024,0,,,,,
colorferet,topofr_r50,clip,0.1,ours_accurate,512,0,,,,,
colorferet,topofr_r50,clip,0.1,ours_fast,1024,0,,,,,
colorferet,topofr_r50,clip,0.1,ours_fast,512,0,,,,,
colorferet,topofr_r50,clip,0.1,jpeg_ai,1024,0,,,,,
colorferet,topofr_r50,clip,0.1,jpeg_ai,512,0,,,,,
colorferet,topofr_r50,clip,0.1,neural_bmshj2018,1024,0,,,,,
colorferet,topofr_r50,clip,0.1,neural_bmshj2018,512,0,,,,,
colorferet,topofr_r50,clip,0.1,neural_mbt2018_mean,1024,0,,,,,
colorferet,topofr_r50,clip,0.1,neural_mbt2018_mean,512,0,,,,,
colorferet,topofr_r50,liae,0.03,jpeg,1024,0,,,,,
colorferet,topofr_r50,liae,0.03,jpeg,512,0,,,,,
colorferet,topofr_r50,liae,0.03,jpeg2000,1024,0,,,,,
colorferet,topofr_r50,liae,0.03,jpeg2000,512,0,,,,,
colorferet,topofr_r50,liae,0.03,webp,1024,0,,,,,
colorferet,topofr_r50,liae,0.03,webp,512,0,,,,,
colorferet,topofr_r50,liae,0.03,jpeg_xl,1024,0,,,,,
colorferet,topofr_r50,liae,0.03,jpeg_xl,512,0,,,,,
colorferet,topofr_r50,liae,0.03,avif,1024,0,,,,,
colorferet,topofr_r50,liae,0.03,avif,512,0,,,,,
colorferet,topofr_r50,liae,0.03,heif,1024,0,,,,,
colorferet,topofr_r50,liae,0.03,heif,512,0,,,,,
colorferet,topofr_r50,liae,0.03,jpeg_fzt,1024,0,,,,,
colorferet,topofr_r50,liae,0.03,jpeg_fzt,512,0,,,,,
colorferet,topofr_r50,liae,0.03,ours_accurate,1024,0,,,,,
colorferet,topofr_r50,liae,0.03,ours_accurate,512,0,,,,,
colorferet,topofr_r50,liae,0.03,ours_fast,1024,0,,,,,
colorferet,topofr_r50,liae,0.03,ours_fast,512,0,,,,,
colorferet,topofr_r50,liae,0.03,jpeg_ai,1024,0,,,,,
colorferet,topofr_r50,liae,0.03,jpeg_ai,512,0,,,,,
colorferet,topofr_r50,liae,0.03,neural_bmshj2018,1024,0,,,,,
colorferet,topofr_r50,liae,0.03,neural_bmshj2018,512,0,,,,,
colorferet,topofr_r50,liae,0.03,neural_mbt2018_mean,1024,0,,,,,
colorferet,topofr_r50,liae,0.03,neural_mbt2018_mean,512,0,,,,,
colorferet,topofr_r50,liae,0.06,jpeg,1024,0,,,,,
colorferet,topofr_r50,liae,0.06,jpeg,512,0,,,,,
colorferet,topofr_r50,liae,0.06,jpeg2000,1024,0,,,,,
colorferet,topofr_r50,liae,0.06,jpeg2000,512,0,,,,,
colorferet,topofr_r50,liae,0.06,webp,1024,0,,,,,
colorferet,topofr_r50,liae,0.06,webp,512,0,,,,,
colorferet,topofr_r50,liae,0.06,jpeg_xl,1024,0,,,,,
colorferet,topofr_r50,liae,0.06,jpeg_xl,512,0,,,,,
colorferet,topofr_r50,liae,0.06,avif,1024,0,,,,,
colorferet,topofr_r50,liae,0.06,avif,512,0,,,,,
colorferet,topofr_r50,liae,0.06,heif,1024,0,,,,,
colorferet,topofr_r50,liae,0.06,heif,512,0,,,,,
colorferet,topofr_r50,liae,0.06,jpeg_fzt,1024,0,,,,,
colorferet,topofr_r50,liae,0.06,jpeg_fzt,512,0,,,,,
colorferet,topofr_r50,liae,0.06,ours_accurate,1024,0,,,,,
colorferet,topofr_r50,liae,0.06,ours_accurate,512,0,,,,,
colorferet,topofr_r50,liae,0.06,ours_fast,1024,0,,,,,
colorferet,topofr_r50,liae,0.06,ours_fast,512,0,,,,,
colorferet,topofr_r50,liae,0.06,jpeg_ai,1024,0,,,,,
colorferet,topofr_r50,liae,0.06,jpeg_ai,512,0,,,,,
colorferet,topofr_r50,liae,0.06,neural_bmshj2018,1024,0,,,,,
colorferet,topofr_r50,liae,0.06,neural_bmshj2018,512,0,,,,,
colorferet,topofr_r50,liae,0.06,neural_mbt2018_mean,1024,0,,,,,
colorferet,topofr_r50,liae,0.06,neural_mbt2018_mean,512,0,,,,,
colorferet,topofr_r50,liae,0.1,jpeg,1024,0,,,,,
colorferet,topofr_r50,liae,0.1,jpeg,512,0,,,,,
colorferet,topofr_r50,liae,0.1,jpeg2000,1024,0,,,,,
colorferet,topofr_r50,liae,0.1,jpeg2000,512,0,,,,,
colorferet,topofr_r50,liae,0.1,webp,1024,0,,,,,
colorferet,topofr_r50,liae,0.1,webp,512,0,,,,,
colorferet,topofr_r50,liae,0.1,jpeg_xl,1024,0,,,,,
colorferet,topofr_r50,liae,0.1,jpeg_xl,512,0,,,,,
colorferet,topofr_r50,liae,0.1,avif,1024,0,,,,,
colorferet,topofr_r50,liae,0.1,avif,512,0,,,,,
colorferet,topofr_r50,liae,0.1,heif,1024,0,,,,,
colorferet,topofr_r50,liae,0.1,heif,512,0,,,,,
colorferet,topofr_r50,liae,0.1,jpeg_fzt,1024,0,,,,,
colorferet,topofr_r50,liae,0.1,jpeg_fzt,512,0,,,,,
colorferet,topofr_r50,liae,0.1,ours_accurate,1024,0,,,,,
colorferet,topofr_r50,liae,0.1,ours_accurate,512,0,,,,,
colorferet,topofr_r50,liae,0.1,ours_fast,1024,0,,,,,
colorferet,topofr_r50,liae,0.1,ours_fast,512,0,,,,,
colorferet,topofr_r50,liae,0.1,jpeg_ai,1024,0,,,,,
colorferet,topofr_r50,liae,0.1,jpeg_ai,512,0,,,,,
colorferet,topofr_r50,liae,0.1,neural_bmshj2018,1024,0,,,,,
colorferet,topofr_r50,liae,0.1,neural_bmshj2018,512,0,,,,,
colorferet,topofr_r50,liae,0.1,neural_mbt2018_mean,1024,0,,,,,
colorferet,topofr_r50,liae,0.1,neural_mbt2018_mean,512,0,,,,,
kk,arcface_antelopev2,hfc,0.03,jpeg,1024,2000,0.9133063554763794,0.778170645236969,0.7263168096542358,0.051853835582733154,1.3837167503013628
kk,arcface_antelopev2,hfc,0.03,jpeg,512,2000,0.9133063554763794,0.24725304543972015,0.20881447196006775,0.038438573479652405,1.0577109563159994
kk,arcface_antelopev2,hfc,0.03,jpeg2000,1024,2000,0.9133063554763794,0.5174800753593445,0.5057677030563354,0.011712372303009033,1.029589678329458
kk,arcface_antelopev2,hfc,0.03,jpeg2000,512,2000,0.9133063554763794,0.16889362037181854,0.16487371921539307,0.004019901156425476,1.0054000972402237
kk,arcface_antelopev2,hfc,0.03,webp,1024,2000,0.9133063554763794,0.8845670223236084,0.8103413581848145,0.07422566413879395,3.582720473861699
kk,arcface_antelopev2,hfc,0.03,webp,512,2000,0.9133063554763794,0.7150620222091675,0.6355420351028442,0.07951998710632324,1.4011211104790517
kk,arcface_antelopev2,hfc,0.03,jpeg_xl,1024,2000,0.9133063554763794,0.8152354955673218,0.7558661103248596,0.05936938524246216,1.6053723327960636
kk,arcface_antelopev2,hfc,0.03,jpeg_xl,512,1999,0.9133098721504211,0.5779394507408142,0.5262285470962524,0.05171090364456177,1.1541904125808529
kk,arcface_antelopev2,hfc,0.03,avif,1024,2000,0.9133063554763794,0.8564404249191284,0.7903721928596497,0.06606823205947876,2.161824512709999
kk,arcface_antelopev2,hfc,0.03,avif,512,2000,0.9133063554763794,0.5035247206687927,0.4692934453487396,0.0342312753200531,1.0835354062075682
kk,arcface_antelopev2,hfc,0.03,heif,1024,2000,0.9133063554763794,0.8200376033782959,0.7663233876228333,0.053714215755462646,1.575907949309492
kk,arcface_antelopev2,hfc,0.03,heif,512,2000,0.9133063554763794,0.30328893661499023,0.2858617901802063,0.017427146434783936,1.0285682767343138
kk,arcface_antelopev2,hfc,0.03,jpeg_fzt,1024,2000,0.9133063554763794,0.8199563026428223,0.754684567451477,0.06527173519134521,1.69921476432075
kk,arcface_antelopev2,hfc,0.03,jpeg_fzt,512,2000,0.9133063554763794,0.45253872871398926,0.4288279414176941,0.023710787296295166,1.0514593168424187
kk,arcface_antelopev2,hfc,0.03,ours_accurate,1024,2000,0.9133063554763794,0.90311598777771,0.8200700879096985,0.08304589986801147,9.149450767988958
kk,arcface_antelopev2,hfc,0.03,ours_accurate,512,2000,0.9133063554763794,0.8363535404205322,0.7544102072715759,0.0819433331489563,2.0648516638343555
kk,arcface_antelopev2,hfc,0.03,ours_fast,1024,2000,0.9133063554763794,0.8046882152557373,0.7456355094909668,0.05905270576477051,1.5436725913812688
kk,arcface_antelopev2,hfc,0.03,ours_fast,512,2000,0.9133063554763794,0.7183845639228821,0.6635229587554932,0.054861605167388916,1.2814544476025496
kk,arcface_antelopev2,hfc,0.03,jpeg_ai,1024,0,,,,,
kk,arcface_antelopev2,hfc,0.03,jpeg_ai,512,0,,,,,
kk,arcface_antelopev2,hfc,0.03,neural_bmshj2018,1024,0,,,,,
kk,arcface_antelopev2,hfc,0.03,neural_bmshj2018,512,0,,,,,
kk,arcface_antelopev2,hfc,0.03,neural_mbt2018_mean,1024,0,,,,,
kk,arcface_antelopev2,hfc,0.03,neural_mbt2018_mean,512,0,,,,,
kk,arcface_antelopev2,hfc,0.06,jpeg,1024,2000,0.7799314260482788,0.778170645236969,0.6275448203086853,0.1506258249282837,86.5449036931722
kk,arcface_antelopev2,hfc,0.06,jpeg,512,2000,0.7799314260482788,0.24725304543972015,0.17409880459308624,0.07315424084663391,1.1373328513221408
kk,arcface_antelopev2,hfc,0.06,jpeg2000,1024,2000,0.7799314260482788,0.5174800753593445,0.47549158334732056,0.041988492012023926,1.1599858103294352
kk,arcface_antelopev2,hfc,0.06,jpeg2000,512,2000,0.7799314260482788,0.16889362037181854,0.16239003837108612,0.006503582000732422,1.0106435018264255
kk,arcface_antelopev2,hfc,0.06,webp,1024,2000,0.7799314260482788,0.8845670223236084,0.6738860011100769,0.2106810212135315,-1.0134737002803769
kk,arcface_antelopev2,hfc,0.06,webp,512,2000,0.7799314260482788,0.7150620222091675,0.5414775013923645,0.17358452081680298,3.6759074470196484
kk,arcface_antelopev2,hfc,0.06,jpeg_xl,1024,2000,0.7799314260482788,0.8152354955673218,0.6394082903862,0.17582720518112183,-3.9803665009859803
kk,arcface_antelopev2,hfc,0.06,jpeg_xl,512,1999,0.7799316644668579,0.5779394507408142,0.452604204416275,0.12533524632453918,1.6204954340196887
kk,arcface_antelopev2,hfc,0.06,avif,1024,2000,0.7799314260482788,0.8564404249191284,0.6661391854286194,0.19030123949050903,-1.487305314395049
kk,arcface_antelopev2,hfc,0.06,avif,512,2000,0.7799314260482788,0.5035247206687927,0.4191230833530426,0.08440163731575012,1.3053530745568307
kk,arcface_antelopev2,hfc,0.06,heif,1024,2000,0.7799314260482788,0.8200376033782959,0.6421560645103455,0.17788153886795044,-3.4352653558636885
kk,arcface_antelopev2,hfc,0.06,heif,512,2000,0.7799314260482788,0.30328893661499023,0.2686251699924469,0.034663766622543335,1.0727248774312113
kk,arcface_antelopev2,hfc,0.06,jpeg_fzt,1024,2000,0.7799314260482788,0.8199563026428223,0.6411097645759583,0.178846538066864,-3.468384496936736
kk,arcface_antelopev2,hfc,0.06,jpeg_fzt,512,2000,0.7799314260482788,0.45253872871398926,0.38805264234542847,0.06448608636856079,1.1969686156521575
kk,arcface_antelopev2,hfc,0.06,ours_accurate,1024,2000,0.7799314260482788,0.90311598777771,0.6821755170822144,0.2209404706954956,-0.7935727301671172
kk,arcface_antelopev2,hfc,0.06,ours_accurate,512,2000,0.7799314260482788,0.8363535404205322,0.6097042560577393,0.22664928436279297,-3.0170292603258377
kk,arcface_antelopev2,hfc,0.06,ours_fast,1024,2000,0.7799314260482788,0.8046882152557373,0.6323160529136658,0.17237216234207153,-5.9626218851570965
kk,arcface_antelopev2,hfc,0.06,ours_fast,512,2000,0.7799314260482788,0.7183845639228821,0.5519044995307922,0.16648006439208984,3.7049317973822977
kk,arcface_antelopev2,hfc,0.06,jpeg_ai,1024,0,,,,,
kk,arcface_antelopev2,hfc,0.06,jpeg_ai,512,0,,,,,
kk,arcface_antelopev2,hfc,0.06,neural_bmshj2018,1024,0,,,,,
kk,arcface_antelopev2,hfc,0.06,neural_bmshj2018,512,0,,,,,
kk,arcface_antelopev2,hfc,0.06,neural_mbt2018_mean,1024,0,,,,,
kk,arcface_antelopev2,hfc,0.06,neural_mbt2018_mean,512,0,,,,,
kk,arcface_antelopev2,hfc,0.1,jpeg,1024,2000,0.5822628736495972,0.778170645236969,0.4574498236179352,0.3207208216190338,-0.6371010655695061
kk,arcface_antelopev2,hfc,0.1,jpeg,512,2000,0.5822628736495972,0.24725304543972015,0.11770913749933243,0.12954390794038773,1.3866868880611796
kk,arcface_antelopev2,hfc,0.1,jpeg2000,1024,2000,0.5822628736495972,0.5174800753593445,0.37636810541152954,0.14111196994781494,3.1782320874065553
kk,arcface_antelopev2,hfc,0.1,jpeg2000,512,2000,0.5822628736495972,0.16889362037181854,0.14641672372817993,0.02247689664363861,1.0543748633102483
kk,arcface_antelopev2,hfc,0.1,webp,1024,2000,0.5822628736495972,0.8845670223236084,0.4760264456272125,0.4085405766963959,-0.35142232909593435
kk,arcface_antelopev2,hfc,0.1,webp,512,2000,0.5822628736495972,0.7150620222091675,0.4078638255596161,0.3071981966495514,-1.313254263913824
kk,arcface_antelopev2,hfc,0.1,jpeg_xl,1024,2000,0.5822628736495972,0.8152354955673218,0.4544719159603119,0.3607635796070099,-0.5485234987586449
kk,arcface_antelopev2,hfc,0.1,jpeg_xl,512,1999,0.5822454690933228,0.5779394507408142,0.33253899216651917,0.24540045857429504,57.99010976842047
kk,arcface_antelopev2,hfc,0.1,avif,1024,2000,0.5822628736495972,0.8564404249191284,0.47299501299858093,0.3834454119205475,-0.3985295664983165
kk,arcface_antelopev2,hfc,0.1,avif,512,2000,0.5822628736495972,0.5035247206687927,0.3138766884803772,0.18964803218841553,3.4085913246485444
kk,arcface_antelopev2,hfc,0.1,heif,1024,2000,0.5822628736495972,0.8200376033782959,0.4240002930164337,0.3960373103618622,-0.6655988246259023
kk,arcface_antelopev2,hfc,0.1,heif,512,2000,0.5822628736495972,0.30328893661499023,0.20996920764446259,0.09331972897052765,1.3345105638271553
kk,arcface_antelopev2,hfc,0.1,jpeg_fzt,1024,2000,0.5822628736495972,0.8199563026428223,0.4799503684043884,0.34000593423843384,-0.43043893000561206
kk,arcface_antelopev2,hfc,0.1,jpeg_fzt,512,2000,0.5822628736495972,0.45253872871398926,0.2928182780742645,0.15972045063972473,2.231231477524915
kk,arcface_antelopev2,hfc,0.1,ours_accurate,1024,2000,0.5822628736495972,0.90311598777771,0.49576446413993835,0.4073515236377716,-0.26958881089469816
kk,arcface_antelopev2,hfc,0.1,ours_accurate,512,2000,0.5822628736495972,0.8363535404205322,0.4195288121700287,0.41682472825050354,-0.6404566666995078
kk,arcface_antelopev2,hfc,0.1,ours_fast,1024,2000,0.5822628736495972,0.8046882152557373,0.4601059556007385,0.3445822596549988,-0.5492041381919877
kk,arcface_antelopev2,hfc,0.1,ours_fast,512,2000,0.5822628736495972,0.7183845639228821,0.3821258246898651,0.33625873923301697,-1.4702803686754595
kk,arcface_antelopev2,hfc,0.1,jpeg_ai,1024,0,,,,,
kk,arcface_antelopev2,hfc,0.1,jpeg_ai,512,0,,,,,
kk,arcface_antelopev2,hfc,0.1,neural_bmshj2018,1024,0,,,,,
kk,arcface_antelopev2,hfc,0.1,neural_bmshj2018,512,0,,,,,
kk,arcface_antelopev2,hfc,0.1,neural_mbt2018_mean,1024,0,,,,,
kk,arcface_antelopev2,hfc,0.1,neural_mbt2018_mean,512,0,,,,,
kk,arcface_antelopev2,clip,0.03,jpeg,1024,2000,0.9276331663131714,0.778170645236969,0.7615159153938293,0.01665472984313965,1.111430810367827
kk,arcface_antelopev2,clip,0.03,jpeg,512,2000,0.9276331663131714,0.24725304543972015,0.2416580468416214,0.005594998598098755,1.0082233422559672
kk,arcface_antelopev2,clip,0.03,jpeg2000,1024,2000,0.9276331663131714,0.5174800753593445,0.5142515897750854,0.003228485584259033,1.007871415955323
kk,arcface_antelopev2,clip,0.03,jpeg2000,512,2000,0.9276331663131714,0.16889362037181854,0.16859398782253265,0.00029963254928588867,1.000394908306663
kk,arcface_antelopev2,clip,0.03,webp,1024,2000,0.9276331663131714,0.8845670223236084,0.8537879586219788,0.03077906370162964,1.7146928155232308
kk,arcface_antelopev2,clip,0.03,webp,512,2000,0.9276331663131714,0.7150620222091675,0.6982563138008118,0.016805708408355713,1.0790592179347411
kk,arcface_antelopev2,clip,0.03,jpeg_xl,1024,2000,0.9276331663131714,0.8152354955673218,0.8000426888465881,0.015192806720733643,1.135170120696604
kk,arcface_antelopev2,clip,0.03,jpeg_xl,512,1999,0.9276634454727173,0.5779394507408142,0.5617609620094299,0.016178488731384277,1.046260734107726
kk,arcface_antelopev2,clip,0.03,avif,1024,2000,0.9276331663131714,0.8564404249191284,0.8328422904014587,0.023598134517669678,1.3314682656628847
kk,arcface_antelopev2,clip,0.03,avif,512,2000,0.9276331663131714,0.5035247206687927,0.5102136731147766,-0.006688952445983887,0.9842282026809891
kk,arcface_antelopev2,clip,0.03,heif,1024,2000,0.9276331663131714,0.8200376033782959,0.8005908131599426,0.01944679021835327,1.1807397042025223
kk,arcface_antelopev2,clip,0.03,heif,512,2000,0.9276331663131714,0.30328893661499023,0.30755725502967834,-0.00426831841468811,0.993163517476967
kk,arcface_antelopev2,clip,0.03,jpeg_fzt,1024,2000,0.9276331663131714,0.8199563026428223,0.8035742044448853,0.01638209819793701,1.1521413016643067
kk,arcface_antelopev2,clip,0.03,jpeg_fzt,512,2000,0.9276331663131714,0.45253872871398926,0.4496321380138397,0.002906590700149536,1.0061179219753393
kk,arcface_antelopev2,clip,0.03,ours_accurate,1024,2000,0.9276331663131714,0.90311598777771,0.8609538674354553,0.04216212034225464,2.719697080203243
kk,arcface_antelopev2,clip,0.03,ours_accurate,512,2000,0.9276331663131714,0.8363535404205322,0.7961738109588623,0.04017972946166992,1.4401828893221837
kk,arcface_antelopev2,clip,0.03,ours_fast,1024,2000,0.9276331663131714,0.8046882152557373,0.7789700031280518,0.025718212127685547,1.2091847766539938
kk,arcface_antelopev2,clip,0.03,ours_fast,512,2000,0.9276331663131714,0.7183845639228821,0.6935783624649048,0.024806201457977295,1.1185489469206056
kk,arcface_antelopev2,clip,0.03,jpeg_ai,1024,0,,,,,
kk,arcface_antelopev2,clip,0.03,jpeg_ai,512,0,,,,,
kk,arcface_antelopev2,clip,0.03,neural_bmshj2018,1024,0,,,,,
kk,arcface_antelopev2,clip,0.03,neural_bmshj2018,512,0,,,,,
kk,arcface_antelopev2,clip,0.03,neural_mbt2018_mean,1024,0,,,,,
kk,arcface_antelopev2,clip,0.03,neural_mbt2018_mean,512,0,,,,,
kk,arcface_antelopev2,clip,0.06,jpeg,1024,2000,0.8534284234046936,0.778170645236969,0.7323430776596069,0.04582756757736206,1.6089412774747034
kk,arcface_antelopev2,clip,0.06,jpeg,512,2000,0.8534284234046936,0.24725304543972015,0.2358613759279251,0.011391669511795044,1.0187926958532012
kk,arcface_antelopev2,clip,0.06,jpeg2000,1024,2000,0.8534284234046936,0.5174800753593445,0.5107949376106262,0.006685137748718262,1.019899302341013
kk,arcface_antelopev2,clip,0.06,jpeg2000,512,2000,0.8534284234046936,0.16889362037181854,0.16716815531253815,0.0017254650592803955,1.0025206389092791
kk,arcface_antelopev2,clip,0.06,webp,1024,2000,0.8534284234046936,0.8845670223236084,0.798236072063446,0.08633095026016235,-1.7724738189078115
kk,arcface_antelopev2,clip,0.06,webp,512,2000,0.8534284234046936,0.7150620222091675,0.6688966155052185,0.046165406703948975,1.3336460752398442
kk,arcface_antelopev2,clip,0.06,jpeg_xl,1024,2000,0.8534284234046936,0.8152354955673218,0.7621975541114807,0.053037941455841064,2.388684881182201
kk,arcface_antelopev2,clip,0.06,jpeg_xl,512,1999,0.8534417152404785,0.5779394507408142,0.5458093881607056,0.03213006258010864,1.116623587971081
kk,arcface_antelopev2,clip,0.06,avif,1024,2000,0.8534284234046936,0.8564404249191284,0.7952019572257996,0.06123846769332886,-19.331486355450892
kk,arcface_antelopev2,clip,0.06,avif,512,2000,0.8534284234046936,0.5035247206687927,0.5036665797233582,-0.0001418590545654297,0.999594576869418
kk,arcface_antelopev2,clip,0.06,heif,1024,2000,0.8534284234046936,0.8200376033782959,0.7658352851867676,0.05420231819152832,2.6232700529270536
kk,arcface_antelopev2,clip,0.06,heif,512,2000,0.8534284234046936,0.30328893661499023,0.30342811346054077,-0.0001391768455505371,0.9997470153499385
kk,arcface_antelopev2,clip,0.06,jpeg_fzt,1024,2000,0.8534284234046936,0.8199563026428223,0.7781721353530884,0.04178416728973389,2.2483274539727085
kk,arcface_antelopev2,clip,0.06,jpeg_fzt,512,2000,0.8534284234046936,0.45253872871398926,0.44304025173187256,0.0094984769821167,1.0236934925190457
kk,arcface_antelopev2,clip,0.06,ours_accurate,1024,2000,0.8534284234046936,0.90311598777771,0.8111398816108704,0.0919761061668396,-0.8510890466747999
kk,arcface_antelopev2,clip,0.06,ours_accurate,512,2000,0.8534284234046936,0.8363535404205322,0.7449766397476196,0.0913769006729126,6.3515389099693165
kk,arcface_antelopev2,clip,0.06,ours_fast,1024,2000,0.8534284234046936,0.8046882152557373,0.7418732643127441,0.06281495094299316,2.28877067473784
kk,arcface_antelopev2,clip,0.06,ours_fast,512,2000,0.8534284234046936,0.7183845639228821,0.655048131942749,0.06333643198013306,1.469006382246233
kk,arcface_antelopev2,clip,0.06,jpeg_ai,1024,0,,,,,
kk,arcface_antelopev2,clip,0.06,jpeg_ai,512,0,,,,,
kk,arcface_antelopev2,clip,0.06,neural_bmshj2018,1024,0,,,,,
kk,arcface_antelopev2,clip,0.06,neural_bmshj2018,512,0,,,,,
kk,arcface_antelopev2,clip,0.06,neural_mbt2018_mean,1024,0,,,,,
kk,arcface_antelopev2,clip,0.06,neural_mbt2018_mean,512,0,,,,,
kk,arcface_antelopev2,clip,0.1,jpeg,1024,2000,0.7494339346885681,0.778170645236969,0.6720117330551147,0.10615891218185425,-2.694191511692061
kk,arcface_antelopev2,clip,0.1,jpeg,512,2000,0.7494339346885681,0.24725304543972015,0.22506022453308105,0.0221928209066391,1.0441928822497302
kk,arcface_antelopev2,clip,0.1,jpeg2000,1024,2000,0.7494339346885681,0.5174800753593445,0.4941709041595459,0.023309171199798584,1.1004905512984577
kk,arcface_antelopev2,clip,0.1,jpeg2000,512,2000,0.7494339346885681,0.16889362037181854,0.16785027086734772,0.0010433495044708252,1.0017972042229295
kk,arcface_antelopev2,clip,0.1,webp,1024,2000,0.7494339346885681,0.8845670223236084,0.7100642323493958,0.17450278997421265,-0.2913402115512953
kk,arcface_antelopev2,clip,0.1,webp,512,2000,0.7494339346885681,0.7150620222091675,0.625320553779602,0.08974146842956543,3.6108954072121597
kk,arcface_antelopev2,clip,0.1,jpeg_xl,1024,2000,0.7494339346885681,0.8152354955673218,0.7023754715919495,0.11286002397537231,-0.7151572465481305
kk,arcface_antelopev2,clip,0.1,jpeg_xl,512,1999,0.7494646906852722,0.5779394507408142,0.5179915428161621,0.0599479079246521,1.3494990471610124
kk,arcface_antelopev2,clip,0.1,avif,1024,2000,0.7494339346885681,0.8564404249191284,0.724320113658905,0.1321203112602234,-0.23469437204745133
kk,arcface_antelopev2,clip,0.1,avif,512,2000,0.7494339346885681,0.5035247206687927,0.48252761363983154,0.02099710702896118,1.085385605060218
kk,arcface_antelopev2,clip,0.1,heif,1024,2000,0.7494339346885681,0.8200376033782959,0.6954031586647034,0.12463444471359253,-0.7652686755033419
kk,arcface_antelopev2,clip,0.1,heif,512,2000,0.7494339346885681,0.30328893661499023,0.29335278272628784,0.009936153888702393,1.0222711314294814
kk,arcface_antelopev2,clip,0.1,jpeg_fzt,1024,2000,0.7494339346885681,0.8199563026428223,0.7280306220054626,0.09192568063735962,-0.30349679547046954
kk,arcface_antelopev2,clip,0.1,jpeg_fzt,512,2000,0.7494339346885681,0.45253872871398926,0.4326483905315399,0.01989033818244934,1.0669944740844095
kk,arcface_antelopev2,clip,0.1,ours_accurate,1024,2000,0.7494339346885681,0.90311598777771,0.73441481590271,0.168701171875,-0.09772851470917332
kk,arcface_antelopev2,clip,0.1,ours_accurate,512,2000,0.7494339346885681,0.8363535404205322,0.6654515266418457,0.17090201377868652,-0.9662078807133663
kk,arcface_antelopev2,clip,0.1,ours_fast,1024,2000,0.7494339346885681,0.8046882152557373,0.6760086417198181,0.1286795735359192,-1.3288616232997812
kk,arcface_antelopev2,clip,0.1,ours_fast,512,2000,0.7494339346885681,0.7183845639228821,0.5847275853157043,0.13365697860717773,5.304659814713143
kk,arcface_antelopev2,clip,0.1,jpeg_ai,1024,0,,,,,
kk,arcface_antelopev2,clip,0.1,jpeg_ai,512,0,,,,,
kk,arcface_antelopev2,clip,0.1,neural_bmshj2018,1024,0,,,,,
kk,arcface_antelopev2,clip,0.1,neural_bmshj2018,512,0,,,,,
kk,arcface_antelopev2,clip,0.1,neural_mbt2018_mean,1024,0,,,,,
kk,arcface_antelopev2,clip,0.1,neural_mbt2018_mean,512,0,,,,,
kk,arcface_antelopev2,liae,0.03,jpeg,1024,2000,0.8917502164840698,0.778170645236969,0.7207369208335876,0.05743372440338135,1.5056694947230431
kk,arcface_antelopev2,liae,0.03,jpeg,512,2000,0.8917502164840698,0.24725304543972015,0.2350592017173767,0.012193843722343445,1.0189199336632997
kk,arcface_antelopev2,liae,0.03,jpeg2000,1024,2000,0.8917502164840698,0.5174800753593445,0.4998316764831543,0.017648398876190186,1.0471541727137375
kk,arcface_antelopev2,liae,0.03,jpeg2000,512,2000,0.8917502164840698,0.16889362037181854,0.16661137342453003,0.002282246947288513,1.0031572610107775
kk,arcface_antelopev2,liae,0.03,webp,1024,2000,0.8917502164840698,0.8845670223236084,0.8055066466331482,0.0790603756904602,12.006298023466153
kk,arcface_antelopev2,liae,0.03,webp,512,2000,0.8917502164840698,0.7150620222091675,0.6696491837501526,0.04541283845901489,1.2570224832812475
kk,arcface_antelopev2,liae,0.03,jpeg_xl,1024,2000,0.8917502164840698,0.8152354955673218,0.7557188868522644,0.05951660871505737,1.777845204190374
kk,arcface_antelopev2,liae,0.03,jpeg_xl,512,1999,0.8917495608329773,0.5779394507408142,0.5441799163818359,0.03375953435897827,1.1075794987900913
kk,arcface_antelopev2,liae,0.03,avif,1024,2000,0.8917502164840698,0.8564404249191284,0.7893332839012146,0.06710714101791382,2.9005249831195137
kk,arcface_antelopev2,liae,0.03,avif,512,2000,0.8917502164840698,0.5035247206687927,0.4912303388118744,0.012294381856918335,1.0316681464495268
kk,arcface_antelopev2,liae,0.03,heif,1024,2000,0.8917502164840698,0.8200376033782959,0.7635159492492676,0.05652165412902832,1.7881689382265376
kk,arcface_antelopev2,liae,0.03,heif,512,2000,0.8917502164840698,0.30328893661499023,0.29998889565467834,0.0033000409603118896,1.0056079152073456
kk,arcface_antelopev2,liae,0.03,jpeg_fzt,1024,2000,0.8917502164840698,0.8199563026428223,0.7545996308326721,0.06535667181015015,1.9103372182030416
kk,arcface_antelopev2,liae,0.03,jpeg_fzt,512,2000,0.8917502164840698,0.45253872871398926,0.43420591950416565,0.01833280920982361,1.0417402771109223
kk,arcface_antelopev2,liae,0.03,ours_accurate,1024,2000,0.8917502164840698,0.90311598777771,0.8131702542304993,0.0899457335472107,-6.913737767848715
kk,arcface_antelopev2,liae,0.03,ours_accurate,512,2000,0.8917502164840698,0.8363535404205322,0.746918797492981,0.08943474292755127,2.614442404901216
kk,arcface_antelopev2,liae,0.03,ours_fast,1024,2000,0.8917502164840698,0.8046882152557373,0.7422745227813721,0.062413692474365234,1.7168878683442668
kk,arcface_antelopev2,liae,0.03,ours_fast,512,2000,0.8917502164840698,0.7183845639228821,0.6620036363601685,0.05638092756271362,1.3252139436490427
kk,arcface_antelopev2,liae,0.03,jpeg_ai,1024,0,,,,,
kk,arcface_antelopev2,liae,0.03,jpeg_ai,512,0,,,,,
kk,arcface_antelopev2,liae,0.03,neural_bmshj2018,1024,0,,,,,
kk,arcface_antelopev2,liae,0.03,neural_bmshj2018,512,0,,,,,
kk,arcface_antelopev2,liae,0.03,neural_mbt2018_mean,1024,0,,,,,
kk,arcface_antelopev2,liae,0.03,neural_mbt2018_mean,512,0,,,,,
kk,arcface_antelopev2,liae,0.06,jpeg,1024,2000,0.7703306078910828,0.778170645236969,0.6168441772460938,0.16132646799087524,-19.577257591193153
kk,arcface_antelopev2,liae,0.06,jpeg,512,2000,0.7703306078910828,0.24725304543972015,0.2066657990217209,0.04058724641799927,1.0775931703661503
kk,arcface_antelopev2,liae,0.06,jpeg2000,1024,2000,0.7703306078910828,0.5174800753593445,0.4484608471393585,0.06901922821998596,1.2729645357235801
kk,arcface_antelopev2,liae,0.06,jpeg2000,512,2000,0.7703306078910828,0.16889362037181854,0.15663501620292664,0.012258604168891907,1.0203821920222345
kk,arcface_antelopev2,liae,0.06,webp,1024,2000,0.7703306078910828,0.8845670223236084,0.6776638627052307,0.20690315961837769,-0.8111839438079192
kk,arcface_antelopev2,liae,0.06,webp,512,2000,0.7703306078910828,0.7150620222091675,0.5860581398010254,0.1290038824081421,3.3341267162252373
kk,arcface_antelopev2,liae,0.06,jpeg_xl,1024,2000,0.7703306078910828,0.8152354955673218,0.651913583278656,0.16332191228866577,-2.637063151481525
kk,arcface_antelopev2,liae,0.06,jpeg_xl,512,1999,0.7703106999397278,0.5779394507408142,0.48079708218574524,0.09714236855506897,1.5049734248729805
kk,arcface_antelopev2,liae,0.06,avif,1024,2000,0.7703306078910828,0.8564404249191284,0.6840742230415344,0.172366201877594,-1.001702103506444
kk,arcface_antelopev2,liae,0.06,avif,512,2000,0.7703306078910828,0.5035247206687927,0.43789878487586975,0.06562593579292297,1.2459688445264574
kk,arcface_antelopev2,liae,0.06,heif,1024,2000,0.7703306078910828,0.8200376033782959,0.657553493976593,0.16248410940170288,-2.268837873001217
kk,arcface_antelopev2,liae,0.06,heif,512,2000,0.7703306078910828,0.30328893661499023,0.2664356827735901,0.036853253841400146,1.0789078493589372
kk,arcface_antelopev2,liae,0.06,jpeg_fzt,1024,2000,0.7703306078910828,0.8199563026428223,0.6574081778526306,0.16254812479019165,-2.2754831061482306
kk,arcface_antelopev2,liae,0.06,jpeg_fzt,512,2000,0.7703306078910828,0.45253872871398926,0.3861836791038513,0.06635504961013794,1.2088003311537132
kk,arcface_antelopev2,liae,0.06,ours_accurate,1024,2000,0.7703306078910828,0.90311598777771,0.701275110244751,0.20184087753295898,-0.5200534705348714
kk,arcface_antelopev2,liae,0.06,ours_accurate,512,2000,0.7703306078910828,0.8363535404205322,0.6300804018974304,0.2062731385231018,-2.124265018538731
kk,arcface_antelopev2,liae,0.06,ours_fast,1024,2000,0.7703306078910828,0.8046882152557373,0.6465760469436646,0.15811216831207275,-3.601955154616819
kk,arcface_antelopev2,liae,0.06,ours_fast,512,2000,0.7703306078910828,0.7183845639228821,0.568578839302063,0.1498057246208191,3.883871671007791
kk,arcface_antelopev2,liae,0.06,jpeg_ai,1024,0,,,,,
kk,arcface_antelopev2,liae,0.06,jpeg_ai,512,0,,,,,
kk,arcface_antelopev2,liae,0.06,neural_bmshj2018,1024,0,,,,,
kk,arcface_antelopev2,liae,0.06,neural_bmshj2018,512,0,,,,,
kk,arcface_antelopev2,liae,0.06,neural_mbt2018_mean,1024,0,,,,,
kk,arcface_antelopev2,liae,0.06,neural_mbt2018_mean,512,0,,,,,
kk,arcface_antelopev2,liae,0.1,jpeg,1024,2000,0.5867764353752136,0.778170645236969,0.43899571895599365,0.33917492628097534,-0.7721274145438487
kk,arcface_antelopev2,liae,0.1,jpeg,512,2000,0.5867764353752136,0.24725304543972015,0.15064530074596405,0.0966077446937561,1.2845392911283984
kk,arcface_antelopev2,liae,0.1,jpeg2000,1024,2000,0.5867764353752136,0.5174800753593445,0.3256184160709381,0.19186165928840637,3.7687119387579564
kk,arcface_antelopev2,liae,0.1,jpeg2000,512,2000,0.5867764353752136,0.16889362037181854,0.127830371260643,0.04106324911117554,1.098264986347529
kk,arcface_antelopev2,liae,0.1,webp,1024,2000,0.5867764353752136,0.8845670223236084,0.4751901924610138,0.4093768298625946,-0.3747138015935239
kk,arcface_antelopev2,liae,0.1,webp,512,2000,0.5867764353752136,0.7150620222091675,0.43524256348609924,0.27981945872306824,-1.18122289205608
kk,arcface_antelopev2,liae,0.1,jpeg_xl,1024,2000,0.5867764353752136,0.8152354955673218,0.48940950632095337,0.3258259892463684,-0.42618983450420267
kk,arcface_antelopev2,liae,0.1,jpeg_xl,512,1999,0.5867478251457214,0.5779394507408142,0.3658788502216339,0.2120606005191803,25.074884964135876
kk,arcface_antelopev2,liae,0.1,avif,1024,2000,0.5867764353752136,0.8564404249191284,0.5127270221710205,0.3437134027481079,-0.2745988195510775
kk,arcface_antelopev2,liae,0.1,avif,512,2000,0.5867764353752136,0.5035247206687927,0.3145380914211273,0.1889866292476654,3.270062903978716
kk,arcface_antelopev2,liae,0.1,heif,1024,2000,0.5867764353752136,0.8200376033782959,0.4840741753578186,0.3359634280204773,-0.4402887154197819
kk,arcface_antelopev2,liae,0.1,heif,512,2000,0.5867764353752136,0.30328893661499023,0.19181716442108154,0.11147177219390869,1.3932158302620343
kk,arcface_antelopev2,liae,0.1,jpeg_fzt,1024,2000,0.5867764353752136,0.8199563026428223,0.506465494632721,0.3134908080101013,-0.3444162726549797
kk,arcface_antelopev2,liae,0.1,jpeg_fzt,512,2000,0.5867764353752136,0.45253872871398926,0.28217414021492004,0.1703645884990692,2.269126184709176
kk,arcface_antelopev2,liae,0.1,ours_accurate,1024,2000,0.5867764353752136,0.90311598777771,0.5282762050628662,0.37483978271484375,-0.1849285992474135
kk,arcface_antelopev2,liae,0.1,ours_accurate,512,2000,0.5867764353752136,0.8363535404205322,0.45304998755455017,0.38330355286598206,-0.5358121603196784
kk,arcface_antelopev2,liae,0.1,ours_fast,1024,2000,0.5867764353752136,0.8046882152557373,0.48871681094169617,0.31597140431404114,-0.4499968954743127
kk,arcface_antelopev2,liae,0.1,ours_fast,512,2000,0.5867764353752136,0.7183845639228821,0.4161718487739563,0.3022127151489258,-1.2963073670595078
kk,arcface_antelopev2,liae,0.1,jpeg_ai,1024,0,,,,,
kk,arcface_antelopev2,liae,0.1,jpeg_ai,512,0,,,,,
kk,arcface_antelopev2,liae,0.1,neural_bmshj2018,1024,0,,,,,
kk,arcface_antelopev2,liae,0.1,neural_bmshj2018,512,0,,,,,
kk,arcface_antelopev2,liae,0.1,neural_mbt2018_mean,1024,0,,,,,
kk,arcface_antelopev2,liae,0.1,neural_mbt2018_mean,512,0,,,,,
kk,cvlface_ir101,hfc,0.03,jpeg,1024,0,,,,,
kk,cvlface_ir101,hfc,0.03,jpeg,512,0,,,,,
kk,cvlface_ir101,hfc,0.03,jpeg2000,1024,0,,,,,
kk,cvlface_ir101,hfc,0.03,jpeg2000,512,0,,,,,
kk,cvlface_ir101,hfc,0.03,webp,1024,0,,,,,
kk,cvlface_ir101,hfc,0.03,webp,512,0,,,,,
kk,cvlface_ir101,hfc,0.03,jpeg_xl,1024,0,,,,,
kk,cvlface_ir101,hfc,0.03,jpeg_xl,512,0,,,,,
kk,cvlface_ir101,hfc,0.03,avif,1024,0,,,,,
kk,cvlface_ir101,hfc,0.03,avif,512,0,,,,,
kk,cvlface_ir101,hfc,0.03,heif,1024,0,,,,,
kk,cvlface_ir101,hfc,0.03,heif,512,0,,,,,
kk,cvlface_ir101,hfc,0.03,jpeg_fzt,1024,0,,,,,
kk,cvlface_ir101,hfc,0.03,jpeg_fzt,512,0,,,,,
kk,cvlface_ir101,hfc,0.03,ours_accurate,1024,0,,,,,
kk,cvlface_ir101,hfc,0.03,ours_accurate,512,0,,,,,
kk,cvlface_ir101,hfc,0.03,ours_fast,1024,0,,,,,
kk,cvlface_ir101,hfc,0.03,ours_fast,512,0,,,,,
kk,cvlface_ir101,hfc,0.03,jpeg_ai,1024,0,,,,,
kk,cvlface_ir101,hfc,0.03,jpeg_ai,512,0,,,,,
kk,cvlface_ir101,hfc,0.03,neural_bmshj2018,1024,0,,,,,
kk,cvlface_ir101,hfc,0.03,neural_bmshj2018,512,0,,,,,
kk,cvlface_ir101,hfc,0.03,neural_mbt2018_mean,1024,0,,,,,
kk,cvlface_ir101,hfc,0.03,neural_mbt2018_mean,512,0,,,,,
kk,cvlface_ir101,hfc,0.06,jpeg,1024,0,,,,,
kk,cvlface_ir101,hfc,0.06,jpeg,512,0,,,,,
kk,cvlface_ir101,hfc,0.06,jpeg2000,1024,0,,,,,
kk,cvlface_ir101,hfc,0.06,jpeg2000,512,0,,,,,
kk,cvlface_ir101,hfc,0.06,webp,1024,0,,,,,
kk,cvlface_ir101,hfc,0.06,webp,512,0,,,,,
kk,cvlface_ir101,hfc,0.06,jpeg_xl,1024,0,,,,,
kk,cvlface_ir101,hfc,0.06,jpeg_xl,512,0,,,,,
kk,cvlface_ir101,hfc,0.06,avif,1024,0,,,,,
kk,cvlface_ir101,hfc,0.06,avif,512,0,,,,,
kk,cvlface_ir101,hfc,0.06,heif,1024,0,,,,,
kk,cvlface_ir101,hfc,0.06,heif,512,0,,,,,
kk,cvlface_ir101,hfc,0.06,jpeg_fzt,1024,0,,,,,
kk,cvlface_ir101,hfc,0.06,jpeg_fzt,512,0,,,,,
kk,cvlface_ir101,hfc,0.06,ours_accurate,1024,0,,,,,
kk,cvlface_ir101,hfc,0.06,ours_accurate,512,0,,,,,
kk,cvlface_ir101,hfc,0.06,ours_fast,1024,0,,,,,
kk,cvlface_ir101,hfc,0.06,ours_fast,512,0,,,,,
kk,cvlface_ir101,hfc,0.06,jpeg_ai,1024,0,,,,,
kk,cvlface_ir101,hfc,0.06,jpeg_ai,512,0,,,,,
kk,cvlface_ir101,hfc,0.06,neural_bmshj2018,1024,0,,,,,
kk,cvlface_ir101,hfc,0.06,neural_bmshj2018,512,0,,,,,
kk,cvlface_ir101,hfc,0.06,neural_mbt2018_mean,1024,0,,,,,
kk,cvlface_ir101,hfc,0.06,neural_mbt2018_mean,512,0,,,,,
kk,cvlface_ir101,hfc,0.1,jpeg,1024,0,,,,,
kk,cvlface_ir101,hfc,0.1,jpeg,512,0,,,,,
kk,cvlface_ir101,hfc,0.1,jpeg2000,1024,0,,,,,
kk,cvlface_ir101,hfc,0.1,jpeg2000,512,0,,,,,
kk,cvlface_ir101,hfc,0.1,webp,1024,0,,,,,
kk,cvlface_ir101,hfc,0.1,webp,512,0,,,,,
kk,cvlface_ir101,hfc,0.1,jpeg_xl,1024,0,,,,,
kk,cvlface_ir101,hfc,0.1,jpeg_xl,512,0,,,,,
kk,cvlface_ir101,hfc,0.1,avif,1024,0,,,,,
kk,cvlface_ir101,hfc,0.1,avif,512,0,,,,,
kk,cvlface_ir101,hfc,0.1,heif,1024,0,,,,,
kk,cvlface_ir101,hfc,0.1,heif,512,0,,,,,
kk,cvlface_ir101,hfc,0.1,jpeg_fzt,1024,0,,,,,
kk,cvlface_ir101,hfc,0.1,jpeg_fzt,512,0,,,,,
kk,cvlface_ir101,hfc,0.1,ours_accurate,1024,0,,,,,
kk,cvlface_ir101,hfc,0.1,ours_accurate,512,0,,,,,
kk,cvlface_ir101,hfc,0.1,ours_fast,1024,0,,,,,
kk,cvlface_ir101,hfc,0.1,ours_fast,512,0,,,,,
kk,cvlface_ir101,hfc,0.1,jpeg_ai,1024,0,,,,,
kk,cvlface_ir101,hfc,0.1,jpeg_ai,512,0,,,,,
kk,cvlface_ir101,hfc,0.1,neural_bmshj2018,1024,0,,,,,
kk,cvlface_ir101,hfc,0.1,neural_bmshj2018,512,0,,,,,
kk,cvlface_ir101,hfc,0.1,neural_mbt2018_mean,1024,0,,,,,
kk,cvlface_ir101,hfc,0.1,neural_mbt2018_mean,512,0,,,,,
kk,cvlface_ir101,clip,0.03,jpeg,1024,0,,,,,
kk,cvlface_ir101,clip,0.03,jpeg,512,0,,,,,
kk,cvlface_ir101,clip,0.03,jpeg2000,1024,0,,,,,
kk,cvlface_ir101,clip,0.03,jpeg2000,512,0,,,,,
kk,cvlface_ir101,clip,0.03,webp,1024,0,,,,,
kk,cvlface_ir101,clip,0.03,webp,512,0,,,,,
kk,cvlface_ir101,clip,0.03,jpeg_xl,1024,0,,,,,
kk,cvlface_ir101,clip,0.03,jpeg_xl,512,0,,,,,
kk,cvlface_ir101,clip,0.03,avif,1024,0,,,,,
kk,cvlface_ir101,clip,0.03,avif,512,0,,,,,
kk,cvlface_ir101,clip,0.03,heif,1024,0,,,,,
kk,cvlface_ir101,clip,0.03,heif,512,0,,,,,
kk,cvlface_ir101,clip,0.03,jpeg_fzt,1024,0,,,,,
kk,cvlface_ir101,clip,0.03,jpeg_fzt,512,0,,,,,
kk,cvlface_ir101,clip,0.03,ours_accurate,1024,0,,,,,
kk,cvlface_ir101,clip,0.03,ours_accurate,512,0,,,,,
kk,cvlface_ir101,clip,0.03,ours_fast,1024,0,,,,,
kk,cvlface_ir101,clip,0.03,ours_fast,512,0,,,,,
kk,cvlface_ir101,clip,0.03,jpeg_ai,1024,0,,,,,
kk,cvlface_ir101,clip,0.03,jpeg_ai,512,0,,,,,
kk,cvlface_ir101,clip,0.03,neural_bmshj2018,1024,0,,,,,
kk,cvlface_ir101,clip,0.03,neural_bmshj2018,512,0,,,,,
kk,cvlface_ir101,clip,0.03,neural_mbt2018_mean,1024,0,,,,,
kk,cvlface_ir101,clip,0.03,neural_mbt2018_mean,512,0,,,,,
kk,cvlface_ir101,clip,0.06,jpeg,1024,0,,,,,
kk,cvlface_ir101,clip,0.06,jpeg,512,0,,,,,
kk,cvlface_ir101,clip,0.06,jpeg2000,1024,0,,,,,
kk,cvlface_ir101,clip,0.06,jpeg2000,512,0,,,,,
kk,cvlface_ir101,clip,0.06,webp,1024,0,,,,,
kk,cvlface_ir101,clip,0.06,webp,512,0,,,,,
kk,cvlface_ir101,clip,0.06,jpeg_xl,1024,0,,,,,
kk,cvlface_ir101,clip,0.06,jpeg_xl,512,0,,,,,
kk,cvlface_ir101,clip,0.06,avif,1024,0,,,,,
kk,cvlface_ir101,clip,0.06,avif,512,0,,,,,
kk,cvlface_ir101,clip,0.06,heif,1024,0,,,,,
kk,cvlface_ir101,clip,0.06,heif,512,0,,,,,
kk,cvlface_ir101,clip,0.06,jpeg_fzt,1024,0,,,,,
kk,cvlface_ir101,clip,0.06,jpeg_fzt,512,0,,,,,
kk,cvlface_ir101,clip,0.06,ours_accurate,1024,0,,,,,
kk,cvlface_ir101,clip,0.06,ours_accurate,512,0,,,,,
kk,cvlface_ir101,clip,0.06,ours_fast,1024,0,,,,,
kk,cvlface_ir101,clip,0.06,ours_fast,512,0,,,,,
kk,cvlface_ir101,clip,0.06,jpeg_ai,1024,0,,,,,
kk,cvlface_ir101,clip,0.06,jpeg_ai,512,0,,,,,
kk,cvlface_ir101,clip,0.06,neural_bmshj2018,1024,0,,,,,
kk,cvlface_ir101,clip,0.06,neural_bmshj2018,512,0,,,,,
kk,cvlface_ir101,clip,0.06,neural_mbt2018_mean,1024,0,,,,,
kk,cvlface_ir101,clip,0.06,neural_mbt2018_mean,512,0,,,,,
kk,cvlface_ir101,clip,0.1,jpeg,1024,0,,,,,
kk,cvlface_ir101,clip,0.1,jpeg,512,0,,,,,
kk,cvlface_ir101,clip,0.1,jpeg2000,1024,0,,,,,
kk,cvlface_ir101,clip,0.1,jpeg2000,512,0,,,,,
kk,cvlface_ir101,clip,0.1,webp,1024,0,,,,,
kk,cvlface_ir101,clip,0.1,webp,512,0,,,,,
kk,cvlface_ir101,clip,0.1,jpeg_xl,1024,0,,,,,
kk,cvlface_ir101,clip,0.1,jpeg_xl,512,0,,,,,
kk,cvlface_ir101,clip,0.1,avif,1024,0,,,,,
kk,cvlface_ir101,clip,0.1,avif,512,0,,,,,
kk,cvlface_ir101,clip,0.1,heif,1024,0,,,,,
kk,cvlface_ir101,clip,0.1,heif,512,0,,,,,
kk,cvlface_ir101,clip,0.1,jpeg_fzt,1024,0,,,,,
kk,cvlface_ir101,clip,0.1,jpeg_fzt,512,0,,,,,
kk,cvlface_ir101,clip,0.1,ours_accurate,1024,0,,,,,
kk,cvlface_ir101,clip,0.1,ours_accurate,512,0,,,,,
kk,cvlface_ir101,clip,0.1,ours_fast,1024,0,,,,,
kk,cvlface_ir101,clip,0.1,ours_fast,512,0,,,,,
kk,cvlface_ir101,clip,0.1,jpeg_ai,1024,0,,,,,
kk,cvlface_ir101,clip,0.1,jpeg_ai,512,0,,,,,
kk,cvlface_ir101,clip,0.1,neural_bmshj2018,1024,0,,,,,
kk,cvlface_ir101,clip,0.1,neural_bmshj2018,512,0,,,,,
kk,cvlface_ir101,clip,0.1,neural_mbt2018_mean,1024,0,,,,,
kk,cvlface_ir101,clip,0.1,neural_mbt2018_mean,512,0,,,,,
kk,cvlface_ir101,liae,0.03,jpeg,1024,0,,,,,
kk,cvlface_ir101,liae,0.03,jpeg,512,0,,,,,
kk,cvlface_ir101,liae,0.03,jpeg2000,1024,0,,,,,
kk,cvlface_ir101,liae,0.03,jpeg2000,512,0,,,,,
kk,cvlface_ir101,liae,0.03,webp,1024,0,,,,,
kk,cvlface_ir101,liae,0.03,webp,512,0,,,,,
kk,cvlface_ir101,liae,0.03,jpeg_xl,1024,0,,,,,
kk,cvlface_ir101,liae,0.03,jpeg_xl,512,0,,,,,
kk,cvlface_ir101,liae,0.03,avif,1024,0,,,,,
kk,cvlface_ir101,liae,0.03,avif,512,0,,,,,
kk,cvlface_ir101,liae,0.03,heif,1024,0,,,,,
kk,cvlface_ir101,liae,0.03,heif,512,0,,,,,
kk,cvlface_ir101,liae,0.03,jpeg_fzt,1024,0,,,,,
kk,cvlface_ir101,liae,0.03,jpeg_fzt,512,0,,,,,
kk,cvlface_ir101,liae,0.03,ours_accurate,1024,0,,,,,
kk,cvlface_ir101,liae,0.03,ours_accurate,512,0,,,,,
kk,cvlface_ir101,liae,0.03,ours_fast,1024,0,,,,,
kk,cvlface_ir101,liae,0.03,ours_fast,512,0,,,,,
kk,cvlface_ir101,liae,0.03,jpeg_ai,1024,0,,,,,
kk,cvlface_ir101,liae,0.03,jpeg_ai,512,0,,,,,
kk,cvlface_ir101,liae,0.03,neural_bmshj2018,1024,0,,,,,
kk,cvlface_ir101,liae,0.03,neural_bmshj2018,512,0,,,,,
kk,cvlface_ir101,liae,0.03,neural_mbt2018_mean,1024,0,,,,,
kk,cvlface_ir101,liae,0.03,neural_mbt2018_mean,512,0,,,,,
kk,cvlface_ir101,liae,0.06,jpeg,1024,0,,,,,
kk,cvlface_ir101,liae,0.06,jpeg,512,0,,,,,
kk,cvlface_ir101,liae,0.06,jpeg2000,1024,0,,,,,
kk,cvlface_ir101,liae,0.06,jpeg2000,512,0,,,,,
kk,cvlface_ir101,liae,0.06,webp,1024,0,,,,,
kk,cvlface_ir101,liae,0.06,webp,512,0,,,,,
kk,cvlface_ir101,liae,0.06,jpeg_xl,1024,0,,,,,
kk,cvlface_ir101,liae,0.06,jpeg_xl,512,0,,,,,
kk,cvlface_ir101,liae,0.06,avif,1024,0,,,,,
kk,cvlface_ir101,liae,0.06,avif,512,0,,,,,
kk,cvlface_ir101,liae,0.06,heif,1024,0,,,,,
kk,cvlface_ir101,liae,0.06,heif,512,0,,,,,
kk,cvlface_ir101,liae,0.06,jpeg_fzt,1024,0,,,,,
kk,cvlface_ir101,liae,0.06,jpeg_fzt,512,0,,,,,
kk,cvlface_ir101,liae,0.06,ours_accurate,1024,0,,,,,
kk,cvlface_ir101,liae,0.06,ours_accurate,512,0,,,,,
kk,cvlface_ir101,liae,0.06,ours_fast,1024,0,,,,,
kk,cvlface_ir101,liae,0.06,ours_fast,512,0,,,,,
kk,cvlface_ir101,liae,0.06,jpeg_ai,1024,0,,,,,
kk,cvlface_ir101,liae,0.06,jpeg_ai,512,0,,,,,
kk,cvlface_ir101,liae,0.06,neural_bmshj2018,1024,0,,,,,
kk,cvlface_ir101,liae,0.06,neural_bmshj2018,512,0,,,,,
kk,cvlface_ir101,liae,0.06,neural_mbt2018_mean,1024,0,,,,,
kk,cvlface_ir101,liae,0.06,neural_mbt2018_mean,512,0,,,,,
kk,cvlface_ir101,liae,0.1,jpeg,1024,0,,,,,
kk,cvlface_ir101,liae,0.1,jpeg,512,0,,,,,
kk,cvlface_ir101,liae,0.1,jpeg2000,1024,0,,,,,
kk,cvlface_ir101,liae,0.1,jpeg2000,512,0,,,,,
kk,cvlface_ir101,liae,0.1,webp,1024,0,,,,,
kk,cvlface_ir101,liae,0.1,webp,512,0,,,,,
kk,cvlface_ir101,liae,0.1,jpeg_xl,1024,0,,,,,
kk,cvlface_ir101,liae,0.1,jpeg_xl,512,0,,,,,
kk,cvlface_ir101,liae,0.1,avif,1024,0,,,,,
kk,cvlface_ir101,liae,0.1,avif,512,0,,,,,
kk,cvlface_ir101,liae,0.1,heif,1024,0,,,,,
kk,cvlface_ir101,liae,0.1,heif,512,0,,,,,
kk,cvlface_ir101,liae,0.1,jpeg_fzt,1024,0,,,,,
kk,cvlface_ir101,liae,0.1,jpeg_fzt,512,0,,,,,
kk,cvlface_ir101,liae,0.1,ours_accurate,1024,0,,,,,
kk,cvlface_ir101,liae,0.1,ours_accurate,512,0,,,,,
kk,cvlface_ir101,liae,0.1,ours_fast,1024,0,,,,,
kk,cvlface_ir101,liae,0.1,ours_fast,512,0,,,,,
kk,cvlface_ir101,liae,0.1,jpeg_ai,1024,0,,,,,
kk,cvlface_ir101,liae,0.1,jpeg_ai,512,0,,,,,
kk,cvlface_ir101,liae,0.1,neural_bmshj2018,1024,0,,,,,
kk,cvlface_ir101,liae,0.1,neural_bmshj2018,512,0,,,,,
kk,cvlface_ir101,liae,0.1,neural_mbt2018_mean,1024,0,,,,,
kk,cvlface_ir101,liae,0.1,neural_mbt2018_mean,512,0,,,,,
kk,cvlface_vit_b,hfc,0.03,jpeg,1024,0,,,,,
kk,cvlface_vit_b,hfc,0.03,jpeg,512,0,,,,,
kk,cvlface_vit_b,hfc,0.03,jpeg2000,1024,0,,,,,
kk,cvlface_vit_b,hfc,0.03,jpeg2000,512,0,,,,,
kk,cvlface_vit_b,hfc,0.03,webp,1024,0,,,,,
kk,cvlface_vit_b,hfc,0.03,webp,512,0,,,,,
kk,cvlface_vit_b,hfc,0.03,jpeg_xl,1024,0,,,,,
kk,cvlface_vit_b,hfc,0.03,jpeg_xl,512,0,,,,,
kk,cvlface_vit_b,hfc,0.03,avif,1024,0,,,,,
kk,cvlface_vit_b,hfc,0.03,avif,512,0,,,,,
kk,cvlface_vit_b,hfc,0.03,heif,1024,0,,,,,
kk,cvlface_vit_b,hfc,0.03,heif,512,0,,,,,
kk,cvlface_vit_b,hfc,0.03,jpeg_fzt,1024,0,,,,,
kk,cvlface_vit_b,hfc,0.03,jpeg_fzt,512,0,,,,,
kk,cvlface_vit_b,hfc,0.03,ours_accurate,1024,0,,,,,
kk,cvlface_vit_b,hfc,0.03,ours_accurate,512,0,,,,,
kk,cvlface_vit_b,hfc,0.03,ours_fast,1024,0,,,,,
kk,cvlface_vit_b,hfc,0.03,ours_fast,512,0,,,,,
kk,cvlface_vit_b,hfc,0.03,jpeg_ai,1024,0,,,,,
kk,cvlface_vit_b,hfc,0.03,jpeg_ai,512,0,,,,,
kk,cvlface_vit_b,hfc,0.03,neural_bmshj2018,1024,0,,,,,
kk,cvlface_vit_b,hfc,0.03,neural_bmshj2018,512,0,,,,,
kk,cvlface_vit_b,hfc,0.03,neural_mbt2018_mean,1024,0,,,,,
kk,cvlface_vit_b,hfc,0.03,neural_mbt2018_mean,512,0,,,,,
kk,cvlface_vit_b,hfc,0.06,jpeg,1024,0,,,,,
kk,cvlface_vit_b,hfc,0.06,jpeg,512,0,,,,,
kk,cvlface_vit_b,hfc,0.06,jpeg2000,1024,0,,,,,
kk,cvlface_vit_b,hfc,0.06,jpeg2000,512,0,,,,,
kk,cvlface_vit_b,hfc,0.06,webp,1024,0,,,,,
kk,cvlface_vit_b,hfc,0.06,webp,512,0,,,,,
kk,cvlface_vit_b,hfc,0.06,jpeg_xl,1024,0,,,,,
kk,cvlface_vit_b,hfc,0.06,jpeg_xl,512,0,,,,,
kk,cvlface_vit_b,hfc,0.06,avif,1024,0,,,,,
kk,cvlface_vit_b,hfc,0.06,avif,512,0,,,,,
kk,cvlface_vit_b,hfc,0.06,heif,1024,0,,,,,
kk,cvlface_vit_b,hfc,0.06,heif,512,0,,,,,
kk,cvlface_vit_b,hfc,0.06,jpeg_fzt,1024,0,,,,,
kk,cvlface_vit_b,hfc,0.06,jpeg_fzt,512,0,,,,,
kk,cvlface_vit_b,hfc,0.06,ours_accurate,1024,0,,,,,
kk,cvlface_vit_b,hfc,0.06,ours_accurate,512,0,,,,,
kk,cvlface_vit_b,hfc,0.06,ours_fast,1024,0,,,,,
kk,cvlface_vit_b,hfc,0.06,ours_fast,512,0,,,,,
kk,cvlface_vit_b,hfc,0.06,jpeg_ai,1024,0,,,,,
kk,cvlface_vit_b,hfc,0.06,jpeg_ai,512,0,,,,,
kk,cvlface_vit_b,hfc,0.06,neural_bmshj2018,1024,0,,,,,
kk,cvlface_vit_b,hfc,0.06,neural_bmshj2018,512,0,,,,,
kk,cvlface_vit_b,hfc,0.06,neural_mbt2018_mean,1024,0,,,,,
kk,cvlface_vit_b,hfc,0.06,neural_mbt2018_mean,512,0,,,,,
kk,cvlface_vit_b,hfc,0.1,jpeg,1024,0,,,,,
kk,cvlface_vit_b,hfc,0.1,jpeg,512,0,,,,,
kk,cvlface_vit_b,hfc,0.1,jpeg2000,1024,0,,,,,
kk,cvlface_vit_b,hfc,0.1,jpeg2000,512,0,,,,,
kk,cvlface_vit_b,hfc,0.1,webp,1024,0,,,,,
kk,cvlface_vit_b,hfc,0.1,webp,512,0,,,,,
kk,cvlface_vit_b,hfc,0.1,jpeg_xl,1024,0,,,,,
kk,cvlface_vit_b,hfc,0.1,jpeg_xl,512,0,,,,,
kk,cvlface_vit_b,hfc,0.1,avif,1024,0,,,,,
kk,cvlface_vit_b,hfc,0.1,avif,512,0,,,,,
kk,cvlface_vit_b,hfc,0.1,heif,1024,0,,,,,
kk,cvlface_vit_b,hfc,0.1,heif,512,0,,,,,
kk,cvlface_vit_b,hfc,0.1,jpeg_fzt,1024,0,,,,,
kk,cvlface_vit_b,hfc,0.1,jpeg_fzt,512,0,,,,,
kk,cvlface_vit_b,hfc,0.1,ours_accurate,1024,0,,,,,
kk,cvlface_vit_b,hfc,0.1,ours_accurate,512,0,,,,,
kk,cvlface_vit_b,hfc,0.1,ours_fast,1024,0,,,,,
kk,cvlface_vit_b,hfc,0.1,ours_fast,512,0,,,,,
kk,cvlface_vit_b,hfc,0.1,jpeg_ai,1024,0,,,,,
kk,cvlface_vit_b,hfc,0.1,jpeg_ai,512,0,,,,,
kk,cvlface_vit_b,hfc,0.1,neural_bmshj2018,1024,0,,,,,
kk,cvlface_vit_b,hfc,0.1,neural_bmshj2018,512,0,,,,,
kk,cvlface_vit_b,hfc,0.1,neural_mbt2018_mean,1024,0,,,,,
kk,cvlface_vit_b,hfc,0.1,neural_mbt2018_mean,512,0,,,,,
kk,cvlface_vit_b,clip,0.03,jpeg,1024,0,,,,,
kk,cvlface_vit_b,clip,0.03,jpeg,512,0,,,,,
kk,cvlface_vit_b,clip,0.03,jpeg2000,1024,0,,,,,
kk,cvlface_vit_b,clip,0.03,jpeg2000,512,0,,,,,
kk,cvlface_vit_b,clip,0.03,webp,1024,0,,,,,
kk,cvlface_vit_b,clip,0.03,webp,512,0,,,,,
kk,cvlface_vit_b,clip,0.03,jpeg_xl,1024,0,,,,,
kk,cvlface_vit_b,clip,0.03,jpeg_xl,512,0,,,,,
kk,cvlface_vit_b,clip,0.03,avif,1024,0,,,,,
kk,cvlface_vit_b,clip,0.03,avif,512,0,,,,,
kk,cvlface_vit_b,clip,0.03,heif,1024,0,,,,,
kk,cvlface_vit_b,clip,0.03,heif,512,0,,,,,
kk,cvlface_vit_b,clip,0.03,jpeg_fzt,1024,0,,,,,
kk,cvlface_vit_b,clip,0.03,jpeg_fzt,512,0,,,,,
kk,cvlface_vit_b,clip,0.03,ours_accurate,1024,0,,,,,
kk,cvlface_vit_b,clip,0.03,ours_accurate,512,0,,,,,
kk,cvlface_vit_b,clip,0.03,ours_fast,1024,0,,,,,
kk,cvlface_vit_b,clip,0.03,ours_fast,512,0,,,,,
kk,cvlface_vit_b,clip,0.03,jpeg_ai,1024,0,,,,,
kk,cvlface_vit_b,clip,0.03,jpeg_ai,512,0,,,,,
kk,cvlface_vit_b,clip,0.03,neural_bmshj2018,1024,0,,,,,
kk,cvlface_vit_b,clip,0.03,neural_bmshj2018,512,0,,,,,
kk,cvlface_vit_b,clip,0.03,neural_mbt2018_mean,1024,0,,,,,
kk,cvlface_vit_b,clip,0.03,neural_mbt2018_mean,512,0,,,,,
kk,cvlface_vit_b,clip,0.06,jpeg,1024,0,,,,,
kk,cvlface_vit_b,clip,0.06,jpeg,512,0,,,,,
kk,cvlface_vit_b,clip,0.06,jpeg2000,1024,0,,,,,
kk,cvlface_vit_b,clip,0.06,jpeg2000,512,0,,,,,
kk,cvlface_vit_b,clip,0.06,webp,1024,0,,,,,
kk,cvlface_vit_b,clip,0.06,webp,512,0,,,,,
kk,cvlface_vit_b,clip,0.06,jpeg_xl,1024,0,,,,,
kk,cvlface_vit_b,clip,0.06,jpeg_xl,512,0,,,,,
kk,cvlface_vit_b,clip,0.06,avif,1024,0,,,,,
kk,cvlface_vit_b,clip,0.06,avif,512,0,,,,,
kk,cvlface_vit_b,clip,0.06,heif,1024,0,,,,,
kk,cvlface_vit_b,clip,0.06,heif,512,0,,,,,
kk,cvlface_vit_b,clip,0.06,jpeg_fzt,1024,0,,,,,
kk,cvlface_vit_b,clip,0.06,jpeg_fzt,512,0,,,,,
kk,cvlface_vit_b,clip,0.06,ours_accurate,1024,0,,,,,
kk,cvlface_vit_b,clip,0.06,ours_accurate,512,0,,,,,
kk,cvlface_vit_b,clip,0.06,ours_fast,1024,0,,,,,
kk,cvlface_vit_b,clip,0.06,ours_fast,512,0,,,,,
kk,cvlface_vit_b,clip,0.06,jpeg_ai,1024,0,,,,,
kk,cvlface_vit_b,clip,0.06,jpeg_ai,512,0,,,,,
kk,cvlface_vit_b,clip,0.06,neural_bmshj2018,1024,0,,,,,
kk,cvlface_vit_b,clip,0.06,neural_bmshj2018,512,0,,,,,
kk,cvlface_vit_b,clip,0.06,neural_mbt2018_mean,1024,0,,,,,
kk,cvlface_vit_b,clip,0.06,neural_mbt2018_mean,512,0,,,,,
kk,cvlface_vit_b,clip,0.1,jpeg,1024,0,,,,,
kk,cvlface_vit_b,clip,0.1,jpeg,512,0,,,,,
kk,cvlface_vit_b,clip,0.1,jpeg2000,1024,0,,,,,
kk,cvlface_vit_b,clip,0.1,jpeg2000,512,0,,,,,
kk,cvlface_vit_b,clip,0.1,webp,1024,0,,,,,
kk,cvlface_vit_b,clip,0.1,webp,512,0,,,,,
kk,cvlface_vit_b,clip,0.1,jpeg_xl,1024,0,,,,,
kk,cvlface_vit_b,clip,0.1,jpeg_xl,512,0,,,,,
kk,cvlface_vit_b,clip,0.1,avif,1024,0,,,,,
kk,cvlface_vit_b,clip,0.1,avif,512,0,,,,,
kk,cvlface_vit_b,clip,0.1,heif,1024,0,,,,,
kk,cvlface_vit_b,clip,0.1,heif,512,0,,,,,
kk,cvlface_vit_b,clip,0.1,jpeg_fzt,1024,0,,,,,
kk,cvlface_vit_b,clip,0.1,jpeg_fzt,512,0,,,,,
kk,cvlface_vit_b,clip,0.1,ours_accurate,1024,0,,,,,
kk,cvlface_vit_b,clip,0.1,ours_accurate,512,0,,,,,
kk,cvlface_vit_b,clip,0.1,ours_fast,1024,0,,,,,
kk,cvlface_vit_b,clip,0.1,ours_fast,512,0,,,,,
kk,cvlface_vit_b,clip,0.1,jpeg_ai,1024,0,,,,,
kk,cvlface_vit_b,clip,0.1,jpeg_ai,512,0,,,,,
kk,cvlface_vit_b,clip,0.1,neural_bmshj2018,1024,0,,,,,
kk,cvlface_vit_b,clip,0.1,neural_bmshj2018,512,0,,,,,
kk,cvlface_vit_b,clip,0.1,neural_mbt2018_mean,1024,0,,,,,
kk,cvlface_vit_b,clip,0.1,neural_mbt2018_mean,512,0,,,,,
kk,cvlface_vit_b,liae,0.03,jpeg,1024,0,,,,,
kk,cvlface_vit_b,liae,0.03,jpeg,512,0,,,,,
kk,cvlface_vit_b,liae,0.03,jpeg2000,1024,0,,,,,
kk,cvlface_vit_b,liae,0.03,jpeg2000,512,0,,,,,
kk,cvlface_vit_b,liae,0.03,webp,1024,0,,,,,
kk,cvlface_vit_b,liae,0.03,webp,512,0,,,,,
kk,cvlface_vit_b,liae,0.03,jpeg_xl,1024,0,,,,,
kk,cvlface_vit_b,liae,0.03,jpeg_xl,512,0,,,,,
kk,cvlface_vit_b,liae,0.03,avif,1024,0,,,,,
kk,cvlface_vit_b,liae,0.03,avif,512,0,,,,,
kk,cvlface_vit_b,liae,0.03,heif,1024,0,,,,,
kk,cvlface_vit_b,liae,0.03,heif,512,0,,,,,
kk,cvlface_vit_b,liae,0.03,jpeg_fzt,1024,0,,,,,
kk,cvlface_vit_b,liae,0.03,jpeg_fzt,512,0,,,,,
kk,cvlface_vit_b,liae,0.03,ours_accurate,1024,0,,,,,
kk,cvlface_vit_b,liae,0.03,ours_accurate,512,0,,,,,
kk,cvlface_vit_b,liae,0.03,ours_fast,1024,0,,,,,
kk,cvlface_vit_b,liae,0.03,ours_fast,512,0,,,,,
kk,cvlface_vit_b,liae,0.03,jpeg_ai,1024,0,,,,,
kk,cvlface_vit_b,liae,0.03,jpeg_ai,512,0,,,,,
kk,cvlface_vit_b,liae,0.03,neural_bmshj2018,1024,0,,,,,
kk,cvlface_vit_b,liae,0.03,neural_bmshj2018,512,0,,,,,
kk,cvlface_vit_b,liae,0.03,neural_mbt2018_mean,1024,0,,,,,
kk,cvlface_vit_b,liae,0.03,neural_mbt2018_mean,512,0,,,,,
kk,cvlface_vit_b,liae,0.06,jpeg,1024,0,,,,,
kk,cvlface_vit_b,liae,0.06,jpeg,512,0,,,,,
kk,cvlface_vit_b,liae,0.06,jpeg2000,1024,0,,,,,
kk,cvlface_vit_b,liae,0.06,jpeg2000,512,0,,,,,
kk,cvlface_vit_b,liae,0.06,webp,1024,0,,,,,
kk,cvlface_vit_b,liae,0.06,webp,512,0,,,,,
kk,cvlface_vit_b,liae,0.06,jpeg_xl,1024,0,,,,,
kk,cvlface_vit_b,liae,0.06,jpeg_xl,512,0,,,,,
kk,cvlface_vit_b,liae,0.06,avif,1024,0,,,,,
kk,cvlface_vit_b,liae,0.06,avif,512,0,,,,,
kk,cvlface_vit_b,liae,0.06,heif,1024,0,,,,,
kk,cvlface_vit_b,liae,0.06,heif,512,0,,,,,
kk,cvlface_vit_b,liae,0.06,jpeg_fzt,1024,0,,,,,
kk,cvlface_vit_b,liae,0.06,jpeg_fzt,512,0,,,,,
kk,cvlface_vit_b,liae,0.06,ours_accurate,1024,0,,,,,
kk,cvlface_vit_b,liae,0.06,ours_accurate,512,0,,,,,
kk,cvlface_vit_b,liae,0.06,ours_fast,1024,0,,,,,
kk,cvlface_vit_b,liae,0.06,ours_fast,512,0,,,,,
kk,cvlface_vit_b,liae,0.06,jpeg_ai,1024,0,,,,,
kk,cvlface_vit_b,liae,0.06,jpeg_ai,512,0,,,,,
kk,cvlface_vit_b,liae,0.06,neural_bmshj2018,1024,0,,,,,
kk,cvlface_vit_b,liae,0.06,neural_bmshj2018,512,0,,,,,
kk,cvlface_vit_b,liae,0.06,neural_mbt2018_mean,1024,0,,,,,
kk,cvlface_vit_b,liae,0.06,neural_mbt2018_mean,512,0,,,,,
kk,cvlface_vit_b,liae,0.1,jpeg,1024,0,,,,,
kk,cvlface_vit_b,liae,0.1,jpeg,512,0,,,,,
kk,cvlface_vit_b,liae,0.1,jpeg2000,1024,0,,,,,
kk,cvlface_vit_b,liae,0.1,jpeg2000,512,0,,,,,
kk,cvlface_vit_b,liae,0.1,webp,1024,0,,,,,
kk,cvlface_vit_b,liae,0.1,webp,512,0,,,,,
kk,cvlface_vit_b,liae,0.1,jpeg_xl,1024,0,,,,,
kk,cvlface_vit_b,liae,0.1,jpeg_xl,512,0,,,,,
kk,cvlface_vit_b,liae,0.1,avif,1024,0,,,,,
kk,cvlface_vit_b,liae,0.1,avif,512,0,,,,,
kk,cvlface_vit_b,liae,0.1,heif,1024,0,,,,,
kk,cvlface_vit_b,liae,0.1,heif,512,0,,,,,
kk,cvlface_vit_b,liae,0.1,jpeg_fzt,1024,0,,,,,
kk,cvlface_vit_b,liae,0.1,jpeg_fzt,512,0,,,,,
kk,cvlface_vit_b,liae,0.1,ours_accurate,1024,0,,,,,
kk,cvlface_vit_b,liae,0.1,ours_accurate,512,0,,,,,
kk,cvlface_vit_b,liae,0.1,ours_fast,1024,0,,,,,
kk,cvlface_vit_b,liae,0.1,ours_fast,512,0,,,,,
kk,cvlface_vit_b,liae,0.1,jpeg_ai,1024,0,,,,,
kk,cvlface_vit_b,liae,0.1,jpeg_ai,512,0,,,,,
kk,cvlface_vit_b,liae,0.1,neural_bmshj2018,1024,0,,,,,
kk,cvlface_vit_b,liae,0.1,neural_bmshj2018,512,0,,,,,
kk,cvlface_vit_b,liae,0.1,neural_mbt2018_mean,1024,0,,,,,
kk,cvlface_vit_b,liae,0.1,neural_mbt2018_mean,512,0,,,,,
kk,edgeface_base,hfc,0.03,jpeg,1024,0,,,,,
kk,edgeface_base,hfc,0.03,jpeg,512,0,,,,,
kk,edgeface_base,hfc,0.03,jpeg2000,1024,0,,,,,
kk,edgeface_base,hfc,0.03,jpeg2000,512,0,,,,,
kk,edgeface_base,hfc,0.03,webp,1024,0,,,,,
kk,edgeface_base,hfc,0.03,webp,512,0,,,,,
kk,edgeface_base,hfc,0.03,jpeg_xl,1024,0,,,,,
kk,edgeface_base,hfc,0.03,jpeg_xl,512,0,,,,,
kk,edgeface_base,hfc,0.03,avif,1024,0,,,,,
kk,edgeface_base,hfc,0.03,avif,512,0,,,,,
kk,edgeface_base,hfc,0.03,heif,1024,0,,,,,
kk,edgeface_base,hfc,0.03,heif,512,0,,,,,
kk,edgeface_base,hfc,0.03,jpeg_fzt,1024,0,,,,,
kk,edgeface_base,hfc,0.03,jpeg_fzt,512,0,,,,,
kk,edgeface_base,hfc,0.03,ours_accurate,1024,0,,,,,
kk,edgeface_base,hfc,0.03,ours_accurate,512,0,,,,,
kk,edgeface_base,hfc,0.03,ours_fast,1024,0,,,,,
kk,edgeface_base,hfc,0.03,ours_fast,512,0,,,,,
kk,edgeface_base,hfc,0.03,jpeg_ai,1024,0,,,,,
kk,edgeface_base,hfc,0.03,jpeg_ai,512,0,,,,,
kk,edgeface_base,hfc,0.03,neural_bmshj2018,1024,0,,,,,
kk,edgeface_base,hfc,0.03,neural_bmshj2018,512,0,,,,,
kk,edgeface_base,hfc,0.03,neural_mbt2018_mean,1024,0,,,,,
kk,edgeface_base,hfc,0.03,neural_mbt2018_mean,512,0,,,,,
kk,edgeface_base,hfc,0.06,jpeg,1024,0,,,,,
kk,edgeface_base,hfc,0.06,jpeg,512,0,,,,,
kk,edgeface_base,hfc,0.06,jpeg2000,1024,0,,,,,
kk,edgeface_base,hfc,0.06,jpeg2000,512,0,,,,,
kk,edgeface_base,hfc,0.06,webp,1024,0,,,,,
kk,edgeface_base,hfc,0.06,webp,512,0,,,,,
kk,edgeface_base,hfc,0.06,jpeg_xl,1024,0,,,,,
kk,edgeface_base,hfc,0.06,jpeg_xl,512,0,,,,,
kk,edgeface_base,hfc,0.06,avif,1024,0,,,,,
kk,edgeface_base,hfc,0.06,avif,512,0,,,,,
kk,edgeface_base,hfc,0.06,heif,1024,0,,,,,
kk,edgeface_base,hfc,0.06,heif,512,0,,,,,
kk,edgeface_base,hfc,0.06,jpeg_fzt,1024,0,,,,,
kk,edgeface_base,hfc,0.06,jpeg_fzt,512,0,,,,,
kk,edgeface_base,hfc,0.06,ours_accurate,1024,0,,,,,
kk,edgeface_base,hfc,0.06,ours_accurate,512,0,,,,,
kk,edgeface_base,hfc,0.06,ours_fast,1024,0,,,,,
kk,edgeface_base,hfc,0.06,ours_fast,512,0,,,,,
kk,edgeface_base,hfc,0.06,jpeg_ai,1024,0,,,,,
kk,edgeface_base,hfc,0.06,jpeg_ai,512,0,,,,,
kk,edgeface_base,hfc,0.06,neural_bmshj2018,1024,0,,,,,
kk,edgeface_base,hfc,0.06,neural_bmshj2018,512,0,,,,,
kk,edgeface_base,hfc,0.06,neural_mbt2018_mean,1024,0,,,,,
kk,edgeface_base,hfc,0.06,neural_mbt2018_mean,512,0,,,,,
kk,edgeface_base,hfc,0.1,jpeg,1024,0,,,,,
kk,edgeface_base,hfc,0.1,jpeg,512,0,,,,,
kk,edgeface_base,hfc,0.1,jpeg2000,1024,0,,,,,
kk,edgeface_base,hfc,0.1,jpeg2000,512,0,,,,,
kk,edgeface_base,hfc,0.1,webp,1024,0,,,,,
kk,edgeface_base,hfc,0.1,webp,512,0,,,,,
kk,edgeface_base,hfc,0.1,jpeg_xl,1024,0,,,,,
kk,edgeface_base,hfc,0.1,jpeg_xl,512,0,,,,,
kk,edgeface_base,hfc,0.1,avif,1024,0,,,,,
kk,edgeface_base,hfc,0.1,avif,512,0,,,,,
kk,edgeface_base,hfc,0.1,heif,1024,0,,,,,
kk,edgeface_base,hfc,0.1,heif,512,0,,,,,
kk,edgeface_base,hfc,0.1,jpeg_fzt,1024,0,,,,,
kk,edgeface_base,hfc,0.1,jpeg_fzt,512,0,,,,,
kk,edgeface_base,hfc,0.1,ours_accurate,1024,0,,,,,
kk,edgeface_base,hfc,0.1,ours_accurate,512,0,,,,,
kk,edgeface_base,hfc,0.1,ours_fast,1024,0,,,,,
kk,edgeface_base,hfc,0.1,ours_fast,512,0,,,,,
kk,edgeface_base,hfc,0.1,jpeg_ai,1024,0,,,,,
kk,edgeface_base,hfc,0.1,jpeg_ai,512,0,,,,,
kk,edgeface_base,hfc,0.1,neural_bmshj2018,1024,0,,,,,
kk,edgeface_base,hfc,0.1,neural_bmshj2018,512,0,,,,,
kk,edgeface_base,hfc,0.1,neural_mbt2018_mean,1024,0,,,,,
kk,edgeface_base,hfc,0.1,neural_mbt2018_mean,512,0,,,,,
kk,edgeface_base,clip,0.03,jpeg,1024,0,,,,,
kk,edgeface_base,clip,0.03,jpeg,512,0,,,,,
kk,edgeface_base,clip,0.03,jpeg2000,1024,0,,,,,
kk,edgeface_base,clip,0.03,jpeg2000,512,0,,,,,
kk,edgeface_base,clip,0.03,webp,1024,0,,,,,
kk,edgeface_base,clip,0.03,webp,512,0,,,,,
kk,edgeface_base,clip,0.03,jpeg_xl,1024,0,,,,,
kk,edgeface_base,clip,0.03,jpeg_xl,512,0,,,,,
kk,edgeface_base,clip,0.03,avif,1024,0,,,,,
kk,edgeface_base,clip,0.03,avif,512,0,,,,,
kk,edgeface_base,clip,0.03,heif,1024,0,,,,,
kk,edgeface_base,clip,0.03,heif,512,0,,,,,
kk,edgeface_base,clip,0.03,jpeg_fzt,1024,0,,,,,
kk,edgeface_base,clip,0.03,jpeg_fzt,512,0,,,,,
kk,edgeface_base,clip,0.03,ours_accurate,1024,0,,,,,
kk,edgeface_base,clip,0.03,ours_accurate,512,0,,,,,
kk,edgeface_base,clip,0.03,ours_fast,1024,0,,,,,
kk,edgeface_base,clip,0.03,ours_fast,512,0,,,,,
kk,edgeface_base,clip,0.03,jpeg_ai,1024,0,,,,,
kk,edgeface_base,clip,0.03,jpeg_ai,512,0,,,,,
kk,edgeface_base,clip,0.03,neural_bmshj2018,1024,0,,,,,
kk,edgeface_base,clip,0.03,neural_bmshj2018,512,0,,,,,
kk,edgeface_base,clip,0.03,neural_mbt2018_mean,1024,0,,,,,
kk,edgeface_base,clip,0.03,neural_mbt2018_mean,512,0,,,,,
kk,edgeface_base,clip,0.06,jpeg,1024,0,,,,,
kk,edgeface_base,clip,0.06,jpeg,512,0,,,,,
kk,edgeface_base,clip,0.06,jpeg2000,1024,0,,,,,
kk,edgeface_base,clip,0.06,jpeg2000,512,0,,,,,
kk,edgeface_base,clip,0.06,webp,1024,0,,,,,
kk,edgeface_base,clip,0.06,webp,512,0,,,,,
kk,edgeface_base,clip,0.06,jpeg_xl,1024,0,,,,,
kk,edgeface_base,clip,0.06,jpeg_xl,512,0,,,,,
kk,edgeface_base,clip,0.06,avif,1024,0,,,,,
kk,edgeface_base,clip,0.06,avif,512,0,,,,,
kk,edgeface_base,clip,0.06,heif,1024,0,,,,,
kk,edgeface_base,clip,0.06,heif,512,0,,,,,
kk,edgeface_base,clip,0.06,jpeg_fzt,1024,0,,,,,
kk,edgeface_base,clip,0.06,jpeg_fzt,512,0,,,,,
kk,edgeface_base,clip,0.06,ours_accurate,1024,0,,,,,
kk,edgeface_base,clip,0.06,ours_accurate,512,0,,,,,
kk,edgeface_base,clip,0.06,ours_fast,1024,0,,,,,
kk,edgeface_base,clip,0.06,ours_fast,512,0,,,,,
kk,edgeface_base,clip,0.06,jpeg_ai,1024,0,,,,,
kk,edgeface_base,clip,0.06,jpeg_ai,512,0,,,,,
kk,edgeface_base,clip,0.06,neural_bmshj2018,1024,0,,,,,
kk,edgeface_base,clip,0.06,neural_bmshj2018,512,0,,,,,
kk,edgeface_base,clip,0.06,neural_mbt2018_mean,1024,0,,,,,
kk,edgeface_base,clip,0.06,neural_mbt2018_mean,512,0,,,,,
kk,edgeface_base,clip,0.1,jpeg,1024,0,,,,,
kk,edgeface_base,clip,0.1,jpeg,512,0,,,,,
kk,edgeface_base,clip,0.1,jpeg2000,1024,0,,,,,
kk,edgeface_base,clip,0.1,jpeg2000,512,0,,,,,
kk,edgeface_base,clip,0.1,webp,1024,0,,,,,
kk,edgeface_base,clip,0.1,webp,512,0,,,,,
kk,edgeface_base,clip,0.1,jpeg_xl,1024,0,,,,,
kk,edgeface_base,clip,0.1,jpeg_xl,512,0,,,,,
kk,edgeface_base,clip,0.1,avif,1024,0,,,,,
kk,edgeface_base,clip,0.1,avif,512,0,,,,,
kk,edgeface_base,clip,0.1,heif,1024,0,,,,,
kk,edgeface_base,clip,0.1,heif,512,0,,,,,
kk,edgeface_base,clip,0.1,jpeg_fzt,1024,0,,,,,
kk,edgeface_base,clip,0.1,jpeg_fzt,512,0,,,,,
kk,edgeface_base,clip,0.1,ours_accurate,1024,0,,,,,
kk,edgeface_base,clip,0.1,ours_accurate,512,0,,,,,
kk,edgeface_base,clip,0.1,ours_fast,1024,0,,,,,
kk,edgeface_base,clip,0.1,ours_fast,512,0,,,,,
kk,edgeface_base,clip,0.1,jpeg_ai,1024,0,,,,,
kk,edgeface_base,clip,0.1,jpeg_ai,512,0,,,,,
kk,edgeface_base,clip,0.1,neural_bmshj2018,1024,0,,,,,
kk,edgeface_base,clip,0.1,neural_bmshj2018,512,0,,,,,
kk,edgeface_base,clip,0.1,neural_mbt2018_mean,1024,0,,,,,
kk,edgeface_base,clip,0.1,neural_mbt2018_mean,512,0,,,,,
kk,edgeface_base,liae,0.03,jpeg,1024,0,,,,,
kk,edgeface_base,liae,0.03,jpeg,512,0,,,,,
kk,edgeface_base,liae,0.03,jpeg2000,1024,0,,,,,
kk,edgeface_base,liae,0.03,jpeg2000,512,0,,,,,
kk,edgeface_base,liae,0.03,webp,1024,0,,,,,
kk,edgeface_base,liae,0.03,webp,512,0,,,,,
kk,edgeface_base,liae,0.03,jpeg_xl,1024,0,,,,,
kk,edgeface_base,liae,0.03,jpeg_xl,512,0,,,,,
kk,edgeface_base,liae,0.03,avif,1024,0,,,,,
kk,edgeface_base,liae,0.03,avif,512,0,,,,,
kk,edgeface_base,liae,0.03,heif,1024,0,,,,,
kk,edgeface_base,liae,0.03,heif,512,0,,,,,
kk,edgeface_base,liae,0.03,jpeg_fzt,1024,0,,,,,
kk,edgeface_base,liae,0.03,jpeg_fzt,512,0,,,,,
kk,edgeface_base,liae,0.03,ours_accurate,1024,0,,,,,
kk,edgeface_base,liae,0.03,ours_accurate,512,0,,,,,
kk,edgeface_base,liae,0.03,ours_fast,1024,0,,,,,
kk,edgeface_base,liae,0.03,ours_fast,512,0,,,,,
kk,edgeface_base,liae,0.03,jpeg_ai,1024,0,,,,,
kk,edgeface_base,liae,0.03,jpeg_ai,512,0,,,,,
kk,edgeface_base,liae,0.03,neural_bmshj2018,1024,0,,,,,
kk,edgeface_base,liae,0.03,neural_bmshj2018,512,0,,,,,
kk,edgeface_base,liae,0.03,neural_mbt2018_mean,1024,0,,,,,
kk,edgeface_base,liae,0.03,neural_mbt2018_mean,512,0,,,,,
kk,edgeface_base,liae,0.06,jpeg,1024,0,,,,,
kk,edgeface_base,liae,0.06,jpeg,512,0,,,,,
kk,edgeface_base,liae,0.06,jpeg2000,1024,0,,,,,
kk,edgeface_base,liae,0.06,jpeg2000,512,0,,,,,
kk,edgeface_base,liae,0.06,webp,1024,0,,,,,
kk,edgeface_base,liae,0.06,webp,512,0,,,,,
kk,edgeface_base,liae,0.06,jpeg_xl,1024,0,,,,,
kk,edgeface_base,liae,0.06,jpeg_xl,512,0,,,,,
kk,edgeface_base,liae,0.06,avif,1024,0,,,,,
kk,edgeface_base,liae,0.06,avif,512,0,,,,,
kk,edgeface_base,liae,0.06,heif,1024,0,,,,,
kk,edgeface_base,liae,0.06,heif,512,0,,,,,
kk,edgeface_base,liae,0.06,jpeg_fzt,1024,0,,,,,
kk,edgeface_base,liae,0.06,jpeg_fzt,512,0,,,,,
kk,edgeface_base,liae,0.06,ours_accurate,1024,0,,,,,
kk,edgeface_base,liae,0.06,ours_accurate,512,0,,,,,
kk,edgeface_base,liae,0.06,ours_fast,1024,0,,,,,
kk,edgeface_base,liae,0.06,ours_fast,512,0,,,,,
kk,edgeface_base,liae,0.06,jpeg_ai,1024,0,,,,,
kk,edgeface_base,liae,0.06,jpeg_ai,512,0,,,,,
kk,edgeface_base,liae,0.06,neural_bmshj2018,1024,0,,,,,
kk,edgeface_base,liae,0.06,neural_bmshj2018,512,0,,,,,
kk,edgeface_base,liae,0.06,neural_mbt2018_mean,1024,0,,,,,
kk,edgeface_base,liae,0.06,neural_mbt2018_mean,512,0,,,,,
kk,edgeface_base,liae,0.1,jpeg,1024,0,,,,,
kk,edgeface_base,liae,0.1,jpeg,512,0,,,,,
kk,edgeface_base,liae,0.1,jpeg2000,1024,0,,,,,
kk,edgeface_base,liae,0.1,jpeg2000,512,0,,,,,
kk,edgeface_base,liae,0.1,webp,1024,0,,,,,
kk,edgeface_base,liae,0.1,webp,512,0,,,,,
kk,edgeface_base,liae,0.1,jpeg_xl,1024,0,,,,,
kk,edgeface_base,liae,0.1,jpeg_xl,512,0,,,,,
kk,edgeface_base,liae,0.1,avif,1024,0,,,,,
kk,edgeface_base,liae,0.1,avif,512,0,,,,,
kk,edgeface_base,liae,0.1,heif,1024,0,,,,,
kk,edgeface_base,liae,0.1,heif,512,0,,,,,
kk,edgeface_base,liae,0.1,jpeg_fzt,1024,0,,,,,
kk,edgeface_base,liae,0.1,jpeg_fzt,512,0,,,,,
kk,edgeface_base,liae,0.1,ours_accurate,1024,0,,,,,
kk,edgeface_base,liae,0.1,ours_accurate,512,0,,,,,
kk,edgeface_base,liae,0.1,ours_fast,1024,0,,,,,
kk,edgeface_base,liae,0.1,ours_fast,512,0,,,,,
kk,edgeface_base,liae,0.1,jpeg_ai,1024,0,,,,,
kk,edgeface_base,liae,0.1,jpeg_ai,512,0,,,,,
kk,edgeface_base,liae,0.1,neural_bmshj2018,1024,0,,,,,
kk,edgeface_base,liae,0.1,neural_bmshj2018,512,0,,,,,
kk,edgeface_base,liae,0.1,neural_mbt2018_mean,1024,0,,,,,
kk,edgeface_base,liae,0.1,neural_mbt2018_mean,512,0,,,,,
kk,edgeface_s,hfc,0.03,jpeg,1024,0,,,,,
kk,edgeface_s,hfc,0.03,jpeg,512,0,,,,,
kk,edgeface_s,hfc,0.03,jpeg2000,1024,0,,,,,
kk,edgeface_s,hfc,0.03,jpeg2000,512,0,,,,,
kk,edgeface_s,hfc,0.03,webp,1024,0,,,,,
kk,edgeface_s,hfc,0.03,webp,512,0,,,,,
kk,edgeface_s,hfc,0.03,jpeg_xl,1024,0,,,,,
kk,edgeface_s,hfc,0.03,jpeg_xl,512,0,,,,,
kk,edgeface_s,hfc,0.03,avif,1024,0,,,,,
kk,edgeface_s,hfc,0.03,avif,512,0,,,,,
kk,edgeface_s,hfc,0.03,heif,1024,0,,,,,
kk,edgeface_s,hfc,0.03,heif,512,0,,,,,
kk,edgeface_s,hfc,0.03,jpeg_fzt,1024,0,,,,,
kk,edgeface_s,hfc,0.03,jpeg_fzt,512,0,,,,,
kk,edgeface_s,hfc,0.03,ours_accurate,1024,0,,,,,
kk,edgeface_s,hfc,0.03,ours_accurate,512,0,,,,,
kk,edgeface_s,hfc,0.03,ours_fast,1024,0,,,,,
kk,edgeface_s,hfc,0.03,ours_fast,512,0,,,,,
kk,edgeface_s,hfc,0.03,jpeg_ai,1024,0,,,,,
kk,edgeface_s,hfc,0.03,jpeg_ai,512,0,,,,,
kk,edgeface_s,hfc,0.03,neural_bmshj2018,1024,0,,,,,
kk,edgeface_s,hfc,0.03,neural_bmshj2018,512,0,,,,,
kk,edgeface_s,hfc,0.03,neural_mbt2018_mean,1024,0,,,,,
kk,edgeface_s,hfc,0.03,neural_mbt2018_mean,512,0,,,,,
kk,edgeface_s,hfc,0.06,jpeg,1024,0,,,,,
kk,edgeface_s,hfc,0.06,jpeg,512,0,,,,,
kk,edgeface_s,hfc,0.06,jpeg2000,1024,0,,,,,
kk,edgeface_s,hfc,0.06,jpeg2000,512,0,,,,,
kk,edgeface_s,hfc,0.06,webp,1024,0,,,,,
kk,edgeface_s,hfc,0.06,webp,512,0,,,,,
kk,edgeface_s,hfc,0.06,jpeg_xl,1024,0,,,,,
kk,edgeface_s,hfc,0.06,jpeg_xl,512,0,,,,,
kk,edgeface_s,hfc,0.06,avif,1024,0,,,,,
kk,edgeface_s,hfc,0.06,avif,512,0,,,,,
kk,edgeface_s,hfc,0.06,heif,1024,0,,,,,
kk,edgeface_s,hfc,0.06,heif,512,0,,,,,
kk,edgeface_s,hfc,0.06,jpeg_fzt,1024,0,,,,,
kk,edgeface_s,hfc,0.06,jpeg_fzt,512,0,,,,,
kk,edgeface_s,hfc,0.06,ours_accurate,1024,0,,,,,
kk,edgeface_s,hfc,0.06,ours_accurate,512,0,,,,,
kk,edgeface_s,hfc,0.06,ours_fast,1024,0,,,,,
kk,edgeface_s,hfc,0.06,ours_fast,512,0,,,,,
kk,edgeface_s,hfc,0.06,jpeg_ai,1024,0,,,,,
kk,edgeface_s,hfc,0.06,jpeg_ai,512,0,,,,,
kk,edgeface_s,hfc,0.06,neural_bmshj2018,1024,0,,,,,
kk,edgeface_s,hfc,0.06,neural_bmshj2018,512,0,,,,,
kk,edgeface_s,hfc,0.06,neural_mbt2018_mean,1024,0,,,,,
kk,edgeface_s,hfc,0.06,neural_mbt2018_mean,512,0,,,,,
kk,edgeface_s,hfc,0.1,jpeg,1024,0,,,,,
kk,edgeface_s,hfc,0.1,jpeg,512,0,,,,,
kk,edgeface_s,hfc,0.1,jpeg2000,1024,0,,,,,
kk,edgeface_s,hfc,0.1,jpeg2000,512,0,,,,,
kk,edgeface_s,hfc,0.1,webp,1024,0,,,,,
kk,edgeface_s,hfc,0.1,webp,512,0,,,,,
kk,edgeface_s,hfc,0.1,jpeg_xl,1024,0,,,,,
kk,edgeface_s,hfc,0.1,jpeg_xl,512,0,,,,,
kk,edgeface_s,hfc,0.1,avif,1024,0,,,,,
kk,edgeface_s,hfc,0.1,avif,512,0,,,,,
kk,edgeface_s,hfc,0.1,heif,1024,0,,,,,
kk,edgeface_s,hfc,0.1,heif,512,0,,,,,
kk,edgeface_s,hfc,0.1,jpeg_fzt,1024,0,,,,,
kk,edgeface_s,hfc,0.1,jpeg_fzt,512,0,,,,,
kk,edgeface_s,hfc,0.1,ours_accurate,1024,0,,,,,
kk,edgeface_s,hfc,0.1,ours_accurate,512,0,,,,,
kk,edgeface_s,hfc,0.1,ours_fast,1024,0,,,,,
kk,edgeface_s,hfc,0.1,ours_fast,512,0,,,,,
kk,edgeface_s,hfc,0.1,jpeg_ai,1024,0,,,,,
kk,edgeface_s,hfc,0.1,jpeg_ai,512,0,,,,,
kk,edgeface_s,hfc,0.1,neural_bmshj2018,1024,0,,,,,
kk,edgeface_s,hfc,0.1,neural_bmshj2018,512,0,,,,,
kk,edgeface_s,hfc,0.1,neural_mbt2018_mean,1024,0,,,,,
kk,edgeface_s,hfc,0.1,neural_mbt2018_mean,512,0,,,,,
kk,edgeface_s,clip,0.03,jpeg,1024,0,,,,,
kk,edgeface_s,clip,0.03,jpeg,512,0,,,,,
kk,edgeface_s,clip,0.03,jpeg2000,1024,0,,,,,
kk,edgeface_s,clip,0.03,jpeg2000,512,0,,,,,
kk,edgeface_s,clip,0.03,webp,1024,0,,,,,
kk,edgeface_s,clip,0.03,webp,512,0,,,,,
kk,edgeface_s,clip,0.03,jpeg_xl,1024,0,,,,,
kk,edgeface_s,clip,0.03,jpeg_xl,512,0,,,,,
kk,edgeface_s,clip,0.03,avif,1024,0,,,,,
kk,edgeface_s,clip,0.03,avif,512,0,,,,,
kk,edgeface_s,clip,0.03,heif,1024,0,,,,,
kk,edgeface_s,clip,0.03,heif,512,0,,,,,
kk,edgeface_s,clip,0.03,jpeg_fzt,1024,0,,,,,
kk,edgeface_s,clip,0.03,jpeg_fzt,512,0,,,,,
kk,edgeface_s,clip,0.03,ours_accurate,1024,0,,,,,
kk,edgeface_s,clip,0.03,ours_accurate,512,0,,,,,
kk,edgeface_s,clip,0.03,ours_fast,1024,0,,,,,
kk,edgeface_s,clip,0.03,ours_fast,512,0,,,,,
kk,edgeface_s,clip,0.03,jpeg_ai,1024,0,,,,,
kk,edgeface_s,clip,0.03,jpeg_ai,512,0,,,,,
kk,edgeface_s,clip,0.03,neural_bmshj2018,1024,0,,,,,
kk,edgeface_s,clip,0.03,neural_bmshj2018,512,0,,,,,
kk,edgeface_s,clip,0.03,neural_mbt2018_mean,1024,0,,,,,
kk,edgeface_s,clip,0.03,neural_mbt2018_mean,512,0,,,,,
kk,edgeface_s,clip,0.06,jpeg,1024,0,,,,,
kk,edgeface_s,clip,0.06,jpeg,512,0,,,,,
kk,edgeface_s,clip,0.06,jpeg2000,1024,0,,,,,
kk,edgeface_s,clip,0.06,jpeg2000,512,0,,,,,
kk,edgeface_s,clip,0.06,webp,1024,0,,,,,
kk,edgeface_s,clip,0.06,webp,512,0,,,,,
kk,edgeface_s,clip,0.06,jpeg_xl,1024,0,,,,,
kk,edgeface_s,clip,0.06,jpeg_xl,512,0,,,,,
kk,edgeface_s,clip,0.06,avif,1024,0,,,,,
kk,edgeface_s,clip,0.06,avif,512,0,,,,,
kk,edgeface_s,clip,0.06,heif,1024,0,,,,,
kk,edgeface_s,clip,0.06,heif,512,0,,,,,
kk,edgeface_s,clip,0.06,jpeg_fzt,1024,0,,,,,
kk,edgeface_s,clip,0.06,jpeg_fzt,512,0,,,,,
kk,edgeface_s,clip,0.06,ours_accurate,1024,0,,,,,
kk,edgeface_s,clip,0.06,ours_accurate,512,0,,,,,
kk,edgeface_s,clip,0.06,ours_fast,1024,0,,,,,
kk,edgeface_s,clip,0.06,ours_fast,512,0,,,,,
kk,edgeface_s,clip,0.06,jpeg_ai,1024,0,,,,,
kk,edgeface_s,clip,0.06,jpeg_ai,512,0,,,,,
kk,edgeface_s,clip,0.06,neural_bmshj2018,1024,0,,,,,
kk,edgeface_s,clip,0.06,neural_bmshj2018,512,0,,,,,
kk,edgeface_s,clip,0.06,neural_mbt2018_mean,1024,0,,,,,
kk,edgeface_s,clip,0.06,neural_mbt2018_mean,512,0,,,,,
kk,edgeface_s,clip,0.1,jpeg,1024,0,,,,,
kk,edgeface_s,clip,0.1,jpeg,512,0,,,,,
kk,edgeface_s,clip,0.1,jpeg2000,1024,0,,,,,
kk,edgeface_s,clip,0.1,jpeg2000,512,0,,,,,
kk,edgeface_s,clip,0.1,webp,1024,0,,,,,
kk,edgeface_s,clip,0.1,webp,512,0,,,,,
kk,edgeface_s,clip,0.1,jpeg_xl,1024,0,,,,,
kk,edgeface_s,clip,0.1,jpeg_xl,512,0,,,,,
kk,edgeface_s,clip,0.1,avif,1024,0,,,,,
kk,edgeface_s,clip,0.1,avif,512,0,,,,,
kk,edgeface_s,clip,0.1,heif,1024,0,,,,,
kk,edgeface_s,clip,0.1,heif,512,0,,,,,
kk,edgeface_s,clip,0.1,jpeg_fzt,1024,0,,,,,
kk,edgeface_s,clip,0.1,jpeg_fzt,512,0,,,,,
kk,edgeface_s,clip,0.1,ours_accurate,1024,0,,,,,
kk,edgeface_s,clip,0.1,ours_accurate,512,0,,,,,
kk,edgeface_s,clip,0.1,ours_fast,1024,0,,,,,
kk,edgeface_s,clip,0.1,ours_fast,512,0,,,,,
kk,edgeface_s,clip,0.1,jpeg_ai,1024,0,,,,,
kk,edgeface_s,clip,0.1,jpeg_ai,512,0,,,,,
kk,edgeface_s,clip,0.1,neural_bmshj2018,1024,0,,,,,
kk,edgeface_s,clip,0.1,neural_bmshj2018,512,0,,,,,
kk,edgeface_s,clip,0.1,neural_mbt2018_mean,1024,0,,,,,
kk,edgeface_s,clip,0.1,neural_mbt2018_mean,512,0,,,,,
kk,edgeface_s,liae,0.03,jpeg,1024,0,,,,,
kk,edgeface_s,liae,0.03,jpeg,512,0,,,,,
kk,edgeface_s,liae,0.03,jpeg2000,1024,0,,,,,
kk,edgeface_s,liae,0.03,jpeg2000,512,0,,,,,
kk,edgeface_s,liae,0.03,webp,1024,0,,,,,
kk,edgeface_s,liae,0.03,webp,512,0,,,,,
kk,edgeface_s,liae,0.03,jpeg_xl,1024,0,,,,,
kk,edgeface_s,liae,0.03,jpeg_xl,512,0,,,,,
kk,edgeface_s,liae,0.03,avif,1024,0,,,,,
kk,edgeface_s,liae,0.03,avif,512,0,,,,,
kk,edgeface_s,liae,0.03,heif,1024,0,,,,,
kk,edgeface_s,liae,0.03,heif,512,0,,,,,
kk,edgeface_s,liae,0.03,jpeg_fzt,1024,0,,,,,
kk,edgeface_s,liae,0.03,jpeg_fzt,512,0,,,,,
kk,edgeface_s,liae,0.03,ours_accurate,1024,0,,,,,
kk,edgeface_s,liae,0.03,ours_accurate,512,0,,,,,
kk,edgeface_s,liae,0.03,ours_fast,1024,0,,,,,
kk,edgeface_s,liae,0.03,ours_fast,512,0,,,,,
kk,edgeface_s,liae,0.03,jpeg_ai,1024,0,,,,,
kk,edgeface_s,liae,0.03,jpeg_ai,512,0,,,,,
kk,edgeface_s,liae,0.03,neural_bmshj2018,1024,0,,,,,
kk,edgeface_s,liae,0.03,neural_bmshj2018,512,0,,,,,
kk,edgeface_s,liae,0.03,neural_mbt2018_mean,1024,0,,,,,
kk,edgeface_s,liae,0.03,neural_mbt2018_mean,512,0,,,,,
kk,edgeface_s,liae,0.06,jpeg,1024,0,,,,,
kk,edgeface_s,liae,0.06,jpeg,512,0,,,,,
kk,edgeface_s,liae,0.06,jpeg2000,1024,0,,,,,
kk,edgeface_s,liae,0.06,jpeg2000,512,0,,,,,
kk,edgeface_s,liae,0.06,webp,1024,0,,,,,
kk,edgeface_s,liae,0.06,webp,512,0,,,,,
kk,edgeface_s,liae,0.06,jpeg_xl,1024,0,,,,,
kk,edgeface_s,liae,0.06,jpeg_xl,512,0,,,,,
kk,edgeface_s,liae,0.06,avif,1024,0,,,,,
kk,edgeface_s,liae,0.06,avif,512,0,,,,,
kk,edgeface_s,liae,0.06,heif,1024,0,,,,,
kk,edgeface_s,liae,0.06,heif,512,0,,,,,
kk,edgeface_s,liae,0.06,jpeg_fzt,1024,0,,,,,
kk,edgeface_s,liae,0.06,jpeg_fzt,512,0,,,,,
kk,edgeface_s,liae,0.06,ours_accurate,1024,0,,,,,
kk,edgeface_s,liae,0.06,ours_accurate,512,0,,,,,
kk,edgeface_s,liae,0.06,ours_fast,1024,0,,,,,
kk,edgeface_s,liae,0.06,ours_fast,512,0,,,,,
kk,edgeface_s,liae,0.06,jpeg_ai,1024,0,,,,,
kk,edgeface_s,liae,0.06,jpeg_ai,512,0,,,,,
kk,edgeface_s,liae,0.06,neural_bmshj2018,1024,0,,,,,
kk,edgeface_s,liae,0.06,neural_bmshj2018,512,0,,,,,
kk,edgeface_s,liae,0.06,neural_mbt2018_mean,1024,0,,,,,
kk,edgeface_s,liae,0.06,neural_mbt2018_mean,512,0,,,,,
kk,edgeface_s,liae,0.1,jpeg,1024,0,,,,,
kk,edgeface_s,liae,0.1,jpeg,512,0,,,,,
kk,edgeface_s,liae,0.1,jpeg2000,1024,0,,,,,
kk,edgeface_s,liae,0.1,jpeg2000,512,0,,,,,
kk,edgeface_s,liae,0.1,webp,1024,0,,,,,
kk,edgeface_s,liae,0.1,webp,512,0,,,,,
kk,edgeface_s,liae,0.1,jpeg_xl,1024,0,,,,,
kk,edgeface_s,liae,0.1,jpeg_xl,512,0,,,,,
kk,edgeface_s,liae,0.1,avif,1024,0,,,,,
kk,edgeface_s,liae,0.1,avif,512,0,,,,,
kk,edgeface_s,liae,0.1,heif,1024,0,,,,,
kk,edgeface_s,liae,0.1,heif,512,0,,,,,
kk,edgeface_s,liae,0.1,jpeg_fzt,1024,0,,,,,
kk,edgeface_s,liae,0.1,jpeg_fzt,512,0,,,,,
kk,edgeface_s,liae,0.1,ours_accurate,1024,0,,,,,
kk,edgeface_s,liae,0.1,ours_accurate,512,0,,,,,
kk,edgeface_s,liae,0.1,ours_fast,1024,0,,,,,
kk,edgeface_s,liae,0.1,ours_fast,512,0,,,,,
kk,edgeface_s,liae,0.1,jpeg_ai,1024,0,,,,,
kk,edgeface_s,liae,0.1,jpeg_ai,512,0,,,,,
kk,edgeface_s,liae,0.1,neural_bmshj2018,1024,0,,,,,
kk,edgeface_s,liae,0.1,neural_bmshj2018,512,0,,,,,
kk,edgeface_s,liae,0.1,neural_mbt2018_mean,1024,0,,,,,
kk,edgeface_s,liae,0.1,neural_mbt2018_mean,512,0,,,,,
kk,edgeface_xs,hfc,0.03,jpeg,1024,2000,0.9215547442436218,0.8586078882217407,0.8057049512863159,0.052902936935424805,1.840438113653128
kk,edgeface_xs,hfc,0.03,jpeg,512,2000,0.9215547442436218,0.36557725071907043,0.3235735595226288,0.04200369119644165,1.0755492653671364
kk,edgeface_xs,hfc,0.03,jpeg2000,1024,2000,0.9215547442436218,0.5980936288833618,0.5907619595527649,0.007331669330596924,1.0226663081972964
kk,edgeface_xs,hfc,0.03,jpeg2000,512,2000,0.9215547442436218,0.2827267348766327,0.2825722098350525,0.0001545250415802002,1.0002418883319366
kk,edgeface_xs,hfc,0.03,webp,1024,2000,0.9215547442436218,0.9315764307975769,0.8655303716659546,0.06604605913162231,-5.59031379359566
kk,edgeface_xs,hfc,0.03,webp,512,2000,0.9215547442436218,0.7965995073318481,0.7226918935775757,0.07390761375427246,1.5914727191982831
kk,edgeface_xs,hfc,0.03,jpeg_xl,1024,2000,0.9215547442436218,0.8814396262168884,0.8253617882728577,0.05607783794403076,2.397922795756441
kk,edgeface_xs,hfc,0.03,jpeg_xl,512,1999,0.9215630888938904,0.6516944169998169,0.6006796956062317,0.051014721393585205,1.189035359441829
kk,edgeface_xs,hfc,0.03,avif,1024,2000,0.9215547442436218,0.9115938544273376,0.8538147211074829,0.057779133319854736,6.800599583522822
kk,edgeface_xs,hfc,0.03,avif,512,2000,0.9215547442436218,0.5741579532623291,0.5431718230247498,0.030986130237579346,1.0891952114757673
kk,edgeface_xs,hfc,0.03,heif,1024,2000,0.9215547442436218,0.8852277994155884,0.8363034725189209,0.04892432689666748,2.3467779117750815
kk,edgeface_xs,hfc,0.03,heif,512,2000,0.9215547442436218,0.39008912444114685,0.37539544701576233,0.014693677425384521,1.0276474655704833
kk,edgeface_xs,hfc,0.03,jpeg_fzt,1024,2000,0.9215547442436218,0.8805806040763855,0.8243120908737183,0.056268513202667236,2.373268919689511
kk,edgeface_xs,hfc,0.03,jpeg_fzt,512,2000,0.9215547442436218,0.5121632218360901,0.4958677291870117,0.01629549264907837,1.0398041770705182
kk,edgeface_xs,hfc,0.03,ours_accurate,1024,2000,0.9215547442436218,0.9656252264976501,0.894676148891449,0.07094907760620117,-0.6099001866428629
kk,edgeface_xs,hfc,0.03,ours_accurate,512,2000,0.9215547442436218,0.9298558235168457,0.8563214540481567,0.07353436946868896,-7.858410701591883
kk,edgeface_xs,hfc,0.03,ours_fast,1024,2000,0.9215547442436218,0.9004389047622681,0.8444638848304749,0.05597501993179321,3.650854586256051
kk,edgeface_xs,hfc,0.03,ours_fast,512,2000,0.9215547442436218,0.8378905057907104,0.7837913036346436,0.054099202156066895,1.6466227764269374
kk,edgeface_xs,hfc,0.03,jpeg_ai,1024,0,,,,,
kk,edgeface_xs,hfc,0.03,jpeg_ai,512,0,,,,,
kk,edgeface_xs,hfc,0.03,neural_bmshj2018,1024,0,,,,,
kk,edgeface_xs,hfc,0.03,neural_bmshj2018,512,0,,,,,
kk,edgeface_xs,hfc,0.03,neural_mbt2018_mean,1024,0,,,,,
kk,edgeface_xs,hfc,0.03,neural_mbt2018_mean,512,0,,,,,
kk,edgeface_xs,hfc,0.06,jpeg,1024,2000,0.7697182297706604,0.8586078882217407,0.6976444125175476,0.16096347570419312,-0.8108234243331919
kk,edgeface_xs,hfc,0.06,jpeg,512,2000,0.7697182297706604,0.36557725071907043,0.2905970513820648,0.07498019933700562,1.185529810693694
kk,edgeface_xs,hfc,0.06,jpeg2000,1024,2000,0.7697182297706604,0.5980936288833618,0.5678313970565796,0.030262231826782227,1.176328053614264
kk,edgeface_xs,hfc,0.06,jpeg2000,512,2000,0.7697182297706604,0.2827267348766327,0.28226232528686523,0.00046440958976745605,1.000953629775133
kk,edgeface_xs,hfc,0.06,webp,1024,2000,0.7697182297706604,0.9315764307975769,0.7338119149208069,0.19776451587677002,-0.22183809422101763
kk,edgeface_xs,hfc,0.06,webp,512,2000,0.7697182297706604,0.7965995073318481,0.6352323293685913,0.16136717796325684,-5.0029579173069205
kk,edgeface_xs,hfc,0.06,jpeg_xl,1024,2000,0.7697182297706604,0.8814396262168884,0.7034457325935364,0.17799389362335205,-0.593194314475126
kk,edgeface_xs,hfc,0.06,jpeg_xl,512,1999,0.7697353959083557,0.6516944169998169,0.5282673239707947,0.12342709302902222,2.045629188865476
kk,edgeface_xs,hfc,0.06,avif,1024,2000,0.7697182297706604,0.9115938544273376,0.7268659472465515,0.18472790718078613,-0.30204119014669717
kk,edgeface_xs,hfc,0.06,avif,512,2000,0.7697182297706604,0.5741579532623291,0.4998546242713928,0.07430332899093628,1.3799510325798234
kk,edgeface_xs,hfc,0.06,heif,1024,2000,0.7697182297706604,0.8852277994155884,0.7177472710609436,0.16748052835464478,-0.4499277321305373
kk,edgeface_xs,hfc,0.06,heif,512,2000,0.7697182297706604,0.39008912444114685,0.3578712046146393,0.03221791982650757,1.0848668328487163
kk,edgeface_xs,hfc,0.06,jpeg_fzt,1024,2000,0.7697182297706604,0.8805806040763855,0.7163808345794678,0.16419976949691772,-0.48111359264329057
kk,edgeface_xs,hfc,0.06,jpeg_fzt,512,2000,0.7697182297706604,0.5121632218360901,0.45680567622184753,0.055357545614242554,1.2149348446305719
kk,edgeface_xs,hfc,0.06,ours_accurate,1024,2000,0.7697182297706604,0.9656252264976501,0.7433807253837585,0.2222445011138916,-0.13443881447279307
kk,edgeface_xs,hfc,0.06,ours_accurate,512,2000,0.7697182297706604,0.9298558235168457,0.6994011402130127,0.230454683303833,-0.4391041972886067
kk,edgeface_xs,hfc,0.06,ours_fast,1024,2000,0.7697182297706604,0.9004389047622681,0.7233909964561462,0.17704790830612183,-0.3543986696632984
kk,edgeface_xs,hfc,0.06,ours_fast,512,2000,0.7697182297706604,0.8378905057907104,0.6656824946403503,0.1722080111503601,-1.5260710248211788
kk,edgeface_xs,hfc,0.06,jpeg_ai,1024,0,,,,,
kk,edgeface_xs,hfc,0.06,jpeg_ai,512,0,,,,,
kk,edgeface_xs,hfc,0.06,neural_bmshj2018,1024,0,,,,,
kk,edgeface_xs,hfc,0.06,neural_bmshj2018,512,0,,,,,
kk,edgeface_xs,hfc,0.06,neural_mbt2018_mean,1024,0,,,,,
kk,edgeface_xs,hfc,0.06,neural_mbt2018_mean,512,0,,,,,
kk,edgeface_xs,hfc,0.1,jpeg,1024,2000,0.5641748309135437,0.8586078882217407,0.5127130746841431,0.34589481353759766,-0.17478253528961993
kk,edgeface_xs,hfc,0.1,jpeg,512,2000,0.5641748309135437,0.36557725071907043,0.22330206632614136,0.14227518439292908,1.7163993853983948
kk,edgeface_xs,hfc,0.1,jpeg2000,1024,2000,0.5641748309135437,0.5980936288833618,0.47004663944244385,0.12804698944091797,-2.7751039867290617
kk,edgeface_xs,hfc,0.1,jpeg2000,512,2000,0.5641748309135437,0.2827267348766327,0.26728180050849915,0.015444934368133545,1.0548766702834897
kk,edgeface_xs,hfc,0.1,webp,1024,2000,0.5641748309135437,0.9315764307975769,0.549849808216095,0.38172662258148193,-0.03899009340724234
kk,edgeface_xs,hfc,0.1,webp,512,2000,0.5641748309135437,0.7965995073318481,0.5112217664718628,0.28537774085998535,-0.227828926160917
kk,edgeface_xs,hfc,0.1,jpeg_xl,1024,2000,0.5641748309135437,0.8814396262168884,0.4991298317909241,0.38230979442596436,-0.2050180167655491
kk,edgeface_xs,hfc,0.1,jpeg_xl,512,1999,0.5641987919807434,0.6516944169998169,0.4029807150363922,0.24871370196342468,-1.8425844367556286
kk,edgeface_xs,hfc,0.1,avif,1024,2000,0.5641748309135437,0.9115938544273376,0.5376923680305481,0.37390148639678955,-0.076226288978514
kk,edgeface_xs,hfc,0.1,avif,512,2000,0.5641748309135437,0.5741579532623291,0.3914160132408142,0.1827419400215149,-17.305088692391738
kk,edgeface_xs,hfc,0.1,heif,1024,2000,0.5641748309135437,0.8852277994155884,0.50175541639328,0.38347238302230835,-0.19442092316260937
kk,edgeface_xs,hfc,0.1,heif,512,2000,0.5641748309135437,0.39008912444114685,0.2997952401638031,0.09029388427734375,1.5186748878298104
kk,edgeface_xs,hfc,0.1,jpeg_fzt,1024,2000,0.5641748309135437,0.8805806040763855,0.552372932434082,0.32820767164230347,-0.03729988350556325
kk,edgeface_xs,hfc,0.1,jpeg_fzt,512,2000,0.5641748309135437,0.5121632218360901,0.3572332262992859,0.1549299955368042,3.978757978936753
kk,edgeface_xs,hfc,0.1,ours_accurate,1024,2000,0.5641748309135437,0.9656252264976501,0.5312680006027222,0.434357225894928,-0.08196985399140637
kk,edgeface_xs,hfc,0.1,ours_accurate,512,2000,0.5641748309135437,0.9298558235168457,0.4853716194629669,0.4444842040538788,-0.21549714927640243
kk,edgeface_xs,hfc,0.1,ours_fast,1024,2000,0.5641748309135437,0.9004389047622681,0.5358071327209473,0.3646317720413208,-0.0843613707165109
kk,edgeface_xs,hfc,0.1,ours_fast,512,2000,0.5641748309135437,0.8378905057907104,0.4805476665496826,0.35734283924102783,-0.30552566783539087
kk,edgeface_xs,hfc,0.1,jpeg_ai,1024,0,,,,,
kk,edgeface_xs,hfc,0.1,jpeg_ai,512,0,,,,,
kk,edgeface_xs,hfc,0.1,neural_bmshj2018,1024,0,,,,,
kk,edgeface_xs,hfc,0.1,neural_bmshj2018,512,0,,,,,
kk,edgeface_xs,hfc,0.1,neural_mbt2018_mean,1024,0,,,,,
kk,edgeface_xs,hfc,0.1,neural_mbt2018_mean,512,0,,,,,
kk,edgeface_xs,clip,0.03,jpeg,1024,2000,0.9437955617904663,0.8586078882217407,0.8386935591697693,0.019914329051971436,1.2337700774972502
kk,edgeface_xs,clip,0.03,jpeg,512,2000,0.9437955617904663,0.36557725071907043,0.3604965806007385,0.005080670118331909,1.0087867679404996
kk,edgeface_xs,clip,0.03,jpeg2000,1024,2000,0.9437955617904663,0.5980936288833618,0.5939488410949707,0.004144787788391113,1.01198948398563
kk,edgeface_xs,clip,0.03,jpeg2000,512,2000,0.9437955617904663,0.2827267348766327,0.2815892994403839,0.0011374354362487793,1.0017206006242327
kk,edgeface_xs,clip,0.03,webp,1024,2000,0.9437955617904663,0.9315764307975769,0.90293288230896,0.028643548488616943,3.3441559391813778
kk,edgeface_xs,clip,0.03,webp,512,2000,0.9437955617904663,0.7965995073318481,0.7790509462356567,0.017548561096191406,1.119218963855617
kk,edgeface_xs,clip,0.03,jpeg_xl,1024,2000,0.9437955617904663,0.8814396262168884,0.8643282651901245,0.017111361026763916,1.2744143098706793
kk,edgeface_xs,clip,0.03,jpeg_xl,512,1999,0.9438337087631226,0.6516944169998169,0.6326480507850647,0.019046366214752197,1.0651961812455675
kk,edgeface_xs,clip,0.03,avif,1024,2000,0.9437955617904663,0.9115938544273376,0.8876128792762756,0.02398097515106201,1.7447112937409186
kk,edgeface_xs,clip,0.03,avif,512,2000,0.9437955617904663,0.5741579532623291,0.5796548128128052,-0.005496859550476074,0.9851290576941993
kk,edgeface_xs,clip,0.03,heif,1024,2000,0.9437955617904663,0.8852277994155884,0.8652523159980774,0.019975483417510986,1.3410661873959397
kk,edgeface_xs,clip,0.03,heif,512,2000,0.9437955617904663,0.39008912444114685,0.38977718353271484,0.00031194090843200684,1.00056336875895
kk,edgeface_xs,clip,0.03,jpeg_fzt,1024,2000,0.9437955617904663,0.8805806040763855,0.8629521131515503,0.017628490924835205,1.2788658185072004
kk,edgeface_xs,clip,0.03,jpeg_fzt,512,2000,0.9437955617904663,0.5121632218360901,0.5080363750457764,0.004126846790313721,1.009561023140087
kk,edgeface_xs,clip,0.03,ours_accurate,1024,2000,0.9437955617904663,0.9656252264976501,0.9235008358955383,0.042124390602111816,-0.9296856441523478
kk,edgeface_xs,clip,0.03,ours_accurate,512,2000,0.9437955617904663,0.9298558235168457,0.8864905834197998,0.0433652400970459,4.110907769273528
kk,edgeface_xs,clip,0.03,ours_fast,1024,2000,0.9437955617904663,0.9004389047622681,0.8668980598449707,0.03354084491729736,1.773603114637808
kk,edgeface_xs,clip,0.03,ours_fast,512,2000,0.9437955617904663,0.8378905057907104,0.8046193718910217,0.03327113389968872,1.3141600142278893
kk,edgeface_xs,clip,0.03,jpeg_ai,1024,0,,,,,
kk,edgeface_xs,clip,0.03,jpeg_ai,512,0,,,,,
kk,edgeface_xs,clip,0.03,neural_bmshj2018,1024,0,,,,,
kk,edgeface_xs,clip,0.03,neural_bmshj2018,512,0,,,,,
kk,edgeface_xs,clip,0.03,neural_mbt2018_mean,1024,0,,,,,
kk,edgeface_xs,clip,0.03,neural_mbt2018_mean,512,0,,,,,
kk,edgeface_xs,clip,0.06,jpeg,1024,2000,0.8745880126953125,0.8586078882217407,0.8030030727386475,0.05560481548309326,4.479623426904686
kk,edgeface_xs,clip,0.06,jpeg,512,2000,0.8745880126953125,0.36557725071907043,0.3531830906867981,0.012394160032272339,1.0243495048791342
kk,edgeface_xs,clip,0.06,jpeg2000,1024,2000,0.8745880126953125,0.5980936288833618,0.5921869874000549,0.005906641483306885,1.0213626092576409
kk,edgeface_xs,clip,0.06,jpeg2000,512,2000,0.8745880126953125,0.2827267348766327,0.28008684515953064,0.0026398897171020508,1.0044603183482985
kk,edgeface_xs,clip,0.06,webp,1024,2000,0.8745880126953125,0.9315764307975769,0.8497563600540161,0.08182007074356079,-0.4357315656092885
kk,edgeface_xs,clip,0.06,webp,512,2000,0.8745880126953125,0.7965995073318481,0.7499099373817444,0.04668956995010376,1.598672454774042
kk,edgeface_xs,clip,0.06,jpeg_xl,1024,2000,0.8745880126953125,0.8814396262168884,0.824709951877594,0.056729674339294434,-7.279753982131517
kk,edgeface_xs,clip,0.06,jpeg_xl,512,1999,0.8746182322502136,0.6516944169998169,0.6149611473083496,0.036733269691467285,1.1647794770164284
kk,edgeface_xs,clip,0.06,avif,1024,2000,0.8745880126953125,0.9115938544273376,0.844877302646637,0.06671655178070068,-0.8028654033550507
kk,edgeface_xs,clip,0.06,avif,512,2000,0.8745880126953125,0.5741579532623291,0.5733368396759033,0.0008211135864257812,1.0027331272642142
kk,edgeface_xs,clip,0.06,heif,1024,2000,0.8745880126953125,0.8852277994155884,0.8306915163993835,0.054536283016204834,-4.125693254008269
kk,edgeface_xs,clip,0.06,heif,512,2000,0.8745880126953125,0.39008912444114685,0.3815051317214966,0.008583992719650269,1.0177172598900726
kk,edgeface_xs,clip,0.06,jpeg_fzt,1024,2000,0.8745880126953125,0.8805806040763855,0.8348868489265442,0.04569375514984131,-6.625041028854475
kk,edgeface_xs,clip,0.06,jpeg_fzt,512,2000,0.8745880126953125,0.5121632218360901,0.5002760887145996,0.011887133121490479,1.0327988962711654
kk,edgeface_xs,clip,0.06,ours_accurate,1024,2000,0.8745880126953125,0.9656252264976501,0.8657945394515991,0.09983068704605103,-0.0965920734657587
kk,edgeface_xs,clip,0.06,ours_accurate,512,2000,0.8745880126953125,0.9298558235168457,0.8279581069946289,0.1018977165222168,-0.8437082093093482
kk,edgeface_xs,clip,0.06,ours_fast,1024,2000,0.8745880126953125,0.9004389047622681,0.8188351988792419,0.08160370588302612,-2.1567075392085884
kk,edgeface_xs,clip,0.06,ours_fast,512,2000,0.8745880126953125,0.8378905057907104,0.7549367547035217,0.08295375108718872,3.2604737510598003
kk,edgeface_xs,clip,0.06,jpeg_ai,1024,0,,,,,
kk,edgeface_xs,clip,0.06,jpeg_ai,512,0,,,,,
kk,edgeface_xs,clip,0.06,neural_bmshj2018,1024,0,,,,,
kk,edgeface_xs,clip,0.06,neural_bmshj2018,512,0,,,,,
kk,edgeface_xs,clip,0.06,neural_mbt2018_mean,1024,0,,,,,
kk,edgeface_xs,clip,0.06,neural_mbt2018_mean,512,0,,,,,
kk,edgeface_xs,clip,0.1,jpeg,1024,2000,0.7748644351959229,0.8586078882217407,0.7323219180107117,0.12628597021102905,-0.5080100670328872
kk,edgeface_xs,clip,0.1,jpeg,512,2000,0.7748644351959229,0.36557725071907043,0.3438856303691864,0.021691620349884033,1.0529985329924514
kk,edgeface_xs,clip,0.1,jpeg2000,1024,2000,0.7748644351959229,0.5980936288833618,0.5772728323936462,0.020820796489715576,1.1177841348582234
kk,edgeface_xs,clip,0.1,jpeg2000,512,2000,0.7748644351959229,0.2827267348766327,0.28183019161224365,0.0008965432643890381,1.0018217325431629
kk,edgeface_xs,clip,0.1,webp,1024,2000,0.7748644351959229,0.9315764307975769,0.7636690139770508,0.16790741682052612,-0.07143946559987464
kk,edgeface_xs,clip,0.1,webp,512,2000,0.7748644351959229,0.7965995073318481,0.703648567199707,0.09295094013214111,-3.2765415983370536
kk,edgeface_xs,clip,0.1,jpeg_xl,1024,2000,0.7748644351959229,0.8814396262168884,0.7598691582679749,0.12157046794891357,-0.14070138448072886
kk,edgeface_xs,clip,0.1,jpeg_xl,512,1999,0.7749199271202087,0.6516944169998169,0.5842588543891907,0.06743556261062622,1.5472532639121672
kk,edgeface_xs,clip,0.1,avif,1024,2000,0.7748644351959229,0.9115938544273376,0.768956184387207,0.14263767004013062,-0.04321126237445721
kk,edgeface_xs,clip,0.1,avif,512,2000,0.7748644351959229,0.5741579532623291,0.5530576109886169,0.021100342273712158,1.1051303479112022
kk,edgeface_xs,clip,0.1,heif,1024,2000,0.7748644351959229,0.8852277994155884,0.7575638294219971,0.1276639699935913,-0.15676040592139728
kk,edgeface_xs,clip,0.1,heif,512,2000,0.7748644351959229,0.39008912444114685,0.37400496006011963,0.01608416438102722,1.0418014460165765
kk,edgeface_xs,clip,0.1,jpeg_fzt,1024,2000,0.7748644351959229,0.8805806040763855,0.7810808420181274,0.09949976205825806,0.05880280082069301
kk,edgeface_xs,clip,0.1,jpeg_fzt,512,2000,0.7748644351959229,0.5121632218360901,0.48937439918518066,0.022788822650909424,1.0867480677361572
kk,edgeface_xs,clip,0.1,ours_accurate,1024,2000,0.7748644351959229,0.9656252264976501,0.7753149271011353,0.1903102993965149,0.002361553976256353
kk,edgeface_xs,clip,0.1,ours_accurate,512,2000,0.7748644351959229,0.9298558235168457,0.7383660674095154,0.19148975610733032,-0.23548642399947084
kk,edgeface_xs,clip,0.1,ours_fast,1024,2000,0.7748644351959229,0.9004389047622681,0.7422971725463867,0.15814173221588135,-0.2593462091618054
kk,edgeface_xs,clip,0.1,ours_fast,512,2000,0.7748644351959229,0.8378905057907104,0.6785890460014343,0.15930145978927612,-1.5275486522628101
kk,edgeface_xs,clip,0.1,jpeg_ai,1024,0,,,,,
kk,edgeface_xs,clip,0.1,jpeg_ai,512,0,,,,,
kk,edgeface_xs,clip,0.1,neural_bmshj2018,1024,0,,,,,
kk,edgeface_xs,clip,0.1,neural_bmshj2018,512,0,,,,,
kk,edgeface_xs,clip,0.1,neural_mbt2018_mean,1024,0,,,,,
kk,edgeface_xs,clip,0.1,neural_mbt2018_mean,512,0,,,,,
kk,edgeface_xs,liae,0.03,jpeg,1024,2000,0.8945173621177673,0.8586078882217407,0.7958357930183411,0.06277209520339966,2.748065019976397
kk,edgeface_xs,liae,0.03,jpeg,512,2000,0.8945173621177673,0.36557725071907043,0.3529173731803894,0.01265987753868103,1.0239344252134783
kk,edgeface_xs,liae,0.03,jpeg2000,1024,2000,0.8945173621177673,0.5980936288833618,0.5814769268035889,0.01661670207977295,1.0560572593107207
kk,edgeface_xs,liae,0.03,jpeg2000,512,2000,0.8945173621177673,0.2827267348766327,0.2797265648841858,0.0030001699924468994,1.0049039162400644
kk,edgeface_xs,liae,0.03,webp,1024,2000,0.8945173621177673,0.9315764307975769,0.8541697859764099,0.07740664482116699,-1.0887369159209197
kk,edgeface_xs,liae,0.03,webp,512,2000,0.8945173621177673,0.7965995073318481,0.7514768242835999,0.04512268304824829,1.4608218097394128
kk,edgeface_xs,liae,0.03,jpeg_xl,1024,2000,0.8945173621177673,0.8814396262168884,0.8201947212219238,0.0612449049949646,5.683142820681105
kk,edgeface_xs,liae,0.03,jpeg_xl,512,1999,0.8945170640945435,0.6516944169998169,0.6147977113723755,0.036896705627441406,1.1519491944795732
kk,edgeface_xs,liae,0.03,avif,1024,2000,0.8945173621177673,0.9115938544273376,0.8408535122871399,0.07074034214019775,-3.142556964146096
kk,edgeface_xs,liae,0.03,avif,512,2000,0.8945173621177673,0.5741579532623291,0.5634417533874512,0.01071619987487793,1.0334505545292525
kk,edgeface_xs,liae,0.03,heif,1024,2000,0.8945173621177673,0.8852277994155884,0.8238939046859741,0.06133389472961426,7.60245231083136
kk,edgeface_xs,liae,0.03,heif,512,2000,0.8945173621177673,0.39008912444114685,0.38322123885154724,0.006867885589599609,1.0136151885969604
kk,edgeface_xs,liae,0.03,jpeg_fzt,1024,2000,0.8945173621177673,0.8805806040763855,0.8173252940177917,0.06325531005859375,5.5387392010948595
kk,edgeface_xs,liae,0.03,jpeg_fzt,512,2000,0.8945173621177673,0.5121632218360901,0.49437814950942993,0.017785072326660156,1.0465146586710374
kk,edgeface_xs,liae,0.03,ours_accurate,1024,2000,0.8945173621177673,0.9656252264976501,0.8728166222572327,0.09280860424041748,-0.305180587967061
kk,edgeface_xs,liae,0.03,ours_accurate,512,2000,0.8945173621177673,0.9298558235168457,0.8351084589958191,0.09474736452102661,-1.6811400601469773
kk,edgeface_xs,liae,0.03,ours_fast,1024,2000,0.8945173621177673,0.9004389047622681,0.8257641196250916,0.07467478513717651,-11.610697857006251
kk,edgeface_xs,liae,0.03,ours_fast,512,2000,0.8945173621177673,0.8378905057907104,0.7674842476844788,0.07040625810623169,2.243336866514182
kk,edgeface_xs,liae,0.03,jpeg_ai,1024,0,,,,,
kk,edgeface_xs,liae,0.03,jpeg_ai,512,0,,,,,
kk,edgeface_xs,liae,0.03,neural_bmshj2018,1024,0,,,,,
kk,edgeface_xs,liae,0.03,neural_bmshj2018,512,0,,,,,
kk,edgeface_xs,liae,0.03,neural_mbt2018_mean,1024,0,,,,,
kk,edgeface_xs,liae,0.03,neural_mbt2018_mean,512,0,,,,,
kk,edgeface_xs,liae,0.06,jpeg,1024,2000,0.7507186532020569,0.8586078882217407,0.6707872152328491,0.1878206729888916,-0.7408657402624523
kk,edgeface_xs,liae,0.06,jpeg,512,2000,0.7507186532020569,0.36557725071907043,0.32283955812454224,0.0427376925945282,1.1109662381634395
kk,edgeface_xs,liae,0.06,jpeg2000,1024,2000,0.7507186532020569,0.5980936288833618,0.5318676829338074,0.06622594594955444,1.4339127626362802
kk,edgeface_xs,liae,0.06,jpeg2000,512,2000,0.7507186532020569,0.2827267348766327,0.26661795377731323,0.016108781099319458,1.034421066835855
kk,edgeface_xs,liae,0.06,webp,1024,2000,0.7507186532020569,0.9315764307975769,0.7176895141601562,0.21388691663742065,-0.18262493037910021
kk,edgeface_xs,liae,0.06,webp,512,2000,0.7507186532020569,0.7965995073318481,0.6654812097549438,0.1311182975769043,-1.8577998396888353
kk,edgeface_xs,liae,0.06,jpeg_xl,1024,2000,0.7507186532020569,0.8814396262168884,0.7012491822242737,0.18019044399261475,-0.3784356085857043
kk,edgeface_xs,liae,0.06,jpeg_xl,512,1999,0.7507176399230957,0.6516944169998169,0.543074369430542,0.1086200475692749,2.0969148888784557
kk,edgeface_xs,liae,0.06,avif,1024,2000,0.7507186532020569,0.9115938544273376,0.7149114012718201,0.19668245315551758,-0.22257782217219615
kk,edgeface_xs,liae,0.06,avif,512,2000,0.7507186532020569,0.5741579532623291,0.5053626894950867,0.06879526376724243,1.3896408645339928
kk,edgeface_xs,liae,0.06,heif,1024,2000,0.7507186532020569,0.8852277994155884,0.6992109417915344,0.18601685762405396,-0.3829309222493662
kk,edgeface_xs,liae,0.06,heif,512,2000,0.7507186532020569,0.39008912444114685,0.3485400676727295,0.04154905676841736,1.1152125753849833
kk,edgeface_xs,liae,0.06,jpeg_fzt,1024,2000,0.7507186532020569,0.8805806040763855,0.7123851776123047,0.1681954264640808,-0.29518635236620366
kk,edgeface_xs,liae,0.06,jpeg_fzt,512,2000,0.7507186532020569,0.5121632218360901,0.44328010082244873,0.06888312101364136,1.2887510069220267
kk,edgeface_xs,liae,0.06,ours_accurate,1024,2000,0.7507186532020569,0.9656252264976501,0.7364144325256348,0.22921079397201538,-0.06656018220879348
kk,edgeface_xs,liae,0.06,ours_accurate,512,2000,0.7507186532020569,0.9298558235168457,0.6959251165390015,0.23393070697784424,-0.3058747470821911
kk,edgeface_xs,liae,0.06,ours_fast,1024,2000,0.7507186532020569,0.9004389047622681,0.7062075138092041,0.19423139095306396,-0.2972953820809757
kk,edgeface_xs,liae,0.06,ours_fast,512,2000,0.7507186532020569,0.8378905057907104,0.6568257212638855,0.18106478452682495,-1.0771014857425738
kk,edgeface_xs,liae,0.06,jpeg_ai,1024,0,,,,,
kk,edgeface_xs,liae,0.06,jpeg_ai,512,0,,,,,
kk,edgeface_xs,liae,0.06,neural_bmshj2018,1024,0,,,,,
kk,edgeface_xs,liae,0.06,neural_bmshj2018,512,0,,,,,
kk,edgeface_xs,liae,0.06,neural_mbt2018_mean,1024,0,,,,,
kk,edgeface_xs,liae,0.06,neural_mbt2018_mean,512,0,,,,,
kk,edgeface_xs,liae,0.1,jpeg,1024,2000,0.5354791283607483,0.8586078882217407,0.47495371103286743,0.3836541771888733,-0.18731052399643547
kk,edgeface_xs,liae,0.1,jpeg,512,2000,0.5354791283607483,0.36557725071907043,0.2627662122249603,0.10281103849411011,1.6051200841402002
kk,edgeface_xs,liae,0.1,jpeg2000,1024,2000,0.5354791283607483,0.5980936288833618,0.3868296444416046,0.2112639844417572,-2.3740424770370594
kk,edgeface_xs,liae,0.1,jpeg2000,512,2000,0.5354791283607483,0.2827267348766327,0.2252572476863861,0.05746948719024658,1.2273746507324699
kk,edgeface_xs,liae,0.1,webp,1024,2000,0.5354791283607483,0.9315764307975769,0.5074784755706787,0.4240979552268982,-0.07069134936745813
kk,edgeface_xs,liae,0.1,webp,512,2000,0.5354791283607483,0.7965995073318481,0.492696613073349,0.30390289425849915,-0.16384211548702735
kk,edgeface_xs,liae,0.1,jpeg_xl,1024,2000,0.5354791283607483,0.8814396262168884,0.5049543380737305,0.37648528814315796,-0.08823201052193788
kk,edgeface_xs,liae,0.1,jpeg_xl,512,1999,0.5354983806610107,0.6516944169998169,0.40602919459342957,0.24566522240638733,-1.1142306583511419
kk,edgeface_xs,liae,0.1,avif,1024,2000,0.5354791283607483,0.9115938544273376,0.518169105052948,0.39342474937438965,-0.04602325330047203
kk,edgeface_xs,liae,0.1,avif,512,2000,0.5354791283607483,0.5741579532623291,0.3636094331741333,0.2105485200881958,-4.443508705963573
kk,edgeface_xs,liae,0.1,heif,1024,2000,0.5354791283607483,0.8852277994155884,0.4981960952281952,0.3870317041873932,-0.10659949906344941
kk,edgeface_xs,liae,0.1,heif,512,2000,0.5354791283607483,0.39008912444114685,0.26735979318618774,0.1227293312549591,1.844138716185926
kk,edgeface_xs,liae,0.1,jpeg_fzt,1024,2000,0.5354791283607483,0.8805806040763855,0.5380422472953796,0.34253835678100586,0.007427145680313901
kk,edgeface_xs,liae,0.1,jpeg_fzt,512,2000,0.5354791283607483,0.5121632218360901,0.3316226899623871,0.180540531873703,8.743234503139252
kk,edgeface_xs,liae,0.1,ours_accurate,1024,2000,0.5354791283607483,0.9656252264976501,0.5332004427909851,0.43242478370666504,-0.005297468882393419
kk,edgeface_xs,liae,0.1,ours_accurate,512,2000,0.5354791283607483,0.9298558235168457,0.4918896555900574,0.43796616792678833,-0.11052750658463188
kk,edgeface_xs,liae,0.1,ours_fast,1024,2000,0.5354791283607483,0.9004389047622681,0.5202442407608032,0.38019466400146484,-0.04174401834130899
kk,edgeface_xs,liae,0.1,ours_fast,512,2000,0.5354791283607483,0.8378905057907104,0.47721314430236816,0.3606773614883423,-0.19267126969081846
kk,edgeface_xs,liae,0.1,jpeg_ai,1024,0,,,,,
kk,edgeface_xs,liae,0.1,jpeg_ai,512,0,,,,,
kk,edgeface_xs,liae,0.1,neural_bmshj2018,1024,0,,,,,
kk,edgeface_xs,liae,0.1,neural_bmshj2018,512,0,,,,,
kk,edgeface_xs,liae,0.1,neural_mbt2018_mean,1024,0,,,,,
kk,edgeface_xs,liae,0.1,neural_mbt2018_mean,512,0,,,,,
kk,edgeface_xxs,hfc,0.03,jpeg,1024,0,,,,,
kk,edgeface_xxs,hfc,0.03,jpeg,512,0,,,,,
kk,edgeface_xxs,hfc,0.03,jpeg2000,1024,0,,,,,
kk,edgeface_xxs,hfc,0.03,jpeg2000,512,0,,,,,
kk,edgeface_xxs,hfc,0.03,webp,1024,0,,,,,
kk,edgeface_xxs,hfc,0.03,webp,512,0,,,,,
kk,edgeface_xxs,hfc,0.03,jpeg_xl,1024,0,,,,,
kk,edgeface_xxs,hfc,0.03,jpeg_xl,512,0,,,,,
kk,edgeface_xxs,hfc,0.03,avif,1024,0,,,,,
kk,edgeface_xxs,hfc,0.03,avif,512,0,,,,,
kk,edgeface_xxs,hfc,0.03,heif,1024,0,,,,,
kk,edgeface_xxs,hfc,0.03,heif,512,0,,,,,
kk,edgeface_xxs,hfc,0.03,jpeg_fzt,1024,0,,,,,
kk,edgeface_xxs,hfc,0.03,jpeg_fzt,512,0,,,,,
kk,edgeface_xxs,hfc,0.03,ours_accurate,1024,0,,,,,
kk,edgeface_xxs,hfc,0.03,ours_accurate,512,0,,,,,
kk,edgeface_xxs,hfc,0.03,ours_fast,1024,0,,,,,
kk,edgeface_xxs,hfc,0.03,ours_fast,512,0,,,,,
kk,edgeface_xxs,hfc,0.03,jpeg_ai,1024,0,,,,,
kk,edgeface_xxs,hfc,0.03,jpeg_ai,512,0,,,,,
kk,edgeface_xxs,hfc,0.03,neural_bmshj2018,1024,0,,,,,
kk,edgeface_xxs,hfc,0.03,neural_bmshj2018,512,0,,,,,
kk,edgeface_xxs,hfc,0.03,neural_mbt2018_mean,1024,0,,,,,
kk,edgeface_xxs,hfc,0.03,neural_mbt2018_mean,512,0,,,,,
kk,edgeface_xxs,hfc,0.06,jpeg,1024,0,,,,,
kk,edgeface_xxs,hfc,0.06,jpeg,512,0,,,,,
kk,edgeface_xxs,hfc,0.06,jpeg2000,1024,0,,,,,
kk,edgeface_xxs,hfc,0.06,jpeg2000,512,0,,,,,
kk,edgeface_xxs,hfc,0.06,webp,1024,0,,,,,
kk,edgeface_xxs,hfc,0.06,webp,512,0,,,,,
kk,edgeface_xxs,hfc,0.06,jpeg_xl,1024,0,,,,,
kk,edgeface_xxs,hfc,0.06,jpeg_xl,512,0,,,,,
kk,edgeface_xxs,hfc,0.06,avif,1024,0,,,,,
kk,edgeface_xxs,hfc,0.06,avif,512,0,,,,,
kk,edgeface_xxs,hfc,0.06,heif,1024,0,,,,,
kk,edgeface_xxs,hfc,0.06,heif,512,0,,,,,
kk,edgeface_xxs,hfc,0.06,jpeg_fzt,1024,0,,,,,
kk,edgeface_xxs,hfc,0.06,jpeg_fzt,512,0,,,,,
kk,edgeface_xxs,hfc,0.06,ours_accurate,1024,0,,,,,
kk,edgeface_xxs,hfc,0.06,ours_accurate,512,0,,,,,
kk,edgeface_xxs,hfc,0.06,ours_fast,1024,0,,,,,
kk,edgeface_xxs,hfc,0.06,ours_fast,512,0,,,,,
kk,edgeface_xxs,hfc,0.06,jpeg_ai,1024,0,,,,,
kk,edgeface_xxs,hfc,0.06,jpeg_ai,512,0,,,,,
kk,edgeface_xxs,hfc,0.06,neural_bmshj2018,1024,0,,,,,
kk,edgeface_xxs,hfc,0.06,neural_bmshj2018,512,0,,,,,
kk,edgeface_xxs,hfc,0.06,neural_mbt2018_mean,1024,0,,,,,
kk,edgeface_xxs,hfc,0.06,neural_mbt2018_mean,512,0,,,,,
kk,edgeface_xxs,hfc,0.1,jpeg,1024,0,,,,,
kk,edgeface_xxs,hfc,0.1,jpeg,512,0,,,,,
kk,edgeface_xxs,hfc,0.1,jpeg2000,1024,0,,,,,
kk,edgeface_xxs,hfc,0.1,jpeg2000,512,0,,,,,
kk,edgeface_xxs,hfc,0.1,webp,1024,0,,,,,
kk,edgeface_xxs,hfc,0.1,webp,512,0,,,,,
kk,edgeface_xxs,hfc,0.1,jpeg_xl,1024,0,,,,,
kk,edgeface_xxs,hfc,0.1,jpeg_xl,512,0,,,,,
kk,edgeface_xxs,hfc,0.1,avif,1024,0,,,,,
kk,edgeface_xxs,hfc,0.1,avif,512,0,,,,,
kk,edgeface_xxs,hfc,0.1,heif,1024,0,,,,,
kk,edgeface_xxs,hfc,0.1,heif,512,0,,,,,
kk,edgeface_xxs,hfc,0.1,jpeg_fzt,1024,0,,,,,
kk,edgeface_xxs,hfc,0.1,jpeg_fzt,512,0,,,,,
kk,edgeface_xxs,hfc,0.1,ours_accurate,1024,0,,,,,
kk,edgeface_xxs,hfc,0.1,ours_accurate,512,0,,,,,
kk,edgeface_xxs,hfc,0.1,ours_fast,1024,0,,,,,
kk,edgeface_xxs,hfc,0.1,ours_fast,512,0,,,,,
kk,edgeface_xxs,hfc,0.1,jpeg_ai,1024,0,,,,,
kk,edgeface_xxs,hfc,0.1,jpeg_ai,512,0,,,,,
kk,edgeface_xxs,hfc,0.1,neural_bmshj2018,1024,0,,,,,
kk,edgeface_xxs,hfc,0.1,neural_bmshj2018,512,0,,,,,
kk,edgeface_xxs,hfc,0.1,neural_mbt2018_mean,1024,0,,,,,
kk,edgeface_xxs,hfc,0.1,neural_mbt2018_mean,512,0,,,,,
kk,edgeface_xxs,clip,0.03,jpeg,1024,0,,,,,
kk,edgeface_xxs,clip,0.03,jpeg,512,0,,,,,
kk,edgeface_xxs,clip,0.03,jpeg2000,1024,0,,,,,
kk,edgeface_xxs,clip,0.03,jpeg2000,512,0,,,,,
kk,edgeface_xxs,clip,0.03,webp,1024,0,,,,,
kk,edgeface_xxs,clip,0.03,webp,512,0,,,,,
kk,edgeface_xxs,clip,0.03,jpeg_xl,1024,0,,,,,
kk,edgeface_xxs,clip,0.03,jpeg_xl,512,0,,,,,
kk,edgeface_xxs,clip,0.03,avif,1024,0,,,,,
kk,edgeface_xxs,clip,0.03,avif,512,0,,,,,
kk,edgeface_xxs,clip,0.03,heif,1024,0,,,,,
kk,edgeface_xxs,clip,0.03,heif,512,0,,,,,
kk,edgeface_xxs,clip,0.03,jpeg_fzt,1024,0,,,,,
kk,edgeface_xxs,clip,0.03,jpeg_fzt,512,0,,,,,
kk,edgeface_xxs,clip,0.03,ours_accurate,1024,0,,,,,
kk,edgeface_xxs,clip,0.03,ours_accurate,512,0,,,,,
kk,edgeface_xxs,clip,0.03,ours_fast,1024,0,,,,,
kk,edgeface_xxs,clip,0.03,ours_fast,512,0,,,,,
kk,edgeface_xxs,clip,0.03,jpeg_ai,1024,0,,,,,
kk,edgeface_xxs,clip,0.03,jpeg_ai,512,0,,,,,
kk,edgeface_xxs,clip,0.03,neural_bmshj2018,1024,0,,,,,
kk,edgeface_xxs,clip,0.03,neural_bmshj2018,512,0,,,,,
kk,edgeface_xxs,clip,0.03,neural_mbt2018_mean,1024,0,,,,,
kk,edgeface_xxs,clip,0.03,neural_mbt2018_mean,512,0,,,,,
kk,edgeface_xxs,clip,0.06,jpeg,1024,0,,,,,
kk,edgeface_xxs,clip,0.06,jpeg,512,0,,,,,
kk,edgeface_xxs,clip,0.06,jpeg2000,1024,0,,,,,
kk,edgeface_xxs,clip,0.06,jpeg2000,512,0,,,,,
kk,edgeface_xxs,clip,0.06,webp,1024,0,,,,,
kk,edgeface_xxs,clip,0.06,webp,512,0,,,,,
kk,edgeface_xxs,clip,0.06,jpeg_xl,1024,0,,,,,
kk,edgeface_xxs,clip,0.06,jpeg_xl,512,0,,,,,
kk,edgeface_xxs,clip,0.06,avif,1024,0,,,,,
kk,edgeface_xxs,clip,0.06,avif,512,0,,,,,
kk,edgeface_xxs,clip,0.06,heif,1024,0,,,,,
kk,edgeface_xxs,clip,0.06,heif,512,0,,,,,
kk,edgeface_xxs,clip,0.06,jpeg_fzt,1024,0,,,,,
kk,edgeface_xxs,clip,0.06,jpeg_fzt,512,0,,,,,
kk,edgeface_xxs,clip,0.06,ours_accurate,1024,0,,,,,
kk,edgeface_xxs,clip,0.06,ours_accurate,512,0,,,,,
kk,edgeface_xxs,clip,0.06,ours_fast,1024,0,,,,,
kk,edgeface_xxs,clip,0.06,ours_fast,512,0,,,,,
kk,edgeface_xxs,clip,0.06,jpeg_ai,1024,0,,,,,
kk,edgeface_xxs,clip,0.06,jpeg_ai,512,0,,,,,
kk,edgeface_xxs,clip,0.06,neural_bmshj2018,1024,0,,,,,
kk,edgeface_xxs,clip,0.06,neural_bmshj2018,512,0,,,,,
kk,edgeface_xxs,clip,0.06,neural_mbt2018_mean,1024,0,,,,,
kk,edgeface_xxs,clip,0.06,neural_mbt2018_mean,512,0,,,,,
kk,edgeface_xxs,clip,0.1,jpeg,1024,0,,,,,
kk,edgeface_xxs,clip,0.1,jpeg,512,0,,,,,
kk,edgeface_xxs,clip,0.1,jpeg2000,1024,0,,,,,
kk,edgeface_xxs,clip,0.1,jpeg2000,512,0,,,,,
kk,edgeface_xxs,clip,0.1,webp,1024,0,,,,,
kk,edgeface_xxs,clip,0.1,webp,512,0,,,,,
kk,edgeface_xxs,clip,0.1,jpeg_xl,1024,0,,,,,
kk,edgeface_xxs,clip,0.1,jpeg_xl,512,0,,,,,
kk,edgeface_xxs,clip,0.1,avif,1024,0,,,,,
kk,edgeface_xxs,clip,0.1,avif,512,0,,,,,
kk,edgeface_xxs,clip,0.1,heif,1024,0,,,,,
kk,edgeface_xxs,clip,0.1,heif,512,0,,,,,
kk,edgeface_xxs,clip,0.1,jpeg_fzt,1024,0,,,,,
kk,edgeface_xxs,clip,0.1,jpeg_fzt,512,0,,,,,
kk,edgeface_xxs,clip,0.1,ours_accurate,1024,0,,,,,
kk,edgeface_xxs,clip,0.1,ours_accurate,512,0,,,,,
kk,edgeface_xxs,clip,0.1,ours_fast,1024,0,,,,,
kk,edgeface_xxs,clip,0.1,ours_fast,512,0,,,,,
kk,edgeface_xxs,clip,0.1,jpeg_ai,1024,0,,,,,
kk,edgeface_xxs,clip,0.1,jpeg_ai,512,0,,,,,
kk,edgeface_xxs,clip,0.1,neural_bmshj2018,1024,0,,,,,
kk,edgeface_xxs,clip,0.1,neural_bmshj2018,512,0,,,,,
kk,edgeface_xxs,clip,0.1,neural_mbt2018_mean,1024,0,,,,,
kk,edgeface_xxs,clip,0.1,neural_mbt2018_mean,512,0,,,,,
kk,edgeface_xxs,liae,0.03,jpeg,1024,0,,,,,
kk,edgeface_xxs,liae,0.03,jpeg,512,0,,,,,
kk,edgeface_xxs,liae,0.03,jpeg2000,1024,0,,,,,
kk,edgeface_xxs,liae,0.03,jpeg2000,512,0,,,,,
kk,edgeface_xxs,liae,0.03,webp,1024,0,,,,,
kk,edgeface_xxs,liae,0.03,webp,512,0,,,,,
kk,edgeface_xxs,liae,0.03,jpeg_xl,1024,0,,,,,
kk,edgeface_xxs,liae,0.03,jpeg_xl,512,0,,,,,
kk,edgeface_xxs,liae,0.03,avif,1024,0,,,,,
kk,edgeface_xxs,liae,0.03,avif,512,0,,,,,
kk,edgeface_xxs,liae,0.03,heif,1024,0,,,,,
kk,edgeface_xxs,liae,0.03,heif,512,0,,,,,
kk,edgeface_xxs,liae,0.03,jpeg_fzt,1024,0,,,,,
kk,edgeface_xxs,liae,0.03,jpeg_fzt,512,0,,,,,
kk,edgeface_xxs,liae,0.03,ours_accurate,1024,0,,,,,
kk,edgeface_xxs,liae,0.03,ours_accurate,512,0,,,,,
kk,edgeface_xxs,liae,0.03,ours_fast,1024,0,,,,,
kk,edgeface_xxs,liae,0.03,ours_fast,512,0,,,,,
kk,edgeface_xxs,liae,0.03,jpeg_ai,1024,0,,,,,
kk,edgeface_xxs,liae,0.03,jpeg_ai,512,0,,,,,
kk,edgeface_xxs,liae,0.03,neural_bmshj2018,1024,0,,,,,
kk,edgeface_xxs,liae,0.03,neural_bmshj2018,512,0,,,,,
kk,edgeface_xxs,liae,0.03,neural_mbt2018_mean,1024,0,,,,,
kk,edgeface_xxs,liae,0.03,neural_mbt2018_mean,512,0,,,,,
kk,edgeface_xxs,liae,0.06,jpeg,1024,0,,,,,
kk,edgeface_xxs,liae,0.06,jpeg,512,0,,,,,
kk,edgeface_xxs,liae,0.06,jpeg2000,1024,0,,,,,
kk,edgeface_xxs,liae,0.06,jpeg2000,512,0,,,,,
kk,edgeface_xxs,liae,0.06,webp,1024,0,,,,,
kk,edgeface_xxs,liae,0.06,webp,512,0,,,,,
kk,edgeface_xxs,liae,0.06,jpeg_xl,1024,0,,,,,
kk,edgeface_xxs,liae,0.06,jpeg_xl,512,0,,,,,
kk,edgeface_xxs,liae,0.06,avif,1024,0,,,,,
kk,edgeface_xxs,liae,0.06,avif,512,0,,,,,
kk,edgeface_xxs,liae,0.06,heif,1024,0,,,,,
kk,edgeface_xxs,liae,0.06,heif,512,0,,,,,
kk,edgeface_xxs,liae,0.06,jpeg_fzt,1024,0,,,,,
kk,edgeface_xxs,liae,0.06,jpeg_fzt,512,0,,,,,
kk,edgeface_xxs,liae,0.06,ours_accurate,1024,0,,,,,
kk,edgeface_xxs,liae,0.06,ours_accurate,512,0,,,,,
kk,edgeface_xxs,liae,0.06,ours_fast,1024,0,,,,,
kk,edgeface_xxs,liae,0.06,ours_fast,512,0,,,,,
kk,edgeface_xxs,liae,0.06,jpeg_ai,1024,0,,,,,
kk,edgeface_xxs,liae,0.06,jpeg_ai,512,0,,,,,
kk,edgeface_xxs,liae,0.06,neural_bmshj2018,1024,0,,,,,
kk,edgeface_xxs,liae,0.06,neural_bmshj2018,512,0,,,,,
kk,edgeface_xxs,liae,0.06,neural_mbt2018_mean,1024,0,,,,,
kk,edgeface_xxs,liae,0.06,neural_mbt2018_mean,512,0,,,,,
kk,edgeface_xxs,liae,0.1,jpeg,1024,0,,,,,
kk,edgeface_xxs,liae,0.1,jpeg,512,0,,,,,
kk,edgeface_xxs,liae,0.1,jpeg2000,1024,0,,,,,
kk,edgeface_xxs,liae,0.1,jpeg2000,512,0,,,,,
kk,edgeface_xxs,liae,0.1,webp,1024,0,,,,,
kk,edgeface_xxs,liae,0.1,webp,512,0,,,,,
kk,edgeface_xxs,liae,0.1,jpeg_xl,1024,0,,,,,
kk,edgeface_xxs,liae,0.1,jpeg_xl,512,0,,,,,
kk,edgeface_xxs,liae,0.1,avif,1024,0,,,,,
kk,edgeface_xxs,liae,0.1,avif,512,0,,,,,
kk,edgeface_xxs,liae,0.1,heif,1024,0,,,,,
kk,edgeface_xxs,liae,0.1,heif,512,0,,,,,
kk,edgeface_xxs,liae,0.1,jpeg_fzt,1024,0,,,,,
kk,edgeface_xxs,liae,0.1,jpeg_fzt,512,0,,,,,
kk,edgeface_xxs,liae,0.1,ours_accurate,1024,0,,,,,
kk,edgeface_xxs,liae,0.1,ours_accurate,512,0,,,,,
kk,edgeface_xxs,liae,0.1,ours_fast,1024,0,,,,,
kk,edgeface_xxs,liae,0.1,ours_fast,512,0,,,,,
kk,edgeface_xxs,liae,0.1,jpeg_ai,1024,0,,,,,
kk,edgeface_xxs,liae,0.1,jpeg_ai,512,0,,,,,
kk,edgeface_xxs,liae,0.1,neural_bmshj2018,1024,0,,,,,
kk,edgeface_xxs,liae,0.1,neural_bmshj2018,512,0,,,,,
kk,edgeface_xxs,liae,0.1,neural_mbt2018_mean,1024,0,,,,,
kk,edgeface_xxs,liae,0.1,neural_mbt2018_mean,512,0,,,,,
kk,lvface_b,hfc,0.03,jpeg,1024,0,,,,,
kk,lvface_b,hfc,0.03,jpeg,512,0,,,,,
kk,lvface_b,hfc,0.03,jpeg2000,1024,0,,,,,
kk,lvface_b,hfc,0.03,jpeg2000,512,0,,,,,
kk,lvface_b,hfc,0.03,webp,1024,0,,,,,
kk,lvface_b,hfc,0.03,webp,512,0,,,,,
kk,lvface_b,hfc,0.03,jpeg_xl,1024,0,,,,,
kk,lvface_b,hfc,0.03,jpeg_xl,512,0,,,,,
kk,lvface_b,hfc,0.03,avif,1024,0,,,,,
kk,lvface_b,hfc,0.03,avif,512,0,,,,,
kk,lvface_b,hfc,0.03,heif,1024,0,,,,,
kk,lvface_b,hfc,0.03,heif,512,0,,,,,
kk,lvface_b,hfc,0.03,jpeg_fzt,1024,0,,,,,
kk,lvface_b,hfc,0.03,jpeg_fzt,512,0,,,,,
kk,lvface_b,hfc,0.03,ours_accurate,1024,0,,,,,
kk,lvface_b,hfc,0.03,ours_accurate,512,0,,,,,
kk,lvface_b,hfc,0.03,ours_fast,1024,0,,,,,
kk,lvface_b,hfc,0.03,ours_fast,512,0,,,,,
kk,lvface_b,hfc,0.03,jpeg_ai,1024,0,,,,,
kk,lvface_b,hfc,0.03,jpeg_ai,512,0,,,,,
kk,lvface_b,hfc,0.03,neural_bmshj2018,1024,0,,,,,
kk,lvface_b,hfc,0.03,neural_bmshj2018,512,0,,,,,
kk,lvface_b,hfc,0.03,neural_mbt2018_mean,1024,0,,,,,
kk,lvface_b,hfc,0.03,neural_mbt2018_mean,512,0,,,,,
kk,lvface_b,hfc,0.06,jpeg,1024,0,,,,,
kk,lvface_b,hfc,0.06,jpeg,512,0,,,,,
kk,lvface_b,hfc,0.06,jpeg2000,1024,0,,,,,
kk,lvface_b,hfc,0.06,jpeg2000,512,0,,,,,
kk,lvface_b,hfc,0.06,webp,1024,0,,,,,
kk,lvface_b,hfc,0.06,webp,512,0,,,,,
kk,lvface_b,hfc,0.06,jpeg_xl,1024,0,,,,,
kk,lvface_b,hfc,0.06,jpeg_xl,512,0,,,,,
kk,lvface_b,hfc,0.06,avif,1024,0,,,,,
kk,lvface_b,hfc,0.06,avif,512,0,,,,,
kk,lvface_b,hfc,0.06,heif,1024,0,,,,,
kk,lvface_b,hfc,0.06,heif,512,0,,,,,
kk,lvface_b,hfc,0.06,jpeg_fzt,1024,0,,,,,
kk,lvface_b,hfc,0.06,jpeg_fzt,512,0,,,,,
kk,lvface_b,hfc,0.06,ours_accurate,1024,0,,,,,
kk,lvface_b,hfc,0.06,ours_accurate,512,0,,,,,
kk,lvface_b,hfc,0.06,ours_fast,1024,0,,,,,
kk,lvface_b,hfc,0.06,ours_fast,512,0,,,,,
kk,lvface_b,hfc,0.06,jpeg_ai,1024,0,,,,,
kk,lvface_b,hfc,0.06,jpeg_ai,512,0,,,,,
kk,lvface_b,hfc,0.06,neural_bmshj2018,1024,0,,,,,
kk,lvface_b,hfc,0.06,neural_bmshj2018,512,0,,,,,
kk,lvface_b,hfc,0.06,neural_mbt2018_mean,1024,0,,,,,
kk,lvface_b,hfc,0.06,neural_mbt2018_mean,512,0,,,,,
kk,lvface_b,hfc,0.1,jpeg,1024,0,,,,,
kk,lvface_b,hfc,0.1,jpeg,512,0,,,,,
kk,lvface_b,hfc,0.1,jpeg2000,1024,0,,,,,
kk,lvface_b,hfc,0.1,jpeg2000,512,0,,,,,
kk,lvface_b,hfc,0.1,webp,1024,0,,,,,
kk,lvface_b,hfc,0.1,webp,512,0,,,,,
kk,lvface_b,hfc,0.1,jpeg_xl,1024,0,,,,,
kk,lvface_b,hfc,0.1,jpeg_xl,512,0,,,,,
kk,lvface_b,hfc,0.1,avif,1024,0,,,,,
kk,lvface_b,hfc,0.1,avif,512,0,,,,,
kk,lvface_b,hfc,0.1,heif,1024,0,,,,,
kk,lvface_b,hfc,0.1,heif,512,0,,,,,
kk,lvface_b,hfc,0.1,jpeg_fzt,1024,0,,,,,
kk,lvface_b,hfc,0.1,jpeg_fzt,512,0,,,,,
kk,lvface_b,hfc,0.1,ours_accurate,1024,0,,,,,
kk,lvface_b,hfc,0.1,ours_accurate,512,0,,,,,
kk,lvface_b,hfc,0.1,ours_fast,1024,0,,,,,
kk,lvface_b,hfc,0.1,ours_fast,512,0,,,,,
kk,lvface_b,hfc,0.1,jpeg_ai,1024,0,,,,,
kk,lvface_b,hfc,0.1,jpeg_ai,512,0,,,,,
kk,lvface_b,hfc,0.1,neural_bmshj2018,1024,0,,,,,
kk,lvface_b,hfc,0.1,neural_bmshj2018,512,0,,,,,
kk,lvface_b,hfc,0.1,neural_mbt2018_mean,1024,0,,,,,
kk,lvface_b,hfc,0.1,neural_mbt2018_mean,512,0,,,,,
kk,lvface_b,clip,0.03,jpeg,1024,0,,,,,
kk,lvface_b,clip,0.03,jpeg,512,0,,,,,
kk,lvface_b,clip,0.03,jpeg2000,1024,0,,,,,
kk,lvface_b,clip,0.03,jpeg2000,512,0,,,,,
kk,lvface_b,clip,0.03,webp,1024,0,,,,,
kk,lvface_b,clip,0.03,webp,512,0,,,,,
kk,lvface_b,clip,0.03,jpeg_xl,1024,0,,,,,
kk,lvface_b,clip,0.03,jpeg_xl,512,0,,,,,
kk,lvface_b,clip,0.03,avif,1024,0,,,,,
kk,lvface_b,clip,0.03,avif,512,0,,,,,
kk,lvface_b,clip,0.03,heif,1024,0,,,,,
kk,lvface_b,clip,0.03,heif,512,0,,,,,
kk,lvface_b,clip,0.03,jpeg_fzt,1024,0,,,,,
kk,lvface_b,clip,0.03,jpeg_fzt,512,0,,,,,
kk,lvface_b,clip,0.03,ours_accurate,1024,0,,,,,
kk,lvface_b,clip,0.03,ours_accurate,512,0,,,,,
kk,lvface_b,clip,0.03,ours_fast,1024,0,,,,,
kk,lvface_b,clip,0.03,ours_fast,512,0,,,,,
kk,lvface_b,clip,0.03,jpeg_ai,1024,0,,,,,
kk,lvface_b,clip,0.03,jpeg_ai,512,0,,,,,
kk,lvface_b,clip,0.03,neural_bmshj2018,1024,0,,,,,
kk,lvface_b,clip,0.03,neural_bmshj2018,512,0,,,,,
kk,lvface_b,clip,0.03,neural_mbt2018_mean,1024,0,,,,,
kk,lvface_b,clip,0.03,neural_mbt2018_mean,512,0,,,,,
kk,lvface_b,clip,0.06,jpeg,1024,0,,,,,
kk,lvface_b,clip,0.06,jpeg,512,0,,,,,
kk,lvface_b,clip,0.06,jpeg2000,1024,0,,,,,
kk,lvface_b,clip,0.06,jpeg2000,512,0,,,,,
kk,lvface_b,clip,0.06,webp,1024,0,,,,,
kk,lvface_b,clip,0.06,webp,512,0,,,,,
kk,lvface_b,clip,0.06,jpeg_xl,1024,0,,,,,
kk,lvface_b,clip,0.06,jpeg_xl,512,0,,,,,
kk,lvface_b,clip,0.06,avif,1024,0,,,,,
kk,lvface_b,clip,0.06,avif,512,0,,,,,
kk,lvface_b,clip,0.06,heif,1024,0,,,,,
kk,lvface_b,clip,0.06,heif,512,0,,,,,
kk,lvface_b,clip,0.06,jpeg_fzt,1024,0,,,,,
kk,lvface_b,clip,0.06,jpeg_fzt,512,0,,,,,
kk,lvface_b,clip,0.06,ours_accurate,1024,0,,,,,
kk,lvface_b,clip,0.06,ours_accurate,512,0,,,,,
kk,lvface_b,clip,0.06,ours_fast,1024,0,,,,,
kk,lvface_b,clip,0.06,ours_fast,512,0,,,,,
kk,lvface_b,clip,0.06,jpeg_ai,1024,0,,,,,
kk,lvface_b,clip,0.06,jpeg_ai,512,0,,,,,
kk,lvface_b,clip,0.06,neural_bmshj2018,1024,0,,,,,
kk,lvface_b,clip,0.06,neural_bmshj2018,512,0,,,,,
kk,lvface_b,clip,0.06,neural_mbt2018_mean,1024,0,,,,,
kk,lvface_b,clip,0.06,neural_mbt2018_mean,512,0,,,,,
kk,lvface_b,clip,0.1,jpeg,1024,0,,,,,
kk,lvface_b,clip,0.1,jpeg,512,0,,,,,
kk,lvface_b,clip,0.1,jpeg2000,1024,0,,,,,
kk,lvface_b,clip,0.1,jpeg2000,512,0,,,,,
kk,lvface_b,clip,0.1,webp,1024,0,,,,,
kk,lvface_b,clip,0.1,webp,512,0,,,,,
kk,lvface_b,clip,0.1,jpeg_xl,1024,0,,,,,
kk,lvface_b,clip,0.1,jpeg_xl,512,0,,,,,
kk,lvface_b,clip,0.1,avif,1024,0,,,,,
kk,lvface_b,clip,0.1,avif,512,0,,,,,
kk,lvface_b,clip,0.1,heif,1024,0,,,,,
kk,lvface_b,clip,0.1,heif,512,0,,,,,
kk,lvface_b,clip,0.1,jpeg_fzt,1024,0,,,,,
kk,lvface_b,clip,0.1,jpeg_fzt,512,0,,,,,
kk,lvface_b,clip,0.1,ours_accurate,1024,0,,,,,
kk,lvface_b,clip,0.1,ours_accurate,512,0,,,,,
kk,lvface_b,clip,0.1,ours_fast,1024,0,,,,,
kk,lvface_b,clip,0.1,ours_fast,512,0,,,,,
kk,lvface_b,clip,0.1,jpeg_ai,1024,0,,,,,
kk,lvface_b,clip,0.1,jpeg_ai,512,0,,,,,
kk,lvface_b,clip,0.1,neural_bmshj2018,1024,0,,,,,
kk,lvface_b,clip,0.1,neural_bmshj2018,512,0,,,,,
kk,lvface_b,clip,0.1,neural_mbt2018_mean,1024,0,,,,,
kk,lvface_b,clip,0.1,neural_mbt2018_mean,512,0,,,,,
kk,lvface_b,liae,0.03,jpeg,1024,0,,,,,
kk,lvface_b,liae,0.03,jpeg,512,0,,,,,
kk,lvface_b,liae,0.03,jpeg2000,1024,0,,,,,
kk,lvface_b,liae,0.03,jpeg2000,512,0,,,,,
kk,lvface_b,liae,0.03,webp,1024,0,,,,,
kk,lvface_b,liae,0.03,webp,512,0,,,,,
kk,lvface_b,liae,0.03,jpeg_xl,1024,0,,,,,
kk,lvface_b,liae,0.03,jpeg_xl,512,0,,,,,
kk,lvface_b,liae,0.03,avif,1024,0,,,,,
kk,lvface_b,liae,0.03,avif,512,0,,,,,
kk,lvface_b,liae,0.03,heif,1024,0,,,,,
kk,lvface_b,liae,0.03,heif,512,0,,,,,
kk,lvface_b,liae,0.03,jpeg_fzt,1024,0,,,,,
kk,lvface_b,liae,0.03,jpeg_fzt,512,0,,,,,
kk,lvface_b,liae,0.03,ours_accurate,1024,0,,,,,
kk,lvface_b,liae,0.03,ours_accurate,512,0,,,,,
kk,lvface_b,liae,0.03,ours_fast,1024,0,,,,,
kk,lvface_b,liae,0.03,ours_fast,512,0,,,,,
kk,lvface_b,liae,0.03,jpeg_ai,1024,0,,,,,
kk,lvface_b,liae,0.03,jpeg_ai,512,0,,,,,
kk,lvface_b,liae,0.03,neural_bmshj2018,1024,0,,,,,
kk,lvface_b,liae,0.03,neural_bmshj2018,512,0,,,,,
kk,lvface_b,liae,0.03,neural_mbt2018_mean,1024,0,,,,,
kk,lvface_b,liae,0.03,neural_mbt2018_mean,512,0,,,,,
kk,lvface_b,liae,0.06,jpeg,1024,0,,,,,
kk,lvface_b,liae,0.06,jpeg,512,0,,,,,
kk,lvface_b,liae,0.06,jpeg2000,1024,0,,,,,
kk,lvface_b,liae,0.06,jpeg2000,512,0,,,,,
kk,lvface_b,liae,0.06,webp,1024,0,,,,,
kk,lvface_b,liae,0.06,webp,512,0,,,,,
kk,lvface_b,liae,0.06,jpeg_xl,1024,0,,,,,
kk,lvface_b,liae,0.06,jpeg_xl,512,0,,,,,
kk,lvface_b,liae,0.06,avif,1024,0,,,,,
kk,lvface_b,liae,0.06,avif,512,0,,,,,
kk,lvface_b,liae,0.06,heif,1024,0,,,,,
kk,lvface_b,liae,0.06,heif,512,0,,,,,
kk,lvface_b,liae,0.06,jpeg_fzt,1024,0,,,,,
kk,lvface_b,liae,0.06,jpeg_fzt,512,0,,,,,
kk,lvface_b,liae,0.06,ours_accurate,1024,0,,,,,
kk,lvface_b,liae,0.06,ours_accurate,512,0,,,,,
kk,lvface_b,liae,0.06,ours_fast,1024,0,,,,,
kk,lvface_b,liae,0.06,ours_fast,512,0,,,,,
kk,lvface_b,liae,0.06,jpeg_ai,1024,0,,,,,
kk,lvface_b,liae,0.06,jpeg_ai,512,0,,,,,
kk,lvface_b,liae,0.06,neural_bmshj2018,1024,0,,,,,
kk,lvface_b,liae,0.06,neural_bmshj2018,512,0,,,,,
kk,lvface_b,liae,0.06,neural_mbt2018_mean,1024,0,,,,,
kk,lvface_b,liae,0.06,neural_mbt2018_mean,512,0,,,,,
kk,lvface_b,liae,0.1,jpeg,1024,0,,,,,
kk,lvface_b,liae,0.1,jpeg,512,0,,,,,
kk,lvface_b,liae,0.1,jpeg2000,1024,0,,,,,
kk,lvface_b,liae,0.1,jpeg2000,512,0,,,,,
kk,lvface_b,liae,0.1,webp,1024,0,,,,,
kk,lvface_b,liae,0.1,webp,512,0,,,,,
kk,lvface_b,liae,0.1,jpeg_xl,1024,0,,,,,
kk,lvface_b,liae,0.1,jpeg_xl,512,0,,,,,
kk,lvface_b,liae,0.1,avif,1024,0,,,,,
kk,lvface_b,liae,0.1,avif,512,0,,,,,
kk,lvface_b,liae,0.1,heif,1024,0,,,,,
kk,lvface_b,liae,0.1,heif,512,0,,,,,
kk,lvface_b,liae,0.1,jpeg_fzt,1024,0,,,,,
kk,lvface_b,liae,0.1,jpeg_fzt,512,0,,,,,
kk,lvface_b,liae,0.1,ours_accurate,1024,0,,,,,
kk,lvface_b,liae,0.1,ours_accurate,512,0,,,,,
kk,lvface_b,liae,0.1,ours_fast,1024,0,,,,,
kk,lvface_b,liae,0.1,ours_fast,512,0,,,,,
kk,lvface_b,liae,0.1,jpeg_ai,1024,0,,,,,
kk,lvface_b,liae,0.1,jpeg_ai,512,0,,,,,
kk,lvface_b,liae,0.1,neural_bmshj2018,1024,0,,,,,
kk,lvface_b,liae,0.1,neural_bmshj2018,512,0,,,,,
kk,lvface_b,liae,0.1,neural_mbt2018_mean,1024,0,,,,,
kk,lvface_b,liae,0.1,neural_mbt2018_mean,512,0,,,,,
kk,lvface_l,hfc,0.03,jpeg,1024,2000,0.7400065660476685,0.6345587372779846,0.6040254831314087,0.030533254146575928,1.2895579217023596
kk,lvface_l,hfc,0.03,jpeg,512,2000,0.7400065660476685,0.2010711431503296,0.17202334105968475,0.029047802090644836,1.0538984836707943
kk,lvface_l,hfc,0.03,jpeg2000,1024,2000,0.7400065660476685,0.4166916608810425,0.404304176568985,0.012387484312057495,1.0383139908309311
kk,lvface_l,hfc,0.03,jpeg2000,512,2000,0.7400065660476685,0.1101730465888977,0.1073494404554367,0.0028236061334609985,1.0044830991781564
kk,lvface_l,hfc,0.03,webp,1024,2000,0.7400065660476685,0.6884438395500183,0.6447395086288452,0.043704330921173096,1.8475954219210038
kk,lvface_l,hfc,0.03,webp,512,2000,0.7400065660476685,0.5794026851654053,0.516335666179657,0.06306701898574829,1.392686768459736
kk,lvface_l,hfc,0.03,jpeg_xl,1024,2000,0.7400065660476685,0.6470401287078857,0.6145197749137878,0.0325203537940979,1.3498074651956316
kk,lvface_l,hfc,0.03,jpeg_xl,512,1999,0.7400510311126709,0.4619091749191284,0.4138098359107971,0.0480993390083313,1.1729309628783875
kk,lvface_l,hfc,0.03,avif,1024,2000,0.7400065660476685,0.6813086867332458,0.6476651430130005,0.03364354372024536,1.5731645523346673
kk,lvface_l,hfc,0.03,avif,512,2000,0.7400065660476685,0.37626001238822937,0.3423345386981964,0.03392547369003296,1.0932667907055855
kk,lvface_l,hfc,0.03,heif,1024,2000,0.7400065660476685,0.663640022277832,0.6310612559318542,0.03257876634597778,1.426610459734409
kk,lvface_l,hfc,0.03,heif,512,2000,0.7400065660476685,0.18746834993362427,0.17372289299964905,0.01374545693397522,1.0248769343605695
kk,lvface_l,hfc,0.03,jpeg_fzt,1024,2000,0.7400065660476685,0.6600218415260315,0.6198659539222717,0.040155887603759766,1.5020444571625304
kk,lvface_l,hfc,0.03,jpeg_fzt,512,2000,0.7400065660476685,0.33395349979400635,0.31767675280570984,0.01627674698829651,1.0400852704757766
kk,lvface_l,hfc,0.03,ours_accurate,1024,2000,0.7400065660476685,0.6837911009788513,0.6635321974754333,0.02025890350341797,1.3603795410856725
kk,lvface_l,hfc,0.03,ours_accurate,512,2000,0.7400065660476685,0.6579656600952148,0.6182904243469238,0.039675235748291016,1.4836030915027267
kk,lvface_l,hfc,0.03,ours_fast,1024,2000,0.7400065660476685,0.6493479013442993,0.617848813533783,0.03149908781051636,1.347447074293228
kk,lvface_l,hfc,0.03,ours_fast,512,2000,0.7400065660476685,0.5887097120285034,0.550952136516571,0.03775757551193237,1.2495595546695872
kk,lvface_l,hfc,0.03,jpeg_ai,1024,0,,,,,
kk,lvface_l,hfc,0.03,jpeg_ai,512,0,,,,,
kk,lvface_l,hfc,0.03,neural_bmshj2018,1024,0,,,,,
kk,lvface_l,hfc,0.03,neural_bmshj2018,512,0,,,,,
kk,lvface_l,hfc,0.03,neural_mbt2018_mean,1024,0,,,,,
kk,lvface_l,hfc,0.03,neural_mbt2018_mean,512,0,,,,,
kk,lvface_l,hfc,0.06,jpeg,1024,2000,0.6342595219612122,0.6345587372779846,0.5289112329483032,0.1056475043296814,-352.08187250996014
kk,lvface_l,hfc,0.06,jpeg,512,2000,0.6342595219612122,0.2010711431503296,0.1499817818403244,0.05108936131000519,1.1179379775843648
kk,lvface_l,hfc,0.06,jpeg2000,1024,2000,0.6342595219612122,0.4166916608810425,0.38250166177749634,0.03418999910354614,1.1571463677300562
kk,lvface_l,hfc,0.06,jpeg2000,512,2000,0.6342595219612122,0.1101730465888977,0.10912959277629852,0.0010434538125991821,1.00199099549718
kk,lvface_l,hfc,0.06,webp,1024,2000,0.6342595219612122,0.6884438395500183,0.5616647005081177,0.12677913904190063,-1.3397755048610547
kk,lvface_l,hfc,0.06,webp,512,2000,0.6342595219612122,0.5794026851654053,0.44066980481147766,0.1387328803539276,3.5289989080181887
kk,lvface_l,hfc,0.06,jpeg_xl,1024,2000,0.6342595219612122,0.6470401287078857,0.5328500866889954,0.11419004201889038,-7.934633877895561
kk,lvface_l,hfc,0.06,jpeg_xl,512,1999,0.6342931389808655,0.4619091749191284,0.35183578729629517,0.11007338762283325,1.6385361203517277
kk,lvface_l,hfc,0.06,avif,1024,2000,0.6342595219612122,0.6813086867332458,0.5579625964164734,0.12334609031677246,-1.6216425076708296
kk,lvface_l,hfc,0.06,avif,512,2000,0.6342595219612122,0.37626001238822937,0.3007231056690216,0.07553690671920776,1.2927792647522065
kk,lvface_l,hfc,0.06,heif,1024,2000,0.6342595219612122,0.663640022277832,0.5380200743675232,0.12561994791030884,-3.275623170353179
kk,lvface_l,hfc,0.06,heif,512,2000,0.6342595219612122,0.18746834993362427,0.16089636087417603,0.026571989059448242,1.0594729500559772
kk,lvface_l,hfc,0.06,jpeg_fzt,1024,2000,0.6342595219612122,0.6600218415260315,0.52825927734375,0.1317625641822815,-4.1145458331405305
kk,lvface_l,hfc,0.06,jpeg_fzt,512,2000,0.6342595219612122,0.33395349979400635,0.2820742130279541,0.051879286766052246,1.1727547332939152
kk,lvface_l,hfc,0.06,ours_accurate,1024,2000,0.6342595219612122,0.6837911009788513,0.5683648586273193,0.11542624235153198,-1.3303566056399383
kk,lvface_l,hfc,0.06,ours_accurate,512,2000,0.6342595219612122,0.6579656600952148,0.4970896542072296,0.16087600588798523,-5.78625953238812
kk,lvface_l,hfc,0.06,ours_fast,1024,2000,0.6342595219612122,0.6493479013442993,0.526880145072937,0.1224677562713623,-7.11669385836352
kk,lvface_l,hfc,0.06,ours_fast,512,2000,0.6342595219612122,0.5887097120285034,0.44889095425605774,0.13981875777244568,4.069579389661594
kk,lvface_l,hfc,0.06,jpeg_ai,1024,0,,,,,
kk,lvface_l,hfc,0.06,jpeg_ai,512,0,,,,,
kk,lvface_l,hfc,0.06,neural_bmshj2018,1024,0,,,,,
kk,lvface_l,hfc,0.06,neural_bmshj2018,512,0,,,,,
kk,lvface_l,hfc,0.06,neural_mbt2018_mean,1024,0,,,,,
kk,lvface_l,hfc,0.06,neural_mbt2018_mean,512,0,,,,,
kk,lvface_l,hfc,0.1,jpeg,1024,2000,0.5105231404304504,0.6345587372779846,0.3932906985282898,0.24126803874969482,-0.9451515926211405
kk,lvface_l,hfc,0.1,jpeg,512,2000,0.5105231404304504,0.2010711431503296,0.1129244714975357,0.08814667165279388,1.2848476417264876
kk,lvface_l,hfc,0.1,jpeg2000,1024,2000,0.5105231404304504,0.4166916608810425,0.3013084828853607,0.11538317799568176,2.2296851605641104
kk,lvface_l,hfc,0.1,jpeg2000,512,2000,0.5105231404304504,0.1101730465888977,0.10051470249891281,0.009658344089984894,1.024124745412967
kk,lvface_l,hfc,0.1,webp,1024,2000,0.5105231404304504,0.6884438395500183,0.40990710258483887,0.27853673696517944,-0.5655105805198903
kk,lvface_l,hfc,0.1,webp,512,2000,0.5105231404304504,0.5794026851654053,0.34374991059303284,0.23565277457237244,-2.421230141388898
kk,lvface_l,hfc,0.1,jpeg_xl,1024,2000,0.5105231404304504,0.6470401287078857,0.37988099455833435,0.2671591341495514,-0.9569662173224909
kk,lvface_l,hfc,0.1,jpeg_xl,512,1999,0.5105688571929932,0.4619091749191284,0.24634867906570435,0.21556049585342407,5.429961022766526
kk,lvface_l,hfc,0.1,avif,1024,2000,0.5105231404304504,0.6813086867332458,0.38771116733551025,0.2935975193977356,-0.7191005079387681
kk,lvface_l,hfc,0.1,avif,512,2000,0.5105231404304504,0.37626001238822937,0.22058258950710297,0.1556774228811264,2.159494979382361
kk,lvface_l,hfc,0.1,heif,1024,2000,0.5105231404304504,0.663640022277832,0.35925963521003723,0.3043803870677948,-0.9878956741764391
kk,lvface_l,hfc,0.1,heif,512,2000,0.5105231404304504,0.18746834993362427,0.12240411341190338,0.06506423652172089,1.2014031007608912
kk,lvface_l,hfc,0.1,jpeg_fzt,1024,2000,0.5105231404304504,0.6600218415260315,0.37568962574005127,0.2843322157859802,-0.9019042553700464
kk,lvface_l,hfc,0.1,jpeg_fzt,512,2000,0.5105231404304504,0.33395349979400635,0.20261842012405396,0.1313350796699524,1.7438146172612459
kk,lvface_l,hfc,0.1,ours_accurate,1024,2000,0.5105231404304504,0.6837911009788513,0.407171368598938,0.27661973237991333,-0.5964851869001023
kk,lvface_l,hfc,0.1,ours_accurate,512,2000,0.5105231404304504,0.6579656600952148,0.32555848360061646,0.3324071764945984,-1.254486543300959
kk,lvface_l,hfc,0.1,ours_fast,1024,2000,0.5105231404304504,0.6493479013442993,0.3704437017440796,0.2789041996002197,-1.0090378529324506
kk,lvface_l,hfc,0.1,ours_fast,512,2000,0.5105231404304504,0.5887097120285034,0.2965761423110962,0.2921335697174072,-2.73636500164284
kk,lvface_l,hfc,0.1,jpeg_ai,1024,0,,,,,
kk,lvface_l,hfc,0.1,jpeg_ai,512,0,,,,,
kk,lvface_l,hfc,0.1,neural_bmshj2018,1024,0,,,,,
kk,lvface_l,hfc,0.1,neural_bmshj2018,512,0,,,,,
kk,lvface_l,hfc,0.1,neural_mbt2018_mean,1024,0,,,,,
kk,lvface_l,hfc,0.1,neural_mbt2018_mean,512,0,,,,,
kk,lvface_l,clip,0.03,jpeg,1024,2000,0.763681173324585,0.6345587372779846,0.6241773962974548,0.010381340980529785,1.0803992032552976
kk,lvface_l,clip,0.03,jpeg,512,2000,0.763681173324585,0.2010711431503296,0.19691650569438934,0.004154637455940247,1.0073845776525765
kk,lvface_l,clip,0.03,jpeg2000,1024,2000,0.763681173324585,0.4166916608810425,0.4149181544780731,0.0017735064029693604,1.00511112393709
kk,lvface_l,clip,0.03,jpeg2000,512,2000,0.763681173324585,0.1101730465888977,0.10972189158201218,0.00045115500688552856,1.0006903586786886
kk,lvface_l,clip,0.03,webp,1024,2000,0.763681173324585,0.6884438395500183,0.6608242392539978,0.027619600296020508,1.3670996686136834
kk,lvface_l,clip,0.03,webp,512,2000,0.763681173324585,0.5794026851654053,0.564177393913269,0.01522529125213623,1.0826210992081975
kk,lvface_l,clip,0.03,jpeg_xl,1024,2000,0.763681173324585,0.6470401287078857,0.638186514377594,0.008853614330291748,1.075904792857318
kk,lvface_l,clip,0.03,jpeg_xl,512,1999,0.76370769739151,0.4619091749191284,0.4451766312122345,0.01673254370689392,1.0554427621772906
kk,lvface_l,clip,0.03,avif,1024,2000,0.763681173324585,0.6813086867332458,0.6674203872680664,0.013888299465179443,1.1686036204549846
kk,lvface_l,clip,0.03,avif,512,2000,0.763681173324585,0.37626001238822937,0.3840406835079193,-0.007780671119689941,0.9799167626753147
kk,lvface_l,clip,0.03,heif,1024,2000,0.763681173324585,0.663640022277832,0.6534016132354736,0.010238409042358398,1.1023419756293449
kk,lvface_l,clip,0.03,heif,512,2000,0.763681173324585,0.18746834993362427,0.18595226109027863,0.001516088843345642,1.0026311265244388
kk,lvface_l,clip,0.03,jpeg_fzt,1024,2000,0.763681173324585,0.6600218415260315,0.6493461728096008,0.010675668716430664,1.1029880140186243
kk,lvface_l,clip,0.03,jpeg_fzt,512,2000,0.763681173324585,0.33395349979400635,0.3314421474933624,0.002511352300643921,1.0058440553292995
kk,lvface_l,clip,0.03,ours_accurate,1024,2000,0.763681173324585,0.6837911009788513,0.6744300723075867,0.009361028671264648,1.1171738664943711
kk,lvface_l,clip,0.03,ours_accurate,512,2000,0.763681173324585,0.6579656600952148,0.6404500603675842,0.017515599727630615,1.16568618164514
kk,lvface_l,clip,0.03,ours_fast,1024,2000,0.763681173324585,0.6493479013442993,0.6351445913314819,0.014203310012817383,1.1242272679405734
kk,lvface_l,clip,0.03,ours_fast,512,2000,0.763681173324585,0.5887097120285034,0.5670803189277649,0.021629393100738525,1.1236166912050756
kk,lvface_l,clip,0.03,jpeg_ai,1024,0,,,,,
kk,lvface_l,clip,0.03,jpeg_ai,512,0,,,,,
kk,lvface_l,clip,0.03,neural_bmshj2018,1024,0,,,,,
kk,lvface_l,clip,0.03,neural_bmshj2018,512,0,,,,,
kk,lvface_l,clip,0.03,neural_mbt2018_mean,1024,0,,,,,
kk,lvface_l,clip,0.03,neural_mbt2018_mean,512,0,,,,,
kk,lvface_l,clip,0.06,jpeg,1024,2000,0.6641798615455627,0.6345587372779846,0.6046680808067322,0.02989065647125244,2.0090993238892465
kk,lvface_l,clip,0.06,jpeg,512,2000,0.6641798615455627,0.2010711431503296,0.1932249814271927,0.007846161723136902,1.0169423753245792
kk,lvface_l,clip,0.06,jpeg2000,1024,2000,0.6641798615455627,0.4166916608810425,0.41219955682754517,0.0044921040534973145,1.0181507806894865
kk,lvface_l,clip,0.06,jpeg2000,512,2000,0.6641798615455627,0.1101730465888977,0.10917842388153076,0.0009946227073669434,1.0017953257622738
kk,lvface_l,clip,0.06,webp,1024,2000,0.6641798615455627,0.6884438395500183,0.6330042481422424,0.05543959140777588,-1.2848517006401659
kk,lvface_l,clip,0.06,webp,512,2000,0.6641798615455627,0.5794026851654053,0.5392176508903503,0.04018503427505493,1.4740076986624013
kk,lvface_l,clip,0.06,jpeg_xl,1024,2000,0.6641798615455627,0.6470401287078857,0.6163714528083801,0.030668675899505615,2.789332201963437
kk,lvface_l,clip,0.06,jpeg_xl,512,1999,0.6642258167266846,0.4619091749191284,0.4295240342617035,0.03238514065742493,1.1600715609358014
kk,lvface_l,clip,0.06,avif,1024,2000,0.6641798615455627,0.6813086867332458,0.6458873152732849,0.03542137145996094,-1.0679393403717803
kk,lvface_l,clip,0.06,avif,512,2000,0.6641798615455627,0.37626001238822937,0.3792956471443176,-0.003035634756088257,0.9894566673156687
kk,lvface_l,clip,0.06,heif,1024,2000,0.6641798615455627,0.663640022277832,0.6279869675636292,0.03565305471420288,67.04383349895109
kk,lvface_l,clip,0.06,heif,512,2000,0.6641798615455627,0.18746834993362427,0.18287023901939392,0.004598110914230347,1.0096454790837386
kk,lvface_l,clip,0.06,jpeg_fzt,1024,2000,0.6641798615455627,0.6600218415260315,0.630607545375824,0.02941429615020752,8.07411123853211
kk,lvface_l,clip,0.06,jpeg_fzt,512,2000,0.6641798615455627,0.33395349979400635,0.32635438442230225,0.0075991153717041016,1.0230118374904946
kk,lvface_l,clip,0.06,ours_accurate,1024,2000,0.6641798615455627,0.6837911009788513,0.6546000242233276,0.02919107675552368,-0.488487092048556
kk,lvface_l,clip,0.06,ours_accurate,512,2000,0.6641798615455627,0.6579656600952148,0.5998073816299438,0.058158278465270996,10.358930335612957
kk,lvface_l,clip,0.06,ours_fast,1024,2000,0.6641798615455627,0.6493479013442993,0.6042224168777466,0.045125484466552734,4.042449133777262
kk,lvface_l,clip,0.06,ours_fast,512,2000,0.6641798615455627,0.5887097120285034,0.5296713709831238,0.05903834104537964,1.78227407025389
kk,lvface_l,clip,0.06,jpeg_ai,1024,0,,,,,
kk,lvface_l,clip,0.06,jpeg_ai,512,0,,,,,
kk,lvface_l,clip,0.06,neural_bmshj2018,1024,0,,,,,
kk,lvface_l,clip,0.06,neural_bmshj2018,512,0,,,,,
kk,lvface_l,clip,0.06,neural_mbt2018_mean,1024,0,,,,,
kk,lvface_l,clip,0.06,neural_mbt2018_mean,512,0,,,,,
kk,lvface_l,clip,0.1,jpeg,1024,2000,0.6263399720191956,0.6345587372779846,0.5611982941627502,0.07336044311523438,-7.925968902297517
kk,lvface_l,clip,0.1,jpeg,512,2000,0.6263399720191956,0.2010711431503296,0.18460918962955475,0.01646195352077484,1.0387095230199694
kk,lvface_l,clip,0.1,jpeg2000,1024,2000,0.6263399720191956,0.4166916608810425,0.4000225365161896,0.016669124364852905,1.0795099386890283
kk,lvface_l,clip,0.1,jpeg2000,512,2000,0.6263399720191956,0.1101730465888977,0.10856279730796814,0.0016102492809295654,1.003119628944817
kk,lvface_l,clip,0.1,webp,1024,2000,0.6263399720191956,0.6884438395500183,0.5715374946594238,0.11690634489059448,-0.8824326010384574
kk,lvface_l,clip,0.1,webp,512,2000,0.6263399720191956,0.5794026851654053,0.50010746717453,0.07929521799087524,2.6893864836687293
kk,lvface_l,clip,0.1,jpeg_xl,1024,2000,0.6263399720191956,0.6470401287078857,0.5751460194587708,0.07189410924911499,-2.473119084571728
kk,lvface_l,clip,0.1,jpeg_xl,512,1999,0.6264185309410095,0.4619091749191284,0.40394294261932373,0.05796623229980469,1.3523582712954922
kk,lvface_l,clip,0.1,avif,1024,2000,0.6263399720191956,0.6813086867332458,0.5970221161842346,0.08428657054901123,-0.5333553092422432
kk,lvface_l,clip,0.1,avif,512,2000,0.6263399720191956,0.37626001238822937,0.35590359568595886,0.020356416702270508,1.0813996320709174
kk,lvface_l,clip,0.1,heif,1024,2000,0.6263399720191956,0.663640022277832,0.5723095536231995,0.09133046865463257,-1.4485347344400925
kk,lvface_l,clip,0.1,heif,512,2000,0.6263399720191956,0.18746834993362427,0.1753281056880951,0.012140244245529175,1.0276624042990916
kk,lvface_l,clip,0.1,jpeg_fzt,1024,2000,0.6263399720191956,0.6600218415260315,0.5901737809181213,0.06984806060791016,-1.0737584234667874
kk,lvface_l,clip,0.1,jpeg_fzt,512,2000,0.6263399720191956,0.33395349979400635,0.3159886598587036,0.017964839935302734,1.0614421036602084
kk,lvface_l,clip,0.1,ours_accurate,1024,2000,0.6263399720191956,0.6837911009788513,0.593488872051239,0.0903022289276123,-0.5718094763816697
kk,lvface_l,clip,0.1,ours_accurate,512,2000,0.6263399720191956,0.6579656600952148,0.5291399955749512,0.12882566452026367,-3.0734501716011016
kk,lvface_l,clip,0.1,ours_fast,1024,2000,0.6263399720191956,0.6493479013442993,0.5476778745651245,0.1016700267791748,-3.4189125124025606
kk,lvface_l,clip,0.1,ours_fast,512,2000,0.6263399720191956,0.5887097120285034,0.46575623750686646,0.12295347452163696,4.267409647237344
kk,lvface_l,clip,0.1,jpeg_ai,1024,0,,,,,
kk,lvface_l,clip,0.1,jpeg_ai,512,0,,,,,
kk,lvface_l,clip,0.1,neural_bmshj2018,1024,0,,,,,
kk,lvface_l,clip,0.1,neural_bmshj2018,512,0,,,,,
kk,lvface_l,clip,0.1,neural_mbt2018_mean,1024,0,,,,,
kk,lvface_l,clip,0.1,neural_mbt2018_mean,512,0,,,,,
kk,lvface_l,liae,0.03,jpeg,1024,2000,0.6862581372261047,0.6345587372779846,0.5975909233093262,0.03696781396865845,1.7150530568199112
kk,lvface_l,liae,0.03,jpeg,512,2000,0.6862581372261047,0.2010711431503296,0.19140048325061798,0.009670659899711609,1.019931820139023
kk,lvface_l,liae,0.03,jpeg2000,1024,2000,0.6862581372261047,0.4166916608810425,0.4013287425041199,0.015362918376922607,1.056991205231533
kk,lvface_l,liae,0.03,jpeg2000,512,2000,0.6862581372261047,0.1101730465888977,0.10954087227582932,0.0006321743130683899,1.0010973627391904
kk,lvface_l,liae,0.03,webp,1024,2000,0.6862581372261047,0.6884438395500183,0.6383090615272522,0.05013477802276611,-21.937605672211618
kk,lvface_l,liae,0.03,webp,512,2000,0.6862581372261047,0.5794026851654053,0.5394015908241272,0.040001094341278076,1.3743477152532693
kk,lvface_l,liae,0.03,jpeg_xl,1024,2000,0.6862581372261047,0.6470401287078857,0.6145855784416199,0.03245455026626587,1.827542027055986
kk,lvface_l,liae,0.03,jpeg_xl,512,1999,0.6863071918487549,0.4619091749191284,0.4295041859149933,0.03240498900413513,1.14440853554556
kk,lvface_l,liae,0.03,avif,1024,2000,0.6862581372261047,0.6813086867332458,0.6436477303504944,0.037660956382751465,8.609118716732098
kk,lvface_l,liae,0.03,avif,512,2000,0.6862581372261047,0.37626001238822937,0.3653263449668884,0.010933667421340942,1.0352701082532647
kk,lvface_l,liae,0.03,heif,1024,2000,0.6862581372261047,0.663640022277832,0.6237215995788574,0.03991842269897461,2.7648872503419253
kk,lvface_l,liae,0.03,heif,512,2000,0.6862581372261047,0.18746834993362427,0.18362979590892792,0.00383855402469635,1.0076957350019788
kk,lvface_l,liae,0.03,jpeg_fzt,1024,2000,0.6862581372261047,0.6600218415260315,0.6157381534576416,0.04428368806838989,2.687878829184955
kk,lvface_l,liae,0.03,jpeg_fzt,512,2000,0.6862581372261047,0.33395349979400635,0.31832194328308105,0.015631556510925293,1.044369431594377
kk,lvface_l,liae,0.03,ours_accurate,1024,2000,0.6862581372261047,0.6837911009788513,0.6599952578544617,0.02379584312438965,10.645518241121044
kk,lvface_l,liae,0.03,ours_accurate,512,2000,0.6862581372261047,0.6579656600952148,0.6084162592887878,0.049549400806427,2.751327767349458
kk,lvface_l,liae,0.03,ours_fast,1024,2000,0.6862581372261047,0.6493479013442993,0.6115883588790894,0.03775954246520996,2.023010055696317
kk,lvface_l,liae,0.03,ours_fast,512,2000,0.6862581372261047,0.5887097120285034,0.5414564609527588,0.04725325107574463,1.484408138624739
kk,lvface_l,liae,0.03,jpeg_ai,1024,0,,,,,
kk,lvface_l,liae,0.03,jpeg_ai,512,0,,,,,
kk,lvface_l,liae,0.03,neural_bmshj2018,1024,0,,,,,
kk,lvface_l,liae,0.03,neural_bmshj2018,512,0,,,,,
kk,lvface_l,liae,0.03,neural_mbt2018_mean,1024,0,,,,,
kk,lvface_l,liae,0.03,neural_mbt2018_mean,512,0,,,,,
kk,lvface_l,liae,0.06,jpeg,1024,2000,0.62430739402771,0.6345587372779846,0.5138435959815979,0.12071514129638672,-10.775543784776934
kk,lvface_l,liae,0.06,jpeg,512,2000,0.62430739402771,0.2010711431503296,0.17077107727527618,0.030300065875053406,1.0715913767127474
kk,lvface_l,liae,0.06,jpeg2000,1024,2000,0.62430739402771,0.4166916608810425,0.354131281375885,0.06256037950515747,1.3013277392660916
kk,lvface_l,liae,0.06,jpeg2000,512,2000,0.62430739402771,0.1101730465888977,0.1020597517490387,0.008113294839859009,1.0157804956628085
kk,lvface_l,liae,0.06,webp,1024,2000,0.62430739402771,0.6884438395500183,0.5532823204994202,0.13516151905059814,-1.1074058275272738
kk,lvface_l,liae,0.06,webp,512,2000,0.62430739402771,0.5794026851654053,0.4671025276184082,0.11230015754699707,3.5008548188421185
kk,lvface_l,liae,0.06,jpeg_xl,1024,2000,0.62430739402771,0.6470401287078857,0.5359504222869873,0.11108970642089844,-3.8867726643453455
kk,lvface_l,liae,0.06,jpeg_xl,512,1999,0.6242895722389221,0.4619091749191284,0.36986851692199707,0.09204065799713135,1.5668212389939253
kk,lvface_l,liae,0.06,avif,1024,2000,0.62430739402771,0.6813086867332458,0.5627138614654541,0.11859482526779175,-1.0805637844117522
kk,lvface_l,liae,0.06,avif,512,2000,0.62430739402771,0.37626001238822937,0.31606632471084595,0.06019368767738342,1.242670119230973
kk,lvface_l,liae,0.06,heif,1024,2000,0.62430739402771,0.663640022277832,0.5354166030883789,0.12822341918945312,-2.2599758748401255
kk,lvface_l,liae,0.06,heif,512,2000,0.62430739402771,0.18746834993362427,0.15716786682605743,0.030300483107566833,1.069363037753193
kk,lvface_l,liae,0.06,jpeg_fzt,1024,2000,0.62430739402771,0.6600218415260315,0.527971088886261,0.1320507526397705,-2.69740432484575
kk,lvface_l,liae,0.06,jpeg_fzt,512,2000,0.62430739402771,0.33395349979400635,0.27536141872406006,0.05859208106994629,1.2017954028981819
kk,lvface_l,liae,0.06,ours_accurate,1024,2000,0.62430739402771,0.6837911009788513,0.5720385313034058,0.11175256967544556,-0.8787089003588281
kk,lvface_l,liae,0.06,ours_accurate,512,2000,0.62430739402771,0.6579656600952148,0.499778687953949,0.15818697214126587,-3.699795640809503
kk,lvface_l,liae,0.06,ours_fast,1024,2000,0.62430739402771,0.6493479013442993,0.5264496207237244,0.12289828062057495,-3.907978862678822
kk,lvface_l,liae,0.06,ours_fast,512,2000,0.62430739402771,0.5887097120285034,0.4555725157260895,0.13313719630241394,4.740052408619794
kk,lvface_l,liae,0.06,jpeg_ai,1024,0,,,,,
kk,lvface_l,liae,0.06,jpeg_ai,512,0,,,,,
kk,lvface_l,liae,0.06,neural_bmshj2018,1024,0,,,,,
kk,lvface_l,liae,0.06,neural_bmshj2018,512,0,,,,,
kk,lvface_l,liae,0.06,neural_mbt2018_mean,1024,0,,,,,
kk,lvface_l,liae,0.06,neural_mbt2018_mean,512,0,,,,,
kk,lvface_l,liae,0.1,jpeg,1024,2000,0.4761768877506256,0.6345587372779846,0.36137649416923523,0.2731822431087494,-0.7248330154242811
kk,lvface_l,liae,0.1,jpeg,512,2000,0.4761768877506256,0.2010711431503296,0.13270367681980133,0.06836746633052826,1.2485134086525893
kk,lvface_l,liae,0.1,jpeg2000,1024,2000,0.4761768877506256,0.4166916608810425,0.2504313290119171,0.16626033186912537,3.794985252954294
kk,lvface_l,liae,0.1,jpeg2000,512,2000,0.4761768877506256,0.1101730465888977,0.08421669900417328,0.025956347584724426,1.0709182381866178
kk,lvface_l,liae,0.1,webp,1024,2000,0.4761768877506256,0.6884438395500183,0.38428500294685364,0.3041588366031647,-0.4329071672476661
kk,lvface_l,liae,0.1,webp,512,2000,0.4761768877506256,0.5794026851654053,0.3450694680213928,0.23433321714401245,-1.2701032398172696
kk,lvface_l,liae,0.1,jpeg_xl,1024,2000,0.4761768877506256,0.6470401287078857,0.38906189799308777,0.257978230714798,-0.5098521441445024
kk,lvface_l,liae,0.1,jpeg_xl,512,1999,0.4761893153190613,0.4619091749191284,0.27022483944892883,0.19168433547019958,14.42314081667578
kk,lvface_l,liae,0.1,avif,1024,2000,0.4761768877506256,0.6813086867332458,0.40849781036376953,0.2728108763694763,-0.32992972187890857
kk,lvface_l,liae,0.1,avif,512,2000,0.4761768877506256,0.37626001238822937,0.2134096324443817,0.16285037994384766,2.629858613504406
kk,lvface_l,liae,0.1,heif,1024,2000,0.4761768877506256,0.663640022277832,0.37564197182655334,0.2879980504512787,-0.5362916617052602
kk,lvface_l,liae,0.1,heif,512,2000,0.4761768877506256,0.18746834993362427,0.10832881927490234,0.07913953065872192,1.2741156574624222
kk,lvface_l,liae,0.1,jpeg_fzt,1024,2000,0.4761768877506256,0.6600218415260315,0.3752189576625824,0.2848028838634491,-0.549147137382832
kk,lvface_l,liae,0.1,jpeg_fzt,512,2000,0.4761768877506256,0.33395349979400635,0.18990182876586914,0.1440516710281372,2.0128550099796216
kk,lvface_l,liae,0.1,ours_accurate,1024,2000,0.4761768877506256,0.6837911009788513,0.4185304641723633,0.26526063680648804,-0.2776612577814838
kk,lvface_l,liae,0.1,ours_accurate,512,2000,0.4761768877506256,0.6579656600952148,0.3398132920265198,0.31815236806869507,-0.7501211101509734
kk,lvface_l,liae,0.1,ours_fast,1024,2000,0.4761768877506256,0.6493479013442993,0.3787543475627899,0.2705935537815094,-0.5625799501088948
kk,lvface_l,liae,0.1,ours_fast,512,2000,0.4761768877506256,0.5887097120285034,0.3166714310646057,0.2720382809638977,-1.4174127212176988
kk,lvface_l,liae,0.1,jpeg_ai,1024,0,,,,,
kk,lvface_l,liae,0.1,jpeg_ai,512,0,,,,,
kk,lvface_l,liae,0.1,neural_bmshj2018,1024,0,,,,,
kk,lvface_l,liae,0.1,neural_bmshj2018,512,0,,,,,
kk,lvface_l,liae,0.1,neural_mbt2018_mean,1024,0,,,,,
kk,lvface_l,liae,0.1,neural_mbt2018_mean,512,0,,,,,
kk,lvface_s,hfc,0.03,jpeg,1024,0,,,,,
kk,lvface_s,hfc,0.03,jpeg,512,0,,,,,
kk,lvface_s,hfc,0.03,jpeg2000,1024,0,,,,,
kk,lvface_s,hfc,0.03,jpeg2000,512,0,,,,,
kk,lvface_s,hfc,0.03,webp,1024,0,,,,,
kk,lvface_s,hfc,0.03,webp,512,0,,,,,
kk,lvface_s,hfc,0.03,jpeg_xl,1024,0,,,,,
kk,lvface_s,hfc,0.03,jpeg_xl,512,0,,,,,
kk,lvface_s,hfc,0.03,avif,1024,0,,,,,
kk,lvface_s,hfc,0.03,avif,512,0,,,,,
kk,lvface_s,hfc,0.03,heif,1024,0,,,,,
kk,lvface_s,hfc,0.03,heif,512,0,,,,,
kk,lvface_s,hfc,0.03,jpeg_fzt,1024,0,,,,,
kk,lvface_s,hfc,0.03,jpeg_fzt,512,0,,,,,
kk,lvface_s,hfc,0.03,ours_accurate,1024,0,,,,,
kk,lvface_s,hfc,0.03,ours_accurate,512,0,,,,,
kk,lvface_s,hfc,0.03,ours_fast,1024,0,,,,,
kk,lvface_s,hfc,0.03,ours_fast,512,0,,,,,
kk,lvface_s,hfc,0.03,jpeg_ai,1024,0,,,,,
kk,lvface_s,hfc,0.03,jpeg_ai,512,0,,,,,
kk,lvface_s,hfc,0.03,neural_bmshj2018,1024,0,,,,,
kk,lvface_s,hfc,0.03,neural_bmshj2018,512,0,,,,,
kk,lvface_s,hfc,0.03,neural_mbt2018_mean,1024,0,,,,,
kk,lvface_s,hfc,0.03,neural_mbt2018_mean,512,0,,,,,
kk,lvface_s,hfc,0.06,jpeg,1024,0,,,,,
kk,lvface_s,hfc,0.06,jpeg,512,0,,,,,
kk,lvface_s,hfc,0.06,jpeg2000,1024,0,,,,,
kk,lvface_s,hfc,0.06,jpeg2000,512,0,,,,,
kk,lvface_s,hfc,0.06,webp,1024,0,,,,,
kk,lvface_s,hfc,0.06,webp,512,0,,,,,
kk,lvface_s,hfc,0.06,jpeg_xl,1024,0,,,,,
kk,lvface_s,hfc,0.06,jpeg_xl,512,0,,,,,
kk,lvface_s,hfc,0.06,avif,1024,0,,,,,
kk,lvface_s,hfc,0.06,avif,512,0,,,,,
kk,lvface_s,hfc,0.06,heif,1024,0,,,,,
kk,lvface_s,hfc,0.06,heif,512,0,,,,,
kk,lvface_s,hfc,0.06,jpeg_fzt,1024,0,,,,,
kk,lvface_s,hfc,0.06,jpeg_fzt,512,0,,,,,
kk,lvface_s,hfc,0.06,ours_accurate,1024,0,,,,,
kk,lvface_s,hfc,0.06,ours_accurate,512,0,,,,,
kk,lvface_s,hfc,0.06,ours_fast,1024,0,,,,,
kk,lvface_s,hfc,0.06,ours_fast,512,0,,,,,
kk,lvface_s,hfc,0.06,jpeg_ai,1024,0,,,,,
kk,lvface_s,hfc,0.06,jpeg_ai,512,0,,,,,
kk,lvface_s,hfc,0.06,neural_bmshj2018,1024,0,,,,,
kk,lvface_s,hfc,0.06,neural_bmshj2018,512,0,,,,,
kk,lvface_s,hfc,0.06,neural_mbt2018_mean,1024,0,,,,,
kk,lvface_s,hfc,0.06,neural_mbt2018_mean,512,0,,,,,
kk,lvface_s,hfc,0.1,jpeg,1024,0,,,,,
kk,lvface_s,hfc,0.1,jpeg,512,0,,,,,
kk,lvface_s,hfc,0.1,jpeg2000,1024,0,,,,,
kk,lvface_s,hfc,0.1,jpeg2000,512,0,,,,,
kk,lvface_s,hfc,0.1,webp,1024,0,,,,,
kk,lvface_s,hfc,0.1,webp,512,0,,,,,
kk,lvface_s,hfc,0.1,jpeg_xl,1024,0,,,,,
kk,lvface_s,hfc,0.1,jpeg_xl,512,0,,,,,
kk,lvface_s,hfc,0.1,avif,1024,0,,,,,
kk,lvface_s,hfc,0.1,avif,512,0,,,,,
kk,lvface_s,hfc,0.1,heif,1024,0,,,,,
kk,lvface_s,hfc,0.1,heif,512,0,,,,,
kk,lvface_s,hfc,0.1,jpeg_fzt,1024,0,,,,,
kk,lvface_s,hfc,0.1,jpeg_fzt,512,0,,,,,
kk,lvface_s,hfc,0.1,ours_accurate,1024,0,,,,,
kk,lvface_s,hfc,0.1,ours_accurate,512,0,,,,,
kk,lvface_s,hfc,0.1,ours_fast,1024,0,,,,,
kk,lvface_s,hfc,0.1,ours_fast,512,0,,,,,
kk,lvface_s,hfc,0.1,jpeg_ai,1024,0,,,,,
kk,lvface_s,hfc,0.1,jpeg_ai,512,0,,,,,
kk,lvface_s,hfc,0.1,neural_bmshj2018,1024,0,,,,,
kk,lvface_s,hfc,0.1,neural_bmshj2018,512,0,,,,,
kk,lvface_s,hfc,0.1,neural_mbt2018_mean,1024,0,,,,,
kk,lvface_s,hfc,0.1,neural_mbt2018_mean,512,0,,,,,
kk,lvface_s,clip,0.03,jpeg,1024,0,,,,,
kk,lvface_s,clip,0.03,jpeg,512,0,,,,,
kk,lvface_s,clip,0.03,jpeg2000,1024,0,,,,,
kk,lvface_s,clip,0.03,jpeg2000,512,0,,,,,
kk,lvface_s,clip,0.03,webp,1024,0,,,,,
kk,lvface_s,clip,0.03,webp,512,0,,,,,
kk,lvface_s,clip,0.03,jpeg_xl,1024,0,,,,,
kk,lvface_s,clip,0.03,jpeg_xl,512,0,,,,,
kk,lvface_s,clip,0.03,avif,1024,0,,,,,
kk,lvface_s,clip,0.03,avif,512,0,,,,,
kk,lvface_s,clip,0.03,heif,1024,0,,,,,
kk,lvface_s,clip,0.03,heif,512,0,,,,,
kk,lvface_s,clip,0.03,jpeg_fzt,1024,0,,,,,
kk,lvface_s,clip,0.03,jpeg_fzt,512,0,,,,,
kk,lvface_s,clip,0.03,ours_accurate,1024,0,,,,,
kk,lvface_s,clip,0.03,ours_accurate,512,0,,,,,
kk,lvface_s,clip,0.03,ours_fast,1024,0,,,,,
kk,lvface_s,clip,0.03,ours_fast,512,0,,,,,
kk,lvface_s,clip,0.03,jpeg_ai,1024,0,,,,,
kk,lvface_s,clip,0.03,jpeg_ai,512,0,,,,,
kk,lvface_s,clip,0.03,neural_bmshj2018,1024,0,,,,,
kk,lvface_s,clip,0.03,neural_bmshj2018,512,0,,,,,
kk,lvface_s,clip,0.03,neural_mbt2018_mean,1024,0,,,,,
kk,lvface_s,clip,0.03,neural_mbt2018_mean,512,0,,,,,
kk,lvface_s,clip,0.06,jpeg,1024,0,,,,,
kk,lvface_s,clip,0.06,jpeg,512,0,,,,,
kk,lvface_s,clip,0.06,jpeg2000,1024,0,,,,,
kk,lvface_s,clip,0.06,jpeg2000,512,0,,,,,
kk,lvface_s,clip,0.06,webp,1024,0,,,,,
kk,lvface_s,clip,0.06,webp,512,0,,,,,
kk,lvface_s,clip,0.06,jpeg_xl,1024,0,,,,,
kk,lvface_s,clip,0.06,jpeg_xl,512,0,,,,,
kk,lvface_s,clip,0.06,avif,1024,0,,,,,
kk,lvface_s,clip,0.06,avif,512,0,,,,,
kk,lvface_s,clip,0.06,heif,1024,0,,,,,
kk,lvface_s,clip,0.06,heif,512,0,,,,,
kk,lvface_s,clip,0.06,jpeg_fzt,1024,0,,,,,
kk,lvface_s,clip,0.06,jpeg_fzt,512,0,,,,,
kk,lvface_s,clip,0.06,ours_accurate,1024,0,,,,,
kk,lvface_s,clip,0.06,ours_accurate,512,0,,,,,
kk,lvface_s,clip,0.06,ours_fast,1024,0,,,,,
kk,lvface_s,clip,0.06,ours_fast,512,0,,,,,
kk,lvface_s,clip,0.06,jpeg_ai,1024,0,,,,,
kk,lvface_s,clip,0.06,jpeg_ai,512,0,,,,,
kk,lvface_s,clip,0.06,neural_bmshj2018,1024,0,,,,,
kk,lvface_s,clip,0.06,neural_bmshj2018,512,0,,,,,
kk,lvface_s,clip,0.06,neural_mbt2018_mean,1024,0,,,,,
kk,lvface_s,clip,0.06,neural_mbt2018_mean,512,0,,,,,
kk,lvface_s,clip,0.1,jpeg,1024,0,,,,,
kk,lvface_s,clip,0.1,jpeg,512,0,,,,,
kk,lvface_s,clip,0.1,jpeg2000,1024,0,,,,,
kk,lvface_s,clip,0.1,jpeg2000,512,0,,,,,
kk,lvface_s,clip,0.1,webp,1024,0,,,,,
kk,lvface_s,clip,0.1,webp,512,0,,,,,
kk,lvface_s,clip,0.1,jpeg_xl,1024,0,,,,,
kk,lvface_s,clip,0.1,jpeg_xl,512,0,,,,,
kk,lvface_s,clip,0.1,avif,1024,0,,,,,
kk,lvface_s,clip,0.1,avif,512,0,,,,,
kk,lvface_s,clip,0.1,heif,1024,0,,,,,
kk,lvface_s,clip,0.1,heif,512,0,,,,,
kk,lvface_s,clip,0.1,jpeg_fzt,1024,0,,,,,
kk,lvface_s,clip,0.1,jpeg_fzt,512,0,,,,,
kk,lvface_s,clip,0.1,ours_accurate,1024,0,,,,,
kk,lvface_s,clip,0.1,ours_accurate,512,0,,,,,
kk,lvface_s,clip,0.1,ours_fast,1024,0,,,,,
kk,lvface_s,clip,0.1,ours_fast,512,0,,,,,
kk,lvface_s,clip,0.1,jpeg_ai,1024,0,,,,,
kk,lvface_s,clip,0.1,jpeg_ai,512,0,,,,,
kk,lvface_s,clip,0.1,neural_bmshj2018,1024,0,,,,,
kk,lvface_s,clip,0.1,neural_bmshj2018,512,0,,,,,
kk,lvface_s,clip,0.1,neural_mbt2018_mean,1024,0,,,,,
kk,lvface_s,clip,0.1,neural_mbt2018_mean,512,0,,,,,
kk,lvface_s,liae,0.03,jpeg,1024,0,,,,,
kk,lvface_s,liae,0.03,jpeg,512,0,,,,,
kk,lvface_s,liae,0.03,jpeg2000,1024,0,,,,,
kk,lvface_s,liae,0.03,jpeg2000,512,0,,,,,
kk,lvface_s,liae,0.03,webp,1024,0,,,,,
kk,lvface_s,liae,0.03,webp,512,0,,,,,
kk,lvface_s,liae,0.03,jpeg_xl,1024,0,,,,,
kk,lvface_s,liae,0.03,jpeg_xl,512,0,,,,,
kk,lvface_s,liae,0.03,avif,1024,0,,,,,
kk,lvface_s,liae,0.03,avif,512,0,,,,,
kk,lvface_s,liae,0.03,heif,1024,0,,,,,
kk,lvface_s,liae,0.03,heif,512,0,,,,,
kk,lvface_s,liae,0.03,jpeg_fzt,1024,0,,,,,
kk,lvface_s,liae,0.03,jpeg_fzt,512,0,,,,,
kk,lvface_s,liae,0.03,ours_accurate,1024,0,,,,,
kk,lvface_s,liae,0.03,ours_accurate,512,0,,,,,
kk,lvface_s,liae,0.03,ours_fast,1024,0,,,,,
kk,lvface_s,liae,0.03,ours_fast,512,0,,,,,
kk,lvface_s,liae,0.03,jpeg_ai,1024,0,,,,,
kk,lvface_s,liae,0.03,jpeg_ai,512,0,,,,,
kk,lvface_s,liae,0.03,neural_bmshj2018,1024,0,,,,,
kk,lvface_s,liae,0.03,neural_bmshj2018,512,0,,,,,
kk,lvface_s,liae,0.03,neural_mbt2018_mean,1024,0,,,,,
kk,lvface_s,liae,0.03,neural_mbt2018_mean,512,0,,,,,
kk,lvface_s,liae,0.06,jpeg,1024,0,,,,,
kk,lvface_s,liae,0.06,jpeg,512,0,,,,,
kk,lvface_s,liae,0.06,jpeg2000,1024,0,,,,,
kk,lvface_s,liae,0.06,jpeg2000,512,0,,,,,
kk,lvface_s,liae,0.06,webp,1024,0,,,,,
kk,lvface_s,liae,0.06,webp,512,0,,,,,
kk,lvface_s,liae,0.06,jpeg_xl,1024,0,,,,,
kk,lvface_s,liae,0.06,jpeg_xl,512,0,,,,,
kk,lvface_s,liae,0.06,avif,1024,0,,,,,
kk,lvface_s,liae,0.06,avif,512,0,,,,,
kk,lvface_s,liae,0.06,heif,1024,0,,,,,
kk,lvface_s,liae,0.06,heif,512,0,,,,,
kk,lvface_s,liae,0.06,jpeg_fzt,1024,0,,,,,
kk,lvface_s,liae,0.06,jpeg_fzt,512,0,,,,,
kk,lvface_s,liae,0.06,ours_accurate,1024,0,,,,,
kk,lvface_s,liae,0.06,ours_accurate,512,0,,,,,
kk,lvface_s,liae,0.06,ours_fast,1024,0,,,,,
kk,lvface_s,liae,0.06,ours_fast,512,0,,,,,
kk,lvface_s,liae,0.06,jpeg_ai,1024,0,,,,,
kk,lvface_s,liae,0.06,jpeg_ai,512,0,,,,,
kk,lvface_s,liae,0.06,neural_bmshj2018,1024,0,,,,,
kk,lvface_s,liae,0.06,neural_bmshj2018,512,0,,,,,
kk,lvface_s,liae,0.06,neural_mbt2018_mean,1024,0,,,,,
kk,lvface_s,liae,0.06,neural_mbt2018_mean,512,0,,,,,
kk,lvface_s,liae,0.1,jpeg,1024,0,,,,,
kk,lvface_s,liae,0.1,jpeg,512,0,,,,,
kk,lvface_s,liae,0.1,jpeg2000,1024,0,,,,,
kk,lvface_s,liae,0.1,jpeg2000,512,0,,,,,
kk,lvface_s,liae,0.1,webp,1024,0,,,,,
kk,lvface_s,liae,0.1,webp,512,0,,,,,
kk,lvface_s,liae,0.1,jpeg_xl,1024,0,,,,,
kk,lvface_s,liae,0.1,jpeg_xl,512,0,,,,,
kk,lvface_s,liae,0.1,avif,1024,0,,,,,
kk,lvface_s,liae,0.1,avif,512,0,,,,,
kk,lvface_s,liae,0.1,heif,1024,0,,,,,
kk,lvface_s,liae,0.1,heif,512,0,,,,,
kk,lvface_s,liae,0.1,jpeg_fzt,1024,0,,,,,
kk,lvface_s,liae,0.1,jpeg_fzt,512,0,,,,,
kk,lvface_s,liae,0.1,ours_accurate,1024,0,,,,,
kk,lvface_s,liae,0.1,ours_accurate,512,0,,,,,
kk,lvface_s,liae,0.1,ours_fast,1024,0,,,,,
kk,lvface_s,liae,0.1,ours_fast,512,0,,,,,
kk,lvface_s,liae,0.1,jpeg_ai,1024,0,,,,,
kk,lvface_s,liae,0.1,jpeg_ai,512,0,,,,,
kk,lvface_s,liae,0.1,neural_bmshj2018,1024,0,,,,,
kk,lvface_s,liae,0.1,neural_bmshj2018,512,0,,,,,
kk,lvface_s,liae,0.1,neural_mbt2018_mean,1024,0,,,,,
kk,lvface_s,liae,0.1,neural_mbt2018_mean,512,0,,,,,
kk,lvface_t,hfc,0.03,jpeg,1024,0,,,,,
kk,lvface_t,hfc,0.03,jpeg,512,0,,,,,
kk,lvface_t,hfc,0.03,jpeg2000,1024,0,,,,,
kk,lvface_t,hfc,0.03,jpeg2000,512,0,,,,,
kk,lvface_t,hfc,0.03,webp,1024,0,,,,,
kk,lvface_t,hfc,0.03,webp,512,0,,,,,
kk,lvface_t,hfc,0.03,jpeg_xl,1024,0,,,,,
kk,lvface_t,hfc,0.03,jpeg_xl,512,0,,,,,
kk,lvface_t,hfc,0.03,avif,1024,0,,,,,
kk,lvface_t,hfc,0.03,avif,512,0,,,,,
kk,lvface_t,hfc,0.03,heif,1024,0,,,,,
kk,lvface_t,hfc,0.03,heif,512,0,,,,,
kk,lvface_t,hfc,0.03,jpeg_fzt,1024,0,,,,,
kk,lvface_t,hfc,0.03,jpeg_fzt,512,0,,,,,
kk,lvface_t,hfc,0.03,ours_accurate,1024,0,,,,,
kk,lvface_t,hfc,0.03,ours_accurate,512,0,,,,,
kk,lvface_t,hfc,0.03,ours_fast,1024,0,,,,,
kk,lvface_t,hfc,0.03,ours_fast,512,0,,,,,
kk,lvface_t,hfc,0.03,jpeg_ai,1024,0,,,,,
kk,lvface_t,hfc,0.03,jpeg_ai,512,0,,,,,
kk,lvface_t,hfc,0.03,neural_bmshj2018,1024,0,,,,,
kk,lvface_t,hfc,0.03,neural_bmshj2018,512,0,,,,,
kk,lvface_t,hfc,0.03,neural_mbt2018_mean,1024,0,,,,,
kk,lvface_t,hfc,0.03,neural_mbt2018_mean,512,0,,,,,
kk,lvface_t,hfc,0.06,jpeg,1024,0,,,,,
kk,lvface_t,hfc,0.06,jpeg,512,0,,,,,
kk,lvface_t,hfc,0.06,jpeg2000,1024,0,,,,,
kk,lvface_t,hfc,0.06,jpeg2000,512,0,,,,,
kk,lvface_t,hfc,0.06,webp,1024,0,,,,,
kk,lvface_t,hfc,0.06,webp,512,0,,,,,
kk,lvface_t,hfc,0.06,jpeg_xl,1024,0,,,,,
kk,lvface_t,hfc,0.06,jpeg_xl,512,0,,,,,
kk,lvface_t,hfc,0.06,avif,1024,0,,,,,
kk,lvface_t,hfc,0.06,avif,512,0,,,,,
kk,lvface_t,hfc,0.06,heif,1024,0,,,,,
kk,lvface_t,hfc,0.06,heif,512,0,,,,,
kk,lvface_t,hfc,0.06,jpeg_fzt,1024,0,,,,,
kk,lvface_t,hfc,0.06,jpeg_fzt,512,0,,,,,
kk,lvface_t,hfc,0.06,ours_accurate,1024,0,,,,,
kk,lvface_t,hfc,0.06,ours_accurate,512,0,,,,,
kk,lvface_t,hfc,0.06,ours_fast,1024,0,,,,,
kk,lvface_t,hfc,0.06,ours_fast,512,0,,,,,
kk,lvface_t,hfc,0.06,jpeg_ai,1024,0,,,,,
kk,lvface_t,hfc,0.06,jpeg_ai,512,0,,,,,
kk,lvface_t,hfc,0.06,neural_bmshj2018,1024,0,,,,,
kk,lvface_t,hfc,0.06,neural_bmshj2018,512,0,,,,,
kk,lvface_t,hfc,0.06,neural_mbt2018_mean,1024,0,,,,,
kk,lvface_t,hfc,0.06,neural_mbt2018_mean,512,0,,,,,
kk,lvface_t,hfc,0.1,jpeg,1024,0,,,,,
kk,lvface_t,hfc,0.1,jpeg,512,0,,,,,
kk,lvface_t,hfc,0.1,jpeg2000,1024,0,,,,,
kk,lvface_t,hfc,0.1,jpeg2000,512,0,,,,,
kk,lvface_t,hfc,0.1,webp,1024,0,,,,,
kk,lvface_t,hfc,0.1,webp,512,0,,,,,
kk,lvface_t,hfc,0.1,jpeg_xl,1024,0,,,,,
kk,lvface_t,hfc,0.1,jpeg_xl,512,0,,,,,
kk,lvface_t,hfc,0.1,avif,1024,0,,,,,
kk,lvface_t,hfc,0.1,avif,512,0,,,,,
kk,lvface_t,hfc,0.1,heif,1024,0,,,,,
kk,lvface_t,hfc,0.1,heif,512,0,,,,,
kk,lvface_t,hfc,0.1,jpeg_fzt,1024,0,,,,,
kk,lvface_t,hfc,0.1,jpeg_fzt,512,0,,,,,
kk,lvface_t,hfc,0.1,ours_accurate,1024,0,,,,,
kk,lvface_t,hfc,0.1,ours_accurate,512,0,,,,,
kk,lvface_t,hfc,0.1,ours_fast,1024,0,,,,,
kk,lvface_t,hfc,0.1,ours_fast,512,0,,,,,
kk,lvface_t,hfc,0.1,jpeg_ai,1024,0,,,,,
kk,lvface_t,hfc,0.1,jpeg_ai,512,0,,,,,
kk,lvface_t,hfc,0.1,neural_bmshj2018,1024,0,,,,,
kk,lvface_t,hfc,0.1,neural_bmshj2018,512,0,,,,,
kk,lvface_t,hfc,0.1,neural_mbt2018_mean,1024,0,,,,,
kk,lvface_t,hfc,0.1,neural_mbt2018_mean,512,0,,,,,
kk,lvface_t,clip,0.03,jpeg,1024,0,,,,,
kk,lvface_t,clip,0.03,jpeg,512,0,,,,,
kk,lvface_t,clip,0.03,jpeg2000,1024,0,,,,,
kk,lvface_t,clip,0.03,jpeg2000,512,0,,,,,
kk,lvface_t,clip,0.03,webp,1024,0,,,,,
kk,lvface_t,clip,0.03,webp,512,0,,,,,
kk,lvface_t,clip,0.03,jpeg_xl,1024,0,,,,,
kk,lvface_t,clip,0.03,jpeg_xl,512,0,,,,,
kk,lvface_t,clip,0.03,avif,1024,0,,,,,
kk,lvface_t,clip,0.03,avif,512,0,,,,,
kk,lvface_t,clip,0.03,heif,1024,0,,,,,
kk,lvface_t,clip,0.03,heif,512,0,,,,,
kk,lvface_t,clip,0.03,jpeg_fzt,1024,0,,,,,
kk,lvface_t,clip,0.03,jpeg_fzt,512,0,,,,,
kk,lvface_t,clip,0.03,ours_accurate,1024,0,,,,,
kk,lvface_t,clip,0.03,ours_accurate,512,0,,,,,
kk,lvface_t,clip,0.03,ours_fast,1024,0,,,,,
kk,lvface_t,clip,0.03,ours_fast,512,0,,,,,
kk,lvface_t,clip,0.03,jpeg_ai,1024,0,,,,,
kk,lvface_t,clip,0.03,jpeg_ai,512,0,,,,,
kk,lvface_t,clip,0.03,neural_bmshj2018,1024,0,,,,,
kk,lvface_t,clip,0.03,neural_bmshj2018,512,0,,,,,
kk,lvface_t,clip,0.03,neural_mbt2018_mean,1024,0,,,,,
kk,lvface_t,clip,0.03,neural_mbt2018_mean,512,0,,,,,
kk,lvface_t,clip,0.06,jpeg,1024,0,,,,,
kk,lvface_t,clip,0.06,jpeg,512,0,,,,,
kk,lvface_t,clip,0.06,jpeg2000,1024,0,,,,,
kk,lvface_t,clip,0.06,jpeg2000,512,0,,,,,
kk,lvface_t,clip,0.06,webp,1024,0,,,,,
kk,lvface_t,clip,0.06,webp,512,0,,,,,
kk,lvface_t,clip,0.06,jpeg_xl,1024,0,,,,,
kk,lvface_t,clip,0.06,jpeg_xl,512,0,,,,,
kk,lvface_t,clip,0.06,avif,1024,0,,,,,
kk,lvface_t,clip,0.06,avif,512,0,,,,,
kk,lvface_t,clip,0.06,heif,1024,0,,,,,
kk,lvface_t,clip,0.06,heif,512,0,,,,,
kk,lvface_t,clip,0.06,jpeg_fzt,1024,0,,,,,
kk,lvface_t,clip,0.06,jpeg_fzt,512,0,,,,,
kk,lvface_t,clip,0.06,ours_accurate,1024,0,,,,,
kk,lvface_t,clip,0.06,ours_accurate,512,0,,,,,
kk,lvface_t,clip,0.06,ours_fast,1024,0,,,,,
kk,lvface_t,clip,0.06,ours_fast,512,0,,,,,
kk,lvface_t,clip,0.06,jpeg_ai,1024,0,,,,,
kk,lvface_t,clip,0.06,jpeg_ai,512,0,,,,,
kk,lvface_t,clip,0.06,neural_bmshj2018,1024,0,,,,,
kk,lvface_t,clip,0.06,neural_bmshj2018,512,0,,,,,
kk,lvface_t,clip,0.06,neural_mbt2018_mean,1024,0,,,,,
kk,lvface_t,clip,0.06,neural_mbt2018_mean,512,0,,,,,
kk,lvface_t,clip,0.1,jpeg,1024,0,,,,,
kk,lvface_t,clip,0.1,jpeg,512,0,,,,,
kk,lvface_t,clip,0.1,jpeg2000,1024,0,,,,,
kk,lvface_t,clip,0.1,jpeg2000,512,0,,,,,
kk,lvface_t,clip,0.1,webp,1024,0,,,,,
kk,lvface_t,clip,0.1,webp,512,0,,,,,
kk,lvface_t,clip,0.1,jpeg_xl,1024,0,,,,,
kk,lvface_t,clip,0.1,jpeg_xl,512,0,,,,,
kk,lvface_t,clip,0.1,avif,1024,0,,,,,
kk,lvface_t,clip,0.1,avif,512,0,,,,,
kk,lvface_t,clip,0.1,heif,1024,0,,,,,
kk,lvface_t,clip,0.1,heif,512,0,,,,,
kk,lvface_t,clip,0.1,jpeg_fzt,1024,0,,,,,
kk,lvface_t,clip,0.1,jpeg_fzt,512,0,,,,,
kk,lvface_t,clip,0.1,ours_accurate,1024,0,,,,,
kk,lvface_t,clip,0.1,ours_accurate,512,0,,,,,
kk,lvface_t,clip,0.1,ours_fast,1024,0,,,,,
kk,lvface_t,clip,0.1,ours_fast,512,0,,,,,
kk,lvface_t,clip,0.1,jpeg_ai,1024,0,,,,,
kk,lvface_t,clip,0.1,jpeg_ai,512,0,,,,,
kk,lvface_t,clip,0.1,neural_bmshj2018,1024,0,,,,,
kk,lvface_t,clip,0.1,neural_bmshj2018,512,0,,,,,
kk,lvface_t,clip,0.1,neural_mbt2018_mean,1024,0,,,,,
kk,lvface_t,clip,0.1,neural_mbt2018_mean,512,0,,,,,
kk,lvface_t,liae,0.03,jpeg,1024,0,,,,,
kk,lvface_t,liae,0.03,jpeg,512,0,,,,,
kk,lvface_t,liae,0.03,jpeg2000,1024,0,,,,,
kk,lvface_t,liae,0.03,jpeg2000,512,0,,,,,
kk,lvface_t,liae,0.03,webp,1024,0,,,,,
kk,lvface_t,liae,0.03,webp,512,0,,,,,
kk,lvface_t,liae,0.03,jpeg_xl,1024,0,,,,,
kk,lvface_t,liae,0.03,jpeg_xl,512,0,,,,,
kk,lvface_t,liae,0.03,avif,1024,0,,,,,
kk,lvface_t,liae,0.03,avif,512,0,,,,,
kk,lvface_t,liae,0.03,heif,1024,0,,,,,
kk,lvface_t,liae,0.03,heif,512,0,,,,,
kk,lvface_t,liae,0.03,jpeg_fzt,1024,0,,,,,
kk,lvface_t,liae,0.03,jpeg_fzt,512,0,,,,,
kk,lvface_t,liae,0.03,ours_accurate,1024,0,,,,,
kk,lvface_t,liae,0.03,ours_accurate,512,0,,,,,
kk,lvface_t,liae,0.03,ours_fast,1024,0,,,,,
kk,lvface_t,liae,0.03,ours_fast,512,0,,,,,
kk,lvface_t,liae,0.03,jpeg_ai,1024,0,,,,,
kk,lvface_t,liae,0.03,jpeg_ai,512,0,,,,,
kk,lvface_t,liae,0.03,neural_bmshj2018,1024,0,,,,,
kk,lvface_t,liae,0.03,neural_bmshj2018,512,0,,,,,
kk,lvface_t,liae,0.03,neural_mbt2018_mean,1024,0,,,,,
kk,lvface_t,liae,0.03,neural_mbt2018_mean,512,0,,,,,
kk,lvface_t,liae,0.06,jpeg,1024,0,,,,,
kk,lvface_t,liae,0.06,jpeg,512,0,,,,,
kk,lvface_t,liae,0.06,jpeg2000,1024,0,,,,,
kk,lvface_t,liae,0.06,jpeg2000,512,0,,,,,
kk,lvface_t,liae,0.06,webp,1024,0,,,,,
kk,lvface_t,liae,0.06,webp,512,0,,,,,
kk,lvface_t,liae,0.06,jpeg_xl,1024,0,,,,,
kk,lvface_t,liae,0.06,jpeg_xl,512,0,,,,,
kk,lvface_t,liae,0.06,avif,1024,0,,,,,
kk,lvface_t,liae,0.06,avif,512,0,,,,,
kk,lvface_t,liae,0.06,heif,1024,0,,,,,
kk,lvface_t,liae,0.06,heif,512,0,,,,,
kk,lvface_t,liae,0.06,jpeg_fzt,1024,0,,,,,
kk,lvface_t,liae,0.06,jpeg_fzt,512,0,,,,,
kk,lvface_t,liae,0.06,ours_accurate,1024,0,,,,,
kk,lvface_t,liae,0.06,ours_accurate,512,0,,,,,
kk,lvface_t,liae,0.06,ours_fast,1024,0,,,,,
kk,lvface_t,liae,0.06,ours_fast,512,0,,,,,
kk,lvface_t,liae,0.06,jpeg_ai,1024,0,,,,,
kk,lvface_t,liae,0.06,jpeg_ai,512,0,,,,,
kk,lvface_t,liae,0.06,neural_bmshj2018,1024,0,,,,,
kk,lvface_t,liae,0.06,neural_bmshj2018,512,0,,,,,
kk,lvface_t,liae,0.06,neural_mbt2018_mean,1024,0,,,,,
kk,lvface_t,liae,0.06,neural_mbt2018_mean,512,0,,,,,
kk,lvface_t,liae,0.1,jpeg,1024,0,,,,,
kk,lvface_t,liae,0.1,jpeg,512,0,,,,,
kk,lvface_t,liae,0.1,jpeg2000,1024,0,,,,,
kk,lvface_t,liae,0.1,jpeg2000,512,0,,,,,
kk,lvface_t,liae,0.1,webp,1024,0,,,,,
kk,lvface_t,liae,0.1,webp,512,0,,,,,
kk,lvface_t,liae,0.1,jpeg_xl,1024,0,,,,,
kk,lvface_t,liae,0.1,jpeg_xl,512,0,,,,,
kk,lvface_t,liae,0.1,avif,1024,0,,,,,
kk,lvface_t,liae,0.1,avif,512,0,,,,,
kk,lvface_t,liae,0.1,heif,1024,0,,,,,
kk,lvface_t,liae,0.1,heif,512,0,,,,,
kk,lvface_t,liae,0.1,jpeg_fzt,1024,0,,,,,
kk,lvface_t,liae,0.1,jpeg_fzt,512,0,,,,,
kk,lvface_t,liae,0.1,ours_accurate,1024,0,,,,,
kk,lvface_t,liae,0.1,ours_accurate,512,0,,,,,
kk,lvface_t,liae,0.1,ours_fast,1024,0,,,,,
kk,lvface_t,liae,0.1,ours_fast,512,0,,,,,
kk,lvface_t,liae,0.1,jpeg_ai,1024,0,,,,,
kk,lvface_t,liae,0.1,jpeg_ai,512,0,,,,,
kk,lvface_t,liae,0.1,neural_bmshj2018,1024,0,,,,,
kk,lvface_t,liae,0.1,neural_bmshj2018,512,0,,,,,
kk,lvface_t,liae,0.1,neural_mbt2018_mean,1024,0,,,,,
kk,lvface_t,liae,0.1,neural_mbt2018_mean,512,0,,,,,
kk,topofr_r100,hfc,0.03,jpeg,1024,2000,0.9258916974067688,0.7819773554801941,0.7335647940635681,0.04841256141662598,1.3363984490255052
kk,topofr_r100,hfc,0.03,jpeg,512,2000,0.9258916974067688,0.2564479410648346,0.2236034870147705,0.03284445405006409,1.0490623054422634
kk,topofr_r100,hfc,0.03,jpeg2000,1024,2000,0.9258916974067688,0.49760571122169495,0.4842722713947296,0.013333439826965332,1.0311320945747768
kk,topofr_r100,hfc,0.03,jpeg2000,512,2000,0.9258916974067688,0.13962693512439728,0.13824523985385895,0.00138169527053833,1.0017572900844844
kk,topofr_r100,hfc,0.03,webp,1024,2000,0.9258916974067688,0.8934295773506165,0.8219044804573059,0.07152509689331055,3.203340286142366
kk,topofr_r100,hfc,0.03,webp,512,2000,0.9258916974067688,0.7242903113365173,0.636706531047821,0.08758378028869629,1.4344403676777113
kk,topofr_r100,hfc,0.03,jpeg_xl,1024,2000,0.9258916974067688,0.8319833278656006,0.773650050163269,0.05833327770233154,1.6211722979255752
kk,topofr_r100,hfc,0.03,jpeg_xl,512,1999,0.9258935451507568,0.5607956647872925,0.5033712983131409,0.05742436647415161,1.1572848530837379
kk,topofr_r100,hfc,0.03,avif,1024,2000,0.9258916974067688,0.8622474074363708,0.8023388385772705,0.05990856885910034,1.94130312219627
kk,topofr_r100,hfc,0.03,avif,512,2000,0.9258916974067688,0.4789195656776428,0.4400400221347809,0.03887954354286194,1.0869842676599437
kk,topofr_r100,hfc,0.03,heif,1024,2000,0.9258916974067688,0.8345364928245544,0.7814023494720459,0.053134143352508545,1.5816214149538783
kk,topofr_r100,hfc,0.03,heif,512,2000,0.9258916974067688,0.271550714969635,0.25567954778671265,0.015871167182922363,1.0242551935594943
kk,topofr_r100,hfc,0.03,jpeg_fzt,1024,2000,0.9258916974067688,0.8407742381095886,0.7795754075050354,0.06119883060455322,1.7189926850481152
kk,topofr_r100,hfc,0.03,jpeg_fzt,512,2000,0.9258916974067688,0.43358302116394043,0.41486749053001404,0.01871553063392639,1.0380158456210002
kk,topofr_r100,hfc,0.03,ours_accurate,1024,2000,0.9258916974067688,0.9065889120101929,0.8271023631095886,0.07948654890060425,5.117879739506619
kk,topofr_r100,hfc,0.03,ours_accurate,512,2000,0.9258916974067688,0.8397114872932434,0.7546567320823669,0.08505475521087646,1.9869406804512735
kk,topofr_r100,hfc,0.03,ours_fast,1024,2000,0.9258916974067688,0.8141582012176514,0.7574177980422974,0.056740403175354004,1.5078190973216892
kk,topofr_r100,hfc,0.03,ours_fast,512,2000,0.9258916974067688,0.7184000015258789,0.6623783111572266,0.056021690368652344,1.2699948551233176
kk,topofr_r100,hfc,0.03,jpeg_ai,1024,0,,,,,
kk,topofr_r100,hfc,0.03,jpeg_ai,512,0,,,,,
kk,topofr_r100,hfc,0.03,neural_bmshj2018,1024,0,,,,,
kk,topofr_r100,hfc,0.03,neural_bmshj2018,512,0,,,,,
kk,topofr_r100,hfc,0.03,neural_mbt2018_mean,1024,0,,,,,
kk,topofr_r100,hfc,0.03,neural_mbt2018_mean,512,0,,,,,
kk,topofr_r100,hfc,0.06,jpeg,1024,2000,0.8107735514640808,0.7819773554801941,0.628525972366333,0.15345138311386108,6.328876883589999
kk,topofr_r100,hfc,0.06,jpeg,512,2000,0.8107735514640808,0.2564479410648346,0.19285798072814941,0.06358996033668518,1.1147158982802279
kk,topofr_r100,hfc,0.06,jpeg2000,1024,2000,0.8107735514640808,0.49760571122169495,0.45269161462783813,0.04491409659385681,1.1434186107969904
kk,topofr_r100,hfc,0.06,jpeg2000,512,2000,0.8107735514640808,0.13962693512439728,0.13850735127925873,0.0011195838451385498,1.0016681658193325
kk,topofr_r100,hfc,0.06,webp,1024,2000,0.8107735514640808,0.8934295773506165,0.6688233613967896,0.2246062159538269,-1.7173604530920765
kk,topofr_r100,hfc,0.06,webp,512,2000,0.8107735514640808,0.7242903113365173,0.5319498181343079,0.19234049320220947,3.224020433537246
kk,topofr_r100,hfc,0.06,jpeg_xl,1024,2000,0.8107735514640808,0.8319833278656006,0.6436012983322144,0.18838202953338623,-7.8818489156673905
kk,topofr_r100,hfc,0.06,jpeg_xl,512,1999,0.8107801675796509,0.5607956647872925,0.4232458472251892,0.13754981756210327,1.5502333785720894
kk,topofr_r100,hfc,0.06,avif,1024,2000,0.8107735514640808,0.8622474074363708,0.664616584777832,0.19763082265853882,-2.839440798158381
kk,topofr_r100,hfc,0.06,avif,512,2000,0.8107735514640808,0.4789195656776428,0.3879951238632202,0.09092444181442261,1.2739893016470694
kk,topofr_r100,hfc,0.06,heif,1024,2000,0.8107735514640808,0.8345364928245544,0.6357691884040833,0.1987673044204712,-7.364591798854208
kk,topofr_r100,hfc,0.06,heif,512,2000,0.8107735514640808,0.271550714969635,0.23824180662631989,0.033308908343315125,1.0617720654411829
kk,topofr_r100,hfc,0.06,jpeg_fzt,1024,2000,0.8107735514640808,0.8407742381095886,0.6568413972854614,0.1839328408241272,-5.1309543677284
kk,topofr_r100,hfc,0.06,jpeg_fzt,512,2000,0.8107735514640808,0.43358302116394043,0.3711109459400177,0.06247207522392273,1.1656247180283452
kk,topofr_r100,hfc,0.06,ours_accurate,1024,2000,0.8107735514640808,0.9065889120101929,0.6714785099029541,0.23511040210723877,-1.4537861233021154
kk,topofr_r100,hfc,0.06,ours_accurate,512,2000,0.8107735514640808,0.8397114872932434,0.5851977467536926,0.2545137405395508,-7.7951587854120925
kk,topofr_r100,hfc,0.06,ours_fast,1024,2000,0.8107735514640808,0.8141582012176514,0.6342281699180603,0.17993003129959106,-52.16060579378357
kk,topofr_r100,hfc,0.06,ours_fast,512,2000,0.8107735514640808,0.7184000015258789,0.5419415831565857,0.1764584183692932,2.9102699689179885
kk,topofr_r100,hfc,0.06,jpeg_ai,1024,0,,,,,
kk,topofr_r100,hfc,0.06,jpeg_ai,512,0,,,,,
kk,topofr_r100,hfc,0.06,neural_bmshj2018,1024,0,,,,,
kk,topofr_r100,hfc,0.06,neural_bmshj2018,512,0,,,,,
kk,topofr_r100,hfc,0.06,neural_mbt2018_mean,1024,0,,,,,
kk,topofr_r100,hfc,0.06,neural_mbt2018_mean,512,0,,,,,
kk,topofr_r100,hfc,0.1,jpeg,1024,2000,0.6541993618011475,0.7819773554801941,0.4540422856807709,0.3279350697994232,-1.5664440359200824
kk,topofr_r100,hfc,0.1,jpeg,512,2000,0.6541993618011475,0.2564479410648346,0.1366998851299286,0.119748055934906,1.3010625473398179
kk,topofr_r100,hfc,0.1,jpeg2000,1024,2000,0.6541993618011475,0.49760571122169495,0.3503517508506775,0.14725396037101746,1.9403571589660573
kk,topofr_r100,hfc,0.1,jpeg2000,512,2000,0.6541993618011475,0.13962693512439728,0.1288062483072281,0.01082068681716919,1.0210285010548508
kk,topofr_r100,hfc,0.1,webp,1024,2000,0.6541993618011475,0.8934295773506165,0.4513649344444275,0.44206464290618896,-0.8478629126795107
kk,topofr_r100,hfc,0.1,webp,512,2000,0.6541993618011475,0.7242903113365173,0.38858065009117126,0.33570966124534607,-3.7896292384502153
kk,topofr_r100,hfc,0.1,jpeg_xl,1024,2000,0.6541993618011475,0.8319833278656006,0.42428210377693176,0.4077012240886688,-1.2932395598648214
kk,topofr_r100,hfc,0.1,jpeg_xl,512,1999,0.6541982889175415,0.5607956647872925,0.2850951850414276,0.27570047974586487,3.951742333934894
kk,topofr_r100,hfc,0.1,avif,1024,2000,0.6541993618011475,0.8622474074363708,0.43886134028434753,0.4233860671520233,-1.0350398671581769
kk,topofr_r100,hfc,0.1,avif,512,2000,0.6541993618011475,0.4789195656776428,0.2796705663204193,0.1992489993572235,2.1367482377537104
kk,topofr_r100,hfc,0.1,heif,1024,2000,0.6541993618011475,0.8345364928245544,0.4126487374305725,0.42188775539398193,-1.3394392103267003
kk,topofr_r100,hfc,0.1,heif,512,2000,0.6541993618011475,0.271550714969635,0.1862298846244812,0.08532083034515381,1.2229743422631838
kk,topofr_r100,hfc,0.1,jpeg_fzt,1024,2000,0.6541993618011475,0.8407742381095886,0.463685542345047,0.3770886957645416,-1.0211118625701112
kk,topofr_r100,hfc,0.1,jpeg_fzt,512,2000,0.6541993618011475,0.43358302116394043,0.267234742641449,0.16634827852249146,1.7540161261039282
kk,topofr_r100,hfc,0.1,ours_accurate,1024,2000,0.6541993618011475,0.9065889120101929,0.4525832533836365,0.4540056586265564,-0.7988290650326824
kk,topofr_r100,hfc,0.1,ours_accurate,512,2000,0.6541993618011475,0.8397114872932434,0.36870405077934265,0.47100743651390076,-1.53895768411089
kk,topofr_r100,hfc,0.1,ours_fast,1024,2000,0.6541993618011475,0.8141582012176514,0.4387986361980438,0.37535956501960754,-1.346600953025416
kk,topofr_r100,hfc,0.1,ours_fast,512,2000,0.6541993618011475,0.7184000015258789,0.3570502996444702,0.3613497018814087,-4.6284439443398435
kk,topofr_r100,hfc,0.1,jpeg_ai,1024,0,,,,,
kk,topofr_r100,hfc,0.1,jpeg_ai,512,0,,,,,
kk,topofr_r100,hfc,0.1,neural_bmshj2018,1024,0,,,,,
kk,topofr_r100,hfc,0.1,neural_bmshj2018,512,0,,,,,
kk,topofr_r100,hfc,0.1,neural_mbt2018_mean,1024,0,,,,,
kk,topofr_r100,hfc,0.1,neural_mbt2018_mean,512,0,,,,,
kk,topofr_r100,clip,0.03,jpeg,1024,2000,0.927992582321167,0.7819773554801941,0.7659646272659302,0.016012728214263916,1.1096647833290947
kk,topofr_r100,clip,0.03,jpeg,512,2000,0.927992582321167,0.2564479410648346,0.25310251116752625,0.0033454298973083496,1.0049816939809835
kk,topofr_r100,clip,0.03,jpeg2000,1024,2000,0.927992582321167,0.49760571122169495,0.491326242685318,0.006279468536376953,1.0145902883151043
kk,topofr_r100,clip,0.03,jpeg2000,512,2000,0.927992582321167,0.13962693512439728,0.13951945304870605,0.00010748207569122314,1.0001363353109987
kk,topofr_r100,clip,0.03,webp,1024,2000,0.927992582321167,0.8934295773506165,0.8650309443473816,0.028398633003234863,1.821648263148183
kk,topofr_r100,clip,0.03,webp,512,2000,0.927992582321167,0.7242903113365173,0.7055249214172363,0.018765389919281006,1.09212165298194
kk,topofr_r100,clip,0.03,jpeg_xl,1024,2000,0.927992582321167,0.8319833278656006,0.8180235624313354,0.013959765434265137,1.145400206609518
kk,topofr_r100,clip,0.03,jpeg_xl,512,1999,0.9280197620391846,0.5607956647872925,0.5437548160552979,0.01704084873199463,1.0464044948561906
kk,topofr_r100,clip,0.03,avif,1024,2000,0.927992582321167,0.8622474074363708,0.8374343514442444,0.024813055992126465,1.3774125787269689
kk,topofr_r100,clip,0.03,avif,512,2000,0.927992582321167,0.4789195656776428,0.48291558027267456,-0.003996014595031738,0.9911016372684806
kk,topofr_r100,clip,0.03,heif,1024,2000,0.927992582321167,0.8345364928245544,0.8144194483757019,0.02011704444885254,1.2152566468082502
kk,topofr_r100,clip,0.03,heif,512,2000,0.927992582321167,0.271550714969635,0.2732442617416382,-0.0016935467720031738,0.9974201115799699
kk,topofr_r100,clip,0.03,jpeg_fzt,1024,2000,0.927992582321167,0.8407742381095886,0.8253620862960815,0.01541215181350708,1.1767076863568924
kk,topofr_r100,clip,0.03,jpeg_fzt,512,2000,0.927992582321167,0.43358302116394043,0.42900940775871277,0.004573613405227661,1.0092506572779916
kk,topofr_r100,clip,0.03,ours_accurate,1024,2000,0.927992582321167,0.9065889120101929,0.8660869002342224,0.04050201177597046,2.8922928258339042
kk,topofr_r100,clip,0.03,ours_accurate,512,2000,0.927992582321167,0.8397114872932434,0.7973551750183105,0.04235631227493286,1.4797891582737552
kk,topofr_r100,clip,0.03,ours_fast,1024,2000,0.927992582321167,0.8141582012176514,0.7883257269859314,0.02583247423171997,1.2269303349418585
kk,topofr_r100,clip,0.03,ours_fast,512,2000,0.927992582321167,0.7184000015258789,0.6932530999183655,0.025146901607513428,1.1199799225339695
kk,topofr_r100,clip,0.03,jpeg_ai,1024,0,,,,,
kk,topofr_r100,clip,0.03,jpeg_ai,512,0,,,,,
kk,topofr_r100,clip,0.03,neural_bmshj2018,1024,0,,,,,
kk,topofr_r100,clip,0.03,neural_bmshj2018,512,0,,,,,
kk,topofr_r100,clip,0.03,neural_mbt2018_mean,1024,0,,,,,
kk,topofr_r100,clip,0.03,neural_mbt2018_mean,512,0,,,,,
kk,topofr_r100,clip,0.06,jpeg,1024,2000,0.866162896156311,0.7819773554801941,0.7370511293411255,0.044926226139068604,1.533657273900647
kk,topofr_r100,clip,0.06,jpeg,512,2000,0.866162896156311,0.2564479410648346,0.24861407279968262,0.007833868265151978,1.012848410884028
kk,topofr_r100,clip,0.06,jpeg2000,1024,2000,0.866162896156311,0.49760571122169495,0.4864439368247986,0.011161774396896362,1.0302850544044515
kk,topofr_r100,clip,0.06,jpeg2000,512,2000,0.866162896156311,0.13962693512439728,0.13890182971954346,0.0007251054048538208,1.000998030990543
kk,topofr_r100,clip,0.06,webp,1024,2000,0.866162896156311,0.8934295773506165,0.8109468221664429,0.08248275518417358,-2.025038309444125
kk,topofr_r100,clip,0.06,webp,512,2000,0.866162896156311,0.7242903113365173,0.6726186275482178,0.05167168378829956,1.364211900797697
kk,topofr_r100,clip,0.06,jpeg_xl,1024,2000,0.866162896156311,0.8319833278656006,0.7831329703330994,0.04885035753250122,2.4292268736986387
kk,topofr_r100,clip,0.06,jpeg_xl,512,1999,0.8661918640136719,0.5607956647872925,0.5289223790168762,0.03187328577041626,1.1043670021144885
kk,topofr_r100,clip,0.06,avif,1024,2000,0.866162896156311,0.8622474074363708,0.798691987991333,0.06355541944503784,17.231797354279887
kk,topofr_r100,clip,0.06,avif,512,2000,0.866162896156311,0.4789195656776428,0.4802115261554718,-0.0012919604778289795,0.9966636985684634
kk,topofr_r100,clip,0.06,heif,1024,2000,0.866162896156311,0.8345364928245544,0.7770425081253052,0.05749398469924927,2.8179109428329654
kk,topofr_r100,clip,0.06,heif,512,2000,0.866162896156311,0.271550714969635,0.2677688002586365,0.003781914710998535,1.0063603048014438
kk,topofr_r100,clip,0.06,jpeg_fzt,1024,2000,0.866162896156311,0.8407742381095886,0.7991361021995544,0.04163813591003418,2.640029017422192
kk,topofr_r100,clip,0.06,jpeg_fzt,512,2000,0.866162896156311,0.43358302116394043,0.42216256260871887,0.011420458555221558,1.0264008087649084
kk,topofr_r100,clip,0.06,ours_accurate,1024,2000,0.866162896156311,0.9065889120101929,0.8132321238517761,0.09335678815841675,-1.3093244829233481
kk,topofr_r100,clip,0.06,ours_accurate,512,2000,0.866162896156311,0.8397114872932434,0.7403656244277954,0.099345862865448,4.755787201344807
kk,topofr_r100,clip,0.06,ours_fast,1024,2000,0.866162896156311,0.8141582012176514,0.7497060298919678,0.0644521713256836,2.2393529353783523
kk,topofr_r100,clip,0.06,ours_fast,512,2000,0.866162896156311,0.7184000015258789,0.6504360437393188,0.06796395778656006,1.4599528045017245
kk,topofr_r100,clip,0.06,jpeg_ai,1024,0,,,,,
kk,topofr_r100,clip,0.06,jpeg_ai,512,0,,,,,
kk,topofr_r100,clip,0.06,neural_bmshj2018,1024,0,,,,,
kk,topofr_r100,clip,0.06,neural_bmshj2018,512,0,,,,,
kk,topofr_r100,clip,0.06,neural_mbt2018_mean,1024,0,,,,,
kk,topofr_r100,clip,0.06,neural_mbt2018_mean,512,0,,,,,
kk,topofr_r100,clip,0.1,jpeg,1024,2000,0.7779067158699036,0.7819773554801941,0.6789609789848328,0.10301637649536133,-24.30717193311272
kk,topofr_r100,clip,0.1,jpeg,512,2000,0.7779067158699036,0.2564479410648346,0.23859158158302307,0.017856359481811523,1.0342430894723875
kk,topofr_r100,clip,0.1,jpeg2000,1024,2000,0.7779067158699036,0.49760571122169495,0.46798956394195557,0.02961614727973938,1.1056583700686664
kk,topofr_r100,clip,0.1,jpeg2000,512,2000,0.7779067158699036,0.13962693512439728,0.14051751792430878,-0.000890582799911499,0.9986047140661869
kk,topofr_r100,clip,0.1,webp,1024,2000,0.7779067158699036,0.8934295773506165,0.7200402617454529,0.17338931560516357,-0.5009091134235086
kk,topofr_r100,clip,0.1,webp,512,2000,0.7779067158699036,0.7242903113365173,0.6218304634094238,0.1024598479270935,2.9109794626995757
kk,topofr_r100,clip,0.1,jpeg_xl,1024,2000,0.7779067158699036,0.8319833278656006,0.715440034866333,0.11654329299926758,-1.1551515285118297
kk,topofr_r100,clip,0.1,jpeg_xl,512,1999,0.7779664993286133,0.5607956647872925,0.49589958786964417,0.06489607691764832,1.29882501052553
kk,topofr_r100,clip,0.1,avif,1024,2000,0.7779067158699036,0.8622474074363708,0.7240061163902283,0.13824129104614258,-0.6390817822165622
kk,topofr_r100,clip,0.1,avif,512,2000,0.7779067158699036,0.4789195656776428,0.45493084192276,0.023988723754882812,1.0802332934357115
kk,topofr_r100,clip,0.1,heif,1024,2000,0.7779067158699036,0.8345364928245544,0.6975435018539429,0.13699299097061157,-1.4190981906977234
kk,topofr_r100,clip,0.1,heif,512,2000,0.7779067158699036,0.271550714969635,0.26080456376075745,0.010746151208877563,1.0212225216838975
kk,topofr_r100,clip,0.1,jpeg_fzt,1024,2000,0.7779067158699036,0.8407742381095886,0.7474400401115417,0.09333419799804688,-0.4846170911938654
kk,topofr_r100,clip,0.1,jpeg_fzt,512,2000,0.7779067158699036,0.43358302116394043,0.4120556712150574,0.021527349948883057,1.0625206753989627
kk,topofr_r100,clip,0.1,ours_accurate,1024,2000,0.7779067158699036,0.9065889120101929,0.7310298681259155,0.17555904388427734,-0.36428386482371583
kk,topofr_r100,clip,0.1,ours_accurate,512,2000,0.7779067158699036,0.8397114872932434,0.6472318768501282,0.19247961044311523,-2.1143163547147683
kk,topofr_r100,clip,0.1,ours_fast,1024,2000,0.7779067158699036,0.8141582012176514,0.6746667623519897,0.13949143886566162,-2.847882025455484
kk,topofr_r100,clip,0.1,ours_fast,512,2000,0.7779067158699036,0.7184000015258789,0.5708626508712769,0.14753735065460205,3.479339554888682
kk,topofr_r100,clip,0.1,jpeg_ai,1024,0,,,,,
kk,topofr_r100,clip,0.1,jpeg_ai,512,0,,,,,
kk,topofr_r100,clip,0.1,neural_bmshj2018,1024,0,,,,,
kk,topofr_r100,clip,0.1,neural_bmshj2018,512,0,,,,,
kk,topofr_r100,clip,0.1,neural_mbt2018_mean,1024,0,,,,,
kk,topofr_r100,clip,0.1,neural_mbt2018_mean,512,0,,,,,
kk,topofr_r100,liae,0.03,jpeg,1024,2000,0.9040715098381042,0.7819773554801941,0.726015031337738,0.055962324142456055,1.4583538371411833
kk,topofr_r100,liae,0.03,jpeg,512,2000,0.9040715098381042,0.2564479410648346,0.2453995943069458,0.011048346757888794,1.0170598281017114
kk,topofr_r100,liae,0.03,jpeg2000,1024,2000,0.9040715098381042,0.49760571122169495,0.4748120605945587,0.02279365062713623,1.056077659435861
kk,topofr_r100,liae,0.03,jpeg2000,512,2000,0.9040715098381042,0.13962693512439728,0.13802136480808258,0.0016055703163146973,1.0021003096488925
kk,topofr_r100,liae,0.03,webp,1024,2000,0.9040715098381042,0.8934295773506165,0.8167153596878052,0.07671421766281128,8.208673589407534
kk,topofr_r100,liae,0.03,webp,512,2000,0.9040715098381042,0.7242903113365173,0.6719508171081543,0.05233949422836304,1.2911288536542993
kk,topofr_r100,liae,0.03,jpeg_xl,1024,2000,0.9040715098381042,0.8319833278656006,0.7758423686027527,0.0561409592628479,1.7787817326876345
kk,topofr_r100,liae,0.03,jpeg_xl,512,1999,0.9040659070014954,0.5607956647872925,0.5218821167945862,0.0389135479927063,1.1133612623736373
kk,topofr_r100,liae,0.03,avif,1024,2000,0.9040715098381042,0.8622474074363708,0.7939693927764893,0.06827801465988159,2.6325040046060093
kk,topofr_r100,liae,0.03,avif,512,2000,0.9040715098381042,0.4789195656776428,0.46458545327186584,0.014334112405776978,1.0337152695704643
kk,topofr_r100,liae,0.03,heif,1024,2000,0.9040715098381042,0.8345364928245544,0.7733848690986633,0.06115162372589111,1.8794363811541877
kk,topofr_r100,liae,0.03,heif,512,2000,0.9040715098381042,0.271550714969635,0.26863721013069153,0.0029135048389434814,1.0046061803225763
kk,topofr_r100,liae,0.03,jpeg_fzt,1024,2000,0.9040715098381042,0.8407742381095886,0.7753708362579346,0.06540340185165405,2.033273631953233
kk,topofr_r100,liae,0.03,jpeg_fzt,512,2000,0.9040715098381042,0.43358302116394043,0.4116039574146271,0.021979063749313354,1.046715412339312
kk,topofr_r100,liae,0.03,ours_accurate,1024,2000,0.9040715098381042,0.9065889120101929,0.8195638656616211,0.08702504634857178,-33.56938558067953
kk,topofr_r100,liae,0.03,ours_accurate,512,2000,0.9040715098381042,0.8397114872932434,0.7431223392486572,0.09658914804458618,2.5007631169995426
kk,topofr_r100,liae,0.03,ours_fast,1024,2000,0.9040715098381042,0.8141582012176514,0.7516416311264038,0.06251657009124756,1.6952982939950083
kk,topofr_r100,liae,0.03,ours_fast,512,2000,0.9040715098381042,0.7184000015258789,0.6571736931800842,0.06122630834579468,1.3297560778298654
kk,topofr_r100,liae,0.03,jpeg_ai,1024,0,,,,,
kk,topofr_r100,liae,0.03,jpeg_ai,512,0,,,,,
kk,topofr_r100,liae,0.03,neural_bmshj2018,1024,0,,,,,
kk,topofr_r100,liae,0.03,neural_bmshj2018,512,0,,,,,
kk,topofr_r100,liae,0.03,neural_mbt2018_mean,1024,0,,,,,
kk,topofr_r100,liae,0.03,neural_mbt2018_mean,512,0,,,,,
kk,topofr_r100,liae,0.06,jpeg,1024,2000,0.789516806602478,0.7819773554801941,0.6177950501441956,0.16418230533599854,22.776426781352033
kk,topofr_r100,liae,0.06,jpeg,512,2000,0.789516806602478,0.2564479410648346,0.2181766778230667,0.03827126324176788,1.0717942196889856
kk,topofr_r100,liae,0.06,jpeg2000,1024,2000,0.789516806602478,0.49760571122169495,0.4117262661457062,0.08587944507598877,1.294197262231377
kk,topofr_r100,liae,0.06,jpeg2000,512,2000,0.789516806602478,0.13962693512439728,0.12936387956142426,0.010263055562973022,1.0157919918641465
kk,topofr_r100,liae,0.06,webp,1024,2000,0.789516806602478,0.8934295773506165,0.6796938180923462,0.21373575925827026,-1.0568767218835735
kk,topofr_r100,liae,0.06,webp,512,2000,0.789516806602478,0.7242903113365173,0.5735742449760437,0.15071606636047363,3.310657130142125
kk,topofr_r100,liae,0.06,jpeg_xl,1024,2000,0.789516806602478,0.8319833278656006,0.6627099514007568,0.16927337646484375,-2.98604292110545
kk,topofr_r100,liae,0.06,jpeg_xl,512,1999,0.7895252704620361,0.5607956647872925,0.4532478153705597,0.10754784941673279,1.4701964535787604
kk,topofr_r100,liae,0.06,avif,1024,2000,0.789516806602478,0.8622474074363708,0.6867821216583252,0.17546528577804565,-1.412537278205434
kk,topofr_r100,liae,0.06,avif,512,2000,0.789516806602478,0.4789195656776428,0.4061327576637268,0.07278680801391602,1.2343446702784153
kk,topofr_r100,liae,0.06,heif,1024,2000,0.789516806602478,0.8345364928245544,0.6556240320205688,0.1789124608039856,-2.9740939090830856
kk,topofr_r100,liae,0.06,heif,512,2000,0.789516806602478,0.271550714969635,0.2345687747001648,0.036981940269470215,1.071398380833942
kk,topofr_r100,liae,0.06,jpeg_fzt,1024,2000,0.789516806602478,0.8407742381095886,0.6682897806167603,0.17248445749282837,-2.36506243916847
kk,topofr_r100,liae,0.06,jpeg_fzt,512,2000,0.789516806602478,0.43358302116394043,0.3611341416835785,0.07244887948036194,1.2035459471516574
kk,topofr_r100,liae,0.06,ours_accurate,1024,2000,0.789516806602478,0.9065889120101929,0.6948503255844116,0.21173858642578125,-0.8086168834871578
kk,topofr_r100,liae,0.06,ours_accurate,512,2000,0.789516806602478,0.8397114872932434,0.6079539060592651,0.23175758123397827,-3.6171741316927255
kk,topofr_r100,liae,0.06,ours_fast,1024,2000,0.789516806602478,0.8141582012176514,0.641626238822937,0.17253196239471436,-6.001712568998631
kk,topofr_r100,liae,0.06,ours_fast,512,2000,0.789516806602478,0.7184000015258789,0.5527324080467224,0.1656675934791565,3.32951400587692
kk,topofr_r100,liae,0.06,jpeg_ai,1024,0,,,,,
kk,topofr_r100,liae,0.06,jpeg_ai,512,0,,,,,
kk,topofr_r100,liae,0.06,neural_bmshj2018,1024,0,,,,,
kk,topofr_r100,liae,0.06,neural_bmshj2018,512,0,,,,,
kk,topofr_r100,liae,0.06,neural_mbt2018_mean,1024,0,,,,,
kk,topofr_r100,liae,0.06,neural_mbt2018_mean,512,0,,,,,
kk,topofr_r100,liae,0.1,jpeg,1024,2000,0.5923865437507629,0.7819773554801941,0.4266623556613922,0.3553149998188019,-0.8741150827809052
kk,topofr_r100,liae,0.1,jpeg,512,2000,0.5923865437507629,0.2564479410648346,0.1653302162885666,0.091117724776268,1.2712332671736886
kk,topofr_r100,liae,0.1,jpeg2000,1024,2000,0.5923865437507629,0.49760571122169495,0.2789647877216339,0.21864092350006104,3.306805265009746
kk,topofr_r100,liae,0.1,jpeg2000,512,2000,0.5923865437507629,0.13962693512439728,0.10350871086120605,0.03611822426319122,1.0797735124225654
kk,topofr_r100,liae,0.1,webp,1024,2000,0.5923865437507629,0.8934295773506165,0.4534032642841339,0.44002631306648254,-0.4616724652441738
kk,topofr_r100,liae,0.1,webp,512,2000,0.5923865437507629,0.7242903113365173,0.40881574153900146,0.31547456979751587,-1.3917024932014688
kk,topofr_r100,liae,0.1,jpeg_xl,1024,2000,0.5923865437507629,0.8319833278656006,0.47182342410087585,0.36015990376472473,-0.5031917272817056
kk,topofr_r100,liae,0.1,jpeg_xl,512,1999,0.5923544764518738,0.5607956647872925,0.3283206522464752,0.23247501254081726,8.36640577635329
kk,topofr_r100,liae,0.1,avif,1024,2000,0.5923865437507629,0.8622474074363708,0.4935881495475769,0.36865925788879395,-0.3661086415193857
kk,topofr_r100,liae,0.1,avif,512,2000,0.5923865437507629,0.4789195656776428,0.2841537892818451,0.19476577639579773,2.7164974312639862
kk,topofr_r100,liae,0.1,heif,1024,2000,0.5923865437507629,0.8345364928245544,0.45859262347221375,0.3759438693523407,-0.5525250812164224
kk,topofr_r100,liae,0.1,heif,512,2000,0.5923865437507629,0.271550714969635,0.1740407794713974,0.09750993549823761,1.3039247077506366
kk,topofr_r100,liae,0.1,jpeg_fzt,1024,2000,0.5923865437507629,0.8407742381095886,0.48849886655807495,0.35227537155151367,-0.4182480837501146
kk,topofr_r100,liae,0.1,jpeg_fzt,512,2000,0.5923865437507629,0.43358302116394043,0.25488021969795227,0.17870280146598816,2.125307540758651
kk,topofr_r100,liae,0.1,ours_accurate,1024,2000,0.5923865437507629,0.9065889120101929,0.4933066964149475,0.41328221559524536,-0.3153376847051878
kk,topofr_r100,liae,0.1,ours_accurate,512,2000,0.5923865437507629,0.8397114872932434,0.41171613335609436,0.42799535393714905,-0.7304981366088402
kk,topofr_r100,liae,0.1,ours_fast,1024,2000,0.5923865437507629,0.8141582012176514,0.46026116609573364,0.3538970351219177,-0.5957721521504895
kk,topofr_r100,liae,0.1,ours_fast,512,2000,0.5923865437507629,0.7184000015258789,0.3865046799182892,0.3318953216075897,-1.6338085428930234
kk,topofr_r100,liae,0.1,jpeg_ai,1024,0,,,,,
kk,topofr_r100,liae,0.1,jpeg_ai,512,0,,,,,
kk,topofr_r100,liae,0.1,neural_bmshj2018,1024,0,,,,,
kk,topofr_r100,liae,0.1,neural_bmshj2018,512,0,,,,,
kk,topofr_r100,liae,0.1,neural_mbt2018_mean,1024,0,,,,,
kk,topofr_r100,liae,0.1,neural_mbt2018_mean,512,0,,,,,
kk,topofr_r200,hfc,0.03,jpeg,1024,0,,,,,
kk,topofr_r200,hfc,0.03,jpeg,512,0,,,,,
kk,topofr_r200,hfc,0.03,jpeg2000,1024,0,,,,,
kk,topofr_r200,hfc,0.03,jpeg2000,512,0,,,,,
kk,topofr_r200,hfc,0.03,webp,1024,0,,,,,
kk,topofr_r200,hfc,0.03,webp,512,0,,,,,
kk,topofr_r200,hfc,0.03,jpeg_xl,1024,0,,,,,
kk,topofr_r200,hfc,0.03,jpeg_xl,512,0,,,,,
kk,topofr_r200,hfc,0.03,avif,1024,0,,,,,
kk,topofr_r200,hfc,0.03,avif,512,0,,,,,
kk,topofr_r200,hfc,0.03,heif,1024,0,,,,,
kk,topofr_r200,hfc,0.03,heif,512,0,,,,,
kk,topofr_r200,hfc,0.03,jpeg_fzt,1024,0,,,,,
kk,topofr_r200,hfc,0.03,jpeg_fzt,512,0,,,,,
kk,topofr_r200,hfc,0.03,ours_accurate,1024,0,,,,,
kk,topofr_r200,hfc,0.03,ours_accurate,512,0,,,,,
kk,topofr_r200,hfc,0.03,ours_fast,1024,0,,,,,
kk,topofr_r200,hfc,0.03,ours_fast,512,0,,,,,
kk,topofr_r200,hfc,0.03,jpeg_ai,1024,0,,,,,
kk,topofr_r200,hfc,0.03,jpeg_ai,512,0,,,,,
kk,topofr_r200,hfc,0.03,neural_bmshj2018,1024,0,,,,,
kk,topofr_r200,hfc,0.03,neural_bmshj2018,512,0,,,,,
kk,topofr_r200,hfc,0.03,neural_mbt2018_mean,1024,0,,,,,
kk,topofr_r200,hfc,0.03,neural_mbt2018_mean,512,0,,,,,
kk,topofr_r200,hfc,0.06,jpeg,1024,0,,,,,
kk,topofr_r200,hfc,0.06,jpeg,512,0,,,,,
kk,topofr_r200,hfc,0.06,jpeg2000,1024,0,,,,,
kk,topofr_r200,hfc,0.06,jpeg2000,512,0,,,,,
kk,topofr_r200,hfc,0.06,webp,1024,0,,,,,
kk,topofr_r200,hfc,0.06,webp,512,0,,,,,
kk,topofr_r200,hfc,0.06,jpeg_xl,1024,0,,,,,
kk,topofr_r200,hfc,0.06,jpeg_xl,512,0,,,,,
kk,topofr_r200,hfc,0.06,avif,1024,0,,,,,
kk,topofr_r200,hfc,0.06,avif,512,0,,,,,
kk,topofr_r200,hfc,0.06,heif,1024,0,,,,,
kk,topofr_r200,hfc,0.06,heif,512,0,,,,,
kk,topofr_r200,hfc,0.06,jpeg_fzt,1024,0,,,,,
kk,topofr_r200,hfc,0.06,jpeg_fzt,512,0,,,,,
kk,topofr_r200,hfc,0.06,ours_accurate,1024,0,,,,,
kk,topofr_r200,hfc,0.06,ours_accurate,512,0,,,,,
kk,topofr_r200,hfc,0.06,ours_fast,1024,0,,,,,
kk,topofr_r200,hfc,0.06,ours_fast,512,0,,,,,
kk,topofr_r200,hfc,0.06,jpeg_ai,1024,0,,,,,
kk,topofr_r200,hfc,0.06,jpeg_ai,512,0,,,,,
kk,topofr_r200,hfc,0.06,neural_bmshj2018,1024,0,,,,,
kk,topofr_r200,hfc,0.06,neural_bmshj2018,512,0,,,,,
kk,topofr_r200,hfc,0.06,neural_mbt2018_mean,1024,0,,,,,
kk,topofr_r200,hfc,0.06,neural_mbt2018_mean,512,0,,,,,
kk,topofr_r200,hfc,0.1,jpeg,1024,0,,,,,
kk,topofr_r200,hfc,0.1,jpeg,512,0,,,,,
kk,topofr_r200,hfc,0.1,jpeg2000,1024,0,,,,,
kk,topofr_r200,hfc,0.1,jpeg2000,512,0,,,,,
kk,topofr_r200,hfc,0.1,webp,1024,0,,,,,
kk,topofr_r200,hfc,0.1,webp,512,0,,,,,
kk,topofr_r200,hfc,0.1,jpeg_xl,1024,0,,,,,
kk,topofr_r200,hfc,0.1,jpeg_xl,512,0,,,,,
kk,topofr_r200,hfc,0.1,avif,1024,0,,,,,
kk,topofr_r200,hfc,0.1,avif,512,0,,,,,
kk,topofr_r200,hfc,0.1,heif,1024,0,,,,,
kk,topofr_r200,hfc,0.1,heif,512,0,,,,,
kk,topofr_r200,hfc,0.1,jpeg_fzt,1024,0,,,,,
kk,topofr_r200,hfc,0.1,jpeg_fzt,512,0,,,,,
kk,topofr_r200,hfc,0.1,ours_accurate,1024,0,,,,,
kk,topofr_r200,hfc,0.1,ours_accurate,512,0,,,,,
kk,topofr_r200,hfc,0.1,ours_fast,1024,0,,,,,
kk,topofr_r200,hfc,0.1,ours_fast,512,0,,,,,
kk,topofr_r200,hfc,0.1,jpeg_ai,1024,0,,,,,
kk,topofr_r200,hfc,0.1,jpeg_ai,512,0,,,,,
kk,topofr_r200,hfc,0.1,neural_bmshj2018,1024,0,,,,,
kk,topofr_r200,hfc,0.1,neural_bmshj2018,512,0,,,,,
kk,topofr_r200,hfc,0.1,neural_mbt2018_mean,1024,0,,,,,
kk,topofr_r200,hfc,0.1,neural_mbt2018_mean,512,0,,,,,
kk,topofr_r200,clip,0.03,jpeg,1024,0,,,,,
kk,topofr_r200,clip,0.03,jpeg,512,0,,,,,
kk,topofr_r200,clip,0.03,jpeg2000,1024,0,,,,,
kk,topofr_r200,clip,0.03,jpeg2000,512,0,,,,,
kk,topofr_r200,clip,0.03,webp,1024,0,,,,,
kk,topofr_r200,clip,0.03,webp,512,0,,,,,
kk,topofr_r200,clip,0.03,jpeg_xl,1024,0,,,,,
kk,topofr_r200,clip,0.03,jpeg_xl,512,0,,,,,
kk,topofr_r200,clip,0.03,avif,1024,0,,,,,
kk,topofr_r200,clip,0.03,avif,512,0,,,,,
kk,topofr_r200,clip,0.03,heif,1024,0,,,,,
kk,topofr_r200,clip,0.03,heif,512,0,,,,,
kk,topofr_r200,clip,0.03,jpeg_fzt,1024,0,,,,,
kk,topofr_r200,clip,0.03,jpeg_fzt,512,0,,,,,
kk,topofr_r200,clip,0.03,ours_accurate,1024,0,,,,,
kk,topofr_r200,clip,0.03,ours_accurate,512,0,,,,,
kk,topofr_r200,clip,0.03,ours_fast,1024,0,,,,,
kk,topofr_r200,clip,0.03,ours_fast,512,0,,,,,
kk,topofr_r200,clip,0.03,jpeg_ai,1024,0,,,,,
kk,topofr_r200,clip,0.03,jpeg_ai,512,0,,,,,
kk,topofr_r200,clip,0.03,neural_bmshj2018,1024,0,,,,,
kk,topofr_r200,clip,0.03,neural_bmshj2018,512,0,,,,,
kk,topofr_r200,clip,0.03,neural_mbt2018_mean,1024,0,,,,,
kk,topofr_r200,clip,0.03,neural_mbt2018_mean,512,0,,,,,
kk,topofr_r200,clip,0.06,jpeg,1024,0,,,,,
kk,topofr_r200,clip,0.06,jpeg,512,0,,,,,
kk,topofr_r200,clip,0.06,jpeg2000,1024,0,,,,,
kk,topofr_r200,clip,0.06,jpeg2000,512,0,,,,,
kk,topofr_r200,clip,0.06,webp,1024,0,,,,,
kk,topofr_r200,clip,0.06,webp,512,0,,,,,
kk,topofr_r200,clip,0.06,jpeg_xl,1024,0,,,,,
kk,topofr_r200,clip,0.06,jpeg_xl,512,0,,,,,
kk,topofr_r200,clip,0.06,avif,1024,0,,,,,
kk,topofr_r200,clip,0.06,avif,512,0,,,,,
kk,topofr_r200,clip,0.06,heif,1024,0,,,,,
kk,topofr_r200,clip,0.06,heif,512,0,,,,,
kk,topofr_r200,clip,0.06,jpeg_fzt,1024,0,,,,,
kk,topofr_r200,clip,0.06,jpeg_fzt,512,0,,,,,
kk,topofr_r200,clip,0.06,ours_accurate,1024,0,,,,,
kk,topofr_r200,clip,0.06,ours_accurate,512,0,,,,,
kk,topofr_r200,clip,0.06,ours_fast,1024,0,,,,,
kk,topofr_r200,clip,0.06,ours_fast,512,0,,,,,
kk,topofr_r200,clip,0.06,jpeg_ai,1024,0,,,,,
kk,topofr_r200,clip,0.06,jpeg_ai,512,0,,,,,
kk,topofr_r200,clip,0.06,neural_bmshj2018,1024,0,,,,,
kk,topofr_r200,clip,0.06,neural_bmshj2018,512,0,,,,,
kk,topofr_r200,clip,0.06,neural_mbt2018_mean,1024,0,,,,,
kk,topofr_r200,clip,0.06,neural_mbt2018_mean,512,0,,,,,
kk,topofr_r200,clip,0.1,jpeg,1024,0,,,,,
kk,topofr_r200,clip,0.1,jpeg,512,0,,,,,
kk,topofr_r200,clip,0.1,jpeg2000,1024,0,,,,,
kk,topofr_r200,clip,0.1,jpeg2000,512,0,,,,,
kk,topofr_r200,clip,0.1,webp,1024,0,,,,,
kk,topofr_r200,clip,0.1,webp,512,0,,,,,
kk,topofr_r200,clip,0.1,jpeg_xl,1024,0,,,,,
kk,topofr_r200,clip,0.1,jpeg_xl,512,0,,,,,
kk,topofr_r200,clip,0.1,avif,1024,0,,,,,
kk,topofr_r200,clip,0.1,avif,512,0,,,,,
kk,topofr_r200,clip,0.1,heif,1024,0,,,,,
kk,topofr_r200,clip,0.1,heif,512,0,,,,,
kk,topofr_r200,clip,0.1,jpeg_fzt,1024,0,,,,,
kk,topofr_r200,clip,0.1,jpeg_fzt,512,0,,,,,
kk,topofr_r200,clip,0.1,ours_accurate,1024,0,,,,,
kk,topofr_r200,clip,0.1,ours_accurate,512,0,,,,,
kk,topofr_r200,clip,0.1,ours_fast,1024,0,,,,,
kk,topofr_r200,clip,0.1,ours_fast,512,0,,,,,
kk,topofr_r200,clip,0.1,jpeg_ai,1024,0,,,,,
kk,topofr_r200,clip,0.1,jpeg_ai,512,0,,,,,
kk,topofr_r200,clip,0.1,neural_bmshj2018,1024,0,,,,,
kk,topofr_r200,clip,0.1,neural_bmshj2018,512,0,,,,,
kk,topofr_r200,clip,0.1,neural_mbt2018_mean,1024,0,,,,,
kk,topofr_r200,clip,0.1,neural_mbt2018_mean,512,0,,,,,
kk,topofr_r200,liae,0.03,jpeg,1024,0,,,,,
kk,topofr_r200,liae,0.03,jpeg,512,0,,,,,
kk,topofr_r200,liae,0.03,jpeg2000,1024,0,,,,,
kk,topofr_r200,liae,0.03,jpeg2000,512,0,,,,,
kk,topofr_r200,liae,0.03,webp,1024,0,,,,,
kk,topofr_r200,liae,0.03,webp,512,0,,,,,
kk,topofr_r200,liae,0.03,jpeg_xl,1024,0,,,,,
kk,topofr_r200,liae,0.03,jpeg_xl,512,0,,,,,
kk,topofr_r200,liae,0.03,avif,1024,0,,,,,
kk,topofr_r200,liae,0.03,avif,512,0,,,,,
kk,topofr_r200,liae,0.03,heif,1024,0,,,,,
kk,topofr_r200,liae,0.03,heif,512,0,,,,,
kk,topofr_r200,liae,0.03,jpeg_fzt,1024,0,,,,,
kk,topofr_r200,liae,0.03,jpeg_fzt,512,0,,,,,
kk,topofr_r200,liae,0.03,ours_accurate,1024,0,,,,,
kk,topofr_r200,liae,0.03,ours_accurate,512,0,,,,,
kk,topofr_r200,liae,0.03,ours_fast,1024,0,,,,,
kk,topofr_r200,liae,0.03,ours_fast,512,0,,,,,
kk,topofr_r200,liae,0.03,jpeg_ai,1024,0,,,,,
kk,topofr_r200,liae,0.03,jpeg_ai,512,0,,,,,
kk,topofr_r200,liae,0.03,neural_bmshj2018,1024,0,,,,,
kk,topofr_r200,liae,0.03,neural_bmshj2018,512,0,,,,,
kk,topofr_r200,liae,0.03,neural_mbt2018_mean,1024,0,,,,,
kk,topofr_r200,liae,0.03,neural_mbt2018_mean,512,0,,,,,
kk,topofr_r200,liae,0.06,jpeg,1024,0,,,,,
kk,topofr_r200,liae,0.06,jpeg,512,0,,,,,
kk,topofr_r200,liae,0.06,jpeg2000,1024,0,,,,,
kk,topofr_r200,liae,0.06,jpeg2000,512,0,,,,,
kk,topofr_r200,liae,0.06,webp,1024,0,,,,,
kk,topofr_r200,liae,0.06,webp,512,0,,,,,
kk,topofr_r200,liae,0.06,jpeg_xl,1024,0,,,,,
kk,topofr_r200,liae,0.06,jpeg_xl,512,0,,,,,
kk,topofr_r200,liae,0.06,avif,1024,0,,,,,
kk,topofr_r200,liae,0.06,avif,512,0,,,,,
kk,topofr_r200,liae,0.06,heif,1024,0,,,,,
kk,topofr_r200,liae,0.06,heif,512,0,,,,,
kk,topofr_r200,liae,0.06,jpeg_fzt,1024,0,,,,,
kk,topofr_r200,liae,0.06,jpeg_fzt,512,0,,,,,
kk,topofr_r200,liae,0.06,ours_accurate,1024,0,,,,,
kk,topofr_r200,liae,0.06,ours_accurate,512,0,,,,,
kk,topofr_r200,liae,0.06,ours_fast,1024,0,,,,,
kk,topofr_r200,liae,0.06,ours_fast,512,0,,,,,
kk,topofr_r200,liae,0.06,jpeg_ai,1024,0,,,,,
kk,topofr_r200,liae,0.06,jpeg_ai,512,0,,,,,
kk,topofr_r200,liae,0.06,neural_bmshj2018,1024,0,,,,,
kk,topofr_r200,liae,0.06,neural_bmshj2018,512,0,,,,,
kk,topofr_r200,liae,0.06,neural_mbt2018_mean,1024,0,,,,,
kk,topofr_r200,liae,0.06,neural_mbt2018_mean,512,0,,,,,
kk,topofr_r200,liae,0.1,jpeg,1024,0,,,,,
kk,topofr_r200,liae,0.1,jpeg,512,0,,,,,
kk,topofr_r200,liae,0.1,jpeg2000,1024,0,,,,,
kk,topofr_r200,liae,0.1,jpeg2000,512,0,,,,,
kk,topofr_r200,liae,0.1,webp,1024,0,,,,,
kk,topofr_r200,liae,0.1,webp,512,0,,,,,
kk,topofr_r200,liae,0.1,jpeg_xl,1024,0,,,,,
kk,topofr_r200,liae,0.1,jpeg_xl,512,0,,,,,
kk,topofr_r200,liae,0.1,avif,1024,0,,,,,
kk,topofr_r200,liae,0.1,avif,512,0,,,,,
kk,topofr_r200,liae,0.1,heif,1024,0,,,,,
kk,topofr_r200,liae,0.1,heif,512,0,,,,,
kk,topofr_r200,liae,0.1,jpeg_fzt,1024,0,,,,,
kk,topofr_r200,liae,0.1,jpeg_fzt,512,0,,,,,
kk,topofr_r200,liae,0.1,ours_accurate,1024,0,,,,,
kk,topofr_r200,liae,0.1,ours_accurate,512,0,,,,,
kk,topofr_r200,liae,0.1,ours_fast,1024,0,,,,,
kk,topofr_r200,liae,0.1,ours_fast,512,0,,,,,
kk,topofr_r200,liae,0.1,jpeg_ai,1024,0,,,,,
kk,topofr_r200,liae,0.1,jpeg_ai,512,0,,,,,
kk,topofr_r200,liae,0.1,neural_bmshj2018,1024,0,,,,,
kk,topofr_r200,liae,0.1,neural_bmshj2018,512,0,,,,,
kk,topofr_r200,liae,0.1,neural_mbt2018_mean,1024,0,,,,,
kk,topofr_r200,liae,0.1,neural_mbt2018_mean,512,0,,,,,
kk,topofr_r50,hfc,0.03,jpeg,1024,0,,,,,
kk,topofr_r50,hfc,0.03,jpeg,512,0,,,,,
kk,topofr_r50,hfc,0.03,jpeg2000,1024,0,,,,,
kk,topofr_r50,hfc,0.03,jpeg2000,512,0,,,,,
kk,topofr_r50,hfc,0.03,webp,1024,0,,,,,
kk,topofr_r50,hfc,0.03,webp,512,0,,,,,
kk,topofr_r50,hfc,0.03,jpeg_xl,1024,0,,,,,
kk,topofr_r50,hfc,0.03,jpeg_xl,512,0,,,,,
kk,topofr_r50,hfc,0.03,avif,1024,0,,,,,
kk,topofr_r50,hfc,0.03,avif,512,0,,,,,
kk,topofr_r50,hfc,0.03,heif,1024,0,,,,,
kk,topofr_r50,hfc,0.03,heif,512,0,,,,,
kk,topofr_r50,hfc,0.03,jpeg_fzt,1024,0,,,,,
kk,topofr_r50,hfc,0.03,jpeg_fzt,512,0,,,,,
kk,topofr_r50,hfc,0.03,ours_accurate,1024,0,,,,,
kk,topofr_r50,hfc,0.03,ours_accurate,512,0,,,,,
kk,topofr_r50,hfc,0.03,ours_fast,1024,0,,,,,
kk,topofr_r50,hfc,0.03,ours_fast,512,0,,,,,
kk,topofr_r50,hfc,0.03,jpeg_ai,1024,0,,,,,
kk,topofr_r50,hfc,0.03,jpeg_ai,512,0,,,,,
kk,topofr_r50,hfc,0.03,neural_bmshj2018,1024,0,,,,,
kk,topofr_r50,hfc,0.03,neural_bmshj2018,512,0,,,,,
kk,topofr_r50,hfc,0.03,neural_mbt2018_mean,1024,0,,,,,
kk,topofr_r50,hfc,0.03,neural_mbt2018_mean,512,0,,,,,
kk,topofr_r50,hfc,0.06,jpeg,1024,0,,,,,
kk,topofr_r50,hfc,0.06,jpeg,512,0,,,,,
kk,topofr_r50,hfc,0.06,jpeg2000,1024,0,,,,,
kk,topofr_r50,hfc,0.06,jpeg2000,512,0,,,,,
kk,topofr_r50,hfc,0.06,webp,1024,0,,,,,
kk,topofr_r50,hfc,0.06,webp,512,0,,,,,
kk,topofr_r50,hfc,0.06,jpeg_xl,1024,0,,,,,
kk,topofr_r50,hfc,0.06,jpeg_xl,512,0,,,,,
kk,topofr_r50,hfc,0.06,avif,1024,0,,,,,
kk,topofr_r50,hfc,0.06,avif,512,0,,,,,
kk,topofr_r50,hfc,0.06,heif,1024,0,,,,,
kk,topofr_r50,hfc,0.06,heif,512,0,,,,,
kk,topofr_r50,hfc,0.06,jpeg_fzt,1024,0,,,,,
kk,topofr_r50,hfc,0.06,jpeg_fzt,512,0,,,,,
kk,topofr_r50,hfc,0.06,ours_accurate,1024,0,,,,,
kk,topofr_r50,hfc,0.06,ours_accurate,512,0,,,,,
kk,topofr_r50,hfc,0.06,ours_fast,1024,0,,,,,
kk,topofr_r50,hfc,0.06,ours_fast,512,0,,,,,
kk,topofr_r50,hfc,0.06,jpeg_ai,1024,0,,,,,
kk,topofr_r50,hfc,0.06,jpeg_ai,512,0,,,,,
kk,topofr_r50,hfc,0.06,neural_bmshj2018,1024,0,,,,,
kk,topofr_r50,hfc,0.06,neural_bmshj2018,512,0,,,,,
kk,topofr_r50,hfc,0.06,neural_mbt2018_mean,1024,0,,,,,
kk,topofr_r50,hfc,0.06,neural_mbt2018_mean,512,0,,,,,
kk,topofr_r50,hfc,0.1,jpeg,1024,0,,,,,
kk,topofr_r50,hfc,0.1,jpeg,512,0,,,,,
kk,topofr_r50,hfc,0.1,jpeg2000,1024,0,,,,,
kk,topofr_r50,hfc,0.1,jpeg2000,512,0,,,,,
kk,topofr_r50,hfc,0.1,webp,1024,0,,,,,
kk,topofr_r50,hfc,0.1,webp,512,0,,,,,
kk,topofr_r50,hfc,0.1,jpeg_xl,1024,0,,,,,
kk,topofr_r50,hfc,0.1,jpeg_xl,512,0,,,,,
kk,topofr_r50,hfc,0.1,avif,1024,0,,,,,
kk,topofr_r50,hfc,0.1,avif,512,0,,,,,
kk,topofr_r50,hfc,0.1,heif,1024,0,,,,,
kk,topofr_r50,hfc,0.1,heif,512,0,,,,,
kk,topofr_r50,hfc,0.1,jpeg_fzt,1024,0,,,,,
kk,topofr_r50,hfc,0.1,jpeg_fzt,512,0,,,,,
kk,topofr_r50,hfc,0.1,ours_accurate,1024,0,,,,,
kk,topofr_r50,hfc,0.1,ours_accurate,512,0,,,,,
kk,topofr_r50,hfc,0.1,ours_fast,1024,0,,,,,
kk,topofr_r50,hfc,0.1,ours_fast,512,0,,,,,
kk,topofr_r50,hfc,0.1,jpeg_ai,1024,0,,,,,
kk,topofr_r50,hfc,0.1,jpeg_ai,512,0,,,,,
kk,topofr_r50,hfc,0.1,neural_bmshj2018,1024,0,,,,,
kk,topofr_r50,hfc,0.1,neural_bmshj2018,512,0,,,,,
kk,topofr_r50,hfc,0.1,neural_mbt2018_mean,1024,0,,,,,
kk,topofr_r50,hfc,0.1,neural_mbt2018_mean,512,0,,,,,
kk,topofr_r50,clip,0.03,jpeg,1024,0,,,,,
kk,topofr_r50,clip,0.03,jpeg,512,0,,,,,
kk,topofr_r50,clip,0.03,jpeg2000,1024,0,,,,,
kk,topofr_r50,clip,0.03,jpeg2000,512,0,,,,,
kk,topofr_r50,clip,0.03,webp,1024,0,,,,,
kk,topofr_r50,clip,0.03,webp,512,0,,,,,
kk,topofr_r50,clip,0.03,jpeg_xl,1024,0,,,,,
kk,topofr_r50,clip,0.03,jpeg_xl,512,0,,,,,
kk,topofr_r50,clip,0.03,avif,1024,0,,,,,
kk,topofr_r50,clip,0.03,avif,512,0,,,,,
kk,topofr_r50,clip,0.03,heif,1024,0,,,,,
kk,topofr_r50,clip,0.03,heif,512,0,,,,,
kk,topofr_r50,clip,0.03,jpeg_fzt,1024,0,,,,,
kk,topofr_r50,clip,0.03,jpeg_fzt,512,0,,,,,
kk,topofr_r50,clip,0.03,ours_accurate,1024,0,,,,,
kk,topofr_r50,clip,0.03,ours_accurate,512,0,,,,,
kk,topofr_r50,clip,0.03,ours_fast,1024,0,,,,,
kk,topofr_r50,clip,0.03,ours_fast,512,0,,,,,
kk,topofr_r50,clip,0.03,jpeg_ai,1024,0,,,,,
kk,topofr_r50,clip,0.03,jpeg_ai,512,0,,,,,
kk,topofr_r50,clip,0.03,neural_bmshj2018,1024,0,,,,,
kk,topofr_r50,clip,0.03,neural_bmshj2018,512,0,,,,,
kk,topofr_r50,clip,0.03,neural_mbt2018_mean,1024,0,,,,,
kk,topofr_r50,clip,0.03,neural_mbt2018_mean,512,0,,,,,
kk,topofr_r50,clip,0.06,jpeg,1024,0,,,,,
kk,topofr_r50,clip,0.06,jpeg,512,0,,,,,
kk,topofr_r50,clip,0.06,jpeg2000,1024,0,,,,,
kk,topofr_r50,clip,0.06,jpeg2000,512,0,,,,,
kk,topofr_r50,clip,0.06,webp,1024,0,,,,,
kk,topofr_r50,clip,0.06,webp,512,0,,,,,
kk,topofr_r50,clip,0.06,jpeg_xl,1024,0,,,,,
kk,topofr_r50,clip,0.06,jpeg_xl,512,0,,,,,
kk,topofr_r50,clip,0.06,avif,1024,0,,,,,
kk,topofr_r50,clip,0.06,avif,512,0,,,,,
kk,topofr_r50,clip,0.06,heif,1024,0,,,,,
kk,topofr_r50,clip,0.06,heif,512,0,,,,,
kk,topofr_r50,clip,0.06,jpeg_fzt,1024,0,,,,,
kk,topofr_r50,clip,0.06,jpeg_fzt,512,0,,,,,
kk,topofr_r50,clip,0.06,ours_accurate,1024,0,,,,,
kk,topofr_r50,clip,0.06,ours_accurate,512,0,,,,,
kk,topofr_r50,clip,0.06,ours_fast,1024,0,,,,,
kk,topofr_r50,clip,0.06,ours_fast,512,0,,,,,
kk,topofr_r50,clip,0.06,jpeg_ai,1024,0,,,,,
kk,topofr_r50,clip,0.06,jpeg_ai,512,0,,,,,
kk,topofr_r50,clip,0.06,neural_bmshj2018,1024,0,,,,,
kk,topofr_r50,clip,0.06,neural_bmshj2018,512,0,,,,,
kk,topofr_r50,clip,0.06,neural_mbt2018_mean,1024,0,,,,,
kk,topofr_r50,clip,0.06,neural_mbt2018_mean,512,0,,,,,
kk,topofr_r50,clip,0.1,jpeg,1024,0,,,,,
kk,topofr_r50,clip,0.1,jpeg,512,0,,,,,
kk,topofr_r50,clip,0.1,jpeg2000,1024,0,,,,,
kk,topofr_r50,clip,0.1,jpeg2000,512,0,,,,,
kk,topofr_r50,clip,0.1,webp,1024,0,,,,,
kk,topofr_r50,clip,0.1,webp,512,0,,,,,
kk,topofr_r50,clip,0.1,jpeg_xl,1024,0,,,,,
kk,topofr_r50,clip,0.1,jpeg_xl,512,0,,,,,
kk,topofr_r50,clip,0.1,avif,1024,0,,,,,
kk,topofr_r50,clip,0.1,avif,512,0,,,,,
kk,topofr_r50,clip,0.1,heif,1024,0,,,,,
kk,topofr_r50,clip,0.1,heif,512,0,,,,,
kk,topofr_r50,clip,0.1,jpeg_fzt,1024,0,,,,,
kk,topofr_r50,clip,0.1,jpeg_fzt,512,0,,,,,
kk,topofr_r50,clip,0.1,ours_accurate,1024,0,,,,,
kk,topofr_r50,clip,0.1,ours_accurate,512,0,,,,,
kk,topofr_r50,clip,0.1,ours_fast,1024,0,,,,,
kk,topofr_r50,clip,0.1,ours_fast,512,0,,,,,
kk,topofr_r50,clip,0.1,jpeg_ai,1024,0,,,,,
kk,topofr_r50,clip,0.1,jpeg_ai,512,0,,,,,
kk,topofr_r50,clip,0.1,neural_bmshj2018,1024,0,,,,,
kk,topofr_r50,clip,0.1,neural_bmshj2018,512,0,,,,,
kk,topofr_r50,clip,0.1,neural_mbt2018_mean,1024,0,,,,,
kk,topofr_r50,clip,0.1,neural_mbt2018_mean,512,0,,,,,
kk,topofr_r50,liae,0.03,jpeg,1024,0,,,,,
kk,topofr_r50,liae,0.03,jpeg,512,0,,,,,
kk,topofr_r50,liae,0.03,jpeg2000,1024,0,,,,,
kk,topofr_r50,liae,0.03,jpeg2000,512,0,,,,,
kk,topofr_r50,liae,0.03,webp,1024,0,,,,,
kk,topofr_r50,liae,0.03,webp,512,0,,,,,
kk,topofr_r50,liae,0.03,jpeg_xl,1024,0,,,,,
kk,topofr_r50,liae,0.03,jpeg_xl,512,0,,,,,
kk,topofr_r50,liae,0.03,avif,1024,0,,,,,
kk,topofr_r50,liae,0.03,avif,512,0,,,,,
kk,topofr_r50,liae,0.03,heif,1024,0,,,,,
kk,topofr_r50,liae,0.03,heif,512,0,,,,,
kk,topofr_r50,liae,0.03,jpeg_fzt,1024,0,,,,,
kk,topofr_r50,liae,0.03,jpeg_fzt,512,0,,,,,
kk,topofr_r50,liae,0.03,ours_accurate,1024,0,,,,,
kk,topofr_r50,liae,0.03,ours_accurate,512,0,,,,,
kk,topofr_r50,liae,0.03,ours_fast,1024,0,,,,,
kk,topofr_r50,liae,0.03,ours_fast,512,0,,,,,
kk,topofr_r50,liae,0.03,jpeg_ai,1024,0,,,,,
kk,topofr_r50,liae,0.03,jpeg_ai,512,0,,,,,
kk,topofr_r50,liae,0.03,neural_bmshj2018,1024,0,,,,,
kk,topofr_r50,liae,0.03,neural_bmshj2018,512,0,,,,,
kk,topofr_r50,liae,0.03,neural_mbt2018_mean,1024,0,,,,,
kk,topofr_r50,liae,0.03,neural_mbt2018_mean,512,0,,,,,
kk,topofr_r50,liae,0.06,jpeg,1024,0,,,,,
kk,topofr_r50,liae,0.06,jpeg,512,0,,,,,
kk,topofr_r50,liae,0.06,jpeg2000,1024,0,,,,,
kk,topofr_r50,liae,0.06,jpeg2000,512,0,,,,,
kk,topofr_r50,liae,0.06,webp,1024,0,,,,,
kk,topofr_r50,liae,0.06,webp,512,0,,,,,
kk,topofr_r50,liae,0.06,jpeg_xl,1024,0,,,,,
kk,topofr_r50,liae,0.06,jpeg_xl,512,0,,,,,
kk,topofr_r50,liae,0.06,avif,1024,0,,,,,
kk,topofr_r50,liae,0.06,avif,512,0,,,,,
kk,topofr_r50,liae,0.06,heif,1024,0,,,,,
kk,topofr_r50,liae,0.06,heif,512,0,,,,,
kk,topofr_r50,liae,0.06,jpeg_fzt,1024,0,,,,,
kk,topofr_r50,liae,0.06,jpeg_fzt,512,0,,,,,
kk,topofr_r50,liae,0.06,ours_accurate,1024,0,,,,,
kk,topofr_r50,liae,0.06,ours_accurate,512,0,,,,,
kk,topofr_r50,liae,0.06,ours_fast,1024,0,,,,,
kk,topofr_r50,liae,0.06,ours_fast,512,0,,,,,
kk,topofr_r50,liae,0.06,jpeg_ai,1024,0,,,,,
kk,topofr_r50,liae,0.06,jpeg_ai,512,0,,,,,
kk,topofr_r50,liae,0.06,neural_bmshj2018,1024,0,,,,,
kk,topofr_r50,liae,0.06,neural_bmshj2018,512,0,,,,,
kk,topofr_r50,liae,0.06,neural_mbt2018_mean,1024,0,,,,,
kk,topofr_r50,liae,0.06,neural_mbt2018_mean,512,0,,,,,
kk,topofr_r50,liae,0.1,jpeg,1024,0,,,,,
kk,topofr_r50,liae,0.1,jpeg,512,0,,,,,
kk,topofr_r50,liae,0.1,jpeg2000,1024,0,,,,,
kk,topofr_r50,liae,0.1,jpeg2000,512,0,,,,,
kk,topofr_r50,liae,0.1,webp,1024,0,,,,,
kk,topofr_r50,liae,0.1,webp,512,0,,,,,
kk,topofr_r50,liae,0.1,jpeg_xl,1024,0,,,,,
kk,topofr_r50,liae,0.1,jpeg_xl,512,0,,,,,
kk,topofr_r50,liae,0.1,avif,1024,0,,,,,
kk,topofr_r50,liae,0.1,avif,512,0,,,,,
kk,topofr_r50,liae,0.1,heif,1024,0,,,,,
kk,topofr_r50,liae,0.1,heif,512,0,,,,,
kk,topofr_r50,liae,0.1,jpeg_fzt,1024,0,,,,,
kk,topofr_r50,liae,0.1,jpeg_fzt,512,0,,,,,
kk,topofr_r50,liae,0.1,ours_accurate,1024,0,,,,,
kk,topofr_r50,liae,0.1,ours_accurate,512,0,,,,,
kk,topofr_r50,liae,0.1,ours_fast,1024,0,,,,,
kk,topofr_r50,liae,0.1,ours_fast,512,0,,,,,
kk,topofr_r50,liae,0.1,jpeg_ai,1024,0,,,,,
kk,topofr_r50,liae,0.1,jpeg_ai,512,0,,,,,
kk,topofr_r50,liae,0.1,neural_bmshj2018,1024,0,,,,,
kk,topofr_r50,liae,0.1,neural_bmshj2018,512,0,,,,,
kk,topofr_r50,liae,0.1,neural_mbt2018_mean,1024,0,,,,,
kk,topofr_r50,liae,0.1,neural_mbt2018_mean,512,0,,,,,
